episode_hash,task,task_description,lab,embodiment,num_frames,objects,rig_name,zarr_mp4_path,zarr_processed_path,canonical_task,split
2026-04-01-13-01-52-306576,fold_black_t-shirt,Fold a black t-shirt by manipulating and pressing it into a compact folded shape.,microagi,human_bimanual,347.0,,,s3://rldb/processed_v3/microagi/2026-04-01-13-01-52-306576.mp4,s3://rldb/processed_v3/microagi/2026-04-01-13-01-52-306576.zarr,fold_clothes,train
2026-04-01-13-02-17-288242,fold_black_t-shirt,Fold a black t-shirt by smoothing the fabric and folding it into a compact rectangular shape.,microagi,human_bimanual,427.0,,,s3://rldb/processed_v3/microagi/2026-04-01-13-02-17-288242.mp4,s3://rldb/processed_v3/microagi/2026-04-01-13-02-17-288242.zarr,fold_clothes,train
2026-04-01-13-12-17-036505,fold_black_t-shirt,Fold a black t-shirt by bringing the sides inward and folding the bottom up into a compact rectangle.,microagi,human_bimanual,1038.0,,,s3://rldb/processed_v3/microagi/2026-04-01-13-12-17-036505.mp4,s3://rldb/processed_v3/microagi/2026-04-01-13-12-17-036505.zarr,fold_clothes,train
2026-04-01-13-20-50-604714,fold_black_t-shirt,Fold a black t-shirt in half and then in half again into a compact rectangle on the bed.,microagi,human_bimanual,1598.0,,,s3://rldb/processed_v3/microagi/2026-04-01-13-20-50-604714.mp4,s3://rldb/processed_v3/microagi/2026-04-01-13-20-50-604714.zarr,fold_clothes,train
2026-04-01-13-36-31-627128,fold_black_t-shirt,Fold a black t-shirt flat on a surface by folding the sides inward and then folding it in half into a compact rectangle.,microagi,human_bimanual,908.0,,,s3://rldb/processed_v3/microagi/2026-04-01-13-36-31-627128.mp4,s3://rldb/processed_v3/microagi/2026-04-01-13-36-31-627128.zarr,fold_clothes,train
2026-04-02-14-53-42-140650,fold_black_t-shirt,Fold a black t-shirt flat on a table into a compact folded bundle.,microagi,human_bimanual,1379.0,,,s3://rldb/processed_v3/microagi/2026-04-02-14-53-42-140650.mp4,s3://rldb/processed_v3/microagi/2026-04-02-14-53-42-140650.zarr,fold_clothes,train
2026-04-03-04-15-27-188657,fold_black_t-shirt,Fold a black t-shirt by bringing one side over the center and pressing it flat on the surface.,microagi,human_bimanual,160.0,,,s3://rldb/processed_v3/microagi/2026-04-03-04-15-27-188657.mp4,s3://rldb/processed_v3/microagi/2026-04-03-04-15-27-188657.zarr,fold_clothes,train
2026-04-03-04-16-00-249986,fold_black_t-shirt,Fold a black t-shirt flat on a table by smoothing it and folding it in half.,microagi,human_bimanual,329.0,,,s3://rldb/processed_v3/microagi/2026-04-03-04-16-00-249986.mp4,s3://rldb/processed_v3/microagi/2026-04-03-04-16-00-249986.zarr,fold_clothes,train
2026-04-08-12-52-47-027664,fold_black_t-shirt,Fold a black t-shirt on a table by tucking in the sleeves and folding it in half into a compact rectangle.,microagi,human_bimanual,1099.0,,,s3://rldb/processed_v3/microagi/2026-04-08-12-52-47-027664.mp4,s3://rldb/processed_v3/microagi/2026-04-08-12-52-47-027664.zarr,fold_clothes,train
2026-04-08-12-53-31-395997,fold_black_t-shirt,Fold a black t-shirt on a table by aligning and folding the sleeves and body into a compact shape.,microagi,human_bimanual,171.0,,,s3://rldb/processed_v3/microagi/2026-04-08-12-53-31-395997.mp4,s3://rldb/processed_v3/microagi/2026-04-08-12-53-31-395997.zarr,fold_clothes,train
2026-04-08-12-53-38-402664,fold_black_t-shirt,Fold a black t-shirt on a table by folding the sides inward and the bottom up into a compact rectangle.,microagi,human_bimanual,349.0,,,s3://rldb/processed_v3/microagi/2026-04-08-12-53-38-402664.mp4,s3://rldb/processed_v3/microagi/2026-04-08-12-53-38-402664.zarr,fold_clothes,train
2026-04-08-13-09-36-120955,fold_black_t-shirt,Fold a black t-shirt on a table by manipulating the fabric into a folded shape.,microagi,human_bimanual,237.0,,,s3://rldb/processed_v3/microagi/2026-04-08-13-09-36-120955.mp4,s3://rldb/processed_v3/microagi/2026-04-08-13-09-36-120955.zarr,fold_clothes,train
2026-04-08-13-09-45-659288,fold_black_t-shirt,Fold a black t-shirt in half on a table by aligning the edges and pressing it flat.,microagi,human_bimanual,158.0,,,s3://rldb/processed_v3/microagi/2026-04-08-13-09-45-659288.mp4,s3://rldb/processed_v3/microagi/2026-04-08-13-09-45-659288.zarr,fold_clothes,train
2026-04-08-13-15-19-450196,fold_black_t-shirt,Unfold a black t-shirt and lay it flat on the table.,microagi,human_bimanual,172.0,,,s3://rldb/processed_v3/microagi/2026-04-08-13-15-19-450196.mp4,s3://rldb/processed_v3/microagi/2026-04-08-13-15-19-450196.zarr,fold_clothes,train
2026-04-08-13-17-02-116101,fold_black_t-shirt,"Fold a black t-shirt on a table by lifting, aligning, and folding it into a compact shape.",microagi,human_bimanual,198.0,,,s3://rldb/processed_v3/microagi/2026-04-08-13-17-02-116101.mp4,s3://rldb/processed_v3/microagi/2026-04-08-13-17-02-116101.zarr,fold_clothes,train
2026-04-08-13-18-02-639434,fold_black_t-shirt,Fold a black t-shirt on a table by folding the sleeves inward and folding the garment in half.,microagi,human_bimanual,219.0,,,s3://rldb/processed_v3/microagi/2026-04-08-13-18-02-639434.mp4,s3://rldb/processed_v3/microagi/2026-04-08-13-18-02-639434.zarr,fold_clothes,train
2026-04-08-13-18-29-016101,fold_black_t-shirt,Fold a black t-shirt on a table by aligning and folding the sleeves and body into a compact shape.,microagi,human_bimanual,173.0,,,s3://rldb/processed_v3/microagi/2026-04-08-13-18-29-016101.mp4,s3://rldb/processed_v3/microagi/2026-04-08-13-18-29-016101.zarr,fold_clothes,train
2026-04-08-13-18-35-252767,fold_black_t-shirt,Fold a black t-shirt into a compact rectangle on a table.,microagi,human_bimanual,252.0,,,s3://rldb/processed_v3/microagi/2026-04-08-13-18-35-252767.mp4,s3://rldb/processed_v3/microagi/2026-04-08-13-18-35-252767.zarr,fold_clothes,train
2026-04-08-13-18-46-824434,fold_black_t-shirt,Fold a black t-shirt flat on a table into a compact rectangular shape.,microagi,human_bimanual,830.0,,,s3://rldb/processed_v3/microagi/2026-04-08-13-18-46-824434.mp4,s3://rldb/processed_v3/microagi/2026-04-08-13-18-46-824434.zarr,fold_clothes,train
2026-04-08-13-19-17-101972,fold_black_t-shirt,Fold a black t-shirt on a table into a compact rectangular shape.,microagi,human_bimanual,194.0,,,s3://rldb/processed_v3/microagi/2026-04-08-13-19-17-101972.mp4,s3://rldb/processed_v3/microagi/2026-04-08-13-19-17-101972.zarr,fold_clothes,train
2026-04-09-09-29-13-674343,fold_black_t-shirt,Fold a black t-shirt flat on a table by aligning the sleeves and folding it in half.,microagi,human_bimanual,172.0,,,s3://rldb/processed_v3/microagi/2026-04-09-09-29-13-674343.mp4,s3://rldb/processed_v3/microagi/2026-04-09-09-29-13-674343.zarr,fold_clothes,train
2026-04-09-09-29-15-803404,fold_black_t-shirt,Fold a black t-shirt flat on a table into a compact rectangular shape.,microagi,human_bimanual,279.0,,,s3://rldb/processed_v3/microagi/2026-04-09-09-29-15-803404.mp4,s3://rldb/processed_v3/microagi/2026-04-09-09-29-15-803404.zarr,fold_clothes,train
2026-04-09-09-29-20-377676,fold_black_t-shirt,Fold a black t-shirt on a table by folding the sides inward into a compact rectangle.,microagi,human_bimanual,544.0,,,s3://rldb/processed_v3/microagi/2026-04-09-09-29-20-377676.mp4,s3://rldb/processed_v3/microagi/2026-04-09-09-29-20-377676.zarr,fold_clothes,train
2026-04-09-09-29-51-315463,fold_black_t-shirt,Fold a black t-shirt on a table by laying it flat and folding it into a compact shape.,microagi,human_bimanual,375.0,,,s3://rldb/processed_v3/microagi/2026-04-09-09-29-51-315463.mp4,s3://rldb/processed_v3/microagi/2026-04-09-09-29-51-315463.zarr,fold_clothes,train
2026-04-10-13-48-20-322972,fold_black_t-shirt,Fold a black t-shirt in half on a table and press it flat into a compact rectangle.,microagi,human_bimanual,182.0,,,s3://rldb/processed_v3/microagi/2026-04-10-13-48-20-322972.mp4,s3://rldb/processed_v3/microagi/2026-04-10-13-48-20-322972.zarr,fold_clothes,train
2026-04-10-13-50-20-999791,fold_black_t-shirt,Fold a black t-shirt on a table by bringing the sides together and pressing it into a compact folded shape.,microagi,human_bimanual,326.0,,,s3://rldb/processed_v3/microagi/2026-04-10-13-50-20-999791.mp4,s3://rldb/processed_v3/microagi/2026-04-10-13-50-20-999791.zarr,fold_clothes,train
2026-04-10-14-54-32-198521,fold_black_t-shirt,Fold a black t-shirt on a table by bringing the sides together and folding it into a compact rectangular shape.,microagi,human_bimanual,381.0,,,s3://rldb/processed_v3/microagi/2026-04-10-14-54-32-198521.mp4,s3://rldb/processed_v3/microagi/2026-04-10-14-54-32-198521.zarr,fold_clothes,train
2026-04-10-14-54-47-536854,fold_black_t-shirt,Fold a black t-shirt flat on a table into a compact rectangular shape.,microagi,human_bimanual,310.0,,,s3://rldb/processed_v3/microagi/2026-04-10-14-54-47-536854.mp4,s3://rldb/processed_v3/microagi/2026-04-10-14-54-47-536854.zarr,fold_clothes,train
2026-04-10-14-57-49-283713,fold_black_t-shirt,Fold a black t-shirt and place the folded garment on the table.,microagi,human_bimanual,242.0,,,s3://rldb/processed_v3/microagi/2026-04-10-14-57-49-283713.mp4,s3://rldb/processed_v3/microagi/2026-04-10-14-57-49-283713.zarr,fold_clothes,train
2026-04-10-14-58-43-740380,fold_black_t-shirt,Fold a black t-shirt on a table by manipulating the fabric into a compact folded shape.,microagi,human_bimanual,399.0,,,s3://rldb/processed_v3/microagi/2026-04-10-14-58-43-740380.mp4,s3://rldb/processed_v3/microagi/2026-04-10-14-58-43-740380.zarr,fold_clothes,train
2026-04-10-15-04-46-339712,fold_black_t-shirt,Fold a black t-shirt flat on a table into a compact rectangle.,microagi,human_bimanual,901.0,,,s3://rldb/processed_v3/microagi/2026-04-10-15-04-46-339712.mp4,s3://rldb/processed_v3/microagi/2026-04-10-15-04-46-339712.zarr,fold_clothes,train
2026-04-10-15-30-21-347281,fold_black_t-shirt,Fold a black t-shirt on a table by manipulating and folding the fabric into a compact shape.,microagi,human_bimanual,188.0,,,s3://rldb/processed_v3/microagi/2026-04-10-15-30-21-347281.mp4,s3://rldb/processed_v3/microagi/2026-04-10-15-30-21-347281.zarr,fold_clothes,train
2026-04-10-15-30-35-485615,fold_black_t-shirt,"Fold a black t-shirt in half on a table, bringing the bottom hem up to the shoulders to create a compact folded shape.",microagi,human_bimanual,181.0,,,s3://rldb/processed_v3/microagi/2026-04-10-15-30-35-485615.mp4,s3://rldb/processed_v3/microagi/2026-04-10-15-30-35-485615.zarr,fold_clothes,train
2026-04-10-15-30-47-855615,fold_black_t-shirt,Fold a black t-shirt on a table into a compact rectangular shape.,microagi,human_bimanual,277.0,,,s3://rldb/processed_v3/microagi/2026-04-10-15-30-47-855615.mp4,s3://rldb/processed_v3/microagi/2026-04-10-15-30-47-855615.zarr,fold_clothes,train
2026-04-10-15-30-57-992281,fold_black_t-shirt,Fold a black sleeveless dress on a table into a compact rectangle.,microagi,human_bimanual,700.0,,,s3://rldb/processed_v3/microagi/2026-04-10-15-30-57-992281.mp4,s3://rldb/processed_v3/microagi/2026-04-10-15-30-57-992281.zarr,fold_clothes,train
2026-04-10-15-31-23-302281,fold_black_t-shirt,Fold a black t-shirt on a table by folding the sides and bottom into a compact rectangular shape.,microagi,human_bimanual,176.0,,,s3://rldb/processed_v3/microagi/2026-04-10-15-31-23-302281.mp4,s3://rldb/processed_v3/microagi/2026-04-10-15-31-23-302281.zarr,fold_clothes,train
2026-04-10-15-31-38-072281,fold_black_t-shirt,Fold a black t-shirt on a table into a compact rectangular shape.,microagi,human_bimanual,204.0,,,s3://rldb/processed_v3/microagi/2026-04-10-15-31-38-072281.mp4,s3://rldb/processed_v3/microagi/2026-04-10-15-31-38-072281.zarr,fold_clothes,train
2026-04-10-15-47-30-829825,fold_black_t-shirt,Fold a black t-shirt in half on a flat surface using both hands.,microagi,human_bimanual,197.0,,,s3://rldb/processed_v3/microagi/2026-04-10-15-47-30-829825.mp4,s3://rldb/processed_v3/microagi/2026-04-10-15-47-30-829825.zarr,fold_clothes,train
2026-04-10-15-48-13-143159,fold_black_t-shirt,Fold a black t-shirt on a table into a compact folded shape.,microagi,human_bimanual,232.0,,,s3://rldb/processed_v3/microagi/2026-04-10-15-48-13-143159.mp4,s3://rldb/processed_v3/microagi/2026-04-10-15-48-13-143159.zarr,fold_clothes,train
2026-04-15-11-35-30-516356,fold_black_t-shirt,Fold a black t-shirt on a table by smoothing it flat and lifting/folding it into a compact shape.,microagi,human_bimanual,442.0,,,s3://rldb/processed_v3/microagi/2026-04-15-11-35-30-516356.mp4,s3://rldb/processed_v3/microagi/2026-04-15-11-35-30-516356.zarr,fold_clothes,train
2026-04-15-11-35-54-331356,fold_black_t-shirt,"Fold a black t-shirt on a table by picking it up, aligning the edges, and folding it into a compact shape.",microagi,human_bimanual,272.0,,,s3://rldb/processed_v3/microagi/2026-04-15-11-35-54-331356.mp4,s3://rldb/processed_v3/microagi/2026-04-15-11-35-54-331356.zarr,fold_clothes,train
2026-04-15-11-36-28-522644,fold_black_t-shirt,Fold a black t-shirt on a table by smoothing it flat and folding it in half into a compact rectangle.,microagi,human_bimanual,316.0,,,s3://rldb/processed_v3/microagi/2026-04-15-11-36-28-522644.mp4,s3://rldb/processed_v3/microagi/2026-04-15-11-36-28-522644.zarr,fold_clothes,train
2026-04-15-11-38-08-880289,fold_black_t-shirt,Fold a black t-shirt in half on a couch surface.,microagi,human_bimanual,411.0,,,s3://rldb/processed_v3/microagi/2026-04-15-11-38-08-880289.mp4,s3://rldb/processed_v3/microagi/2026-04-15-11-38-08-880289.zarr,fold_clothes,train
2026-04-15-11-38-28-956956,fold_black_t-shirt,Fold a black t-shirt by bringing the sleeves and sides together into a compact folded shape.,microagi,human_bimanual,1344.0,,,s3://rldb/processed_v3/microagi/2026-04-15-11-38-28-956956.mp4,s3://rldb/processed_v3/microagi/2026-04-15-11-38-28-956956.zarr,fold_clothes,train
2026-04-15-11-38-33-205893,fold_black_t-shirt,Fold a black t-shirt on a desk into a compact rectangle by folding it in half twice.,microagi,human_bimanual,771.0,,,s3://rldb/processed_v3/microagi/2026-04-15-11-38-33-205893.mp4,s3://rldb/processed_v3/microagi/2026-04-15-11-38-33-205893.zarr,fold_clothes,train
2026-04-15-11-39-19-750289,fold_black_t-shirt,Fold a black t-shirt into a compact folded shape on a flat surface.,microagi,human_bimanual,561.0,,,s3://rldb/processed_v3/microagi/2026-04-15-11-39-19-750289.mp4,s3://rldb/processed_v3/microagi/2026-04-15-11-39-19-750289.zarr,fold_clothes,train
2026-04-15-11-39-40-261956,fold_black_t-shirt,Fold a black t-shirt into a compact rectangle.,microagi,human_bimanual,700.0,,,s3://rldb/processed_v3/microagi/2026-04-15-11-39-40-261956.mp4,s3://rldb/processed_v3/microagi/2026-04-15-11-39-40-261956.zarr,fold_clothes,train
2026-04-15-11-40-08-110230,fold_black_t-shirt,Fold a black t-shirt by spreading it flat and folding it into a compact shape on a surface.,microagi,human_bimanual,169.0,,,s3://rldb/processed_v3/microagi/2026-04-15-11-40-08-110230.mp4,s3://rldb/processed_v3/microagi/2026-04-15-11-40-08-110230.zarr,fold_clothes,train
2026-04-15-11-40-14-078564,fold_black_t-shirt,Fold a black t-shirt into a compact rectangular shape.,microagi,human_bimanual,296.0,,,s3://rldb/processed_v3/microagi/2026-04-15-11-40-14-078564.mp4,s3://rldb/processed_v3/microagi/2026-04-15-11-40-14-078564.zarr,fold_clothes,train
2026-04-15-14-30-10-171449,fold_black_t-shirt,"Fold a black t-shirt on a table by spreading it flat, folding in the sleeves, and folding it in half.",microagi,human_bimanual,1669.0,,,s3://rldb/processed_v3/microagi/2026-04-15-14-30-10-171449.mp4,s3://rldb/processed_v3/microagi/2026-04-15-14-30-10-171449.zarr,fold_clothes,train
2026-04-15-14-41-23-763664,fold_black_t-shirt,Fold a black t-shirt on a table into a compact rectangle by spreading it flat and folding the sides and bottom inward.,microagi,human_bimanual,574.0,,,s3://rldb/processed_v3/microagi/2026-04-15-14-41-23-763664.mp4,s3://rldb/processed_v3/microagi/2026-04-15-14-41-23-763664.zarr,fold_clothes,train
2026-04-15-14-41-43-538664,fold_black_t-shirt,Fold a black t-shirt on a table into a compact rectangle by folding it in half twice.,microagi,human_bimanual,1044.0,,,s3://rldb/processed_v3/microagi/2026-04-15-14-41-43-538664.mp4,s3://rldb/processed_v3/microagi/2026-04-15-14-41-43-538664.zarr,fold_clothes,train
2026-04-15-14-43-33-412385,fold_black_t-shirt,Fold a black t-shirt on a table by laying it flat and folding it in half.,microagi,human_bimanual,207.0,,,s3://rldb/processed_v3/microagi/2026-04-15-14-43-33-412385.mp4,s3://rldb/processed_v3/microagi/2026-04-15-14-43-33-412385.zarr,fold_clothes,train
2026-04-15-14-43-40-514052,fold_black_t-shirt,Fold a black t-shirt on a table by bringing in the sleeves and folding it in half into a compact rectangle.,microagi,human_bimanual,515.0,,,s3://rldb/processed_v3/microagi/2026-04-15-14-43-40-514052.mp4,s3://rldb/processed_v3/microagi/2026-04-15-14-43-40-514052.zarr,fold_clothes,train
2026-04-15-14-43-59-522385,fold_black_t-shirt,"Fold a black t-shirt on a table by laying it flat, folding the sides inward, and pressing it into a compact folded rectangle.",microagi,human_bimanual,764.0,,,s3://rldb/processed_v3/microagi/2026-04-15-14-43-59-522385.mp4,s3://rldb/processed_v3/microagi/2026-04-15-14-43-59-522385.zarr,fold_clothes,train
2026-04-15-14-45-56-940827,fold_black_t-shirt,Fold a black t-shirt on a table into a compact folded shape.,microagi,human_bimanual,340.0,,,s3://rldb/processed_v3/microagi/2026-04-15-14-45-56-940827.mp4,s3://rldb/processed_v3/microagi/2026-04-15-14-45-56-940827.zarr,fold_clothes,train
2026-04-15-14-46-21-600065,fold_black_t-shirt,Fold a black t-shirt into a compact rectangle on a table.,microagi,human_bimanual,183.0,,,s3://rldb/processed_v3/microagi/2026-04-15-14-46-21-600065.mp4,s3://rldb/processed_v3/microagi/2026-04-15-14-46-21-600065.zarr,fold_clothes,train
2026-04-15-14-56-16-655824,fold_black_t-shirt,Fold a black t-shirt on a table by tucking in the sleeves and folding it in half into a compact rectangle.,microagi,human_bimanual,170.0,,,s3://rldb/processed_v3/microagi/2026-04-15-14-56-16-655824.mp4,s3://rldb/processed_v3/microagi/2026-04-15-14-56-16-655824.zarr,fold_clothes,train
2026-04-15-14-56-24-362491,fold_black_t-shirt,Fold a black t-shirt on a table by folding the sides inward and then folding it in half.,microagi,human_bimanual,1384.0,,,s3://rldb/processed_v3/microagi/2026-04-15-14-56-24-362491.mp4,s3://rldb/processed_v3/microagi/2026-04-15-14-56-24-362491.zarr,fold_clothes,train
2026-04-15-14-57-15-905824,fold_black_t-shirt,Fold a black t-shirt on a table by folding the sides inward and the bottom up into a compact rectangle.,microagi,human_bimanual,303.0,,,s3://rldb/processed_v3/microagi/2026-04-15-14-57-15-905824.mp4,s3://rldb/processed_v3/microagi/2026-04-15-14-57-15-905824.zarr,fold_clothes,train
2026-04-19-06-36-25-464137,fold_black_t-shirt,Fold a black t-shirt on an ironing board into a compact folded bundle.,microagi,human_bimanual,308.0,,,s3://rldb/processed_v3/microagi/2026-04-19-06-36-25-464137.mp4,s3://rldb/processed_v3/microagi/2026-04-19-06-36-25-464137.zarr,fold_clothes,train
2026-04-20-08-49-01-840263,fold_black_t-shirt,Fold a black t-shirt on a table by folding sleeves inward and folding the bottom half up to produce a compact folded shirt.,microagi,human_bimanual,261.0,,,s3://rldb/processed_v3/microagi/2026-04-20-08-49-01-840263.mp4,s3://rldb/processed_v3/microagi/2026-04-20-08-49-01-840263.zarr,fold_clothes,train
2026-04-20-08-49-21-283287,fold_black_t-shirt,Fold a black t-shirt flat on a table by smoothing it out and folding the sides and sleeves inward into a compact rectangle.,microagi,human_bimanual,331.0,,,s3://rldb/processed_v3/microagi/2026-04-20-08-49-21-283287.mp4,s3://rldb/processed_v3/microagi/2026-04-20-08-49-21-283287.zarr,fold_clothes,train
2026-04-20-08-49-23-650263,fold_black_t-shirt,Fold a black t-shirt on a desk into a compact folded rectangle.,microagi,human_bimanual,334.0,,,s3://rldb/processed_v3/microagi/2026-04-20-08-49-23-650263.mp4,s3://rldb/processed_v3/microagi/2026-04-20-08-49-23-650263.zarr,fold_clothes,train
2026-04-20-08-49-32-989954,fold_black_t-shirt,Fold a black t-shirt on a table by spreading it flat and folding it into a compact shape.,microagi,human_bimanual,282.0,,,s3://rldb/processed_v3/microagi/2026-04-20-08-49-32-989954.mp4,s3://rldb/processed_v3/microagi/2026-04-20-08-49-32-989954.zarr,fold_clothes,train
2026-04-20-08-49-35-388596,fold_black_t-shirt,Fold a black t-shirt on a table by folding the sides and sleeves inward into a compact folded rectangle.,microagi,human_bimanual,158.0,,,s3://rldb/processed_v3/microagi/2026-04-20-08-49-35-388596.mp4,s3://rldb/processed_v3/microagi/2026-04-20-08-49-35-388596.zarr,fold_clothes,train
2026-04-20-08-49-43-463287,fold_black_t-shirt,Fold a black t-shirt flat on a table into a compact folded shape.,microagi,human_bimanual,274.0,,,s3://rldb/processed_v3/microagi/2026-04-20-08-49-43-463287.mp4,s3://rldb/processed_v3/microagi/2026-04-20-08-49-43-463287.zarr,fold_clothes,train
2026-04-20-08-50-56-341621,fold_black_t-shirt,Fold a black t-shirt on a table into a compact rectangle by folding it in half and pressing it flat.,microagi,human_bimanual,207.0,,,s3://rldb/processed_v3/microagi/2026-04-20-08-50-56-341621.mp4,s3://rldb/processed_v3/microagi/2026-04-20-08-50-56-341621.zarr,fold_clothes,train
2026-04-20-08-51-03-844355,fold_black_t-shirt,Fold a black t-shirt on a desk by folding it in half and then folding it again into a compact rectangle.,microagi,human_bimanual,318.0,,,s3://rldb/processed_v3/microagi/2026-04-20-08-51-03-844355.mp4,s3://rldb/processed_v3/microagi/2026-04-20-08-51-03-844355.zarr,fold_clothes,train
2026-04-20-08-52-27-354786,fold_black_t-shirt,Fold a black t-shirt by laying it flat on the table and folding it in half.,microagi,human_bimanual,549.0,,,s3://rldb/processed_v3/microagi/2026-04-20-08-52-27-354786.mp4,s3://rldb/processed_v3/microagi/2026-04-20-08-52-27-354786.zarr,fold_clothes,train
2026-04-20-08-52-47-568120,fold_black_t-shirt,Fold a black t-shirt flat on a table by smoothing it out and folding the sides toward the center.,microagi,human_bimanual,231.0,,,s3://rldb/processed_v3/microagi/2026-04-20-08-52-47-568120.mp4,s3://rldb/processed_v3/microagi/2026-04-20-08-52-47-568120.zarr,fold_clothes,train
2026-04-20-08-52-55-971453,fold_black_t-shirt,Lay a black t-shirt flat on a table and fold one side over to begin folding it into a compact shape.,microagi,human_bimanual,152.0,,,s3://rldb/processed_v3/microagi/2026-04-20-08-52-55-971453.mp4,s3://rldb/processed_v3/microagi/2026-04-20-08-52-55-971453.zarr,fold_clothes,train
2026-04-20-08-53-03-109786,fold_black_t-shirt,Fold a black t-shirt flat on a table by smoothing it out and folding it in half.,microagi,human_bimanual,163.0,,,s3://rldb/processed_v3/microagi/2026-04-20-08-53-03-109786.mp4,s3://rldb/processed_v3/microagi/2026-04-20-08-53-03-109786.zarr,fold_clothes,train
2026-04-20-08-53-14-483120,fold_black_t-shirt,Fold a black t-shirt on a table into a compact rectangular shape by folding it lengthwise and then in half.,microagi,human_bimanual,233.0,,,s3://rldb/processed_v3/microagi/2026-04-20-08-53-14-483120.mp4,s3://rldb/processed_v3/microagi/2026-04-20-08-53-14-483120.zarr,fold_clothes,train
2026-04-20-08-53-25-389786,fold_black_t-shirt,Fold a black t-shirt on a table into a compact rectangular shape.,microagi,human_bimanual,157.0,,,s3://rldb/processed_v3/microagi/2026-04-20-08-53-25-389786.mp4,s3://rldb/processed_v3/microagi/2026-04-20-08-53-25-389786.zarr,fold_clothes,train
2026-04-20-08-53-26-682092,fold_black_t-shirt,Fold a black t-shirt on a flat surface by bringing the sides together into a compact folded shape.,microagi,human_bimanual,187.0,,,s3://rldb/processed_v3/microagi/2026-04-20-08-53-26-682092.mp4,s3://rldb/processed_v3/microagi/2026-04-20-08-53-26-682092.zarr,fold_clothes,train
2026-04-20-08-53-35-118759,fold_black_t-shirt,Fold a black t-shirt on a flat surface into a compact rectangular shape.,microagi,human_bimanual,750.0,,,s3://rldb/processed_v3/microagi/2026-04-20-08-53-35-118759.mp4,s3://rldb/processed_v3/microagi/2026-04-20-08-53-35-118759.zarr,fold_clothes,train
2026-04-20-08-53-45-268120,fold_black_t-shirt,Fold a black t-shirt flat on a table into a compact rectangular shape by folding the bottom hem up and then folding it in half.,microagi,human_bimanual,1275.0,,,s3://rldb/processed_v3/microagi/2026-04-20-08-53-45-268120.mp4,s3://rldb/processed_v3/microagi/2026-04-20-08-53-45-268120.zarr,fold_clothes,train
2026-04-20-08-54-40-867382,fold_black_t-shirt,Fold a black t-shirt on a table into a compact rectangular shape.,microagi,human_bimanual,249.0,,,s3://rldb/processed_v3/microagi/2026-04-20-08-54-40-867382.mp4,s3://rldb/processed_v3/microagi/2026-04-20-08-54-40-867382.zarr,fold_clothes,train
2026-04-20-08-54-49-839048,fold_black_t-shirt,Fold a black t-shirt on a table into a compact rectangle.,microagi,human_bimanual,343.0,,,s3://rldb/processed_v3/microagi/2026-04-20-08-54-49-839048.mp4,s3://rldb/processed_v3/microagi/2026-04-20-08-54-49-839048.zarr,fold_clothes,train
2026-04-20-08-55-01-979048,fold_black_t-shirt,Fold a black t-shirt on a table by laying it flat and folding it into a compact rectangular shape.,microagi,human_bimanual,161.0,,,s3://rldb/processed_v3/microagi/2026-04-20-08-55-01-979048.mp4,s3://rldb/processed_v3/microagi/2026-04-20-08-55-01-979048.zarr,fold_clothes,train
2026-04-20-09-04-27-549388,fold_black_t-shirt,Fold a black t-shirt on a table by folding the sides inward and lifting the completed folded garment.,microagi,human_bimanual,210.0,,,s3://rldb/processed_v3/microagi/2026-04-20-09-04-27-549388.mp4,s3://rldb/processed_v3/microagi/2026-04-20-09-04-27-549388.zarr,fold_clothes,train
2026-04-20-09-05-02-911993,fold_black_t-shirt,"Fold a black t-shirt in half on a table, bringing the bottom hem up and folding it into a compact rectangle.",microagi,human_bimanual,282.0,,,s3://rldb/processed_v3/microagi/2026-04-20-09-05-02-911993.mp4,s3://rldb/processed_v3/microagi/2026-04-20-09-05-02-911993.zarr,fold_clothes,train
2026-04-20-14-24-44-586977,fold_black_t-shirt,Fold a black t-shirt flat on a desk into a compact rectangle by smoothing and folding it in half twice.,microagi,human_bimanual,687.0,,,s3://rldb/processed_v3/microagi/2026-04-20-14-24-44-586977.mp4,s3://rldb/processed_v3/microagi/2026-04-20-14-24-44-586977.zarr,fold_clothes,train
2026-04-20-14-30-03-981566,fold_black_t-shirt,Fold a black t-shirt on a desk and place it on a stack of folded clothes.,microagi,human_bimanual,696.0,,,s3://rldb/processed_v3/microagi/2026-04-20-14-30-03-981566.mp4,s3://rldb/processed_v3/microagi/2026-04-20-14-30-03-981566.zarr,fold_clothes,train
2026-04-22-15-38-18-476017,fold_black_t-shirt,Fold a black t-shirt into a compact rectangle on the table.,microagi,human_bimanual,686.0,,,s3://rldb/processed_v3/microagi/2026-04-22-15-38-18-476017.mp4,s3://rldb/processed_v3/microagi/2026-04-22-15-38-18-476017.zarr,fold_clothes,train
2026-04-23-14-39-58-534166,fold_black_t-shirt,Fold a black t-shirt on an ironing board into a compact folded shape.,microagi,human_bimanual,425.0,,,s3://rldb/processed_v3/microagi/2026-04-23-14-39-58-534166.mp4,s3://rldb/processed_v3/microagi/2026-04-23-14-39-58-534166.zarr,fold_clothes,train
2026-04-23-14-40-18-077499,fold_black_t-shirt,"Fold a black t-shirt on an ironing board by gathering, lifting, and repositioning the fabric into a folded shape.",microagi,human_bimanual,318.0,,,s3://rldb/processed_v3/microagi/2026-04-23-14-40-18-077499.mp4,s3://rldb/processed_v3/microagi/2026-04-23-14-40-18-077499.zarr,fold_clothes,train
2026-04-23-14-40-34-219166,fold_black_t-shirt,Fold a black t-shirt on a table into a compact folded shape.,microagi,human_bimanual,486.0,,,s3://rldb/processed_v3/microagi/2026-04-23-14-40-34-219166.mp4,s3://rldb/processed_v3/microagi/2026-04-23-14-40-34-219166.zarr,fold_clothes,train
2026-04-23-14-40-59-730832,fold_black_t-shirt,Fold a black t-shirt on a table into a compact rectangular shape.,microagi,human_bimanual,172.0,,,s3://rldb/processed_v3/microagi/2026-04-23-14-40-59-730832.mp4,s3://rldb/processed_v3/microagi/2026-04-23-14-40-59-730832.zarr,fold_clothes,train
2026-04-27-09-43-34-440049,fold_black_t-shirt,Fold a black t-shirt flat on a table into a compact rectangle.,microagi,human_bimanual,169.0,,,s3://rldb/processed_v3/microagi/2026-04-27-09-43-34-440049.mp4,s3://rldb/processed_v3/microagi/2026-04-27-09-43-34-440049.zarr,fold_clothes,train
2026-04-29-09-39-58-337957,fold_black_t-shirt,Fold a black t-shirt by laying it flat on a surface and folding it into a compact shape.,microagi,human_bimanual,363.0,,,s3://rldb/processed_v3/microagi/2026-04-29-09-39-58-337957.mp4,s3://rldb/processed_v3/microagi/2026-04-29-09-39-58-337957.zarr,fold_clothes,train
2026-04-29-09-40-14-047957,fold_black_t-shirt,Fold a black t-shirt with colorful text print on a flat white surface into a compact folded shape.,microagi,human_bimanual,264.0,,,s3://rldb/processed_v3/microagi/2026-04-29-09-40-14-047957.mp4,s3://rldb/processed_v3/microagi/2026-04-29-09-40-14-047957.zarr,fold_clothes,train
2026-04-29-11-32-49-372722,fold_black_t-shirt,Fold a black t-shirt on a table by folding the bottom hem up and then folding it into a compact rectangular shape.,microagi,human_bimanual,301.0,,,s3://rldb/processed_v3/microagi/2026-04-29-11-32-49-372722.mp4,s3://rldb/processed_v3/microagi/2026-04-29-11-32-49-372722.zarr,fold_clothes,train
2026-05-03-16-56-27-287648,fold_black_t-shirt,Fold a black t-shirt on a flat surface into a compact rectangle and pick it up.,microagi,human_bimanual,1165.0,,,s3://rldb/processed_v3/microagi/2026-05-03-16-56-27-287648.mp4,s3://rldb/processed_v3/microagi/2026-05-03-16-56-27-287648.zarr,fold_clothes,train
2026-05-05-09-45-12-441402,fold_black_t-shirt,Fold a black t-shirt flat on a table into a compact rectangular shape by folding the sides and bottom inward.,microagi,human_bimanual,266.0,,,s3://rldb/processed_v3/microagi/2026-05-05-09-45-12-441402.mp4,s3://rldb/processed_v3/microagi/2026-05-05-09-45-12-441402.zarr,fold_clothes,train
2026-05-06-09-41-05-655857,fold_black_t-shirt,Fold a black t-shirt and place it neatly on the desk.,microagi,human_bimanual,157.0,,,s3://rldb/processed_v3/microagi/2026-05-06-09-41-05-655857.mp4,s3://rldb/processed_v3/microagi/2026-05-06-09-41-05-655857.zarr,fold_clothes,train
2026-05-06-09-41-17-595857,fold_black_t-shirt,"Fold a black t-shirt by laying it flat, folding the sides inward, and folding the bottom up into a compact rectangle.",microagi,human_bimanual,347.0,,,s3://rldb/processed_v3/microagi/2026-05-06-09-41-17-595857.mp4,s3://rldb/processed_v3/microagi/2026-05-06-09-41-17-595857.zarr,fold_clothes,train
2026-05-06-09-41-37-872524,fold_black_t-shirt,Fold a black t-shirt flat on a table into a compact rectangular shape.,microagi,human_bimanual,206.0,,,s3://rldb/processed_v3/microagi/2026-05-06-09-41-37-872524.mp4,s3://rldb/processed_v3/microagi/2026-05-06-09-41-37-872524.zarr,fold_clothes,train
2026-05-06-09-41-56-482524,fold_black_t-shirt,Fold a black t-shirt on a desk into a compact rectangular shape.,microagi,human_bimanual,273.0,,,s3://rldb/processed_v3/microagi/2026-05-06-09-41-56-482524.mp4,s3://rldb/processed_v3/microagi/2026-05-06-09-41-56-482524.zarr,fold_clothes,train
2026-05-06-09-42-09-757524,fold_black_t-shirt,Fold a black t-shirt into a compact square on a table.,microagi,human_bimanual,837.0,,,s3://rldb/processed_v3/microagi/2026-05-06-09-42-09-757524.mp4,s3://rldb/processed_v3/microagi/2026-05-06-09-42-09-757524.zarr,fold_clothes,train
2026-05-06-09-42-57-816235,fold_black_t-shirt,Fold a black t-shirt flat on a table into a compact rectangular shape.,microagi,human_bimanual,166.0,,,s3://rldb/processed_v3/microagi/2026-05-06-09-42-57-816235.mp4,s3://rldb/processed_v3/microagi/2026-05-06-09-42-57-816235.zarr,fold_clothes,train
2026-05-06-09-43-14-891235,fold_black_t-shirt,"Fold a black t-shirt in half on a table, bringing the bottom edge up to meet the collar to produce a folded shirt.",microagi,human_bimanual,167.0,,,s3://rldb/processed_v3/microagi/2026-05-06-09-43-14-891235.mp4,s3://rldb/processed_v3/microagi/2026-05-06-09-43-14-891235.zarr,fold_clothes,train
2026-05-06-09-43-45-113602,fold_black_t-shirt,"Pick up a black t-shirt from the desk, unfold it, and fold it into a compact rectangle on the desk surface.",microagi,human_bimanual,1323.0,,,s3://rldb/processed_v3/microagi/2026-05-06-09-43-45-113602.mp4,s3://rldb/processed_v3/microagi/2026-05-06-09-43-45-113602.zarr,fold_clothes,train
2026-05-13-09-40-45-171578,fold_black_t-shirt,Fold a black t-shirt into a compact rectangle on a flat surface.,microagi,human_bimanual,351.0,,,s3://rldb/processed_v3/microagi/2026-05-13-09-40-45-171578.mp4,s3://rldb/processed_v3/microagi/2026-05-13-09-40-45-171578.zarr,fold_clothes,train
2026-05-15-08-37-59-601524,fold_black_t-shirt,Fold a black t-shirt on a table by bringing the sides and sleeves inward into a compact rectangular fold.,microagi,human_bimanual,605.0,,,s3://rldb/processed_v3/microagi/2026-05-15-08-37-59-601524.mp4,s3://rldb/processed_v3/microagi/2026-05-15-08-37-59-601524.zarr,fold_clothes,train
2026-05-18-18-09-04-878053,fold_black_t-shirt,Fold a black t-shirt by grasping its edges with both hands and arranging the fabric into a folded shape on the bed.,microagi,human_bimanual,248.0,,,s3://rldb/processed_v3/microagi/2026-05-18-18-09-04-878053.mp4,s3://rldb/processed_v3/microagi/2026-05-18-18-09-04-878053.zarr,fold_clothes,train
2026-05-19-09-43-01-748573,fold_black_t-shirt,Fold a black t-shirt in half and lay it flat on the table.,microagi,human_bimanual,288.0,,,s3://rldb/processed_v3/microagi/2026-05-19-09-43-01-748573.mp4,s3://rldb/processed_v3/microagi/2026-05-19-09-43-01-748573.zarr,fold_clothes,train
2026-05-19-09-43-11-490240,fold_black_t-shirt,Fold a black t-shirt into a rectangular shape on a white surface.,microagi,human_bimanual,247.0,,,s3://rldb/processed_v3/microagi/2026-05-19-09-43-11-490240.mp4,s3://rldb/processed_v3/microagi/2026-05-19-09-43-11-490240.zarr,fold_clothes,train
2026-05-19-09-43-22-398573,fold_black_t-shirt,Fold a black t-shirt by laying it flat on a surface and folding it into a compact rectangle.,microagi,human_bimanual,418.0,,,s3://rldb/processed_v3/microagi/2026-05-19-09-43-22-398573.mp4,s3://rldb/processed_v3/microagi/2026-05-19-09-43-22-398573.zarr,fold_clothes,train
2026-05-19-09-43-36-843573,fold_black_t-shirt,Fold a black t-shirt on a flat surface into a compact folded shape.,microagi,human_bimanual,864.0,,,s3://rldb/processed_v3/microagi/2026-05-19-09-43-36-843573.mp4,s3://rldb/processed_v3/microagi/2026-05-19-09-43-36-843573.zarr,fold_clothes,train
2026-05-19-09-44-05-966907,fold_black_t-shirt,Fold a black t-shirt flat on a table into a compact folded rectangle.,microagi,human_bimanual,182.0,,,s3://rldb/processed_v3/microagi/2026-05-19-09-44-05-966907.mp4,s3://rldb/processed_v3/microagi/2026-05-19-09-44-05-966907.zarr,fold_clothes,train
2026-05-19-09-44-12-405240,fold_black_t-shirt,Fold a black t-shirt by tucking the sleeves inward and folding it in half on a flat surface.,microagi,human_bimanual,444.0,,,s3://rldb/processed_v3/microagi/2026-05-19-09-44-12-405240.mp4,s3://rldb/processed_v3/microagi/2026-05-19-09-44-12-405240.zarr,fold_clothes,train
2026-05-19-09-44-30-220240,fold_black_t-shirt,Fold a black t-shirt on a table into a compact square shape.,microagi,human_bimanual,503.0,,,s3://rldb/processed_v3/microagi/2026-05-19-09-44-30-220240.mp4,s3://rldb/processed_v3/microagi/2026-05-19-09-44-30-220240.zarr,fold_clothes,train
2026-05-19-09-44-50-503229,fold_black_t-shirt,Fold a black t-shirt on a table into a compact rectangle.,microagi,human_bimanual,202.0,,,s3://rldb/processed_v3/microagi/2026-05-19-09-44-50-503229.mp4,s3://rldb/processed_v3/microagi/2026-05-19-09-44-50-503229.zarr,fold_clothes,train
2026-05-19-17-47-25-139233,fold_black_t-shirt,Fold a black t-shirt on a table into a compact rectangular shape.,microagi,human_bimanual,174.0,,,s3://rldb/processed_v3/microagi/2026-05-19-17-47-25-139233.mp4,s3://rldb/processed_v3/microagi/2026-05-19-17-47-25-139233.zarr,fold_clothes,train
2026-05-19-17-47-32-309233,fold_black_t-shirt,Fold a black t-shirt on a table into a compact rectangular shape.,microagi,human_bimanual,1264.0,,,s3://rldb/processed_v3/microagi/2026-05-19-17-47-32-309233.mp4,s3://rldb/processed_v3/microagi/2026-05-19-17-47-32-309233.zarr,fold_clothes,train
2026-05-19-17-49-37-263456,fold_black_t-shirt,Fold a black t-shirt on a table by folding the sides toward the center to create a compact folded shape.,microagi,human_bimanual,168.0,,,s3://rldb/processed_v3/microagi/2026-05-19-17-49-37-263456.mp4,s3://rldb/processed_v3/microagi/2026-05-19-17-49-37-263456.zarr,fold_clothes,train
2026-05-19-17-50-00-641789,fold_black_t-shirt,Fold a black t-shirt on a table by folding the sleeves inward and folding it in half into a compact rectangle.,microagi,human_bimanual,473.0,,,s3://rldb/processed_v3/microagi/2026-05-19-17-50-00-641789.mp4,s3://rldb/processed_v3/microagi/2026-05-19-17-50-00-641789.zarr,fold_clothes,train
2026-05-19-17-50-17-016789,fold_black_t-shirt,Fold a black t-shirt on a table into a compact square by folding it in half twice.,microagi,human_bimanual,506.0,,,s3://rldb/processed_v3/microagi/2026-05-19-17-50-17-016789.mp4,s3://rldb/processed_v3/microagi/2026-05-19-17-50-17-016789.zarr,fold_clothes,train
2026-05-20-06-18-34-126845,fold_black_t-shirt,Fold a black t-shirt on a table by folding one side over and then folding it in half into a compact rectangle.,microagi,human_bimanual,1136.0,,,s3://rldb/processed_v3/microagi/2026-05-20-06-18-34-126845.mp4,s3://rldb/processed_v3/microagi/2026-05-20-06-18-34-126845.zarr,fold_clothes,train
2026-05-20-06-19-23-594276,fold_black_t-shirt,Fold a black t-shirt into a flat rectangular shape on a surface.,microagi,human_bimanual,209.0,,,s3://rldb/processed_v3/microagi/2026-05-20-06-19-23-594276.mp4,s3://rldb/processed_v3/microagi/2026-05-20-06-19-23-594276.zarr,fold_clothes,train
2026-05-20-06-19-33-705853,fold_black_t-shirt,Fold a black t-shirt into a rectangular shape on a flat surface.,microagi,human_bimanual,588.0,,,s3://rldb/processed_v3/microagi/2026-05-20-06-19-33-705853.mp4,s3://rldb/processed_v3/microagi/2026-05-20-06-19-33-705853.zarr,fold_clothes,train
2026-05-20-06-19-53-367257,fold_black_t-shirt,"Fold a black t-shirt in half on a table, smoothing it flat and folding it into a compact rectangle.",microagi,human_bimanual,228.0,,,s3://rldb/processed_v3/microagi/2026-05-20-06-19-53-367257.mp4,s3://rldb/processed_v3/microagi/2026-05-20-06-19-53-367257.zarr,fold_clothes,train
2026-05-20-18-29-18-708576,fold_black_t-shirt,Fold a black t-shirt on a table into a compact rectangular shape by folding the sides inward and the bottom up.,microagi,human_bimanual,244.0,,,s3://rldb/processed_v3/microagi/2026-05-20-18-29-18-708576.mp4,s3://rldb/processed_v3/microagi/2026-05-20-18-29-18-708576.zarr,fold_clothes,train
2026-05-20-18-29-27-507574,fold_black_t-shirt,Fold a black t-shirt on a table by tucking in the sleeves and folding it in half into a compact rectangle.,microagi,human_bimanual,311.0,,,s3://rldb/processed_v3/microagi/2026-05-20-18-29-27-507574.mp4,s3://rldb/processed_v3/microagi/2026-05-20-18-29-27-507574.zarr,fold_clothes,train
2026-05-20-18-30-26-702899,fold_black_t-shirt,"Pick up a black t-shirt from the table, fold it, and place the folded t-shirt back on the table.",microagi,human_bimanual,165.0,,,s3://rldb/processed_v3/microagi/2026-05-20-18-30-26-702899.mp4,s3://rldb/processed_v3/microagi/2026-05-20-18-30-26-702899.zarr,fold_clothes,train
2026-05-20-18-30-35-871107,fold_black_t-shirt,Fold a black t-shirt flat on a table into a compact folded rectangle.,microagi,human_bimanual,864.0,,,s3://rldb/processed_v3/microagi/2026-05-20-18-30-35-871107.mp4,s3://rldb/processed_v3/microagi/2026-05-20-18-30-35-871107.zarr,fold_clothes,train
2026-05-20-18-32-01-666490,fold_black_t-shirt,Fold a black t-shirt on a table into a compact rectangular shape.,microagi,human_bimanual,264.0,,,s3://rldb/processed_v3/microagi/2026-05-20-18-32-01-666490.mp4,s3://rldb/processed_v3/microagi/2026-05-20-18-32-01-666490.zarr,fold_clothes,train
2026-05-20-18-32-19-071490,fold_black_t-shirt,Fold a black t-shirt on a table into a compact square.,microagi,human_bimanual,254.0,,,s3://rldb/processed_v3/microagi/2026-05-20-18-32-19-071490.mp4,s3://rldb/processed_v3/microagi/2026-05-20-18-32-19-071490.zarr,fold_clothes,train
2026-05-21-14-49-16-568802,fold_black_t-shirt,Fold a black t-shirt on a table by bringing the bottom hem up and folding it into a compact rectangle.,microagi,human_bimanual,749.0,,,s3://rldb/processed_v3/microagi/2026-05-21-14-49-16-568802.mp4,s3://rldb/processed_v3/microagi/2026-05-21-14-49-16-568802.zarr,fold_clothes,train
2026-05-21-14-53-29-203915,fold_black_t-shirt,"Fold a black t-shirt on a table, smoothing and arranging the fabric into a folded shape.",microagi,human_bimanual,319.0,,,s3://rldb/processed_v3/microagi/2026-05-21-14-53-29-203915.mp4,s3://rldb/processed_v3/microagi/2026-05-21-14-53-29-203915.zarr,fold_clothes,train
2026-05-21-14-53-31-595275,fold_black_t-shirt,Fold a black t-shirt on a table by aligning and folding the fabric into a compact shape.,microagi,human_bimanual,261.0,,,s3://rldb/processed_v3/microagi/2026-05-21-14-53-31-595275.mp4,s3://rldb/processed_v3/microagi/2026-05-21-14-53-31-595275.zarr,fold_clothes,train
2026-05-21-22-32-57-819022,fold_black_t-shirt,Fold a black t-shirt by smoothing it flat and arranging it on the bed surface.,microagi,human_bimanual,169.0,,,s3://rldb/processed_v3/microagi/2026-05-21-22-32-57-819022.mp4,s3://rldb/processed_v3/microagi/2026-05-21-22-32-57-819022.zarr,fold_clothes,train
2026-05-21-22-33-18-025689,fold_black_t-shirt,Fold a black t-shirt in half on a bed by bringing one side over and smoothing the crease.,microagi,human_bimanual,573.0,,,s3://rldb/processed_v3/microagi/2026-05-21-22-33-18-025689.mp4,s3://rldb/processed_v3/microagi/2026-05-21-22-33-18-025689.zarr,fold_clothes,train
2026-05-21-22-33-40-034022,fold_black_t-shirt,"Fold a black t-shirt lengthwise on a bed into a compact, neatly folded rectangle.",microagi,human_bimanual,760.0,,,s3://rldb/processed_v3/microagi/2026-05-21-22-33-40-034022.mp4,s3://rldb/processed_v3/microagi/2026-05-21-22-33-40-034022.zarr,fold_clothes,train
2026-05-21-22-34-19-815689,fold_black_t-shirt,Fold a black t-shirt into a compact rectangular shape on a flat surface.,microagi,human_bimanual,235.0,,,s3://rldb/processed_v3/microagi/2026-05-21-22-34-19-815689.mp4,s3://rldb/processed_v3/microagi/2026-05-21-22-34-19-815689.zarr,fold_clothes,train
2026-05-21-22-34-29-018906,fold_black_t-shirt,Fold a black t-shirt in half and place it on a pillow with other folded garments.,microagi,human_bimanual,298.0,,,s3://rldb/processed_v3/microagi/2026-05-21-22-34-29-018906.mp4,s3://rldb/processed_v3/microagi/2026-05-21-22-34-29-018906.zarr,fold_clothes,train
2026-05-25-06-44-39-054451,fold_black_t-shirt,"Fold a black t-shirt on a table by smoothing, lifting, and pressing the fabric into a neat rectangular fold.",microagi,human_bimanual,903.0,,,s3://rldb/processed_v3/microagi/2026-05-25-06-44-39-054451.mp4,s3://rldb/processed_v3/microagi/2026-05-25-06-44-39-054451.zarr,fold_clothes,train
2026-05-25-06-45-47-448385,fold_black_t-shirt,Fold a black t-shirt on a table by smoothing it flat and folding the sides inward into a compact rectangle.,microagi,human_bimanual,623.0,,,s3://rldb/processed_v3/microagi/2026-05-25-06-45-47-448385.mp4,s3://rldb/processed_v3/microagi/2026-05-25-06-45-47-448385.zarr,fold_clothes,train
2026-05-25-06-46-19-395051,fold_black_t-shirt,Fold a black t-shirt on a table into a compact rectangle by spreading it flat and folding it in stages.,microagi,human_bimanual,822.0,,,s3://rldb/processed_v3/microagi/2026-05-25-06-46-19-395051.mp4,s3://rldb/processed_v3/microagi/2026-05-25-06-46-19-395051.zarr,fold_clothes,train
2026-05-25-06-46-47-438385,fold_black_t-shirt,Fold a black t-shirt into a compact square on the bed.,microagi,human_bimanual,161.0,,,s3://rldb/processed_v3/microagi/2026-05-25-06-46-47-438385.mp4,s3://rldb/processed_v3/microagi/2026-05-25-06-46-47-438385.zarr,fold_clothes,train
2026-05-26-09-41-19-642969,fold_black_t-shirt,Fold a black t-shirt in half on a flat surface.,microagi,human_bimanual,179.0,,,s3://rldb/processed_v3/microagi/2026-05-26-09-41-19-642969.mp4,s3://rldb/processed_v3/microagi/2026-05-26-09-41-19-642969.zarr,fold_clothes,train
2026-05-26-09-41-30-314635,fold_black_t-shirt,Fold a black t-shirt on a white surface into a compact folded shape.,microagi,human_bimanual,287.0,,,s3://rldb/processed_v3/microagi/2026-05-26-09-41-30-314635.mp4,s3://rldb/processed_v3/microagi/2026-05-26-09-41-30-314635.zarr,fold_clothes,train
2026-05-30-10-59-46-116545,fold_black_t-shirt,Fold a black t-shirt flat on a surface into a compact folded shape.,microagi,human_bimanual,311.0,,,s3://rldb/processed_v3/microagi/2026-05-30-10-59-46-116545.mp4,s3://rldb/processed_v3/microagi/2026-05-30-10-59-46-116545.zarr,fold_clothes,train
2026-05-30-10-59-57-924879,fold_black_t-shirt,Fold a black t-shirt by laying it flat and folding it into a compact rectangular shape.,microagi,human_bimanual,192.0,,,s3://rldb/processed_v3/microagi/2026-05-30-10-59-57-924879.mp4,s3://rldb/processed_v3/microagi/2026-05-30-10-59-57-924879.zarr,fold_clothes,train
2026-05-30-11-00-04-798212,fold_black_t-shirt,Fold a black t-shirt by pressing it flat on the lap and lifting to fold it in half.,microagi,human_bimanual,300.0,,,s3://rldb/processed_v3/microagi/2026-05-30-11-00-04-798212.mp4,s3://rldb/processed_v3/microagi/2026-05-30-11-00-04-798212.zarr,fold_clothes,train
2026-05-30-11-00-33-488212,fold_black_t-shirt,Fold a black t-shirt by laying it flat and folding the sleeves and body over on a lap.,microagi,human_bimanual,179.0,,,s3://rldb/processed_v3/microagi/2026-05-30-11-00-33-488212.mp4,s3://rldb/processed_v3/microagi/2026-05-30-11-00-33-488212.zarr,fold_clothes,train
2026-06-02-09-44-13-504834,fold_black_t-shirt,"Pick up a black t-shirt from the table, spread it flat, and fold it into a compact folded shape.",microagi,human_bimanual,181.0,,,s3://rldb/processed_v3/microagi/2026-06-02-09-44-13-504834.mp4,s3://rldb/processed_v3/microagi/2026-06-02-09-44-13-504834.zarr,fold_clothes,train
2026-06-02-09-44-20-744834,fold_black_t-shirt,Fold a black t-shirt flat on a table by folding the sides inward and then folding it in half into a compact rectangle.,microagi,human_bimanual,556.0,,,s3://rldb/processed_v3/microagi/2026-06-02-09-44-20-744834.mp4,s3://rldb/processed_v3/microagi/2026-06-02-09-44-20-744834.zarr,fold_clothes,train
2026-06-02-09-44-39-593167,fold_black_t-shirt,Fold a black t-shirt on a table into a compact folded square shape.,microagi,human_bimanual,194.0,,,s3://rldb/processed_v3/microagi/2026-06-02-09-44-39-593167.mp4,s3://rldb/processed_v3/microagi/2026-06-02-09-44-39-593167.zarr,fold_clothes,train
2026-06-05-10-05-16-711677,fold_black_t-shirt,Fold a black t-shirt on a table into a compact rectangular shape.,microagi,human_bimanual,346.0,,,s3://rldb/processed_v3/microagi/2026-06-05-10-05-16-711677.mp4,s3://rldb/processed_v3/microagi/2026-06-05-10-05-16-711677.zarr,fold_clothes,train
2026-06-05-10-05-33-518344,fold_black_t-shirt,Fold a black garment on a table into a compact folded shape.,microagi,human_bimanual,340.0,,,s3://rldb/processed_v3/microagi/2026-06-05-10-05-33-518344.mp4,s3://rldb/processed_v3/microagi/2026-06-05-10-05-33-518344.zarr,fold_clothes,train
2026-06-05-10-05-48-056677,fold_black_t-shirt,Fold a black t-shirt on a table into a compact folded shape.,microagi,human_bimanual,949.0,,,s3://rldb/processed_v3/microagi/2026-06-05-10-05-48-056677.mp4,s3://rldb/processed_v3/microagi/2026-06-05-10-05-48-056677.zarr,fold_clothes,train
2026-06-05-13-36-59-382441,fold_black_t-shirt,Fold a black t-shirt on a table by folding the bottom hem up and the sides inward into a compact rectangle.,microagi,human_bimanual,794.0,,,s3://rldb/processed_v3/microagi/2026-06-05-13-36-59-382441.mp4,s3://rldb/processed_v3/microagi/2026-06-05-13-36-59-382441.zarr,fold_clothes,train
2026-06-05-13-42-44-911239,fold_black_t-shirt,Fold a black t-shirt flat on a wooden bench into a compact folded rectangle.,microagi,human_bimanual,1117.0,,,s3://rldb/processed_v3/microagi/2026-06-05-13-42-44-911239.mp4,s3://rldb/processed_v3/microagi/2026-06-05-13-42-44-911239.zarr,fold_clothes,train
2026-06-05-13-43-22-442906,fold_black_t-shirt,Fold a black t-shirt flat on a wooden surface into a compact rectangle by folding the bottom hem up and then folding it in half.,microagi,human_bimanual,608.0,,,s3://rldb/processed_v3/microagi/2026-06-05-13-43-22-442906.mp4,s3://rldb/processed_v3/microagi/2026-06-05-13-43-22-442906.zarr,fold_clothes,train
2026-06-07-08-48-48-439199,fold_black_t-shirt,"Fold a black t-shirt flat on a table into a compact rectangular shape by folding sleeves, top, and bottom.",microagi,human_bimanual,1529.0,,,s3://rldb/processed_v3/microagi/2026-06-07-08-48-48-439199.mp4,s3://rldb/processed_v3/microagi/2026-06-07-08-48-48-439199.zarr,fold_clothes,train
2026-06-07-08-49-41-570866,fold_black_t-shirt,Fold a black t-shirt on a table and place it onto a stack of folded clothes.,microagi,human_bimanual,404.0,,,s3://rldb/processed_v3/microagi/2026-06-07-08-49-41-570866.mp4,s3://rldb/processed_v3/microagi/2026-06-07-08-49-41-570866.zarr,fold_clothes,train
2026-06-07-11-58-02-726171,fold_black_t-shirt,Fold a black t-shirt by aligning and folding the fabric with both hands into a compact folded shape.,microagi,human_bimanual,478.0,,,s3://rldb/processed_v3/microagi/2026-06-07-11-58-02-726171.mp4,s3://rldb/processed_v3/microagi/2026-06-07-11-58-02-726171.zarr,fold_clothes,train
2026-06-07-11-58-19-736171,fold_black_t-shirt,Fold a black t-shirt on an ironing board into a compact rectangle.,microagi,human_bimanual,235.0,,,s3://rldb/processed_v3/microagi/2026-06-07-11-58-19-736171.mp4,s3://rldb/processed_v3/microagi/2026-06-07-11-58-19-736171.zarr,fold_clothes,train
2026-06-17-00-35-02-206681,fold_black_t-shirt,Fold a black t-shirt in half and place it on a stack of folded clothes.,microagi,human_bimanual,623.0,,,s3://rldb/processed_v3/microagi/2026-06-17-00-35-02-206681.mp4,s3://rldb/processed_v3/microagi/2026-06-17-00-35-02-206681.zarr,fold_clothes,train
2026-06-19-13-38-04-943325,fold_black_t-shirt,Fold a black t-shirt in half on a flat surface.,microagi,human_bimanual,1343.0,,,s3://rldb/processed_v3/microagi/2026-06-19-13-38-04-943325.mp4,s3://rldb/processed_v3/microagi/2026-06-19-13-38-04-943325.zarr,fold_clothes,train
2026-06-20-08-00-10-135505,fold_black_t-shirt,Pick up a black t-shirt from a laundry basket and fold it on the bed.,microagi,human_bimanual,252.0,,,s3://rldb/processed_v3/microagi/2026-06-20-08-00-10-135505.mp4,s3://rldb/processed_v3/microagi/2026-06-20-08-00-10-135505.zarr,fold_clothes,train
2026-06-20-08-00-45-952172,fold_black_t-shirt,Fold a black t-shirt by bringing the sides and bottom toward the center to produce a compact folded rectangle.,microagi,human_bimanual,263.0,,,s3://rldb/processed_v3/microagi/2026-06-20-08-00-45-952172.mp4,s3://rldb/processed_v3/microagi/2026-06-20-08-00-45-952172.zarr,fold_clothes,train
2026-06-20-08-05-31-321956,fold_black_t-shirt,Pick up a black t-shirt from a laundry basket and fold it on the bed.,microagi,human_bimanual,234.0,,,s3://rldb/processed_v3/microagi/2026-06-20-08-05-31-321956.mp4,s3://rldb/processed_v3/microagi/2026-06-20-08-05-31-321956.zarr,fold_clothes,train
2026-06-20-08-05-45-028999,fold_black_t-shirt,"Fold a black t-shirt on a bed by folding sleeves inward and folding it in half lengthwise, resulting in a neatly folded shirt.",microagi,human_bimanual,165.0,,,s3://rldb/processed_v3/microagi/2026-06-20-08-05-45-028999.mp4,s3://rldb/processed_v3/microagi/2026-06-20-08-05-45-028999.zarr,fold_clothes,train
2026-06-20-08-06-02-470666,fold_black_t-shirt,"Fold a black t-shirt in half on a flat surface, resulting in a compact folded rectangle.",microagi,human_bimanual,190.0,,,s3://rldb/processed_v3/microagi/2026-06-20-08-06-02-470666.mp4,s3://rldb/processed_v3/microagi/2026-06-20-08-06-02-470666.zarr,fold_clothes,train
2026-06-20-08-13-41-120839,fold_black_t-shirt,Fold a black t-shirt and place it on a stack of folded clothes on the bed.,microagi,human_bimanual,1019.0,,,s3://rldb/processed_v3/microagi/2026-06-20-08-13-41-120839.mp4,s3://rldb/processed_v3/microagi/2026-06-20-08-13-41-120839.zarr,fold_clothes,train
2026-06-27-01-40-36-431657,fold_black_t-shirt,Fold a black t-shirt in half on an ironing board by laying it flat and folding the bottom hem up to the collar.,microagi,human_bimanual,1239.0,,,s3://rldb/processed_v3/microagi/2026-06-27-01-40-36-431657.mp4,s3://rldb/processed_v3/microagi/2026-06-27-01-40-36-431657.zarr,fold_clothes,train
2026-06-27-01-41-45-099990,fold_black_t-shirt,Fold a black t-shirt in half on an ironing board by folding the bottom hem up to the collar.,microagi,human_bimanual,1033.0,,,s3://rldb/processed_v3/microagi/2026-06-27-01-41-45-099990.mp4,s3://rldb/processed_v3/microagi/2026-06-27-01-41-45-099990.zarr,fold_clothes,train
2026-06-27-01-42-44-366717,fold_black_t-shirt,Fold a black t-shirt flat on an ironing board into a compact rectangular shape.,microagi,human_bimanual,517.0,,,s3://rldb/processed_v3/microagi/2026-06-27-01-42-44-366717.mp4,s3://rldb/processed_v3/microagi/2026-06-27-01-42-44-366717.zarr,fold_clothes,train
2026-04-01-11-04-02-506362,fold_blue_jeans,Fold a pair of blue jeans flat on a surface by aligning and pressing the legs and waistband together.,microagi,human_bimanual,249.0,,,s3://rldb/processed_v3/microagi/2026-04-01-11-04-02-506362.mp4,s3://rldb/processed_v3/microagi/2026-04-01-11-04-02-506362.zarr,fold_clothes,train
2026-04-01-11-05-12-647637,fold_blue_jeans,Fold a pair of blue jeans by aligning the legs and waistband into a compact folded shape.,microagi,human_bimanual,253.0,,,s3://rldb/processed_v3/microagi/2026-04-01-11-05-12-647637.mp4,s3://rldb/processed_v3/microagi/2026-04-01-11-05-12-647637.zarr,fold_clothes,train
2026-04-01-11-05-25-822637,fold_blue_jeans,Fold a pair of blue jeans in half lengthwise on a flat surface.,microagi,human_bimanual,571.0,,,s3://rldb/processed_v3/microagi/2026-04-01-11-05-25-822637.mp4,s3://rldb/processed_v3/microagi/2026-04-01-11-05-25-822637.zarr,fold_clothes,train
2026-04-01-11-05-52-804303,fold_blue_jeans,Fold a pair of blue jeans into a compact rectangular shape on a flat surface.,microagi,human_bimanual,335.0,,,s3://rldb/processed_v3/microagi/2026-04-01-11-05-52-804303.mp4,s3://rldb/processed_v3/microagi/2026-04-01-11-05-52-804303.zarr,fold_clothes,train
2026-04-01-13-18-04-440624,fold_blue_jeans,Fold a pair of light blue jeans in half lengthwise on a flat surface.,microagi,human_bimanual,295.0,,,s3://rldb/processed_v3/microagi/2026-04-01-13-18-04-440624.mp4,s3://rldb/processed_v3/microagi/2026-04-01-13-18-04-440624.zarr,fold_clothes,train
2026-04-01-13-18-20-517291,fold_blue_jeans,Fold a pair of blue jeans in half on a flat surface.,microagi,human_bimanual,193.0,,,s3://rldb/processed_v3/microagi/2026-04-01-13-18-20-517291.mp4,s3://rldb/processed_v3/microagi/2026-04-01-13-18-20-517291.zarr,fold_clothes,train
2026-04-01-13-18-28-088958,fold_blue_jeans,Fold a pair of blue jeans in half lengthwise on a table.,microagi,human_bimanual,241.0,,,s3://rldb/processed_v3/microagi/2026-04-01-13-18-28-088958.mp4,s3://rldb/processed_v3/microagi/2026-04-01-13-18-28-088958.zarr,fold_clothes,train
2026-04-01-13-18-45-698958,fold_blue_jeans,Fold a pair of blue jeans into a compact rectangular shape on a flat surface.,microagi,human_bimanual,367.0,,,s3://rldb/processed_v3/microagi/2026-04-01-13-18-45-698958.mp4,s3://rldb/processed_v3/microagi/2026-04-01-13-18-45-698958.zarr,fold_clothes,train
2026-04-01-13-19-23-688048,fold_blue_jeans,"Fold a pair of blue jeans in half on a flat surface, pressing the creases flat to produce a compact folded bundle.",microagi,human_bimanual,283.0,,,s3://rldb/processed_v3/microagi/2026-04-01-13-19-23-688048.mp4,s3://rldb/processed_v3/microagi/2026-04-01-13-19-23-688048.zarr,fold_clothes,train
2026-04-01-13-19-33-293048,fold_blue_jeans,Fold a pair of blue jeans flat on a table and move the folded jeans aside.,microagi,human_bimanual,158.0,,,s3://rldb/processed_v3/microagi/2026-04-01-13-19-33-293048.mp4,s3://rldb/processed_v3/microagi/2026-04-01-13-19-33-293048.zarr,fold_clothes,train
2026-04-01-14-00-02-581615,fold_blue_jeans,Fold a pair of blue jeans in half lengthwise on a flat surface.,microagi,human_bimanual,1250.0,,,s3://rldb/processed_v3/microagi/2026-04-01-14-00-02-581615.mp4,s3://rldb/processed_v3/microagi/2026-04-01-14-00-02-581615.zarr,fold_clothes,train
2026-04-01-14-00-56-914948,fold_blue_jeans,Fold a pair of blue jeans into a compact rectangular shape on a flat surface.,microagi,human_bimanual,228.0,,,s3://rldb/processed_v3/microagi/2026-04-01-14-00-56-914948.mp4,s3://rldb/processed_v3/microagi/2026-04-01-14-00-56-914948.zarr,fold_clothes,train
2026-04-02-07-04-41-452865,fold_blue_jeans,Fold a pair of blue jeans by bringing one leg over the other on a flat surface.,microagi,human_bimanual,193.0,,,s3://rldb/processed_v3/microagi/2026-04-02-07-04-41-452865.mp4,s3://rldb/processed_v3/microagi/2026-04-02-07-04-41-452865.zarr,fold_clothes,train
2026-04-02-07-04-59-779459,fold_blue_jeans,Fold a pair of blue jeans in half on a flat surface.,microagi,human_bimanual,457.0,,,s3://rldb/processed_v3/microagi/2026-04-02-07-04-59-779459.mp4,s3://rldb/processed_v3/microagi/2026-04-02-07-04-59-779459.zarr,fold_clothes,train
2026-04-02-07-56-10-751354,fold_blue_jeans,Fold a pair of blue jeans by bringing one leg over the other on a flat surface.,microagi,human_bimanual,650.0,,,s3://rldb/processed_v3/microagi/2026-04-02-07-56-10-751354.mp4,s3://rldb/processed_v3/microagi/2026-04-02-07-56-10-751354.zarr,fold_clothes,train
2026-04-02-08-02-39-953741,fold_blue_jeans,Fold a pair of blue jeans by aligning the legs and smoothing the fabric into a compact folded shape.,microagi,human_bimanual,636.0,,,s3://rldb/processed_v3/microagi/2026-04-02-08-02-39-953741.mp4,s3://rldb/processed_v3/microagi/2026-04-02-08-02-39-953741.zarr,fold_clothes,train
2026-04-02-08-03-08-795227,fold_blue_jeans,Fold a pair of blue jeans by smoothing them flat and folding one leg over the other into a compact shape.,microagi,human_bimanual,454.0,,,s3://rldb/processed_v3/microagi/2026-04-02-08-03-08-795227.mp4,s3://rldb/processed_v3/microagi/2026-04-02-08-03-08-795227.zarr,fold_clothes,train
2026-04-02-08-03-45-814934,fold_blue_jeans,Fold a pair of blue jeans in half on a flat surface using both hands to produce a compact folded rectangle.,microagi,human_bimanual,368.0,,,s3://rldb/processed_v3/microagi/2026-04-02-08-03-45-814934.mp4,s3://rldb/processed_v3/microagi/2026-04-02-08-03-45-814934.zarr,fold_clothes,train
2026-04-02-08-27-00-765955,fold_blue_jeans,Button the waistband of blue jeans and fold them flat on a surface.,microagi,human_bimanual,1265.0,,,s3://rldb/processed_v3/microagi/2026-04-02-08-27-00-765955.mp4,s3://rldb/processed_v3/microagi/2026-04-02-08-27-00-765955.zarr,fold_clothes,train
2026-04-02-08-27-46-365278,fold_blue_jeans,"Fold a pair of blue jeans in half lengthwise on a flat surface, pressing the fold flat with both hands.",microagi,human_bimanual,600.0,,,s3://rldb/processed_v3/microagi/2026-04-02-08-27-46-365278.mp4,s3://rldb/processed_v3/microagi/2026-04-02-08-27-46-365278.zarr,fold_clothes,train
2026-04-02-08-28-13-838164,fold_blue_jeans,Fold a pair of blue jeans by bringing one leg over the other and pressing flat on a surface.,microagi,human_bimanual,492.0,,,s3://rldb/processed_v3/microagi/2026-04-02-08-28-13-838164.mp4,s3://rldb/processed_v3/microagi/2026-04-02-08-28-13-838164.zarr,fold_clothes,train
2026-04-02-08-28-34-300297,fold_blue_jeans,Fold blue jeans on a flat surface into a compact rectangular shape using both hands.,microagi,human_bimanual,154.0,,,s3://rldb/processed_v3/microagi/2026-04-02-08-28-34-300297.mp4,s3://rldb/processed_v3/microagi/2026-04-02-08-28-34-300297.zarr,fold_clothes,train
2026-04-02-08-28-52-927405,fold_blue_jeans,Fold a pair of blue jeans on a flat surface and place the folded jeans aside.,microagi,human_bimanual,551.0,,,s3://rldb/processed_v3/microagi/2026-04-02-08-28-52-927405.mp4,s3://rldb/processed_v3/microagi/2026-04-02-08-28-52-927405.zarr,fold_clothes,train
2026-04-02-09-04-14-785565,fold_blue_jeans,"Fold a pair of blue jeans in half lengthwise on a flat surface, smoothing the fabric to a flat folded state.",microagi,human_bimanual,342.0,,,s3://rldb/processed_v3/microagi/2026-04-02-09-04-14-785565.mp4,s3://rldb/processed_v3/microagi/2026-04-02-09-04-14-785565.zarr,fold_clothes,train
2026-04-02-09-05-04-924602,fold_blue_jeans,Fold a pair of blue jeans into a compact rectangular shape on a flat surface.,microagi,human_bimanual,302.0,,,s3://rldb/processed_v3/microagi/2026-04-02-09-05-04-924602.mp4,s3://rldb/processed_v3/microagi/2026-04-02-09-05-04-924602.zarr,fold_clothes,train
2026-04-02-09-05-17-208513,fold_blue_jeans,Fold a pair of blue jeans in half on a flat surface and lift the folded garment.,microagi,human_bimanual,634.0,,,s3://rldb/processed_v3/microagi/2026-04-02-09-05-17-208513.mp4,s3://rldb/processed_v3/microagi/2026-04-02-09-05-17-208513.zarr,fold_clothes,train
2026-04-02-15-01-31-729586,fold_blue_jeans,Fold a pair of blue jeans in half on a flat surface.,microagi,human_bimanual,467.0,,,s3://rldb/processed_v3/microagi/2026-04-02-15-01-31-729586.mp4,s3://rldb/processed_v3/microagi/2026-04-02-15-01-31-729586.zarr,fold_clothes,train
2026-04-02-15-07-29-719307,fold_blue_jeans,Fold a pair of blue jeans by manipulating the waistband and arranging the fabric into a folded shape on the surface.,microagi,human_bimanual,365.0,,,s3://rldb/processed_v3/microagi/2026-04-02-15-07-29-719307.mp4,s3://rldb/processed_v3/microagi/2026-04-02-15-07-29-719307.zarr,fold_clothes,train
2026-04-02-15-09-14-729798,fold_blue_jeans,Fold a pair of blue jeans in half on a flat surface by smoothing and folding one leg over the other.,microagi,human_bimanual,309.0,,,s3://rldb/processed_v3/microagi/2026-04-02-15-09-14-729798.mp4,s3://rldb/processed_v3/microagi/2026-04-02-15-09-14-729798.zarr,fold_clothes,train
2026-04-02-15-23-57-301743,fold_blue_jeans,Fold a pair of blue jeans on an ironing board by folding one leg over the other and smoothing the fabric flat.,microagi,human_bimanual,363.0,,,s3://rldb/processed_v3/microagi/2026-04-02-15-23-57-301743.mp4,s3://rldb/processed_v3/microagi/2026-04-02-15-23-57-301743.zarr,fold_clothes,train
2026-04-02-15-25-32-082299,fold_blue_jeans,Fold a pair of blue jeans flat on a table by smoothing the fabric and folding the legs over the waistband.,microagi,human_bimanual,341.0,,,s3://rldb/processed_v3/microagi/2026-04-02-15-25-32-082299.mp4,s3://rldb/processed_v3/microagi/2026-04-02-15-25-32-082299.zarr,fold_clothes,train
2026-04-02-15-28-35-589110,fold_blue_jeans,Fold a pair of blue jeans on a flat surface by aligning and bringing the leg and waistband sections together into a folded shape.,microagi,human_bimanual,507.0,,,s3://rldb/processed_v3/microagi/2026-04-02-15-28-35-589110.mp4,s3://rldb/processed_v3/microagi/2026-04-02-15-28-35-589110.zarr,fold_clothes,train
2026-04-02-15-29-06-333350,fold_blue_jeans,Fold a pair of blue jeans by folding one leg over the other and folding the waistband down to create a compact folded shape.,microagi,human_bimanual,696.0,,,s3://rldb/processed_v3/microagi/2026-04-02-15-29-06-333350.mp4,s3://rldb/processed_v3/microagi/2026-04-02-15-29-06-333350.zarr,fold_clothes,train
2026-04-02-15-29-29-800569,fold_blue_jeans,Fold a pair of blue jeans in half on a table.,microagi,human_bimanual,881.0,,,s3://rldb/processed_v3/microagi/2026-04-02-15-29-29-800569.mp4,s3://rldb/processed_v3/microagi/2026-04-02-15-29-29-800569.zarr,fold_clothes,train
2026-04-03-04-30-44-989451,fold_blue_jeans,Press and smooth a folded pair of blue jeans on a flat surface to complete the folding.,microagi,human_bimanual,180.0,,,s3://rldb/processed_v3/microagi/2026-04-03-04-30-44-989451.mp4,s3://rldb/processed_v3/microagi/2026-04-03-04-30-44-989451.zarr,fold_clothes,train
2026-04-03-04-30-58-740051,fold_blue_jeans,Fold a pair of blue jeans on a flat surface into a compact folded shape.,microagi,human_bimanual,161.0,,,s3://rldb/processed_v3/microagi/2026-04-03-04-30-58-740051.mp4,s3://rldb/processed_v3/microagi/2026-04-03-04-30-58-740051.zarr,fold_clothes,train
2026-04-03-07-00-47-627518,fold_blue_jeans,Fold blue jeans into a flat rectangular shape by pressing and smoothing the fabric with both hands.,microagi,human_bimanual,332.0,,,s3://rldb/processed_v3/microagi/2026-04-03-07-00-47-627518.mp4,s3://rldb/processed_v3/microagi/2026-04-03-07-00-47-627518.zarr,fold_clothes,train
2026-04-03-12-45-33-571178,fold_blue_jeans,Fold a pair of blue jeans flat on a white surface.,microagi,human_bimanual,494.0,,,s3://rldb/processed_v3/microagi/2026-04-03-12-45-33-571178.mp4,s3://rldb/processed_v3/microagi/2026-04-03-12-45-33-571178.zarr,fold_clothes,train
2026-04-04-09-15-31-521026,fold_blue_jeans,Fold a pair of blue jeans flat on a bed by smoothing and creasing the fabric into a folded shape.,microagi,human_bimanual,821.0,,,s3://rldb/processed_v3/microagi/2026-04-04-09-15-31-521026.mp4,s3://rldb/processed_v3/microagi/2026-04-04-09-15-31-521026.zarr,fold_clothes,train
2026-04-04-09-16-10-800067,fold_blue_jeans,Fold a pair of blue jeans on a flat surface by smoothing and arranging the fabric into a folded shape.,microagi,human_bimanual,532.0,,,s3://rldb/processed_v3/microagi/2026-04-04-09-16-10-800067.mp4,s3://rldb/processed_v3/microagi/2026-04-04-09-16-10-800067.zarr,fold_clothes,train
2026-04-04-09-17-37-706737,fold_blue_jeans,Fold a pair of blue jeans flat on a table by aligning the legs and folding them over the waistband.,microagi,human_bimanual,277.0,,,s3://rldb/processed_v3/microagi/2026-04-04-09-17-37-706737.mp4,s3://rldb/processed_v3/microagi/2026-04-04-09-17-37-706737.zarr,fold_clothes,train
2026-04-04-09-17-49-459659,fold_blue_jeans,Fold a pair of blue jeans by folding one leg over the other on a flat surface.,microagi,human_bimanual,167.0,,,s3://rldb/processed_v3/microagi/2026-04-04-09-17-49-459659.mp4,s3://rldb/processed_v3/microagi/2026-04-04-09-17-49-459659.zarr,fold_clothes,train
2026-04-04-09-18-00-946214,fold_blue_jeans,Fold a pair of blue jeans by bringing one pant leg over the other on a flat surface.,microagi,human_bimanual,235.0,,,s3://rldb/processed_v3/microagi/2026-04-04-09-18-00-946214.mp4,s3://rldb/processed_v3/microagi/2026-04-04-09-18-00-946214.zarr,fold_clothes,train
2026-04-04-09-19-18-553748,fold_blue_jeans,Fold a pair of blue jeans flat on a bed by aligning the legs and folding the waistband over.,microagi,human_bimanual,609.0,,,s3://rldb/processed_v3/microagi/2026-04-04-09-19-18-553748.mp4,s3://rldb/processed_v3/microagi/2026-04-04-09-19-18-553748.zarr,fold_clothes,train
2026-04-04-09-19-39-895435,fold_blue_jeans,Fold a pair of blue jeans in half lengthwise on a flat surface.,microagi,human_bimanual,290.0,,,s3://rldb/processed_v3/microagi/2026-04-04-09-19-39-895435.mp4,s3://rldb/processed_v3/microagi/2026-04-04-09-19-39-895435.zarr,fold_clothes,train
2026-04-04-09-19-54-977790,fold_blue_jeans,"Fold a pair of blue jeans in half lengthwise on a flat surface, smoothing and pressing the fabric to flatten the fold.",microagi,human_bimanual,368.0,,,s3://rldb/processed_v3/microagi/2026-04-04-09-19-54-977790.mp4,s3://rldb/processed_v3/microagi/2026-04-04-09-19-54-977790.zarr,fold_clothes,train
2026-04-04-09-20-36-262828,fold_blue_jeans,Fold a pair of blue jeans flat on a white surface by pressing and aligning the fabric into a compact folded shape.,microagi,human_bimanual,418.0,,,s3://rldb/processed_v3/microagi/2026-04-04-09-20-36-262828.mp4,s3://rldb/processed_v3/microagi/2026-04-04-09-20-36-262828.zarr,fold_clothes,train
2026-04-04-15-52-25-845900,fold_blue_jeans,Fold a pair of blue jeans into a compact rectangular shape on a flat surface.,microagi,human_bimanual,429.0,,,s3://rldb/processed_v3/microagi/2026-04-04-15-52-25-845900.mp4,s3://rldb/processed_v3/microagi/2026-04-04-15-52-25-845900.zarr,fold_clothes,train
2026-04-04-22-44-56-998768,fold_blue_jeans,Fold and press blue jeans flat on a table.,microagi,human_bimanual,572.0,,,s3://rldb/processed_v3/microagi/2026-04-04-22-44-56-998768.mp4,s3://rldb/processed_v3/microagi/2026-04-04-22-44-56-998768.zarr,fold_clothes,train
2026-04-05-01-03-43-000643,fold_blue_jeans,Fold a pair of blue jeans flat on a table by pressing and smoothing the fabric with both hands.,microagi,human_bimanual,171.0,,,s3://rldb/processed_v3/microagi/2026-04-05-01-03-43-000643.mp4,s3://rldb/processed_v3/microagi/2026-04-05-01-03-43-000643.zarr,fold_clothes,train
2026-04-05-07-27-13-638257,fold_blue_jeans,Fold a pair of blue jeans flat on a table by folding one leg over the other and smoothing the fabric.,microagi,human_bimanual,310.0,,,s3://rldb/processed_v3/microagi/2026-04-05-07-27-13-638257.mp4,s3://rldb/processed_v3/microagi/2026-04-05-07-27-13-638257.zarr,fold_clothes,train
2026-04-05-07-28-25-121831,fold_blue_jeans,Fold a pair of blue jeans on a flat surface by aligning and pressing the legs together into a compact folded shape.,microagi,human_bimanual,323.0,,,s3://rldb/processed_v3/microagi/2026-04-05-07-28-25-121831.mp4,s3://rldb/processed_v3/microagi/2026-04-05-07-28-25-121831.zarr,fold_clothes,train
2026-04-05-07-51-12-022462,fold_blue_jeans,Fold a pair of blue jeans flat on an ironing board by pressing and smoothing the fabric into a compact folded shape.,microagi,human_bimanual,604.0,,,s3://rldb/processed_v3/microagi/2026-04-05-07-51-12-022462.mp4,s3://rldb/processed_v3/microagi/2026-04-05-07-51-12-022462.zarr,fold_clothes,train
2026-04-05-07-51-50-943594,fold_blue_jeans,Fold a pair of blue jeans on a flat surface by pressing and folding the fabric into a compact rectangular shape.,microagi,human_bimanual,390.0,,,s3://rldb/processed_v3/microagi/2026-04-05-07-51-50-943594.mp4,s3://rldb/processed_v3/microagi/2026-04-05-07-51-50-943594.zarr,fold_clothes,train
2026-04-05-07-52-34-858874,fold_blue_jeans,"Fold blue jeans in half lengthwise on a flat surface, creasing the fabric into a compact folded shape.",microagi,human_bimanual,335.0,,,s3://rldb/processed_v3/microagi/2026-04-05-07-52-34-858874.mp4,s3://rldb/processed_v3/microagi/2026-04-05-07-52-34-858874.zarr,fold_clothes,train
2026-04-05-07-52-56-999647,fold_blue_jeans,Fold blue jeans by pressing and smoothing the folded fabric flat on the surface.,microagi,human_bimanual,487.0,,,s3://rldb/processed_v3/microagi/2026-04-05-07-52-56-999647.mp4,s3://rldb/processed_v3/microagi/2026-04-05-07-52-56-999647.zarr,fold_clothes,train
2026-04-05-07-53-18-141571,fold_blue_jeans,Fold a pair of blue jeans in half lengthwise on an ironing board and press flat with both hands.,microagi,human_bimanual,485.0,,,s3://rldb/processed_v3/microagi/2026-04-05-07-53-18-141571.mp4,s3://rldb/processed_v3/microagi/2026-04-05-07-53-18-141571.zarr,fold_clothes,train
2026-04-05-12-57-34-126792,fold_blue_jeans,Fold a pair of blue jeans into a rectangular shape and press flat on a table.,microagi,human_bimanual,693.0,,,s3://rldb/processed_v3/microagi/2026-04-05-12-57-34-126792.mp4,s3://rldb/processed_v3/microagi/2026-04-05-12-57-34-126792.zarr,fold_clothes,train
2026-04-05-12-58-33-856905,fold_blue_jeans,Fold blue jeans in half lengthwise and press them flat on a table surface.,microagi,human_bimanual,691.0,,,s3://rldb/processed_v3/microagi/2026-04-05-12-58-33-856905.mp4,s3://rldb/processed_v3/microagi/2026-04-05-12-58-33-856905.zarr,fold_clothes,train
2026-04-07-12-20-21-179383,fold_blue_jeans,Fold a pair of blue jeans flat on a counter by smoothing and folding the fabric.,microagi,human_bimanual,249.0,,,s3://rldb/processed_v3/microagi/2026-04-07-12-20-21-179383.mp4,s3://rldb/processed_v3/microagi/2026-04-07-12-20-21-179383.zarr,fold_clothes,train
2026-04-07-12-20-30-552716,fold_blue_jeans,Fold a pair of blue jeans flat on a table by folding one leg over the other and smoothing the fabric.,microagi,human_bimanual,194.0,,,s3://rldb/processed_v3/microagi/2026-04-07-12-20-30-552716.mp4,s3://rldb/processed_v3/microagi/2026-04-07-12-20-30-552716.zarr,fold_clothes,train
2026-04-07-12-20-43-292716,fold_blue_jeans,Fold a pair of blue jeans by bringing one leg over the other on a flat surface.,microagi,human_bimanual,282.0,,,s3://rldb/processed_v3/microagi/2026-04-07-12-20-43-292716.mp4,s3://rldb/processed_v3/microagi/2026-04-07-12-20-43-292716.zarr,fold_clothes,train
2026-04-07-12-20-52-866050,fold_blue_jeans,Fold a pair of blue jeans by bringing one leg over the other on a flat surface.,microagi,human_bimanual,259.0,,,s3://rldb/processed_v3/microagi/2026-04-07-12-20-52-866050.mp4,s3://rldb/processed_v3/microagi/2026-04-07-12-20-52-866050.zarr,fold_clothes,train
2026-04-07-12-21-39-560870,fold_blue_jeans,Fold a pair of blue jeans in half lengthwise on a flat surface.,microagi,human_bimanual,473.0,,,s3://rldb/processed_v3/microagi/2026-04-07-12-21-39-560870.mp4,s3://rldb/processed_v3/microagi/2026-04-07-12-21-39-560870.zarr,fold_clothes,train
2026-04-07-12-22-10-479203,fold_blue_jeans,Fold a pair of blue jeans in half lengthwise on a flat surface.,microagi,human_bimanual,204.0,,,s3://rldb/processed_v3/microagi/2026-04-07-12-22-10-479203.mp4,s3://rldb/processed_v3/microagi/2026-04-07-12-22-10-479203.zarr,fold_clothes,train
2026-04-07-12-22-19-450870,fold_blue_jeans,Fold a pair of blue jeans in half lengthwise and then fold them again into a compact rectangular shape on a flat surface.,microagi,human_bimanual,550.0,,,s3://rldb/processed_v3/microagi/2026-04-07-12-22-19-450870.mp4,s3://rldb/processed_v3/microagi/2026-04-07-12-22-19-450870.zarr,fold_clothes,train
2026-04-07-12-22-39-264203,fold_blue_jeans,Fold a pair of blue jeans in half lengthwise on a flat surface.,microagi,human_bimanual,899.0,,,s3://rldb/processed_v3/microagi/2026-04-07-12-22-39-264203.mp4,s3://rldb/processed_v3/microagi/2026-04-07-12-22-39-264203.zarr,fold_clothes,train
2026-04-07-12-23-13-350870,fold_blue_jeans,"Fold a pair of blue jeans in half on a flat surface, bringing one leg over the other and folding the waistband down to the hem.",microagi,human_bimanual,454.0,,,s3://rldb/processed_v3/microagi/2026-04-07-12-23-13-350870.mp4,s3://rldb/processed_v3/microagi/2026-04-07-12-23-13-350870.zarr,fold_clothes,train
2026-04-07-12-23-44-135520,fold_blue_jeans,Fold a pair of blue jeans in half lengthwise on a flat surface.,microagi,human_bimanual,473.0,,,s3://rldb/processed_v3/microagi/2026-04-07-12-23-44-135520.mp4,s3://rldb/processed_v3/microagi/2026-04-07-12-23-44-135520.zarr,fold_clothes,train
2026-04-07-12-24-01-180520,fold_blue_jeans,"Fold a pair of blue jeans in half lengthwise on a flat surface, smoothing and pressing them into a compact rectangular shape.",microagi,human_bimanual,1145.0,,,s3://rldb/processed_v3/microagi/2026-04-07-12-24-01-180520.mp4,s3://rldb/processed_v3/microagi/2026-04-07-12-24-01-180520.zarr,fold_clothes,train
2026-04-08-14-16-05-528956,fold_blue_jeans,Fold a pair of blue jeans on a flat surface by aligning and folding the legs together.,microagi,human_bimanual,305.0,,,s3://rldb/processed_v3/microagi/2026-04-08-14-16-05-528956.mp4,s3://rldb/processed_v3/microagi/2026-04-08-14-16-05-528956.zarr,fold_clothes,train
2026-04-08-14-16-35-527182,fold_blue_jeans,Fold a pair of blue jeans in half lengthwise on a flat surface and press them flat.,microagi,human_bimanual,217.0,,,s3://rldb/processed_v3/microagi/2026-04-08-14-16-35-527182.mp4,s3://rldb/processed_v3/microagi/2026-04-08-14-16-35-527182.zarr,fold_clothes,train
2026-04-09-06-49-09-887530,fold_blue_jeans,Fold a pair of blue jeans on a table by bringing one leg over the other to create a folded shape.,microagi,human_bimanual,285.0,,,s3://rldb/processed_v3/microagi/2026-04-09-06-49-09-887530.mp4,s3://rldb/processed_v3/microagi/2026-04-09-06-49-09-887530.zarr,fold_clothes,train
2026-04-09-06-49-19-975696,fold_blue_jeans,Fold a pair of blue jeans by smoothing them flat and aligning the legs on a surface.,microagi,human_bimanual,525.0,,,s3://rldb/processed_v3/microagi/2026-04-09-06-49-19-975696.mp4,s3://rldb/processed_v3/microagi/2026-04-09-06-49-19-975696.zarr,fold_clothes,train
2026-04-09-06-50-37-551616,fold_blue_jeans,Fold a pair of blue jeans flat on a table by folding one leg over the other and pressing down.,microagi,human_bimanual,311.0,,,s3://rldb/processed_v3/microagi/2026-04-09-06-50-37-551616.mp4,s3://rldb/processed_v3/microagi/2026-04-09-06-50-37-551616.zarr,fold_clothes,train
2026-04-09-06-51-41-077297,fold_blue_jeans,"Fold a pair of blue jeans in half on a table, pressing them flat into a compact rectangular shape.",microagi,human_bimanual,155.0,,,s3://rldb/processed_v3/microagi/2026-04-09-06-51-41-077297.mp4,s3://rldb/processed_v3/microagi/2026-04-09-06-51-41-077297.zarr,fold_clothes,train
2026-04-09-06-54-01-845948,fold_blue_jeans,Fold a pair of blue jeans on a table by folding one leg over the other into a compact rectangular shape.,microagi,human_bimanual,708.0,,,s3://rldb/processed_v3/microagi/2026-04-09-06-54-01-845948.mp4,s3://rldb/processed_v3/microagi/2026-04-09-06-54-01-845948.zarr,fold_clothes,train
2026-04-09-10-25-46-986755,fold_blue_jeans,Fold a pair of blue jeans by folding one leg over the other and pressing the fabric flat on an ironing board.,microagi,human_bimanual,1226.0,,,s3://rldb/processed_v3/microagi/2026-04-09-10-25-46-986755.mp4,s3://rldb/processed_v3/microagi/2026-04-09-10-25-46-986755.zarr,fold_clothes,train
2026-04-09-10-27-00-900280,fold_blue_jeans,Fold a pair of blue jeans by aligning the legs and folding them in half on a flat surface.,microagi,human_bimanual,1498.0,,,s3://rldb/processed_v3/microagi/2026-04-09-10-27-00-900280.mp4,s3://rldb/processed_v3/microagi/2026-04-09-10-27-00-900280.zarr,fold_clothes,train
2026-04-09-10-28-25-434721,fold_blue_jeans,Fold a pair of blue jeans by bringing one leg over the other and smoothing the fabric flat on the surface.,microagi,human_bimanual,497.0,,,s3://rldb/processed_v3/microagi/2026-04-09-10-28-25-434721.mp4,s3://rldb/processed_v3/microagi/2026-04-09-10-28-25-434721.zarr,fold_clothes,train
2026-04-09-10-30-22-830709,fold_blue_jeans,Fold a pair of blue jeans by smoothing them flat and folding them into a compact shape on a table.,microagi,human_bimanual,485.0,,,s3://rldb/processed_v3/microagi/2026-04-09-10-30-22-830709.mp4,s3://rldb/processed_v3/microagi/2026-04-09-10-30-22-830709.zarr,fold_clothes,train
2026-04-09-10-31-16-534544,fold_blue_jeans,Fold a pair of blue jeans flat on a surface by smoothing and folding the legs together.,microagi,human_bimanual,354.0,,,s3://rldb/processed_v3/microagi/2026-04-09-10-31-16-534544.mp4,s3://rldb/processed_v3/microagi/2026-04-09-10-31-16-534544.zarr,fold_clothes,train
2026-04-09-10-32-16-930554,fold_blue_jeans,Fold a pair of blue jeans flat on a surface by smoothing and folding the legs together.,microagi,human_bimanual,413.0,,,s3://rldb/processed_v3/microagi/2026-04-09-10-32-16-930554.mp4,s3://rldb/processed_v3/microagi/2026-04-09-10-32-16-930554.zarr,fold_clothes,train
2026-04-09-10-32-33-344685,fold_blue_jeans,Fold blue jeans by pressing and smoothing the fabric flat on a surface to complete the fold.,microagi,human_bimanual,506.0,,,s3://rldb/processed_v3/microagi/2026-04-09-10-32-33-344685.mp4,s3://rldb/processed_v3/microagi/2026-04-09-10-32-33-344685.zarr,fold_clothes,train
2026-04-09-10-33-08-403662,fold_blue_jeans,Fold a pair of blue jeans flat on an ironing board by smoothing and pressing the fabric into a folded shape.,microagi,human_bimanual,838.0,,,s3://rldb/processed_v3/microagi/2026-04-09-10-33-08-403662.mp4,s3://rldb/processed_v3/microagi/2026-04-09-10-33-08-403662.zarr,fold_clothes,train
2026-04-09-10-33-37-436373,fold_blue_jeans,Fold blue jeans by smoothing them flat and folding one leg over the other on a flat surface.,microagi,human_bimanual,1041.0,,,s3://rldb/processed_v3/microagi/2026-04-09-10-33-37-436373.mp4,s3://rldb/processed_v3/microagi/2026-04-09-10-33-37-436373.zarr,fold_clothes,train
2026-04-09-10-34-22-350487,fold_blue_jeans,Fold a pair of blue jeans flat on a surface by smoothing the fabric and folding one leg over the other.,microagi,human_bimanual,292.0,,,s3://rldb/processed_v3/microagi/2026-04-09-10-34-22-350487.mp4,s3://rldb/processed_v3/microagi/2026-04-09-10-34-22-350487.zarr,fold_clothes,train
2026-04-09-11-18-06-227666,fold_blue_jeans,Fold a pair of blue jeans flat on a table by smoothing and aligning the fabric into a folded shape.,microagi,human_bimanual,331.0,,,s3://rldb/processed_v3/microagi/2026-04-09-11-18-06-227666.mp4,s3://rldb/processed_v3/microagi/2026-04-09-11-18-06-227666.zarr,fold_clothes,train
2026-04-09-11-18-33-795419,fold_blue_jeans,"Fold a pair of blue jeans in half lengthwise on a flat surface, smoothing the fabric flat.",microagi,human_bimanual,437.0,,,s3://rldb/processed_v3/microagi/2026-04-09-11-18-33-795419.mp4,s3://rldb/processed_v3/microagi/2026-04-09-11-18-33-795419.zarr,fold_clothes,train
2026-04-09-11-19-58-629507,fold_blue_jeans,Fold a pair of blue jeans by smoothing one leg over the other and pressing the fabric flat on the surface.,microagi,human_bimanual,374.0,,,s3://rldb/processed_v3/microagi/2026-04-09-11-19-58-629507.mp4,s3://rldb/processed_v3/microagi/2026-04-09-11-19-58-629507.zarr,fold_clothes,train
2026-04-09-11-22-07-778406,fold_blue_jeans,Fold blue jeans flat on a surface by smoothing and aligning the legs into a folded shape.,microagi,human_bimanual,540.0,,,s3://rldb/processed_v3/microagi/2026-04-09-11-22-07-778406.mp4,s3://rldb/processed_v3/microagi/2026-04-09-11-22-07-778406.zarr,fold_clothes,train
2026-04-09-11-22-53-191950,fold_blue_jeans,Fold a pair of blue jeans by smoothing them flat on a surface and folding one leg over the other.,microagi,human_bimanual,1230.0,,,s3://rldb/processed_v3/microagi/2026-04-09-11-22-53-191950.mp4,s3://rldb/processed_v3/microagi/2026-04-09-11-22-53-191950.zarr,fold_clothes,train
2026-04-09-11-23-57-017266,fold_blue_jeans,Fold a pair of blue jeans flat on a bed by smoothing and aligning the legs into a folded shape.,microagi,human_bimanual,607.0,,,s3://rldb/processed_v3/microagi/2026-04-09-11-23-57-017266.mp4,s3://rldb/processed_v3/microagi/2026-04-09-11-23-57-017266.zarr,fold_clothes,train
2026-04-09-11-24-20-889342,fold_blue_jeans,Fold a pair of blue jeans flat on a surface by smoothing and pressing the fabric into a folded rectangular shape.,microagi,human_bimanual,410.0,,,s3://rldb/processed_v3/microagi/2026-04-09-11-24-20-889342.mp4,s3://rldb/processed_v3/microagi/2026-04-09-11-24-20-889342.zarr,fold_clothes,train
2026-04-09-11-24-54-183726,fold_blue_jeans,Fold a pair of blue jeans flat on a table by aligning the legs and pressing the fabric smooth.,microagi,human_bimanual,822.0,,,s3://rldb/processed_v3/microagi/2026-04-09-11-24-54-183726.mp4,s3://rldb/processed_v3/microagi/2026-04-09-11-24-54-183726.zarr,fold_clothes,train
2026-04-09-11-25-48-653320,fold_blue_jeans,"Fold a pair of blue jeans on a flat surface by pressing, smoothing, and folding the legs together into a compact stack.",microagi,human_bimanual,267.0,,,s3://rldb/processed_v3/microagi/2026-04-09-11-25-48-653320.mp4,s3://rldb/processed_v3/microagi/2026-04-09-11-25-48-653320.zarr,fold_clothes,train
2026-04-09-11-26-43-056350,fold_blue_jeans,Fold blue jeans by smoothing and flattening them on an ironing board surface.,microagi,human_bimanual,813.0,,,s3://rldb/processed_v3/microagi/2026-04-09-11-26-43-056350.mp4,s3://rldb/processed_v3/microagi/2026-04-09-11-26-43-056350.zarr,fold_clothes,train
2026-04-09-11-27-13-687194,fold_blue_jeans,Fold a pair of blue jeans flat on a surface by smoothing and pressing the fabric with both hands.,microagi,human_bimanual,393.0,,,s3://rldb/processed_v3/microagi/2026-04-09-11-27-13-687194.mp4,s3://rldb/processed_v3/microagi/2026-04-09-11-27-13-687194.zarr,fold_clothes,train
2026-04-09-11-27-51-942420,fold_blue_jeans,Fold a pair of blue jeans flat on a bed by smoothing and pressing the fabric with both hands.,microagi,human_bimanual,454.0,,,s3://rldb/processed_v3/microagi/2026-04-09-11-27-51-942420.mp4,s3://rldb/processed_v3/microagi/2026-04-09-11-27-51-942420.zarr,fold_clothes,train
2026-04-09-11-42-59-488767,fold_blue_jeans,Fold a pair of blue jeans flat on a table by smoothing and folding one leg over the other.,microagi,human_bimanual,1241.0,,,s3://rldb/processed_v3/microagi/2026-04-09-11-42-59-488767.mp4,s3://rldb/processed_v3/microagi/2026-04-09-11-42-59-488767.zarr,fold_clothes,train
2026-04-09-11-44-44-332772,fold_blue_jeans,"Fold and smooth blue jeans flat on a bed surface, pressing the fabric to create a neat rectangular fold.",microagi,human_bimanual,505.0,,,s3://rldb/processed_v3/microagi/2026-04-09-11-44-44-332772.mp4,s3://rldb/processed_v3/microagi/2026-04-09-11-44-44-332772.zarr,fold_clothes,train
2026-04-09-11-45-02-278461,fold_blue_jeans,Fold a pair of blue jeans flat on a surface by pressing and smoothing the fabric into a folded shape.,microagi,human_bimanual,432.0,,,s3://rldb/processed_v3/microagi/2026-04-09-11-45-02-278461.mp4,s3://rldb/processed_v3/microagi/2026-04-09-11-45-02-278461.zarr,fold_clothes,train
2026-04-09-11-46-12-030174,fold_blue_jeans,Fold a pair of blue jeans flat on a table by smoothing and folding the legs together.,microagi,human_bimanual,745.0,,,s3://rldb/processed_v3/microagi/2026-04-09-11-46-12-030174.mp4,s3://rldb/processed_v3/microagi/2026-04-09-11-46-12-030174.zarr,fold_clothes,train
2026-04-09-11-47-19-318116,fold_blue_jeans,"Fold blue jeans in half lengthwise on a flat surface, smoothing the fabric to complete the fold.",microagi,human_bimanual,431.0,,,s3://rldb/processed_v3/microagi/2026-04-09-11-47-19-318116.mp4,s3://rldb/processed_v3/microagi/2026-04-09-11-47-19-318116.zarr,fold_clothes,train
2026-04-09-12-01-38-570352,fold_blue_jeans,Press and smooth blue jeans flat on a surface as preparation for folding.,microagi,human_bimanual,455.0,,,s3://rldb/processed_v3/microagi/2026-04-09-12-01-38-570352.mp4,s3://rldb/processed_v3/microagi/2026-04-09-12-01-38-570352.zarr,fold_clothes,train
2026-04-09-12-02-40-164944,fold_blue_jeans,Smooth and press blue jeans flat on a surface to prepare them for folding.,microagi,human_bimanual,303.0,,,s3://rldb/processed_v3/microagi/2026-04-09-12-02-40-164944.mp4,s3://rldb/processed_v3/microagi/2026-04-09-12-02-40-164944.zarr,fold_clothes,train
2026-04-09-12-06-43-646757,fold_blue_jeans,Fold a pair of blue jeans flat on a surface by smoothing and aligning the legs.,microagi,human_bimanual,615.0,,,s3://rldb/processed_v3/microagi/2026-04-09-12-06-43-646757.mp4,s3://rldb/processed_v3/microagi/2026-04-09-12-06-43-646757.zarr,fold_clothes,train
2026-04-09-12-07-04-122805,fold_blue_jeans,Fold a pair of blue jeans by pressing and smoothing one leg over the other to flatten the garment.,microagi,human_bimanual,288.0,,,s3://rldb/processed_v3/microagi/2026-04-09-12-07-04-122805.mp4,s3://rldb/processed_v3/microagi/2026-04-09-12-07-04-122805.zarr,fold_clothes,train
2026-04-09-12-10-17-063734,fold_blue_jeans,Fold blue jeans flat on a table by pressing and smoothing the fabric into a folded shape.,microagi,human_bimanual,574.0,,,s3://rldb/processed_v3/microagi/2026-04-09-12-10-17-063734.mp4,s3://rldb/processed_v3/microagi/2026-04-09-12-10-17-063734.zarr,fold_clothes,train
2026-04-09-17-07-44-753729,fold_blue_jeans,Fold a blue jeans leg by bringing the lower hem up over the upper portion of the pant leg.,microagi,human_bimanual,185.0,,,s3://rldb/processed_v3/microagi/2026-04-09-17-07-44-753729.mp4,s3://rldb/processed_v3/microagi/2026-04-09-17-07-44-753729.zarr,fold_clothes,train
2026-04-09-17-08-42-865016,fold_blue_jeans,Fold a pair of blue jeans into a compact rectangular shape on a flat surface.,microagi,human_bimanual,180.0,,,s3://rldb/processed_v3/microagi/2026-04-09-17-08-42-865016.mp4,s3://rldb/processed_v3/microagi/2026-04-09-17-08-42-865016.zarr,fold_clothes,train
2026-05-04-21-04-54-236976,fold_blue_jeans,Fold a pair of blue jeans in half on a bed and place the folded jeans next to other folded clothing.,microagi,human_bimanual,765.0,,,s3://rldb/processed_v3/microagi/2026-05-04-21-04-54-236976.mp4,s3://rldb/processed_v3/microagi/2026-05-04-21-04-54-236976.zarr,fold_clothes,train
2026-05-14-17-45-55-905062,fold_blue_jeans,Fold a pair of blue jeans in half lengthwise and then in half widthwise on a wooden table.,microagi,human_bimanual,1297.0,,,s3://rldb/processed_v3/microagi/2026-05-14-17-45-55-905062.mp4,s3://rldb/processed_v3/microagi/2026-05-14-17-45-55-905062.zarr,fold_clothes,train
2026-05-21-16-36-38-744002,fold_blue_jeans,Fold a pair of blue jeans in half lengthwise and then fold again into a compact rectangle on a bed.,microagi,human_bimanual,271.0,,,s3://rldb/processed_v3/microagi/2026-05-21-16-36-38-744002.mp4,s3://rldb/processed_v3/microagi/2026-05-21-16-36-38-744002.zarr,fold_clothes,train
2026-05-23-08-18-18-282383,fold_blue_jeans,Fold a pair of blue jeans on a flat surface using both hands to produce a compact folded bundle.,microagi,human_bimanual,218.0,,,s3://rldb/processed_v3/microagi/2026-05-23-08-18-18-282383.mp4,s3://rldb/processed_v3/microagi/2026-05-23-08-18-18-282383.zarr,fold_clothes,train
2026-05-25-05-57-23-461715,fold_blue_jeans,Fold a pair of blue jeans in half by aligning the legs and folding the garment.,microagi,human_bimanual,165.0,,,s3://rldb/processed_v3/microagi/2026-05-25-05-57-23-461715.mp4,s3://rldb/processed_v3/microagi/2026-05-25-05-57-23-461715.zarr,fold_clothes,train
2026-05-25-05-57-37-012111,fold_blue_jeans,Fold a pair of blue jeans in half lengthwise and then in half widthwise into a compact rectangle.,microagi,human_bimanual,397.0,,,s3://rldb/processed_v3/microagi/2026-05-25-05-57-37-012111.mp4,s3://rldb/processed_v3/microagi/2026-05-25-05-57-37-012111.zarr,fold_clothes,train
2026-05-25-07-13-37-811431,fold_blue_jeans,Fold a pair of blue jeans in half lengthwise and then in half again into a compact rectangular shape on a flat surface.,microagi,human_bimanual,168.0,,,s3://rldb/processed_v3/microagi/2026-05-25-07-13-37-811431.mp4,s3://rldb/processed_v3/microagi/2026-05-25-07-13-37-811431.zarr,fold_clothes,train
2026-06-01-09-57-42-484855,fold_blue_jeans,Fold a pair of blue jeans in half on a wooden table.,microagi,human_bimanual,679.0,,,s3://rldb/processed_v3/microagi/2026-06-01-09-57-42-484855.mp4,s3://rldb/processed_v3/microagi/2026-06-01-09-57-42-484855.zarr,fold_clothes,train
2026-06-01-09-58-14-169855,fold_blue_jeans,Fold a pair of blue jeans on a table by folding one leg over the other and pressing flat into a compact rectangle.,microagi,human_bimanual,150.0,,,s3://rldb/processed_v3/microagi/2026-06-01-09-58-14-169855.mp4,s3://rldb/processed_v3/microagi/2026-06-01-09-58-14-169855.zarr,fold_clothes,train
2026-06-04-01-18-28-753702,fold_blue_jeans,Fold a pair of blue jeans on a table into a compact folded shape.,microagi,human_bimanual,209.0,,,s3://rldb/processed_v3/microagi/2026-06-04-01-18-28-753702.mp4,s3://rldb/processed_v3/microagi/2026-06-04-01-18-28-753702.zarr,fold_clothes,train
2026-06-04-01-18-40-560369,fold_blue_jeans,Fold a pair of blue jeans on a table by spreading them flat and folding them into a compact shape.,microagi,human_bimanual,224.0,,,s3://rldb/processed_v3/microagi/2026-06-04-01-18-40-560369.mp4,s3://rldb/processed_v3/microagi/2026-06-04-01-18-40-560369.zarr,fold_clothes,train
2026-06-04-01-18-54-803702,fold_blue_jeans,Fold a pair of blue jeans on a table into a compact folded shape using both hands.,microagi,human_bimanual,169.0,,,s3://rldb/processed_v3/microagi/2026-06-04-01-18-54-803702.mp4,s3://rldb/processed_v3/microagi/2026-06-04-01-18-54-803702.zarr,fold_clothes,train
2026-06-04-01-19-00-673702,fold_blue_jeans,Fold a pair of blue jeans on a table by manipulating the fabric with both hands into a folded shape.,microagi,human_bimanual,206.0,,,s3://rldb/processed_v3/microagi/2026-06-04-01-19-00-673702.mp4,s3://rldb/processed_v3/microagi/2026-06-04-01-19-00-673702.zarr,fold_clothes,train
2026-06-04-01-19-16-082035,fold_blue_jeans,Fold a pair of blue jeans flat on a table by aligning the legs and folding one leg over the other.,microagi,human_bimanual,161.0,,,s3://rldb/processed_v3/microagi/2026-06-04-01-19-16-082035.mp4,s3://rldb/processed_v3/microagi/2026-06-04-01-19-16-082035.zarr,fold_clothes,train
2026-06-07-05-08-09-142573,fold_blue_jeans,Fold a pair of blue jeans on a table into a compact folded shape.,microagi,human_bimanual,355.0,,,s3://rldb/processed_v3/microagi/2026-06-07-05-08-09-142573.mp4,s3://rldb/processed_v3/microagi/2026-06-07-05-08-09-142573.zarr,fold_clothes,train
2026-06-07-05-20-14-569870,fold_blue_jeans,Fold a pair of blue jeans on a table into a compact folded shape.,microagi,human_bimanual,685.0,,,s3://rldb/processed_v3/microagi/2026-06-07-05-20-14-569870.mp4,s3://rldb/processed_v3/microagi/2026-06-07-05-20-14-569870.zarr,fold_clothes,train
2026-06-17-00-32-49-958162,fold_blue_jeans,Fold a pair of blue jeans in half lengthwise and then fold again into a compact rectangle on a flat surface.,microagi,human_bimanual,636.0,,,s3://rldb/processed_v3/microagi/2026-06-17-00-32-49-958162.mp4,s3://rldb/processed_v3/microagi/2026-06-17-00-32-49-958162.zarr,fold_clothes,train
2026-06-17-03-04-17-496201,fold_blue_jeans,Fold a pair of blue jeans flat on a bed surface.,microagi,human_bimanual,171.0,,,s3://rldb/processed_v3/microagi/2026-06-17-03-04-17-496201.mp4,s3://rldb/processed_v3/microagi/2026-06-17-03-04-17-496201.zarr,fold_clothes,train
2026-03-27-12-09-04-555759,fold_clothes,Fold a dark pair of shorts on a bed into a compact rectangular shape using both hands.,microagi,human_bimanual,453.0,,,s3://rldb/processed_v3/microagi/2026-03-27-12-09-04-555759.mp4,s3://rldb/processed_v3/microagi/2026-03-27-12-09-04-555759.zarr,fold_clothes,train
2026-03-27-18-52-48-701790,fold_clothes,Fold a pair of jeans in half lengthwise on a bed.,microagi,human_bimanual,453.0,,,s3://rldb/processed_v3/microagi/2026-03-27-18-52-48-701790.mp4,s3://rldb/processed_v3/microagi/2026-03-27-18-52-48-701790.zarr,fold_clothes,train
2026-03-28-08-22-15-422624,fold_clothes,Fold a green floral-patterned garment and place it on a pile of folded clothes on the bed.,microagi,human_bimanual,229.0,,,s3://rldb/processed_v3/microagi/2026-03-28-08-22-15-422624.mp4,s3://rldb/processed_v3/microagi/2026-03-28-08-22-15-422624.zarr,fold_clothes,train
2026-03-28-08-23-45-542315,fold_clothes,Fold a black garment in half and place it on the purple surface.,microagi,human_bimanual,282.0,,,s3://rldb/processed_v3/microagi/2026-03-28-08-23-45-542315.mp4,s3://rldb/processed_v3/microagi/2026-03-28-08-23-45-542315.zarr,fold_clothes,train
2026-03-28-08-29-09-741571,fold_clothes,Fold a polka-dot garment flat on a purple mat and place it on the folded-clothes pile.,microagi,human_bimanual,332.0,,,s3://rldb/processed_v3/microagi/2026-03-28-08-29-09-741571.mp4,s3://rldb/processed_v3/microagi/2026-03-28-08-29-09-741571.zarr,fold_clothes,train
2026-03-28-16-33-57-058648,fold_clothes,Fold a white cloth garment and place it into a laundry basket.,microagi,human_bimanual,163.0,,,s3://rldb/processed_v3/microagi/2026-03-28-16-33-57-058648.mp4,s3://rldb/processed_v3/microagi/2026-03-28-16-33-57-058648.zarr,fold_clothes,train
2026-03-28-16-34-42-575314,fold_clothes,Pick up a white garment from a basket and fold it by aligning and creasing the fabric.,microagi,human_bimanual,172.0,,,s3://rldb/processed_v3/microagi/2026-03-28-16-34-42-575314.mp4,s3://rldb/processed_v3/microagi/2026-03-28-16-34-42-575314.zarr,fold_clothes,train
2026-03-28-21-25-28-575230,fold_clothes,Fold a brown wallet in half on a bed.,microagi,human_bimanual,369.0,,,s3://rldb/processed_v3/microagi/2026-03-28-21-25-28-575230.mp4,s3://rldb/processed_v3/microagi/2026-03-28-21-25-28-575230.zarr,fold_clothes,train
2026-03-29-10-09-22-200435,fold_clothes,Fold a black t-shirt flat on a bed surface.,microagi,human_bimanual,218.0,,,s3://rldb/processed_v3/microagi/2026-03-29-10-09-22-200435.mp4,s3://rldb/processed_v3/microagi/2026-03-29-10-09-22-200435.zarr,fold_clothes,train
2026-03-30-09-24-00-965929,fold_clothes,Fold a small striped cloth into a compact bundle.,microagi,human_bimanual,416.0,,,s3://rldb/processed_v3/microagi/2026-03-30-09-24-00-965929.mp4,s3://rldb/processed_v3/microagi/2026-03-30-09-24-00-965929.zarr,fold_clothes,train
2026-03-30-13-00-39-780138,fold_clothes,Fold a pair of black pants lengthwise on a bed surface.,microagi,human_bimanual,152.0,,,s3://rldb/processed_v3/microagi/2026-03-30-13-00-39-780138.mp4,s3://rldb/processed_v3/microagi/2026-03-30-13-00-39-780138.zarr,fold_clothes,train
2026-03-30-13-02-37-465046,fold_clothes,Fold a pair of pants in half lengthwise and then fold them again into a compact rectangle on the bed.,microagi,human_bimanual,157.0,,,s3://rldb/processed_v3/microagi/2026-03-30-13-02-37-465046.mp4,s3://rldb/processed_v3/microagi/2026-03-30-13-02-37-465046.zarr,fold_clothes,train
2026-03-30-20-08-25-902282,fold_clothes,"Fold a pair of gray pants in half lengthwise and then in half again, placing the folded pants onto a stack on the bed.",microagi,human_bimanual,194.0,,,s3://rldb/processed_v3/microagi/2026-03-30-20-08-25-902282.mp4,s3://rldb/processed_v3/microagi/2026-03-30-20-08-25-902282.zarr,fold_clothes,train
2026-04-01-10-24-41-828991,fold_clothes,Fold a striped shirt in half and place it neatly on a patterned blanket.,microagi,human_bimanual,404.0,,,s3://rldb/processed_v3/microagi/2026-04-01-10-24-41-828991.mp4,s3://rldb/processed_v3/microagi/2026-04-01-10-24-41-828991.zarr,fold_clothes,train
2026-04-01-10-26-11-080548,fold_clothes,Fold a pair of jeans by bringing one leg over the other to create a folded shape.,microagi,human_bimanual,214.0,,,s3://rldb/processed_v3/microagi/2026-04-01-10-26-11-080548.mp4,s3://rldb/processed_v3/microagi/2026-04-01-10-26-11-080548.zarr,fold_clothes,train
2026-04-01-10-28-02-511250,fold_clothes,Fold a striped shirt in half lengthwise and then fold it again into a compact rectangle on a patterned cloth surface.,microagi,human_bimanual,532.0,,,s3://rldb/processed_v3/microagi/2026-04-01-10-28-02-511250.mp4,s3://rldb/processed_v3/microagi/2026-04-01-10-28-02-511250.zarr,fold_clothes,train
2026-04-01-10-52-59-822631,fold_clothes,Fold a blue plaid shirt on a bed by smoothing and arranging the fabric.,microagi,human_bimanual,540.0,,,s3://rldb/processed_v3/microagi/2026-04-01-10-52-59-822631.mp4,s3://rldb/processed_v3/microagi/2026-04-01-10-52-59-822631.zarr,fold_clothes,train
2026-04-01-11-37-47-357419,fold_clothes,Fold a pair of jeans by aligning and folding the legs together on a flat surface.,microagi,human_bimanual,531.0,,,s3://rldb/processed_v3/microagi/2026-04-01-11-37-47-357419.mp4,s3://rldb/processed_v3/microagi/2026-04-01-11-37-47-357419.zarr,fold_clothes,train
2026-04-02-14-20-20-062331,fold_clothes,Fold a blue shirt on a round wooden table into a compact rectangular shape.,microagi,human_bimanual,179.0,,,s3://rldb/processed_v3/microagi/2026-04-02-14-20-20-062331.mp4,s3://rldb/processed_v3/microagi/2026-04-02-14-20-20-062331.zarr,fold_clothes,train
2026-04-05-23-17-33-116650,fold_clothes,Fold a black t-shirt on a wooden table into a compact rectangular shape.,microagi,human_bimanual,428.0,,,s3://rldb/processed_v3/microagi/2026-04-05-23-17-33-116650.mp4,s3://rldb/processed_v3/microagi/2026-04-05-23-17-33-116650.zarr,fold_clothes,train
2026-04-07-11-50-10-173846,fold_clothes,Fold a gray checkered shirt on a flat surface into a compact folded shape.,microagi,human_bimanual,190.0,,,s3://rldb/processed_v3/microagi/2026-04-07-11-50-10-173846.mp4,s3://rldb/processed_v3/microagi/2026-04-07-11-50-10-173846.zarr,fold_clothes,train
2026-04-08-13-25-22-053778,fold_clothes,Fold a black t-shirt on a table into a compact folded shape.,microagi,human_bimanual,710.0,,,s3://rldb/processed_v3/microagi/2026-04-08-13-25-22-053778.mp4,s3://rldb/processed_v3/microagi/2026-04-08-13-25-22-053778.zarr,fold_clothes,train
2026-04-10-12-50-06-414388,fold_clothes,"Fold a dark garment (shorts) in half on a flat surface, resulting in a compact folded piece of clothing.",microagi,human_bimanual,482.0,,,s3://rldb/processed_v3/microagi/2026-04-10-12-50-06-414388.mp4,s3://rldb/processed_v3/microagi/2026-04-10-12-50-06-414388.zarr,fold_clothes,train
2026-04-10-14-32-47-745111,fold_clothes,Fold a blue garment and a yellow garment on a bed into compact folded shapes.,microagi,human_bimanual,433.0,,,s3://rldb/processed_v3/microagi/2026-04-10-14-32-47-745111.mp4,s3://rldb/processed_v3/microagi/2026-04-10-14-32-47-745111.zarr,fold_clothes,train
2026-04-13-04-31-30-213939,fold_clothes,"Fold a black garment and then a gray garment on a bed, arranging them into folded shapes.",microagi,human_bimanual,161.0,,,s3://rldb/processed_v3/microagi/2026-04-13-04-31-30-213939.mp4,s3://rldb/processed_v3/microagi/2026-04-13-04-31-30-213939.zarr,fold_clothes,train
2026-04-15-15-52-43-546009,fold_clothes,Fold a white t-shirt on the floor and place it next to other folded garments.,microagi,human_bimanual,224.0,,,s3://rldb/processed_v3/microagi/2026-04-15-15-52-43-546009.mp4,s3://rldb/processed_v3/microagi/2026-04-15-15-52-43-546009.zarr,fold_clothes,train
2026-04-17-06-49-02-984543,fold_clothes,Fold a brown garment on a bed into a compact folded shape.,microagi,human_bimanual,444.0,,,s3://rldb/processed_v3/microagi/2026-04-17-06-49-02-984543.mp4,s3://rldb/processed_v3/microagi/2026-04-17-06-49-02-984543.zarr,fold_clothes,train
2026-04-17-11-04-17-885966,fold_clothes,"Fold a black garment and place it on the desk, then pick up a green patterned garment to fold.",microagi,human_bimanual,199.0,,,s3://rldb/processed_v3/microagi/2026-04-17-11-04-17-885966.mp4,s3://rldb/processed_v3/microagi/2026-04-17-11-04-17-885966.zarr,fold_clothes,train
2026-04-17-11-06-18-850851,fold_clothes,"Fold a patterned shirt and a black garment on a desk, placing each folded item down.",microagi,human_bimanual,150.0,,,s3://rldb/processed_v3/microagi/2026-04-17-11-06-18-850851.mp4,s3://rldb/processed_v3/microagi/2026-04-17-11-06-18-850851.zarr,fold_clothes,train
2026-04-17-18-06-15-574542,fold_clothes,Fold a brown patterned cloth in half and place it on the bed beside a stack of folded linens.,microagi,human_bimanual,222.0,,,s3://rldb/processed_v3/microagi/2026-04-17-18-06-15-574542.mp4,s3://rldb/processed_v3/microagi/2026-04-17-18-06-15-574542.zarr,fold_clothes,train
2026-04-18-00-29-21-285766,fold_clothes,Fold a green patterned shirt on a desk and pick up a black garment to fold it.,microagi,human_bimanual,152.0,,,s3://rldb/processed_v3/microagi/2026-04-18-00-29-21-285766.mp4,s3://rldb/processed_v3/microagi/2026-04-18-00-29-21-285766.zarr,fold_clothes,train
2026-04-18-10-10-19-299610,fold_clothes,Fold a green t-shirt in half twice on a bed to produce a compact folded garment.,microagi,human_bimanual,197.0,,,s3://rldb/processed_v3/microagi/2026-04-18-10-10-19-299610.mp4,s3://rldb/processed_v3/microagi/2026-04-18-10-10-19-299610.zarr,fold_clothes,train
2026-04-18-12-42-19-316076,fold_clothes,Fold a black garment into a compact rectangular shape on a bed.,microagi,human_bimanual,373.0,,,s3://rldb/processed_v3/microagi/2026-04-18-12-42-19-316076.mp4,s3://rldb/processed_v3/microagi/2026-04-18-12-42-19-316076.zarr,fold_clothes,train
2026-04-18-14-35-01-310294,fold_clothes,Fold a gray shirt by holding it up by the shoulders and folding it into a compact shape.,microagi,human_bimanual,199.0,,,s3://rldb/processed_v3/microagi/2026-04-18-14-35-01-310294.mp4,s3://rldb/processed_v3/microagi/2026-04-18-14-35-01-310294.zarr,fold_clothes,train
2026-04-20-11-47-19-518075,fold_clothes,"Fold a white t-shirt in half on a bed, resulting in a compact folded rectangle.",microagi,human_bimanual,421.0,,,s3://rldb/processed_v3/microagi/2026-04-20-11-47-19-518075.mp4,s3://rldb/processed_v3/microagi/2026-04-20-11-47-19-518075.zarr,fold_clothes,train
2026-04-21-11-02-59-403358,fold_clothes,Fold a small black garment (sock) on a blue surface using both hands.,microagi,human_bimanual,226.0,,,s3://rldb/processed_v3/microagi/2026-04-21-11-02-59-403358.mp4,s3://rldb/processed_v3/microagi/2026-04-21-11-02-59-403358.zarr,fold_clothes,train
2026-04-22-14-31-50-248793,fold_clothes,Fold a dark garment and place it on the table next to already folded clothes.,microagi,human_bimanual,246.0,,,s3://rldb/processed_v3/microagi/2026-04-22-14-31-50-248793.mp4,s3://rldb/processed_v3/microagi/2026-04-22-14-31-50-248793.zarr,fold_clothes,train
2026-04-22-21-00-48-165903,fold_clothes,Fold a blue and white striped cloth/towel on a bed by laying it flat and pressing it into a folded shape.,microagi,human_bimanual,576.0,,,s3://rldb/processed_v3/microagi/2026-04-22-21-00-48-165903.mp4,s3://rldb/processed_v3/microagi/2026-04-22-21-00-48-165903.zarr,fold_clothes,train
2026-04-23-09-28-13-418420,fold_clothes,Fold a pair of dark jeans on a wooden table by laying them flat and folding the legs together into a compact shape.,microagi,human_bimanual,220.0,,,s3://rldb/processed_v3/microagi/2026-04-23-09-28-13-418420.mp4,s3://rldb/processed_v3/microagi/2026-04-23-09-28-13-418420.zarr,fold_clothes,train
2026-04-23-09-30-37-591414,fold_clothes,Fold a gray shirt flat on a wooden table by smoothing and folding it into a compact shape.,microagi,human_bimanual,222.0,,,s3://rldb/processed_v3/microagi/2026-04-23-09-30-37-591414.mp4,s3://rldb/processed_v3/microagi/2026-04-23-09-30-37-591414.zarr,fold_clothes,train
2026-04-23-09-31-14-923370,fold_clothes,Pick up a white cloth from a pile on the couch and fold it in half.,microagi,human_bimanual,402.0,,,s3://rldb/processed_v3/microagi/2026-04-23-09-31-14-923370.mp4,s3://rldb/processed_v3/microagi/2026-04-23-09-31-14-923370.zarr,fold_clothes,train
2026-04-23-09-35-20-427562,fold_clothes,Fold a brown garment on a wooden table by bringing its sides together into a compact folded shape.,microagi,human_bimanual,221.0,,,s3://rldb/processed_v3/microagi/2026-04-23-09-35-20-427562.mp4,s3://rldb/processed_v3/microagi/2026-04-23-09-35-20-427562.zarr,fold_clothes,train
2026-04-23-09-37-50-101579,fold_clothes,Fold a navy shirt in half on a wooden table and place it down.,microagi,human_bimanual,180.0,,,s3://rldb/processed_v3/microagi/2026-04-23-09-37-50-101579.mp4,s3://rldb/processed_v3/microagi/2026-04-23-09-37-50-101579.zarr,fold_clothes,train
2026-04-23-15-47-02-190375,fold_clothes,Fold a striped shirt flat on a table by folding the sides inward into a compact rectangle.,microagi,human_bimanual,231.0,,,s3://rldb/processed_v3/microagi/2026-04-23-15-47-02-190375.mp4,s3://rldb/processed_v3/microagi/2026-04-23-15-47-02-190375.zarr,fold_clothes,train
2026-04-23-18-59-46-479830,fold_clothes,"Fold a pink hoodie on a bed by laying it flat, folding the sleeves inward, and folding it in half into a compact rectangle.",microagi,human_bimanual,1179.0,,,s3://rldb/processed_v3/microagi/2026-04-23-18-59-46-479830.mp4,s3://rldb/processed_v3/microagi/2026-04-23-18-59-46-479830.zarr,fold_clothes,train
2026-04-23-21-16-58-125018,fold_clothes,Fold a patterned garment on a bed surface into a compact folded shape.,microagi,human_bimanual,181.0,,,s3://rldb/processed_v3/microagi/2026-04-23-21-16-58-125018.mp4,s3://rldb/processed_v3/microagi/2026-04-23-21-16-58-125018.zarr,fold_clothes,train
2026-04-23-22-53-11-878433,fold_clothes,Fold a black garment on a bed by manipulating and folding the fabric into a compact shape.,microagi,human_bimanual,314.0,,,s3://rldb/processed_v3/microagi/2026-04-23-22-53-11-878433.mp4,s3://rldb/processed_v3/microagi/2026-04-23-22-53-11-878433.zarr,fold_clothes,train
2026-04-24-05-45-22-402339,fold_clothes,Fold individual clothing items from a pile and place each folded garment on the surface.,microagi,human_bimanual,911.0,,,s3://rldb/processed_v3/microagi/2026-04-24-05-45-22-402339.mp4,s3://rldb/processed_v3/microagi/2026-04-24-05-45-22-402339.zarr,fold_clothes,train
2026-04-24-05-46-03-485672,fold_clothes,"Fold a striped shirt on a couch, smoothing and folding it into a compact shape.",microagi,human_bimanual,167.0,,,s3://rldb/processed_v3/microagi/2026-04-24-05-46-03-485672.mp4,s3://rldb/processed_v3/microagi/2026-04-24-05-46-03-485672.zarr,fold_clothes,train
2026-04-24-05-58-02-926083,fold_clothes,Fold assorted clothing items (striped and maroon garments) and place the folded clothes on the couch.,microagi,human_bimanual,645.0,,,s3://rldb/processed_v3/microagi/2026-04-24-05-58-02-926083.mp4,s3://rldb/processed_v3/microagi/2026-04-24-05-58-02-926083.zarr,fold_clothes,train
2026-04-24-09-34-22-878932,fold_clothes,Fold a black t-shirt into a compact shape by manipulating and folding it on the lap.,microagi,human_bimanual,220.0,,,s3://rldb/processed_v3/microagi/2026-04-24-09-34-22-878932.mp4,s3://rldb/processed_v3/microagi/2026-04-24-09-34-22-878932.zarr,fold_clothes,train
2026-04-24-09-37-19-420799,fold_clothes,"Pick up a yellow garment from a pile of clothes, unfold it, and lay it flat on the bed.",microagi,human_bimanual,160.0,,,s3://rldb/processed_v3/microagi/2026-04-24-09-37-19-420799.mp4,s3://rldb/processed_v3/microagi/2026-04-24-09-37-19-420799.zarr,fold_clothes,train
2026-04-24-10-21-56-846365,fold_clothes,Fold dark clothing items (pants and shirts) and arrange the folded garments on the bed.,microagi,human_bimanual,447.0,,,s3://rldb/processed_v3/microagi/2026-04-24-10-21-56-846365.mp4,s3://rldb/processed_v3/microagi/2026-04-24-10-21-56-846365.zarr,fold_clothes,train
2026-04-25-14-18-13-988711,fold_clothes,"Fold a yellow cloth and a gray garment on a table, arranging them neatly alongside other folded clothes.",microagi,human_bimanual,253.0,,,s3://rldb/processed_v3/microagi/2026-04-25-14-18-13-988711.mp4,s3://rldb/processed_v3/microagi/2026-04-25-14-18-13-988711.zarr,fold_clothes,train
2026-04-25-14-22-35-332619,fold_clothes,Spread a light blue t-shirt flat on a wooden table to prepare it for folding.,microagi,human_bimanual,153.0,,,s3://rldb/processed_v3/microagi/2026-04-25-14-22-35-332619.mp4,s3://rldb/processed_v3/microagi/2026-04-25-14-22-35-332619.zarr,fold_clothes,train
2026-04-29-01-22-10-818304,fold_clothes,"Fold a gray t-shirt by lifting, stretching, and laying it flat on the bed surface.",microagi,human_bimanual,300.0,,,s3://rldb/processed_v3/microagi/2026-04-29-01-22-10-818304.mp4,s3://rldb/processed_v3/microagi/2026-04-29-01-22-10-818304.zarr,fold_clothes,train
2026-04-29-13-49-26-422882,fold_clothes,Fold a white patterned shirt on a bed by spreading it flat and folding it in half.,microagi,human_bimanual,257.0,,,s3://rldb/processed_v3/microagi/2026-04-29-13-49-26-422882.mp4,s3://rldb/processed_v3/microagi/2026-04-29-13-49-26-422882.zarr,fold_clothes,train
2026-04-29-19-08-37-843293,fold_clothes,"Fold a light blue garment (jeans/pants) on a bed using both hands, resulting in a compact folded shape.",microagi,human_bimanual,302.0,,,s3://rldb/processed_v3/microagi/2026-04-29-19-08-37-843293.mp4,s3://rldb/processed_v3/microagi/2026-04-29-19-08-37-843293.zarr,fold_clothes,train
2026-05-01-16-53-31-338946,fold_clothes,"Pick up a green patterned shirt from the couch, lay it flat on the desk, and fold it into a compact rectangle.",microagi,human_bimanual,631.0,,,s3://rldb/processed_v3/microagi/2026-05-01-16-53-31-338946.mp4,s3://rldb/processed_v3/microagi/2026-05-01-16-53-31-338946.zarr,fold_clothes,train
2026-05-02-09-33-08-487843,fold_clothes,"Fold a black garment (pants or shirt) on a rug into a compact, flat folded shape.",microagi,human_bimanual,272.0,,,s3://rldb/processed_v3/microagi/2026-05-02-09-33-08-487843.mp4,s3://rldb/processed_v3/microagi/2026-05-02-09-33-08-487843.zarr,fold_clothes,train
2026-05-02-11-21-11-551001,fold_clothes,Fold a dark blue garment (pants or shirt) in half and place it as a compact folded square on the bed.,microagi,human_bimanual,629.0,,,s3://rldb/processed_v3/microagi/2026-05-02-11-21-11-551001.mp4,s3://rldb/processed_v3/microagi/2026-05-02-11-21-11-551001.zarr,fold_clothes,train
2026-05-02-12-12-00-071252,fold_clothes,Fold a blue fleece jacket on a table by tucking the sleeves inward and folding it in half.,microagi,human_bimanual,182.0,,,s3://rldb/processed_v3/microagi/2026-05-02-12-12-00-071252.mp4,s3://rldb/processed_v3/microagi/2026-05-02-12-12-00-071252.zarr,fold_clothes,train
2026-05-02-22-18-21-026237,fold_clothes,"Fold a white garment (underwear/small clothing item) on a bed by grasping, aligning, and folding it into a compact shape.",microagi,human_bimanual,180.0,,,s3://rldb/processed_v3/microagi/2026-05-02-22-18-21-026237.mp4,s3://rldb/processed_v3/microagi/2026-05-02-22-18-21-026237.zarr,fold_clothes,train
2026-05-03-02-36-54-864585,fold_clothes,Fold a black garment on the bed and place the folded item on a chair.,microagi,human_bimanual,525.0,,,s3://rldb/processed_v3/microagi/2026-05-03-02-36-54-864585.mp4,s3://rldb/processed_v3/microagi/2026-05-03-02-36-54-864585.zarr,fold_clothes,train
2026-05-03-10-53-52-940673,fold_clothes,Fold a pink hoodie on a bed by aligning and folding the fabric into a compact shape.,microagi,human_bimanual,390.0,,,s3://rldb/processed_v3/microagi/2026-05-03-10-53-52-940673.mp4,s3://rldb/processed_v3/microagi/2026-05-03-10-53-52-940673.zarr,fold_clothes,train
2026-05-03-15-14-09-542100,fold_clothes,Fold a black shirt or garment into a compact rectangular shape on the bed.,microagi,human_bimanual,953.0,,,s3://rldb/processed_v3/microagi/2026-05-03-15-14-09-542100.mp4,s3://rldb/processed_v3/microagi/2026-05-03-15-14-09-542100.zarr,fold_clothes,train
2026-05-03-15-36-15-535198,fold_clothes,Fold a pair of maroon shorts on a bed by smoothing the fabric and folding the sides inward into a compact shape.,microagi,human_bimanual,990.0,,,s3://rldb/processed_v3/microagi/2026-05-03-15-36-15-535198.mp4,s3://rldb/processed_v3/microagi/2026-05-03-15-36-15-535198.zarr,fold_clothes,train
2026-05-03-18-57-47-168064,fold_clothes,Fold a white shirt on a bed and place it into a neat stack with other folded clothes.,microagi,human_bimanual,735.0,,,s3://rldb/processed_v3/microagi/2026-05-03-18-57-47-168064.mp4,s3://rldb/processed_v3/microagi/2026-05-03-18-57-47-168064.zarr,fold_clothes,train
2026-05-03-19-26-59-265030,fold_clothes,Fold a light blue cloth garment in half on a wooden surface and set the folded item aside.,microagi,human_bimanual,443.0,,,s3://rldb/processed_v3/microagi/2026-05-03-19-26-59-265030.mp4,s3://rldb/processed_v3/microagi/2026-05-03-19-26-59-265030.zarr,fold_clothes,train
2026-05-03-19-27-38-275208,fold_clothes,Fold a red and white patterned cloth into a compact rectangular shape on a wooden table.,microagi,human_bimanual,183.0,,,s3://rldb/processed_v3/microagi/2026-05-03-19-27-38-275208.mp4,s3://rldb/processed_v3/microagi/2026-05-03-19-27-38-275208.zarr,fold_clothes,train
2026-05-04-20-47-22-948095,fold_clothes,Fold a white shirt on a bed by laying it flat and folding it into a compact shape.,microagi,human_bimanual,218.0,,,s3://rldb/processed_v3/microagi/2026-05-04-20-47-22-948095.mp4,s3://rldb/processed_v3/microagi/2026-05-04-20-47-22-948095.zarr,fold_clothes,train
2026-05-04-21-02-33-176273,fold_clothes,Pick up a black garment from a pile of clothes on a bed and fold it into a compact bundle.,microagi,human_bimanual,269.0,,,s3://rldb/processed_v3/microagi/2026-05-04-21-02-33-176273.mp4,s3://rldb/processed_v3/microagi/2026-05-04-21-02-33-176273.zarr,fold_clothes,train
2026-05-05-09-42-46-622670,fold_clothes,Fold a black t-shirt on a table by aligning and folding it into a compact shape.,microagi,human_bimanual,259.0,,,s3://rldb/processed_v3/microagi/2026-05-05-09-42-46-622670.mp4,s3://rldb/processed_v3/microagi/2026-05-05-09-42-46-622670.zarr,fold_clothes,train
2026-05-05-09-53-35-962421,fold_clothes,Fold a green tote bag on a table into a compact rectangle.,microagi,human_bimanual,426.0,,,s3://rldb/processed_v3/microagi/2026-05-05-09-53-35-962421.mp4,s3://rldb/processed_v3/microagi/2026-05-05-09-53-35-962421.zarr,fold_clothes,train
2026-05-05-13-23-34-477518,fold_clothes,Fold a dark garment (shorts/pants) flat on a table into a compact rectangular shape.,microagi,human_bimanual,282.0,,,s3://rldb/processed_v3/microagi/2026-05-05-13-23-34-477518.mp4,s3://rldb/processed_v3/microagi/2026-05-05-13-23-34-477518.zarr,fold_clothes,train
2026-05-05-15-44-23-896508,fold_clothes,Fold a black garment (pants/hoodie) flat on a table into a compact folded rectangle.,microagi,human_bimanual,240.0,,,s3://rldb/processed_v3/microagi/2026-05-05-15-44-23-896508.mp4,s3://rldb/processed_v3/microagi/2026-05-05-15-44-23-896508.zarr,fold_clothes,train
2026-05-05-16-01-28-150700,fold_clothes,Fold a dark blue garment in half and place it onto a pile of clothes on the bed.,microagi,human_bimanual,215.0,,,s3://rldb/processed_v3/microagi/2026-05-05-16-01-28-150700.mp4,s3://rldb/processed_v3/microagi/2026-05-05-16-01-28-150700.zarr,fold_clothes,train
2026-05-06-06-18-00-537016,fold_clothes,Fold a dark garment on a table and place it onto a stack of folded clothes.,microagi,human_bimanual,768.0,,,s3://rldb/processed_v3/microagi/2026-05-06-06-18-00-537016.mp4,s3://rldb/processed_v3/microagi/2026-05-06-06-18-00-537016.zarr,fold_clothes,train
2026-05-06-09-39-48-610067,fold_clothes,Fold a black t-shirt in half and place it flat on the table.,microagi,human_bimanual,216.0,,,s3://rldb/processed_v3/microagi/2026-05-06-09-39-48-610067.mp4,s3://rldb/processed_v3/microagi/2026-05-06-09-39-48-610067.zarr,fold_clothes,train
2026-05-06-16-43-13-826087,fold_clothes,Fold a gray garment (sweatshirt/shirt) on a table into a compact rectangle using both hands.,microagi,human_bimanual,181.0,,,s3://rldb/processed_v3/microagi/2026-05-06-16-43-13-826087.mp4,s3://rldb/processed_v3/microagi/2026-05-06-16-43-13-826087.zarr,fold_clothes,train
2026-05-06-16-45-24-410369,fold_clothes,Fold a red garment into a compact folded shape using both hands.,microagi,human_bimanual,168.0,,,s3://rldb/processed_v3/microagi/2026-05-06-16-45-24-410369.mp4,s3://rldb/processed_v3/microagi/2026-05-06-16-45-24-410369.zarr,fold_clothes,train
2026-05-07-14-13-54-326359,fold_clothes,Fold a gray hoodie on a dresser into a compact folded shape.,microagi,human_bimanual,1064.0,,,s3://rldb/processed_v3/microagi/2026-05-07-14-13-54-326359.mp4,s3://rldb/processed_v3/microagi/2026-05-07-14-13-54-326359.zarr,fold_clothes,train
2026-05-07-15-13-37-963083,fold_clothes,Fold a black shirt on a wooden table surface.,microagi,human_bimanual,320.0,,,s3://rldb/processed_v3/microagi/2026-05-07-15-13-37-963083.mp4,s3://rldb/processed_v3/microagi/2026-05-07-15-13-37-963083.zarr,fold_clothes,train
2026-05-07-15-23-11-457359,fold_clothes,"Lay a pair of jeans flat on a wooden table, smoothing out wrinkles to prepare for folding.",microagi,human_bimanual,480.0,,,s3://rldb/processed_v3/microagi/2026-05-07-15-23-11-457359.mp4,s3://rldb/processed_v3/microagi/2026-05-07-15-23-11-457359.zarr,fold_clothes,train
2026-05-07-15-28-25-910484,fold_clothes,Fold a plaid cloth garment and lay it flat on the table.,microagi,human_bimanual,579.0,,,s3://rldb/processed_v3/microagi/2026-05-07-15-28-25-910484.mp4,s3://rldb/processed_v3/microagi/2026-05-07-15-28-25-910484.zarr,fold_clothes,train
2026-05-07-18-34-00-427767,fold_clothes,Fold a pair of black pants flat on a bed by laying them out and folding them in half.,microagi,human_bimanual,279.0,,,s3://rldb/processed_v3/microagi/2026-05-07-18-34-00-427767.mp4,s3://rldb/processed_v3/microagi/2026-05-07-18-34-00-427767.zarr,fold_clothes,train
2026-05-07-19-13-42-320075,fold_clothes,"Fold dark clothing items (shorts/pants) on a bed, placing each folded garment neatly on the surface.",microagi,human_bimanual,511.0,,,s3://rldb/processed_v3/microagi/2026-05-07-19-13-42-320075.mp4,s3://rldb/processed_v3/microagi/2026-05-07-19-13-42-320075.zarr,fold_clothes,train
2026-05-07-19-23-51-968114,fold_clothes,"Fold a blue t-shirt by folding the sleeves inward and then folding it in half, placing it on a stack of folded clothes.",microagi,human_bimanual,1107.0,,,s3://rldb/processed_v3/microagi/2026-05-07-19-23-51-968114.mp4,s3://rldb/processed_v3/microagi/2026-05-07-19-23-51-968114.zarr,fold_clothes,train
2026-05-08-07-54-15-832435,fold_clothes,"Fold a pair of dark shorts and a light blue garment on a bed, placing the folded items down.",microagi,human_bimanual,273.0,,,s3://rldb/processed_v3/microagi/2026-05-08-07-54-15-832435.mp4,s3://rldb/processed_v3/microagi/2026-05-08-07-54-15-832435.zarr,fold_clothes,train
2026-05-08-17-55-21-479554,fold_clothes,Fold a white garment and place it on a stack of folded clothes on the bed.,microagi,human_bimanual,668.0,,,s3://rldb/processed_v3/microagi/2026-05-08-17-55-21-479554.mp4,s3://rldb/processed_v3/microagi/2026-05-08-17-55-21-479554.zarr,fold_clothes,train
2026-05-08-17-56-12-709778,fold_clothes,"Pick up a striped garment from the bed, fold it, and place the folded item with the other folded clothes.",microagi,human_bimanual,217.0,,,s3://rldb/processed_v3/microagi/2026-05-08-17-56-12-709778.mp4,s3://rldb/processed_v3/microagi/2026-05-08-17-56-12-709778.zarr,fold_clothes,train
2026-05-09-09-56-41-940301,fold_clothes,Fold a maroon t-shirt flat on a bed into a compact rectangle.,microagi,human_bimanual,416.0,,,s3://rldb/processed_v3/microagi/2026-05-09-09-56-41-940301.mp4,s3://rldb/processed_v3/microagi/2026-05-09-09-56-41-940301.zarr,fold_clothes,train
2026-05-09-16-33-25-486519,fold_clothes,Fold a striped sock into a compact shape on the bed.,microagi,human_bimanual,195.0,,,s3://rldb/processed_v3/microagi/2026-05-09-16-33-25-486519.mp4,s3://rldb/processed_v3/microagi/2026-05-09-16-33-25-486519.zarr,fold_clothes,train
2026-05-09-16-36-34-844698,fold_clothes,"Fold a black t-shirt by lifting it, aligning the edges, and placing the folded garment on the bed.",microagi,human_bimanual,633.0,,,s3://rldb/processed_v3/microagi/2026-05-09-16-36-34-844698.mp4,s3://rldb/processed_v3/microagi/2026-05-09-16-36-34-844698.zarr,fold_clothes,train
2026-05-09-16-44-21-507113,fold_clothes,"Pick up a teal garment from the bed, stretch it flat, and fold it into a compact shape.",microagi,human_bimanual,345.0,,,s3://rldb/processed_v3/microagi/2026-05-09-16-44-21-507113.mp4,s3://rldb/processed_v3/microagi/2026-05-09-16-44-21-507113.zarr,fold_clothes,train
2026-05-09-17-43-47-955685,fold_clothes,Fold a dark garment on an ironing board into a compact folded shape.,microagi,human_bimanual,263.0,,,s3://rldb/processed_v3/microagi/2026-05-09-17-43-47-955685.mp4,s3://rldb/processed_v3/microagi/2026-05-09-17-43-47-955685.zarr,fold_clothes,train
2026-05-11-09-43-26-842359,fold_clothes,Fold a black garment and place it alongside other folded clothes on a table.,microagi,human_bimanual,198.0,,,s3://rldb/processed_v3/microagi/2026-05-11-09-43-26-842359.mp4,s3://rldb/processed_v3/microagi/2026-05-11-09-43-26-842359.zarr,fold_clothes,train
2026-05-11-21-36-38-765710,fold_clothes,Fold a pair of dark blue pants in half lengthwise and then fold again into a compact rectangle on the bed.,microagi,human_bimanual,184.0,,,s3://rldb/processed_v3/microagi/2026-05-11-21-36-38-765710.mp4,s3://rldb/processed_v3/microagi/2026-05-11-21-36-38-765710.zarr,fold_clothes,train
2026-05-12-11-34-38-321595,fold_clothes,Fold a red cloth garment on a table by manipulating and arranging the fabric into a folded shape.,microagi,human_bimanual,529.0,,,s3://rldb/processed_v3/microagi/2026-05-12-11-34-38-321595.mp4,s3://rldb/processed_v3/microagi/2026-05-12-11-34-38-321595.zarr,fold_clothes,train
2026-05-12-12-36-26-423894,fold_clothes,Fold a dark t-shirt on a table into a compact rectangle by folding the sides inward and then folding it in half.,microagi,human_bimanual,397.0,,,s3://rldb/processed_v3/microagi/2026-05-12-12-36-26-423894.mp4,s3://rldb/processed_v3/microagi/2026-05-12-12-36-26-423894.zarr,fold_clothes,train
2026-05-12-13-28-42-843052,fold_clothes,Fold a long-sleeved shirt on a table into a compact folded rectangle.,microagi,human_bimanual,471.0,,,s3://rldb/processed_v3/microagi/2026-05-12-13-28-42-843052.mp4,s3://rldb/processed_v3/microagi/2026-05-12-13-28-42-843052.zarr,fold_clothes,train
2026-05-12-16-38-41-562107,fold_clothes,Fold a black garment on a table into a compact folded shape.,microagi,human_bimanual,279.0,,,s3://rldb/processed_v3/microagi/2026-05-12-16-38-41-562107.mp4,s3://rldb/processed_v3/microagi/2026-05-12-16-38-41-562107.zarr,fold_clothes,train
2026-05-12-16-42-20-986169,fold_clothes,Fold a black hoodie on a table into a compact folded shape.,microagi,human_bimanual,451.0,,,s3://rldb/processed_v3/microagi/2026-05-12-16-42-20-986169.mp4,s3://rldb/processed_v3/microagi/2026-05-12-16-42-20-986169.zarr,fold_clothes,train
2026-05-13-18-13-01-998253,fold_clothes,Fold a red plaid cloth garment in half by bringing the edges together with both hands.,microagi,human_bimanual,767.0,,,s3://rldb/processed_v3/microagi/2026-05-13-18-13-01-998253.mp4,s3://rldb/processed_v3/microagi/2026-05-13-18-13-01-998253.zarr,fold_clothes,train
2026-05-13-18-48-57-789976,fold_clothes,Fold a black shirt on a bed into a compact rectangle using both hands.,microagi,human_bimanual,301.0,,,s3://rldb/processed_v3/microagi/2026-05-13-18-48-57-789976.mp4,s3://rldb/processed_v3/microagi/2026-05-13-18-48-57-789976.zarr,fold_clothes,train
2026-05-13-19-01-56-323386,fold_clothes,Fold a light green shirt on a bed into a compact rectangular shape.,microagi,human_bimanual,262.0,,,s3://rldb/processed_v3/microagi/2026-05-13-19-01-56-323386.mp4,s3://rldb/processed_v3/microagi/2026-05-13-19-01-56-323386.zarr,fold_clothes,train
2026-05-13-19-04-59-561687,fold_clothes,"Fold dark clothing items (shirts/pants) on a round table, producing neatly folded stacks.",microagi,human_bimanual,1923.0,,,s3://rldb/processed_v3/microagi/2026-05-13-19-04-59-561687.mp4,s3://rldb/processed_v3/microagi/2026-05-13-19-04-59-561687.zarr,fold_clothes,train
2026-05-14-00-39-31-987650,fold_clothes,Pick up a black garment from a pile of clothes on the bed and fold it.,microagi,human_bimanual,395.0,,,s3://rldb/processed_v3/microagi/2026-05-14-00-39-31-987650.mp4,s3://rldb/processed_v3/microagi/2026-05-14-00-39-31-987650.zarr,fold_clothes,train
2026-05-14-08-45-59-769080,fold_clothes,Fold a dark garment and place the folded item on the bed.,microagi,human_bimanual,410.0,,,s3://rldb/processed_v3/microagi/2026-05-14-08-45-59-769080.mp4,s3://rldb/processed_v3/microagi/2026-05-14-08-45-59-769080.zarr,fold_clothes,train
2026-05-14-11-57-39-038417,fold_clothes,Fold a blue shirt flat on a table into a compact rectangle.,microagi,human_bimanual,1343.0,,,s3://rldb/processed_v3/microagi/2026-05-14-11-57-39-038417.mp4,s3://rldb/processed_v3/microagi/2026-05-14-11-57-39-038417.zarr,fold_clothes,train
2026-05-14-16-20-22-120318,fold_clothes,Fold a dark green t-shirt into a compact rectangle on a bed.,microagi,human_bimanual,472.0,,,s3://rldb/processed_v3/microagi/2026-05-14-16-20-22-120318.mp4,s3://rldb/processed_v3/microagi/2026-05-14-16-20-22-120318.zarr,fold_clothes,train
2026-05-15-11-01-56-093823,fold_clothes,"Fold a black garment flat on a wooden table, then spread out a green garment in preparation for folding.",microagi,human_bimanual,1766.0,,,s3://rldb/processed_v3/microagi/2026-05-15-11-01-56-093823.mp4,s3://rldb/processed_v3/microagi/2026-05-15-11-01-56-093823.zarr,fold_clothes,train
2026-05-15-11-15-12-762398,fold_clothes,Fold a long-sleeve shirt by laying it flat and smoothing it on a table.,microagi,human_bimanual,473.0,,,s3://rldb/processed_v3/microagi/2026-05-15-11-15-12-762398.mp4,s3://rldb/processed_v3/microagi/2026-05-15-11-15-12-762398.zarr,fold_clothes,train
2026-05-16-07-00-31-966965,fold_clothes,Fold a teal garment into a compact rectangular shape on a bed.,microagi,human_bimanual,153.0,,,s3://rldb/processed_v3/microagi/2026-05-16-07-00-31-966965.mp4,s3://rldb/processed_v3/microagi/2026-05-16-07-00-31-966965.zarr,fold_clothes,train
2026-05-16-12-28-52-236347,fold_clothes,"Fold a dark garment (shorts/pants) on a bed, bringing it into a compact folded shape.",microagi,human_bimanual,376.0,,,s3://rldb/processed_v3/microagi/2026-05-16-12-28-52-236347.mp4,s3://rldb/processed_v3/microagi/2026-05-16-12-28-52-236347.zarr,fold_clothes,train
2026-05-16-12-35-30-652831,fold_clothes,"Fold assorted clothing garments on a bed, arranging them into folded stacks.",microagi,human_bimanual,1562.0,,,s3://rldb/processed_v3/microagi/2026-05-16-12-35-30-652831.mp4,s3://rldb/processed_v3/microagi/2026-05-16-12-35-30-652831.zarr,fold_clothes,train
2026-05-16-14-53-04-540828,fold_clothes,Fold a brown shirt by stretching it flat and crumpling it into a compact folded bundle.,microagi,human_bimanual,368.0,,,s3://rldb/processed_v3/microagi/2026-05-16-14-53-04-540828.mp4,s3://rldb/processed_v3/microagi/2026-05-16-14-53-04-540828.zarr,fold_clothes,train
2026-05-16-18-57-01-407045,fold_clothes,Fold a black puffy jacket on a bed into a compact folded shape.,microagi,human_bimanual,708.0,,,s3://rldb/processed_v3/microagi/2026-05-16-18-57-01-407045.mp4,s3://rldb/processed_v3/microagi/2026-05-16-18-57-01-407045.zarr,fold_clothes,train
2026-05-17-08-38-05-597144,fold_clothes,"Fold a black garment flat on the floor by spreading, smoothing, and folding it in half.",microagi,human_bimanual,315.0,,,s3://rldb/processed_v3/microagi/2026-05-17-08-38-05-597144.mp4,s3://rldb/processed_v3/microagi/2026-05-17-08-38-05-597144.zarr,fold_clothes,train
2026-05-17-09-50-12-668209,fold_clothes,Fold a light-colored garment flat on the bed into a compact folded shape.,microagi,human_bimanual,959.0,,,s3://rldb/processed_v3/microagi/2026-05-17-09-50-12-668209.mp4,s3://rldb/processed_v3/microagi/2026-05-17-09-50-12-668209.zarr,fold_clothes,train
2026-05-17-13-08-44-542845,fold_clothes,Fold a dark blue garment on a bed surface.,microagi,human_bimanual,163.0,,,s3://rldb/processed_v3/microagi/2026-05-17-13-08-44-542845.mp4,s3://rldb/processed_v3/microagi/2026-05-17-13-08-44-542845.zarr,fold_clothes,train
2026-05-18-14-22-34-584486,fold_clothes,Fold a black garment flat on a bed by folding the sides inward and then in half into a compact rectangle.,microagi,human_bimanual,607.0,,,s3://rldb/processed_v3/microagi/2026-05-18-14-22-34-584486.mp4,s3://rldb/processed_v3/microagi/2026-05-18-14-22-34-584486.zarr,fold_clothes,train
2026-05-18-16-53-02-162394,fold_clothes,Fold a black shirt flat on a surface by tucking in the sleeves and folding it into a compact rectangle.,microagi,human_bimanual,1423.0,,,s3://rldb/processed_v3/microagi/2026-05-18-16-53-02-162394.mp4,s3://rldb/processed_v3/microagi/2026-05-18-16-53-02-162394.zarr,fold_clothes,train
2026-05-18-17-04-14-345322,fold_clothes,Fold a red shirt into a compact rectangle on a flat surface.,microagi,human_bimanual,440.0,,,s3://rldb/processed_v3/microagi/2026-05-18-17-04-14-345322.mp4,s3://rldb/processed_v3/microagi/2026-05-18-17-04-14-345322.zarr,fold_clothes,train
2026-05-18-17-37-59-818783,fold_clothes,Fold a teal shirt flat on a bed into a compact folded square.,microagi,human_bimanual,196.0,,,s3://rldb/processed_v3/microagi/2026-05-18-17-37-59-818783.mp4,s3://rldb/processed_v3/microagi/2026-05-18-17-37-59-818783.zarr,fold_clothes,train
2026-05-18-17-38-44-643783,fold_clothes,Fold a dark garment (pants/shorts) in half and place it as a folded item on the bed.,microagi,human_bimanual,183.0,,,s3://rldb/processed_v3/microagi/2026-05-18-17-38-44-643783.mp4,s3://rldb/processed_v3/microagi/2026-05-18-17-38-44-643783.zarr,fold_clothes,train
2026-05-18-17-59-30-588055,fold_clothes,Fold a white cloth/towel in half twice on a flat surface to produce a compact folded rectangle.,microagi,human_bimanual,901.0,,,s3://rldb/processed_v3/microagi/2026-05-18-17-59-30-588055.mp4,s3://rldb/processed_v3/microagi/2026-05-18-17-59-30-588055.zarr,fold_clothes,train
2026-05-20-16-50-57-956886,fold_clothes,Fold a light-colored shirt from a pile of clothes on a couch.,microagi,human_bimanual,432.0,,,s3://rldb/processed_v3/microagi/2026-05-20-16-50-57-956886.mp4,s3://rldb/processed_v3/microagi/2026-05-20-16-50-57-956886.zarr,fold_clothes,train
2026-05-20-19-19-48-062810,fold_clothes,"Fold a white shirt on a bed by lifting, aligning, and folding it into a compact shape.",microagi,human_bimanual,222.0,,,s3://rldb/processed_v3/microagi/2026-05-20-19-19-48-062810.mp4,s3://rldb/processed_v3/microagi/2026-05-20-19-19-48-062810.zarr,fold_clothes,train
2026-05-21-08-36-27-330819,fold_clothes,Fold a pair of gray pants in half lengthwise on a flat surface.,microagi,human_bimanual,306.0,,,s3://rldb/processed_v3/microagi/2026-05-21-08-36-27-330819.mp4,s3://rldb/processed_v3/microagi/2026-05-21-08-36-27-330819.zarr,fold_clothes,train
2026-05-21-10-43-25-407269,fold_clothes,"Fold assorted clothing items (socks, underwear, garments) on a bed and arrange them into a neat pile.",microagi,human_bimanual,1137.0,,,s3://rldb/processed_v3/microagi/2026-05-21-10-43-25-407269.mp4,s3://rldb/processed_v3/microagi/2026-05-21-10-43-25-407269.zarr,fold_clothes,train
2026-05-21-10-44-22-395602,fold_clothes,Fold a gray pair of shorts on a bed into a compact rectangle by folding in half twice.,microagi,human_bimanual,184.0,,,s3://rldb/processed_v3/microagi/2026-05-21-10-44-22-395602.mp4,s3://rldb/processed_v3/microagi/2026-05-21-10-44-22-395602.zarr,fold_clothes,train
2026-05-21-10-56-23-816564,fold_clothes,Fold a black garment and place it on a stack of folded clothes on the bed.,microagi,human_bimanual,302.0,,,s3://rldb/processed_v3/microagi/2026-05-21-10-56-23-816564.mp4,s3://rldb/processed_v3/microagi/2026-05-21-10-56-23-816564.zarr,fold_clothes,train
2026-05-21-10-59-54-632539,fold_clothes,Fold a beige garment on the bed into a compact folded shape.,microagi,human_bimanual,295.0,,,s3://rldb/processed_v3/microagi/2026-05-21-10-59-54-632539.mp4,s3://rldb/processed_v3/microagi/2026-05-21-10-59-54-632539.zarr,fold_clothes,train
2026-05-21-11-00-37-516918,fold_clothes,Fold a black tank top garment flat on the bed.,microagi,human_bimanual,259.0,,,s3://rldb/processed_v3/microagi/2026-05-21-11-00-37-516918.mp4,s3://rldb/processed_v3/microagi/2026-05-21-11-00-37-516918.zarr,fold_clothes,train
2026-05-22-17-05-23-745700,fold_clothes,Fold a blue garment on a table and place it on a stack of folded clothes.,microagi,human_bimanual,162.0,,,s3://rldb/processed_v3/microagi/2026-05-22-17-05-23-745700.mp4,s3://rldb/processed_v3/microagi/2026-05-22-17-05-23-745700.zarr,fold_clothes,train
2026-05-22-17-05-49-660700,fold_clothes,"Fold a dark patterned shirt and a green garment on a table, arranging them into compact folded shapes.",microagi,human_bimanual,379.0,,,s3://rldb/processed_v3/microagi/2026-05-22-17-05-49-660700.mp4,s3://rldb/processed_v3/microagi/2026-05-22-17-05-49-660700.zarr,fold_clothes,train
2026-05-22-17-57-10-717646,fold_clothes,Fold a gray garment by aligning its edges and folding it in half.,microagi,human_bimanual,322.0,,,s3://rldb/processed_v3/microagi/2026-05-22-17-57-10-717646.mp4,s3://rldb/processed_v3/microagi/2026-05-22-17-57-10-717646.zarr,fold_clothes,train
2026-05-22-18-40-05-678592,fold_clothes,"Pick up a black garment from the bed, fold it, and place the folded garment on the pink sheet.",microagi,human_bimanual,317.0,,,s3://rldb/processed_v3/microagi/2026-05-22-18-40-05-678592.mp4,s3://rldb/processed_v3/microagi/2026-05-22-18-40-05-678592.zarr,fold_clothes,train
2026-05-22-18-44-41-988020,fold_clothes,Fold assorted garments and stack them on a pile of folded clothes.,microagi,human_bimanual,720.0,,,s3://rldb/processed_v3/microagi/2026-05-22-18-44-41-988020.mp4,s3://rldb/processed_v3/microagi/2026-05-22-18-44-41-988020.zarr,fold_clothes,train
2026-05-23-10-45-15-746181,fold_clothes,Fold black t-shirts on a desk and stack them neatly into a pile.,microagi,human_bimanual,442.0,,,s3://rldb/processed_v3/microagi/2026-05-23-10-45-15-746181.mp4,s3://rldb/processed_v3/microagi/2026-05-23-10-45-15-746181.zarr,fold_clothes,train
2026-05-25-06-53-03-532114,fold_clothes,"Fold a navy shirt flat on a bed by bringing the sides together and folding it in half, then place it on a stack of folded clothes.",microagi,human_bimanual,410.0,,,s3://rldb/processed_v3/microagi/2026-05-25-06-53-03-532114.mp4,s3://rldb/processed_v3/microagi/2026-05-25-06-53-03-532114.zarr,fold_clothes,train
2026-05-25-07-29-49-094776,fold_clothes,Fold a pair of jeans in half on a table and place the folded jeans on the bed.,microagi,human_bimanual,775.0,,,s3://rldb/processed_v3/microagi/2026-05-25-07-29-49-094776.mp4,s3://rldb/processed_v3/microagi/2026-05-25-07-29-49-094776.zarr,fold_clothes,train
2026-05-25-08-16-18-931037,fold_clothes,Fold a light blue shirt on a flat surface into a compact rectangular shape.,microagi,human_bimanual,240.0,,,s3://rldb/processed_v3/microagi/2026-05-25-08-16-18-931037.mp4,s3://rldb/processed_v3/microagi/2026-05-25-08-16-18-931037.zarr,fold_clothes,train
2026-05-25-08-39-27-594709,fold_clothes,Fold a white knitted sweater into a compact rectangle on a table.,microagi,human_bimanual,407.0,,,s3://rldb/processed_v3/microagi/2026-05-25-08-39-27-594709.mp4,s3://rldb/processed_v3/microagi/2026-05-25-08-39-27-594709.zarr,fold_clothes,train
2026-05-25-13-47-13-267043,fold_clothes,Fold a dark shirt on a bed by laying it flat and folding it in half.,microagi,human_bimanual,333.0,,,s3://rldb/processed_v3/microagi/2026-05-25-13-47-13-267043.mp4,s3://rldb/processed_v3/microagi/2026-05-25-13-47-13-267043.zarr,fold_clothes,train
2026-05-25-19-43-47-761967,fold_clothes,Fold a pile of shirts and stack them neatly on the table.,microagi,human_bimanual,1169.0,,,s3://rldb/processed_v3/microagi/2026-05-25-19-43-47-761967.mp4,s3://rldb/processed_v3/microagi/2026-05-25-19-43-47-761967.zarr,fold_clothes,train
2026-05-25-19-46-33-565218,fold_clothes,Fold a green shirt on a table into a compact square.,microagi,human_bimanual,342.0,,,s3://rldb/processed_v3/microagi/2026-05-25-19-46-33-565218.mp4,s3://rldb/processed_v3/microagi/2026-05-25-19-46-33-565218.zarr,fold_clothes,train
2026-05-26-13-29-49-047884,fold_clothes,"Fold a light blue t-shirt on a bed by grasping, lifting, and folding it into a compact shape.",microagi,human_bimanual,1421.0,,,s3://rldb/processed_v3/microagi/2026-05-26-13-29-49-047884.mp4,s3://rldb/processed_v3/microagi/2026-05-26-13-29-49-047884.zarr,fold_clothes,train
2026-05-26-13-31-56-202734,fold_clothes,"Pick up a yellow garment from the bed, lay it flat, and fold it into a compact shape.",microagi,human_bimanual,192.0,,,s3://rldb/processed_v3/microagi/2026-05-26-13-31-56-202734.mp4,s3://rldb/processed_v3/microagi/2026-05-26-13-31-56-202734.zarr,fold_clothes,train
2026-05-26-13-35-13-069368,fold_clothes,Fold a dark garment (pants or shirt) on a bed by bringing the sides together into a compact folded shape.,microagi,human_bimanual,376.0,,,s3://rldb/processed_v3/microagi/2026-05-26-13-35-13-069368.mp4,s3://rldb/processed_v3/microagi/2026-05-26-13-35-13-069368.zarr,fold_clothes,train
2026-05-26-13-40-39-891317,fold_clothes,Fold a tan polo shirt flat on a bed by smoothing it out and folding it in half.,microagi,human_bimanual,158.0,,,s3://rldb/processed_v3/microagi/2026-05-26-13-40-39-891317.mp4,s3://rldb/processed_v3/microagi/2026-05-26-13-40-39-891317.zarr,fold_clothes,train
2026-05-26-13-55-28-252990,fold_clothes,Fold a red and black shirt on a desk and place it on a stack of folded clothes.,microagi,human_bimanual,1092.0,,,s3://rldb/processed_v3/microagi/2026-05-26-13-55-28-252990.mp4,s3://rldb/processed_v3/microagi/2026-05-26-13-55-28-252990.zarr,fold_clothes,train
2026-05-27-09-21-33-703713,fold_clothes,Fold a dark garment and place it with the other folded clothes on the floor.,microagi,human_bimanual,206.0,,,s3://rldb/processed_v3/microagi/2026-05-27-09-21-33-703713.mp4,s3://rldb/processed_v3/microagi/2026-05-27-09-21-33-703713.zarr,fold_clothes,train
2026-05-27-14-39-40-548165,fold_clothes,Fold a pink t-shirt in half lengthwise on a flat surface.,microagi,human_bimanual,245.0,,,s3://rldb/processed_v3/microagi/2026-05-27-14-39-40-548165.mp4,s3://rldb/processed_v3/microagi/2026-05-27-14-39-40-548165.zarr,fold_clothes,train
2026-05-28-15-35-16-151594,fold_clothes,Fold a black t-shirt by laying it flat on a table and folding the sides together into a compact shape.,microagi,human_bimanual,236.0,,,s3://rldb/processed_v3/microagi/2026-05-28-15-35-16-151594.mp4,s3://rldb/processed_v3/microagi/2026-05-28-15-35-16-151594.zarr,fold_clothes,train
2026-05-28-18-29-04-755512,fold_clothes,Fold a patterned cloth garment on a bed by gathering and folding the fabric with both hands.,microagi,human_bimanual,161.0,,,s3://rldb/processed_v3/microagi/2026-05-28-18-29-04-755512.mp4,s3://rldb/processed_v3/microagi/2026-05-28-18-29-04-755512.zarr,fold_clothes,train
2026-05-29-12-48-49-082643,fold_clothes,"Fold dark and blue garments on a bed, placing each as a folded rectangle.",microagi,human_bimanual,474.0,,,s3://rldb/processed_v3/microagi/2026-05-29-12-48-49-082643.mp4,s3://rldb/processed_v3/microagi/2026-05-29-12-48-49-082643.zarr,fold_clothes,train
2026-05-29-13-12-48-781165,fold_clothes,Fold a coral-colored garment in half and place it on a stack of folded clothes on the bed.,microagi,human_bimanual,801.0,,,s3://rldb/processed_v3/microagi/2026-05-29-13-12-48-781165.mp4,s3://rldb/processed_v3/microagi/2026-05-29-13-12-48-781165.zarr,fold_clothes,train
2026-05-29-13-13-55-022832,fold_clothes,Fold a red garment on a bed surface into a compact folded shape.,microagi,human_bimanual,1779.0,,,s3://rldb/processed_v3/microagi/2026-05-29-13-13-55-022832.mp4,s3://rldb/processed_v3/microagi/2026-05-29-13-13-55-022832.zarr,fold_clothes,train
2026-05-29-16-23-14-906897,fold_clothes,Fold a beige garment on a red surface into a compact folded shape.,microagi,human_bimanual,724.0,,,s3://rldb/processed_v3/microagi/2026-05-29-16-23-14-906897.mp4,s3://rldb/processed_v3/microagi/2026-05-29-16-23-14-906897.zarr,fold_clothes,train
2026-05-29-17-53-28-153269,fold_clothes,Fold a pair of dark pants on a wooden surface by bringing the legs together and folding them in half.,microagi,human_bimanual,160.0,,,s3://rldb/processed_v3/microagi/2026-05-29-17-53-28-153269.mp4,s3://rldb/processed_v3/microagi/2026-05-29-17-53-28-153269.zarr,fold_clothes,train
2026-05-29-18-08-31-704556,fold_clothes,Fold a blue garment into a neat rectangular shape on a patterned surface.,microagi,human_bimanual,532.0,,,s3://rldb/processed_v3/microagi/2026-05-29-18-08-31-704556.mp4,s3://rldb/processed_v3/microagi/2026-05-29-18-08-31-704556.zarr,fold_clothes,train
2026-05-29-18-12-46-547462,fold_clothes,Fold a colorful garment into a compact square shape.,microagi,human_bimanual,732.0,,,s3://rldb/processed_v3/microagi/2026-05-29-18-12-46-547462.mp4,s3://rldb/processed_v3/microagi/2026-05-29-18-12-46-547462.zarr,fold_clothes,train
2026-05-30-07-43-03-225822,fold_clothes,Fold a red shirt flat on a bed into a compact folded rectangle.,microagi,human_bimanual,1394.0,,,s3://rldb/processed_v3/microagi/2026-05-30-07-43-03-225822.mp4,s3://rldb/processed_v3/microagi/2026-05-30-07-43-03-225822.zarr,fold_clothes,train
2026-05-30-07-51-45-446643,fold_clothes,Fold a cream-colored sweater flat on a bed by laying it out and folding it in half.,microagi,human_bimanual,958.0,,,s3://rldb/processed_v3/microagi/2026-05-30-07-51-45-446643.mp4,s3://rldb/processed_v3/microagi/2026-05-30-07-51-45-446643.zarr,fold_clothes,train
2026-05-30-08-55-12-681961,fold_clothes,"Fold a white t-shirt and a dark garment on a bed, smoothing and folding each into a compact shape.",microagi,human_bimanual,508.0,,,s3://rldb/processed_v3/microagi/2026-05-30-08-55-12-681961.mp4,s3://rldb/processed_v3/microagi/2026-05-30-08-55-12-681961.zarr,fold_clothes,train
2026-05-30-13-35-12-741757,fold_clothes,Fold a white cloth and a red cloth into compact rectangles on a table.,microagi,human_bimanual,916.0,,,s3://rldb/processed_v3/microagi/2026-05-30-13-35-12-741757.mp4,s3://rldb/processed_v3/microagi/2026-05-30-13-35-12-741757.zarr,fold_clothes,train
2026-05-30-19-29-01-352595,fold_clothes,Fold a yellow t-shirt in half on a table by laying it flat and bringing one side over the other.,microagi,human_bimanual,593.0,,,s3://rldb/processed_v3/microagi/2026-05-30-19-29-01-352595.mp4,s3://rldb/processed_v3/microagi/2026-05-30-19-29-01-352595.zarr,fold_clothes,train
2026-05-30-19-31-22-419024,fold_clothes,Fold a pink t-shirt in half lengthwise on a table.,microagi,human_bimanual,449.0,,,s3://rldb/processed_v3/microagi/2026-05-30-19-31-22-419024.mp4,s3://rldb/processed_v3/microagi/2026-05-30-19-31-22-419024.zarr,fold_clothes,train
2026-05-30-19-45-45-586874,fold_clothes,Fold a yellow pair of pants on a table by bringing the legs together and folding the garment in half.,microagi,human_bimanual,289.0,,,s3://rldb/processed_v3/microagi/2026-05-30-19-45-45-586874.mp4,s3://rldb/processed_v3/microagi/2026-05-30-19-45-45-586874.zarr,fold_clothes,train
2026-05-30-19-52-07-855502,fold_clothes,Fold a white garment on a table and place it with the stack of folded clothes.,microagi,human_bimanual,662.0,,,s3://rldb/processed_v3/microagi/2026-05-30-19-52-07-855502.mp4,s3://rldb/processed_v3/microagi/2026-05-30-19-52-07-855502.zarr,fold_clothes,train
2026-05-30-19-52-49-572770,fold_clothes,"Fold a striped shirt and a black garment on a table, stacking them with other folded clothes.",microagi,human_bimanual,1839.0,,,s3://rldb/processed_v3/microagi/2026-05-30-19-52-49-572770.mp4,s3://rldb/processed_v3/microagi/2026-05-30-19-52-49-572770.zarr,fold_clothes,train
2026-05-31-00-15-12-994913,fold_clothes,Fold a teal t-shirt in half and place it onto a stack of folded clothes on a wooden surface.,microagi,human_bimanual,263.0,,,s3://rldb/processed_v3/microagi/2026-05-31-00-15-12-994913.mp4,s3://rldb/processed_v3/microagi/2026-05-31-00-15-12-994913.zarr,fold_clothes,train
2026-05-31-00-16-41-198554,fold_clothes,Fold a black polo shirt and place it on the stack of folded clothes on the bench.,microagi,human_bimanual,305.0,,,s3://rldb/processed_v3/microagi/2026-05-31-00-16-41-198554.mp4,s3://rldb/processed_v3/microagi/2026-05-31-00-16-41-198554.zarr,fold_clothes,train
2026-05-31-13-53-49-775560,fold_clothes,"Fold a black garment (shorts/pants) on a bed by grasping, aligning, and folding it into a compact shape.",microagi,human_bimanual,172.0,,,s3://rldb/processed_v3/microagi/2026-05-31-13-53-49-775560.mp4,s3://rldb/processed_v3/microagi/2026-05-31-13-53-49-775560.zarr,fold_clothes,train
2026-06-02-09-15-15-183055,fold_clothes,Fold a colorful tie-dye cloth on a bed into a compact folded shape.,microagi,human_bimanual,177.0,,,s3://rldb/processed_v3/microagi/2026-06-02-09-15-15-183055.mp4,s3://rldb/processed_v3/microagi/2026-06-02-09-15-15-183055.zarr,fold_clothes,train
2026-06-02-09-16-23-654722,fold_clothes,Fold a pair of khaki pants in half lengthwise on a flat surface.,microagi,human_bimanual,180.0,,,s3://rldb/processed_v3/microagi/2026-06-02-09-16-23-654722.mp4,s3://rldb/processed_v3/microagi/2026-06-02-09-16-23-654722.zarr,fold_clothes,train
2026-06-02-16-30-19-201377,fold_clothes,"Fold a garment by pressing and smoothing it flat on a surface, resulting in a neatly folded piece of clothing.",microagi,human_bimanual,175.0,,,s3://rldb/processed_v3/microagi/2026-06-02-16-30-19-201377.mp4,s3://rldb/processed_v3/microagi/2026-06-02-16-30-19-201377.zarr,fold_clothes,train
2026-06-02-16-33-51-697662,fold_clothes,Fold a small purple garment in half on a white cloth surface into a compact folded shape.,microagi,human_bimanual,645.0,,,s3://rldb/processed_v3/microagi/2026-06-02-16-33-51-697662.mp4,s3://rldb/processed_v3/microagi/2026-06-02-16-33-51-697662.zarr,fold_clothes,train
2026-06-02-17-06-57-314140,fold_clothes,Fold a dark purple shirt on a table and place it with the other folded clothes.,microagi,human_bimanual,215.0,,,s3://rldb/processed_v3/microagi/2026-06-02-17-06-57-314140.mp4,s3://rldb/processed_v3/microagi/2026-06-02-17-06-57-314140.zarr,fold_clothes,train
2026-06-02-17-08-46-758056,fold_clothes,Fold a dark gray garment (shorts/pants) on a table and place it with the other folded clothes.,microagi,human_bimanual,176.0,,,s3://rldb/processed_v3/microagi/2026-06-02-17-08-46-758056.mp4,s3://rldb/processed_v3/microagi/2026-06-02-17-08-46-758056.zarr,fold_clothes,train
2026-06-02-19-37-09-734320,fold_clothes,"Pick up a dark garment from a pile on the bed, fold it, and place the folded garment on the bed.",microagi,human_bimanual,217.0,,,s3://rldb/processed_v3/microagi/2026-06-02-19-37-09-734320.mp4,s3://rldb/processed_v3/microagi/2026-06-02-19-37-09-734320.zarr,fold_clothes,train
2026-06-03-08-27-55-503868,fold_clothes,Fold a baby garment (onesie/shirt) by tucking in the sleeves and folding it in half on a flat surface.,microagi,human_bimanual,292.0,,,s3://rldb/processed_v3/microagi/2026-06-03-08-27-55-503868.mp4,s3://rldb/processed_v3/microagi/2026-06-03-08-27-55-503868.zarr,fold_clothes,train
2026-06-03-13-13-35-741774,fold_clothes,Fold a white cloth/garment on a bed and place it with the stack of folded clothes.,microagi,human_bimanual,221.0,,,s3://rldb/processed_v3/microagi/2026-06-03-13-13-35-741774.mp4,s3://rldb/processed_v3/microagi/2026-06-03-13-13-35-741774.zarr,fold_clothes,train
2026-06-03-19-17-57-009695,fold_clothes,"Fold a pink patterned cloth in half on a bed, smoothing it flat and creasing it into a folded rectangle.",microagi,human_bimanual,368.0,,,s3://rldb/processed_v3/microagi/2026-06-03-19-17-57-009695.mp4,s3://rldb/processed_v3/microagi/2026-06-03-19-17-57-009695.zarr,fold_clothes,train
2026-06-04-01-52-25-245285,fold_clothes,Fold a pair of pants on a table by spreading them flat and folding one leg over the other.,microagi,human_bimanual,1138.0,,,s3://rldb/processed_v3/microagi/2026-06-04-01-52-25-245285.mp4,s3://rldb/processed_v3/microagi/2026-06-04-01-52-25-245285.zarr,fold_clothes,train
2026-06-04-09-25-31-606033,fold_clothes,Fold a pink garment flat on a table into a compact rectangular shape.,microagi,human_bimanual,172.0,,,s3://rldb/processed_v3/microagi/2026-06-04-09-25-31-606033.mp4,s3://rldb/processed_v3/microagi/2026-06-04-09-25-31-606033.zarr,fold_clothes,train
2026-06-04-09-48-11-762192,fold_clothes,Fold a pair of dark pants on a flat surface by laying them flat and folding the legs into a compact shape.,microagi,human_bimanual,202.0,,,s3://rldb/processed_v3/microagi/2026-06-04-09-48-11-762192.mp4,s3://rldb/processed_v3/microagi/2026-06-04-09-48-11-762192.zarr,fold_clothes,train
2026-06-04-11-55-55-327531,fold_clothes,Fold a colorful patterned cloth on an ironing board using both hands to create a folded end state.,microagi,human_bimanual,196.0,,,s3://rldb/processed_v3/microagi/2026-06-04-11-55-55-327531.mp4,s3://rldb/processed_v3/microagi/2026-06-04-11-55-55-327531.zarr,fold_clothes,train
2026-06-04-11-57-01-397386,fold_clothes,Fold a dark gray jacket by spreading it flat on the bed and arranging the sleeves and body into a folded shape.,microagi,human_bimanual,173.0,,,s3://rldb/processed_v3/microagi/2026-06-04-11-57-01-397386.mp4,s3://rldb/processed_v3/microagi/2026-06-04-11-57-01-397386.zarr,fold_clothes,train
2026-06-04-12-10-10-134307,fold_clothes,Fold a yellow t-shirt on a bed by folding the sleeves and sides inward into a compact rectangle.,microagi,human_bimanual,608.0,,,s3://rldb/processed_v3/microagi/2026-06-04-12-10-10-134307.mp4,s3://rldb/processed_v3/microagi/2026-06-04-12-10-10-134307.zarr,fold_clothes,train
2026-06-04-13-54-34-368310,fold_clothes,Fold a pair of black pants lengthwise on a bed into a compact folded shape.,microagi,human_bimanual,414.0,,,s3://rldb/processed_v3/microagi/2026-06-04-13-54-34-368310.mp4,s3://rldb/processed_v3/microagi/2026-06-04-13-54-34-368310.zarr,fold_clothes,train
2026-06-04-19-21-19-463186,fold_clothes,Fold a white tank top in half by bringing the bottom hem up to meet the shoulder straps.,microagi,human_bimanual,211.0,,,s3://rldb/processed_v3/microagi/2026-06-04-19-21-19-463186.mp4,s3://rldb/processed_v3/microagi/2026-06-04-19-21-19-463186.zarr,fold_clothes,train
2026-06-04-19-41-34-876915,fold_clothes,Fold a gray shirt flat on a wooden surface into a compact folded shape.,microagi,human_bimanual,155.0,,,s3://rldb/processed_v3/microagi/2026-06-04-19-41-34-876915.mp4,s3://rldb/processed_v3/microagi/2026-06-04-19-41-34-876915.zarr,fold_clothes,train
2026-06-05-08-14-11-244259,fold_clothes,Fold a purple sweater on a table by manipulating the fabric with both hands to create a folded end state.,microagi,human_bimanual,483.0,,,s3://rldb/processed_v3/microagi/2026-06-05-08-14-11-244259.mp4,s3://rldb/processed_v3/microagi/2026-06-05-08-14-11-244259.zarr,fold_clothes,train
2026-06-05-08-16-15-239462,fold_clothes,Fold a gray towel into a compact square and place it on top of a stack of folded clothes.,microagi,human_bimanual,643.0,,,s3://rldb/processed_v3/microagi/2026-06-05-08-16-15-239462.mp4,s3://rldb/processed_v3/microagi/2026-06-05-08-16-15-239462.zarr,fold_clothes,train
2026-06-05-08-22-51-345646,fold_clothes,"Fold a black garment lengthwise on a bed, bringing the sides together into a compact folded shape.",microagi,human_bimanual,245.0,,,s3://rldb/processed_v3/microagi/2026-06-05-08-22-51-345646.mp4,s3://rldb/processed_v3/microagi/2026-06-05-08-22-51-345646.zarr,fold_clothes,train
2026-06-05-10-22-19-477336,fold_clothes,Fold a pink shirt on a bed into a compact rectangle by bringing the sides inward and folding it in half.,microagi,human_bimanual,169.0,,,s3://rldb/processed_v3/microagi/2026-06-05-10-22-19-477336.mp4,s3://rldb/processed_v3/microagi/2026-06-05-10-22-19-477336.zarr,fold_clothes,train
2026-06-05-18-50-28-625346,fold_clothes,"Pick up a white cloth garment from a pile, fold it on the ironing board, and place the folded item aside.",microagi,human_bimanual,177.0,,,s3://rldb/processed_v3/microagi/2026-06-05-18-50-28-625346.mp4,s3://rldb/processed_v3/microagi/2026-06-05-18-50-28-625346.zarr,fold_clothes,train
2026-06-05-18-50-59-550046,fold_clothes,Fold a white garment on an ironing board and place it with the stack of folded clothes.,microagi,human_bimanual,400.0,,,s3://rldb/processed_v3/microagi/2026-06-05-18-50-59-550046.mp4,s3://rldb/processed_v3/microagi/2026-06-05-18-50-59-550046.zarr,fold_clothes,train
2026-06-05-19-16-47-426555,fold_clothes,"Pick up a black garment from a pile on the couch, fold it in half, and place the folded garment back on the couch.",microagi,human_bimanual,413.0,,,s3://rldb/processed_v3/microagi/2026-06-05-19-16-47-426555.mp4,s3://rldb/processed_v3/microagi/2026-06-05-19-16-47-426555.zarr,fold_clothes,train
2026-06-05-19-18-22-537404,fold_clothes,Fold a brown garment (hoodie/jacket) flat on a couch surface.,microagi,human_bimanual,182.0,,,s3://rldb/processed_v3/microagi/2026-06-05-19-18-22-537404.mp4,s3://rldb/processed_v3/microagi/2026-06-05-19-18-22-537404.zarr,fold_clothes,train
2026-06-05-19-19-33-861098,fold_clothes,Pick up clothing items from a pile on the couch and fold them into compact shapes.,microagi,human_bimanual,643.0,,,s3://rldb/processed_v3/microagi/2026-06-05-19-19-33-861098.mp4,s3://rldb/processed_v3/microagi/2026-06-05-19-19-33-861098.zarr,fold_clothes,train
2026-06-05-19-24-49-250304,fold_clothes,Fold a blue shirt on a couch.,microagi,human_bimanual,459.0,,,s3://rldb/processed_v3/microagi/2026-06-05-19-24-49-250304.mp4,s3://rldb/processed_v3/microagi/2026-06-05-19-24-49-250304.zarr,fold_clothes,train
2026-06-06-09-05-36-969241,fold_clothes,"Fold a white t-shirt on a table by spreading it flat, folding the sides inward, and stacking it into a compact folded rectangle.",microagi,human_bimanual,903.0,,,s3://rldb/processed_v3/microagi/2026-06-06-09-05-36-969241.mp4,s3://rldb/processed_v3/microagi/2026-06-06-09-05-36-969241.zarr,fold_clothes,train
2026-06-06-13-20-00-259382,fold_clothes,"Pick up a white t-shirt from the bed, fold it in half by the shoulders, and place the folded shirt on the bed.",microagi,human_bimanual,264.0,,,s3://rldb/processed_v3/microagi/2026-06-06-13-20-00-259382.mp4,s3://rldb/processed_v3/microagi/2026-06-06-13-20-00-259382.zarr,fold_clothes,train
2026-06-07-15-55-01-632833,fold_clothes,Fold a black garment (shorts/pants) flat on a bed and place the folded item down.,microagi,human_bimanual,254.0,,,s3://rldb/processed_v3/microagi/2026-06-07-15-55-01-632833.mp4,s3://rldb/processed_v3/microagi/2026-06-07-15-55-01-632833.zarr,fold_clothes,train
2026-06-07-15-56-07-174042,fold_clothes,"Fold a pair of blue pants and a dark garment on a bed, placing them with other folded clothes.",microagi,human_bimanual,851.0,,,s3://rldb/processed_v3/microagi/2026-06-07-15-56-07-174042.mp4,s3://rldb/processed_v3/microagi/2026-06-07-15-56-07-174042.zarr,fold_clothes,train
2026-06-07-23-27-31-909797,fold_clothes,Fold a brown garment and place it on the bed alongside other folded clothes.,microagi,human_bimanual,158.0,,,s3://rldb/processed_v3/microagi/2026-06-07-23-27-31-909797.mp4,s3://rldb/processed_v3/microagi/2026-06-07-23-27-31-909797.zarr,fold_clothes,train
2026-06-08-05-58-59-478634,fold_clothes,"Pick up a t-shirt, lay it flat on the table, and fold it into a compact rectangular shape.",microagi,human_bimanual,475.0,,,s3://rldb/processed_v3/microagi/2026-06-08-05-58-59-478634.mp4,s3://rldb/processed_v3/microagi/2026-06-08-05-58-59-478634.zarr,fold_clothes,train
2026-06-08-06-06-13-131273,fold_clothes,Fold a brown and white shirt flat on a wooden table.,microagi,human_bimanual,891.0,,,s3://rldb/processed_v3/microagi/2026-06-08-06-06-13-131273.mp4,s3://rldb/processed_v3/microagi/2026-06-08-06-06-13-131273.zarr,fold_clothes,train
2026-06-08-11-29-50-920012,fold_clothes,"Fold a gray shirt on the lap, bringing the sleeves and sides together into a compact folded shape.",microagi,human_bimanual,193.0,,,s3://rldb/processed_v3/microagi/2026-06-08-11-29-50-920012.mp4,s3://rldb/processed_v3/microagi/2026-06-08-11-29-50-920012.zarr,fold_clothes,train
2026-06-08-22-26-27-794461,fold_clothes,Fold a black garment (shorts/pants) flat on the bed into a compact rectangle.,microagi,human_bimanual,181.0,,,s3://rldb/processed_v3/microagi/2026-06-08-22-26-27-794461.mp4,s3://rldb/processed_v3/microagi/2026-06-08-22-26-27-794461.zarr,fold_clothes,train
2026-06-09-07-41-19-055620,fold_clothes,Pick up a small white garment from a pile of clothes and fold it with both hands.,microagi,human_bimanual,402.0,,,s3://rldb/processed_v3/microagi/2026-06-09-07-41-19-055620.mp4,s3://rldb/processed_v3/microagi/2026-06-09-07-41-19-055620.zarr,fold_clothes,train
2026-06-09-08-17-05-037140,fold_clothes,"Fold a gray garment (shorts) by holding it up, stretching it flat, and folding it in half with both hands.",microagi,human_bimanual,167.0,,,s3://rldb/processed_v3/microagi/2026-06-09-08-17-05-037140.mp4,s3://rldb/processed_v3/microagi/2026-06-09-08-17-05-037140.zarr,fold_clothes,train
2026-06-09-08-19-53-761750,fold_clothes,Fold a small gray garment (sock or underwear) by manipulating it with both hands into a compact folded shape.,microagi,human_bimanual,723.0,,,s3://rldb/processed_v3/microagi/2026-06-09-08-19-53-761750.mp4,s3://rldb/processed_v3/microagi/2026-06-09-08-19-53-761750.zarr,fold_clothes,train
2026-06-09-09-28-26-673353,fold_clothes,Fold a navy t-shirt flat on a surface by smoothing it and folding it in half.,microagi,human_bimanual,156.0,,,s3://rldb/processed_v3/microagi/2026-06-09-09-28-26-673353.mp4,s3://rldb/processed_v3/microagi/2026-06-09-09-28-26-673353.zarr,fold_clothes,train
2026-06-09-10-07-39-023173,fold_clothes,Fold a black t-shirt on a desk by laying it flat and folding it into a compact shape.,microagi,human_bimanual,241.0,,,s3://rldb/processed_v3/microagi/2026-06-09-10-07-39-023173.mp4,s3://rldb/processed_v3/microagi/2026-06-09-10-07-39-023173.zarr,fold_clothes,train
2026-06-09-16-58-45-791357,fold_clothes,"Pick up a teal cloth from a pile, fold it into a square, and place the folded cloth on the bed.",microagi,human_bimanual,308.0,,,s3://rldb/processed_v3/microagi/2026-06-09-16-58-45-791357.mp4,s3://rldb/processed_v3/microagi/2026-06-09-16-58-45-791357.zarr,fold_clothes,train
2026-06-09-17-53-02-909316,fold_clothes,Fold a red and black checkered shirt flat on a bed by laying it out and folding it in half.,microagi,human_bimanual,220.0,,,s3://rldb/processed_v3/microagi/2026-06-09-17-53-02-909316.mp4,s3://rldb/processed_v3/microagi/2026-06-09-17-53-02-909316.zarr,fold_clothes,train
2026-06-09-18-21-06-965669,fold_clothes,Fold a green checkered shirt flat on a table using both hands to align and crease the fabric.,microagi,human_bimanual,170.0,,,s3://rldb/processed_v3/microagi/2026-06-09-18-21-06-965669.mp4,s3://rldb/processed_v3/microagi/2026-06-09-18-21-06-965669.zarr,fold_clothes,train
2026-06-09-19-01-01-326240,fold_clothes,Fold a white polka-dot garment on a bed by manipulating and folding the fabric into a compact shape.,microagi,human_bimanual,573.0,,,s3://rldb/processed_v3/microagi/2026-06-09-19-01-01-326240.mp4,s3://rldb/processed_v3/microagi/2026-06-09-19-01-01-326240.zarr,fold_clothes,train
2026-06-10-09-21-03-579998,fold_clothes,Fold a white graphic t-shirt and place it with other folded clothes on the couch.,microagi,human_bimanual,663.0,,,s3://rldb/processed_v3/microagi/2026-06-10-09-21-03-579998.mp4,s3://rldb/processed_v3/microagi/2026-06-10-09-21-03-579998.zarr,fold_clothes,train
2026-06-10-09-40-14-271457,fold_clothes,Fold a black shirt by laying it flat on the lap and smoothing it into a folded shape.,microagi,human_bimanual,357.0,,,s3://rldb/processed_v3/microagi/2026-06-10-09-40-14-271457.mp4,s3://rldb/processed_v3/microagi/2026-06-10-09-40-14-271457.zarr,fold_clothes,train
2026-06-10-14-08-03-099376,fold_clothes,"Fold a dark garment (shirt or pants) on a bed by grasping, aligning, and folding the fabric into a compact shape.",microagi,human_bimanual,181.0,,,s3://rldb/processed_v3/microagi/2026-06-10-14-08-03-099376.mp4,s3://rldb/processed_v3/microagi/2026-06-10-14-08-03-099376.zarr,fold_clothes,train
2026-06-10-17-30-32-605981,fold_clothes,Fold dark clothing items and place them on a chair alongside folded jeans.,microagi,human_bimanual,367.0,,,s3://rldb/processed_v3/microagi/2026-06-10-17-30-32-605981.mp4,s3://rldb/processed_v3/microagi/2026-06-10-17-30-32-605981.zarr,fold_clothes,train
2026-06-10-17-32-54-708102,fold_clothes,"Fold dark clothing and jeans on a bed, pressing them flat into folded stacks.",microagi,human_bimanual,373.0,,,s3://rldb/processed_v3/microagi/2026-06-10-17-32-54-708102.mp4,s3://rldb/processed_v3/microagi/2026-06-10-17-32-54-708102.zarr,fold_clothes,train
2026-06-11-07-37-48-761004,fold_clothes,Fold a pair of black pants in half lengthwise on a flat surface.,microagi,human_bimanual,334.0,,,s3://rldb/processed_v3/microagi/2026-06-11-07-37-48-761004.mp4,s3://rldb/processed_v3/microagi/2026-06-11-07-37-48-761004.zarr,fold_clothes,train
2026-06-11-07-38-43-677670,fold_clothes,Fold a pair of pants on a flat surface by aligning and folding the legs together into a compact shape.,microagi,human_bimanual,737.0,,,s3://rldb/processed_v3/microagi/2026-06-11-07-38-43-677670.mp4,s3://rldb/processed_v3/microagi/2026-06-11-07-38-43-677670.zarr,fold_clothes,train
2026-06-11-13-42-25-978697,fold_clothes,Fold a small patterned cloth garment in half and place it with the other folded clothes on the couch.,microagi,human_bimanual,448.0,,,s3://rldb/processed_v3/microagi/2026-06-11-13-42-25-978697.mp4,s3://rldb/processed_v3/microagi/2026-06-11-13-42-25-978697.zarr,fold_clothes,train
2026-06-11-13-45-51-043616,fold_clothes,Pick up a pink garment from a pile on the couch and fold it.,microagi,human_bimanual,170.0,,,s3://rldb/processed_v3/microagi/2026-06-11-13-45-51-043616.mp4,s3://rldb/processed_v3/microagi/2026-06-11-13-45-51-043616.zarr,fold_clothes,train
2026-06-11-13-58-57-892504,fold_clothes,Fold a plaid shirt and place it on a stack of folded clothes.,microagi,human_bimanual,249.0,,,s3://rldb/processed_v3/microagi/2026-06-11-13-58-57-892504.mp4,s3://rldb/processed_v3/microagi/2026-06-11-13-58-57-892504.zarr,fold_clothes,train
2026-06-11-16-36-07-004384,fold_clothes,Fold a white garment flat and into a compact rectangle on the chair.,microagi,human_bimanual,676.0,,,s3://rldb/processed_v3/microagi/2026-06-11-16-36-07-004384.mp4,s3://rldb/processed_v3/microagi/2026-06-11-16-36-07-004384.zarr,fold_clothes,train
2026-06-11-16-44-38-527935,fold_clothes,Fold a striped shirt on an ironing board by manipulating and arranging the fabric into a folded shape.,microagi,human_bimanual,247.0,,,s3://rldb/processed_v3/microagi/2026-06-11-16-44-38-527935.mp4,s3://rldb/processed_v3/microagi/2026-06-11-16-44-38-527935.zarr,fold_clothes,train
2026-06-11-17-14-59-749442,fold_clothes,Fold a black garment (shirt) on a bed by stretching it flat and folding it into a compact shape.,microagi,human_bimanual,169.0,,,s3://rldb/processed_v3/microagi/2026-06-11-17-14-59-749442.mp4,s3://rldb/processed_v3/microagi/2026-06-11-17-14-59-749442.zarr,fold_clothes,train
2026-06-12-08-56-13-830048,fold_clothes,Fold a black garment with white stripes into a compact folded shape on a table.,microagi,human_bimanual,612.0,,,s3://rldb/processed_v3/microagi/2026-06-12-08-56-13-830048.mp4,s3://rldb/processed_v3/microagi/2026-06-12-08-56-13-830048.zarr,fold_clothes,train
2026-06-12-09-01-30-067789,fold_clothes,Fold a pink patterned sleeveless garment in half on a table and place the folded garment aside.,microagi,human_bimanual,1855.0,,,s3://rldb/processed_v3/microagi/2026-06-12-09-01-30-067789.mp4,s3://rldb/processed_v3/microagi/2026-06-12-09-01-30-067789.zarr,fold_clothes,train
2026-06-12-11-22-18-528715,fold_clothes,Pick up a gray garment from the bed and fold it into a compact shape.,microagi,human_bimanual,415.0,,,s3://rldb/processed_v3/microagi/2026-06-12-11-22-18-528715.mp4,s3://rldb/processed_v3/microagi/2026-06-12-11-22-18-528715.zarr,fold_clothes,train
2026-06-13-01-54-48-942834,fold_clothes,Fold a dark blue garment and place the folded item on the couch.,microagi,human_bimanual,483.0,,,s3://rldb/processed_v3/microagi/2026-06-13-01-54-48-942834.mp4,s3://rldb/processed_v3/microagi/2026-06-13-01-54-48-942834.zarr,fold_clothes,train
2026-06-13-01-56-05-579546,fold_clothes,"Fold a dark piece of clothing on a couch using both hands, resulting in a neatly folded garment.",microagi,human_bimanual,336.0,,,s3://rldb/processed_v3/microagi/2026-06-13-01-56-05-579546.mp4,s3://rldb/processed_v3/microagi/2026-06-13-01-56-05-579546.zarr,fold_clothes,train
2026-06-13-08-47-06-854073,fold_clothes,Fold a red garment and a black garment on a bed into compact folded shapes.,microagi,human_bimanual,719.0,,,s3://rldb/processed_v3/microagi/2026-06-13-08-47-06-854073.mp4,s3://rldb/processed_v3/microagi/2026-06-13-08-47-06-854073.zarr,fold_clothes,train
2026-06-13-14-36-06-757951,fold_clothes,Fold a gray garment on the bed and stack a brown garment on top of it.,microagi,human_bimanual,342.0,,,s3://rldb/processed_v3/microagi/2026-06-13-14-36-06-757951.mp4,s3://rldb/processed_v3/microagi/2026-06-13-14-36-06-757951.zarr,fold_clothes,train
2026-06-13-16-29-15-126121,fold_clothes,Fold a dark garment (pants/shirt) on a checkered surface by smoothing and folding edges into a compact folded shape.,microagi,human_bimanual,442.0,,,s3://rldb/processed_v3/microagi/2026-06-13-16-29-15-126121.mp4,s3://rldb/processed_v3/microagi/2026-06-13-16-29-15-126121.zarr,fold_clothes,train
2026-06-14-06-46-00-169608,fold_clothes,"Fold a dark garment (shirt or pants) on a bed by holding, aligning, and folding it into a compact shape.",microagi,human_bimanual,270.0,,,s3://rldb/processed_v3/microagi/2026-06-14-06-46-00-169608.mp4,s3://rldb/processed_v3/microagi/2026-06-14-06-46-00-169608.zarr,fold_clothes,train
2026-06-14-09-09-46-413861,fold_clothes,Fold a blue t-shirt by laying it flat and folding the sides inward into a compact rectangle on a wooden surface.,microagi,human_bimanual,248.0,,,s3://rldb/processed_v3/microagi/2026-06-14-09-09-46-413861.mp4,s3://rldb/processed_v3/microagi/2026-06-14-09-09-46-413861.zarr,fold_clothes,train
2026-06-15-09-35-38-687976,fold_clothes,Fold a pair of dark pants in half on a flat surface.,microagi,human_bimanual,162.0,,,s3://rldb/processed_v3/microagi/2026-06-15-09-35-38-687976.mp4,s3://rldb/processed_v3/microagi/2026-06-15-09-35-38-687976.zarr,fold_clothes,train
2026-06-15-09-36-31-811310,fold_clothes,Fold a pair of jeans in half lengthwise and then fold again into a compact rectangle on a flat surface.,microagi,human_bimanual,162.0,,,s3://rldb/processed_v3/microagi/2026-06-15-09-36-31-811310.mp4,s3://rldb/processed_v3/microagi/2026-06-15-09-36-31-811310.zarr,fold_clothes,train
2026-06-16-06-24-25-339042,fold_clothes,"Fold assorted garments (black, pink, and white clothing items) on a table, placing each folded item aside.",microagi,human_bimanual,462.0,,,s3://rldb/processed_v3/microagi/2026-06-16-06-24-25-339042.mp4,s3://rldb/processed_v3/microagi/2026-06-16-06-24-25-339042.zarr,fold_clothes,train
2026-06-16-18-15-14-753114,fold_clothes,Fold a red garment (shorts) flat on a table into a compact folded rectangle.,microagi,human_bimanual,1415.0,,,s3://rldb/processed_v3/microagi/2026-06-16-18-15-14-753114.mp4,s3://rldb/processed_v3/microagi/2026-06-16-18-15-14-753114.zarr,fold_clothes,train
2026-06-16-19-12-36-143750,fold_clothes,Fold a pair of black shorts in half lengthwise and then in half again into a compact rectangle on a table.,microagi,human_bimanual,1158.0,,,s3://rldb/processed_v3/microagi/2026-06-16-19-12-36-143750.mp4,s3://rldb/processed_v3/microagi/2026-06-16-19-12-36-143750.zarr,fold_clothes,train
2026-06-16-19-32-01-166657,fold_clothes,Fold a black t-shirt flat on a surface into a compact rectangle by folding sleeves inward and folding in half.,microagi,human_bimanual,812.0,,,s3://rldb/processed_v3/microagi/2026-06-16-19-32-01-166657.mp4,s3://rldb/processed_v3/microagi/2026-06-16-19-32-01-166657.zarr,fold_clothes,train
2026-06-17-00-57-57-927842,fold_clothes,Fold a pair of jeans flat on a table into a compact rectangular shape.,microagi,human_bimanual,1500.0,,,s3://rldb/processed_v3/microagi/2026-06-17-00-57-57-927842.mp4,s3://rldb/processed_v3/microagi/2026-06-17-00-57-57-927842.zarr,fold_clothes,train
2026-06-17-01-07-33-266807,fold_clothes,"Fold a red and white garment into a rectangle and place it on a stack, then lay out a blue t-shirt to fold.",microagi,human_bimanual,542.0,,,s3://rldb/processed_v3/microagi/2026-06-17-01-07-33-266807.mp4,s3://rldb/processed_v3/microagi/2026-06-17-01-07-33-266807.zarr,fold_clothes,train
2026-06-17-01-20-25-213171,fold_clothes,Fold a black garment (pants/shorts) flat on a surface into a compact rectangle and pick up the folded item.,microagi,human_bimanual,644.0,,,s3://rldb/processed_v3/microagi/2026-06-17-01-20-25-213171.mp4,s3://rldb/processed_v3/microagi/2026-06-17-01-20-25-213171.zarr,fold_clothes,train
2026-06-17-14-05-58-189104,fold_clothes,Fold a black garment and place it on a stack of folded clothes on the bed.,microagi,human_bimanual,160.0,,,s3://rldb/processed_v3/microagi/2026-06-17-14-05-58-189104.mp4,s3://rldb/processed_v3/microagi/2026-06-17-14-05-58-189104.zarr,fold_clothes,train
2026-06-17-14-09-31-310005,fold_clothes,Fold a patterned cloth on an ironing board into a compact rectangle.,microagi,human_bimanual,405.0,,,s3://rldb/processed_v3/microagi/2026-06-17-14-09-31-310005.mp4,s3://rldb/processed_v3/microagi/2026-06-17-14-09-31-310005.zarr,fold_clothes,train
2026-06-17-19-48-25-622777,fold_clothes,Fold a green garment on a white surface using both hands into a compact folded shape.,microagi,human_bimanual,425.0,,,s3://rldb/processed_v3/microagi/2026-06-17-19-48-25-622777.mp4,s3://rldb/processed_v3/microagi/2026-06-17-19-48-25-622777.zarr,fold_clothes,train
2026-06-17-19-50-32-864854,fold_clothes,Fold a blue garment on a flat surface into a compact folded shape.,microagi,human_bimanual,1582.0,,,s3://rldb/processed_v3/microagi/2026-06-17-19-50-32-864854.mp4,s3://rldb/processed_v3/microagi/2026-06-17-19-50-32-864854.zarr,fold_clothes,train
2026-06-19-05-11-08-295468,fold_clothes,"Fold a red shirt flat on a white surface, smoothing and arranging the fabric into a compact folded shape.",microagi,human_bimanual,377.0,,,s3://rldb/processed_v3/microagi/2026-06-19-05-11-08-295468.mp4,s3://rldb/processed_v3/microagi/2026-06-19-05-11-08-295468.zarr,fold_clothes,train
2026-06-19-05-15-10-771581,fold_clothes,Fold a white fluffy sweater on a flat surface by smoothing and folding it into a compact shape.,microagi,human_bimanual,649.0,,,s3://rldb/processed_v3/microagi/2026-06-19-05-15-10-771581.mp4,s3://rldb/processed_v3/microagi/2026-06-19-05-15-10-771581.zarr,fold_clothes,train
2026-06-19-05-37-11-722017,fold_clothes,Fold a white baby garment on a couch by bringing the sides together and smoothing it into a compact folded shape.,microagi,human_bimanual,1479.0,,,s3://rldb/processed_v3/microagi/2026-06-19-05-37-11-722017.mp4,s3://rldb/processed_v3/microagi/2026-06-19-05-37-11-722017.zarr,fold_clothes,train
2026-06-19-06-32-56-170891,fold_clothes,Fold a small patterned cloth garment in half on top of a white cloth surface.,microagi,human_bimanual,823.0,,,s3://rldb/processed_v3/microagi/2026-06-19-06-32-56-170891.mp4,s3://rldb/processed_v3/microagi/2026-06-19-06-32-56-170891.zarr,fold_clothes,train
2026-06-19-06-46-15-814552,fold_clothes,Fold a cream-colored shirt on a flat surface into a compact folded shape.,microagi,human_bimanual,438.0,,,s3://rldb/processed_v3/microagi/2026-06-19-06-46-15-814552.mp4,s3://rldb/processed_v3/microagi/2026-06-19-06-46-15-814552.zarr,fold_clothes,train
2026-06-19-07-25-47-213606,fold_clothes,Fold a red garment in half and place it on a stack of folded clothes on the table.,microagi,human_bimanual,1202.0,,,s3://rldb/processed_v3/microagi/2026-06-19-07-25-47-213606.mp4,s3://rldb/processed_v3/microagi/2026-06-19-07-25-47-213606.zarr,fold_clothes,train
2026-06-19-13-25-49-599877,fold_clothes,Fold a white t-shirt in half on a table using both hands.,microagi,human_bimanual,445.0,,,s3://rldb/processed_v3/microagi/2026-06-19-13-25-49-599877.mp4,s3://rldb/processed_v3/microagi/2026-06-19-13-25-49-599877.zarr,fold_clothes,train
2026-06-20-07-24-11-905636,fold_clothes,Fold a pair of blue jeans by smoothing them flat and folding one leg over the other on a surface.,microagi,human_bimanual,218.0,,,s3://rldb/processed_v3/microagi/2026-06-20-07-24-11-905636.mp4,s3://rldb/processed_v3/microagi/2026-06-20-07-24-11-905636.zarr,fold_clothes,train
2026-06-20-13-57-52-466480,fold_clothes,"Pick up socks from a pile on a desk and fold each one, placing the folded socks in a neat arrangement on the table.",microagi,human_bimanual,590.0,,,s3://rldb/processed_v3/microagi/2026-06-20-13-57-52-466480.mp4,s3://rldb/processed_v3/microagi/2026-06-20-13-57-52-466480.zarr,fold_clothes,train
2026-06-21-06-31-56-192750,fold_clothes,Fold a yellow jersey and an orange-and-black garment on a bed into compact rectangles.,microagi,human_bimanual,1601.0,,,s3://rldb/processed_v3/microagi/2026-06-21-06-31-56-192750.mp4,s3://rldb/processed_v3/microagi/2026-06-21-06-31-56-192750.zarr,fold_clothes,train
2026-06-21-06-50-19-385378,fold_clothes,Fold a white t-shirt by laying it flat and folding the sleeves inward on the bed surface.,microagi,human_bimanual,316.0,,,s3://rldb/processed_v3/microagi/2026-06-21-06-50-19-385378.mp4,s3://rldb/processed_v3/microagi/2026-06-21-06-50-19-385378.zarr,fold_clothes,train
2026-06-21-09-44-38-350829,fold_clothes,Fold a beige cloth in half on a tiled surface.,microagi,human_bimanual,216.0,,,s3://rldb/processed_v3/microagi/2026-06-21-09-44-38-350829.mp4,s3://rldb/processed_v3/microagi/2026-06-21-09-44-38-350829.zarr,fold_clothes,train
2026-06-21-13-51-48-734482,fold_clothes,Fold a white cloth garment and place it onto a stack of folded clothes on a table.,microagi,human_bimanual,257.0,,,s3://rldb/processed_v3/microagi/2026-06-21-13-51-48-734482.mp4,s3://rldb/processed_v3/microagi/2026-06-21-13-51-48-734482.zarr,fold_clothes,train
2026-06-21-13-53-55-441276,fold_clothes,Fold a small garment and place it on a stack of folded clothes.,microagi,human_bimanual,207.0,,,s3://rldb/processed_v3/microagi/2026-06-21-13-53-55-441276.mp4,s3://rldb/processed_v3/microagi/2026-06-21-13-53-55-441276.zarr,fold_clothes,train
2026-06-21-13-57-16-634177,fold_clothes,Fold a white t-shirt flat on a table into a compact square and place it next to a folded teal shirt.,microagi,human_bimanual,375.0,,,s3://rldb/processed_v3/microagi/2026-06-21-13-57-16-634177.mp4,s3://rldb/processed_v3/microagi/2026-06-21-13-57-16-634177.zarr,fold_clothes,train
2026-06-21-16-04-04-950242,fold_clothes,"Pick up a black garment from the bed, fold it in half, and place the folded garment on the bed.",microagi,human_bimanual,154.0,,,s3://rldb/processed_v3/microagi/2026-06-21-16-04-04-950242.mp4,s3://rldb/processed_v3/microagi/2026-06-21-16-04-04-950242.zarr,fold_clothes,train
2026-06-22-11-39-26-702472,fold_clothes,Fold a checkered shirt by bringing its sides and sleeves together into a compact folded shape on a surface.,microagi,human_bimanual,154.0,,,s3://rldb/processed_v3/microagi/2026-06-22-11-39-26-702472.mp4,s3://rldb/processed_v3/microagi/2026-06-22-11-39-26-702472.zarr,fold_clothes,train
2026-06-23-14-45-41-773045,fold_clothes,Fold a white cloth garment and place it on top of a stack of folded clothes.,microagi,human_bimanual,170.0,,,s3://rldb/processed_v3/microagi/2026-06-23-14-45-41-773045.mp4,s3://rldb/processed_v3/microagi/2026-06-23-14-45-41-773045.zarr,fold_clothes,train
2026-06-23-14-46-04-581379,fold_clothes,Fold a pink cloth garment and place it on a stack of folded clothes.,microagi,human_bimanual,173.0,,,s3://rldb/processed_v3/microagi/2026-06-23-14-46-04-581379.mp4,s3://rldb/processed_v3/microagi/2026-06-23-14-46-04-581379.zarr,fold_clothes,train
2026-06-25-15-12-46-570847,fold_clothes,Fold a black graphic t-shirt with both hands and place it on a stack of folded clothes.,microagi,human_bimanual,329.0,,,s3://rldb/processed_v3/microagi/2026-06-25-15-12-46-570847.mp4,s3://rldb/processed_v3/microagi/2026-06-25-15-12-46-570847.zarr,fold_clothes,train
2026-06-30-21-06-17-078271,fold_clothes,Fold a dark garment on a bed into a compact folded shape.,microagi,human_bimanual,226.0,,,s3://rldb/processed_v3/microagi/2026-06-30-21-06-17-078271.mp4,s3://rldb/processed_v3/microagi/2026-06-30-21-06-17-078271.zarr,fold_clothes,train
2026-03-26-11-30-12-879084,fold_laundry,Fold a pink cloth and place it with other folded laundry items on the bed.,microagi,human_bimanual,325.0,,,s3://rldb/processed_v3/microagi/2026-03-26-11-30-12-879084.mp4,s3://rldb/processed_v3/microagi/2026-03-26-11-30-12-879084.zarr,fold_clothes,train
2026-03-27-09-09-03-114171,fold_laundry,Fold a blue cloth garment into a compact rectangular shape on a patterned surface.,microagi,human_bimanual,206.0,,,s3://rldb/processed_v3/microagi/2026-03-27-09-09-03-114171.mp4,s3://rldb/processed_v3/microagi/2026-03-27-09-09-03-114171.zarr,fold_clothes,train
2026-03-29-19-38-04-839087,fold_laundry,"Fold a white t-shirt on a bed by lifting, spreading, and folding it over itself into a compact shape.",microagi,human_bimanual,580.0,,,s3://rldb/processed_v3/microagi/2026-03-29-19-38-04-839087.mp4,s3://rldb/processed_v3/microagi/2026-03-29-19-38-04-839087.zarr,fold_clothes,train
2026-03-30-23-32-59-177062,fold_laundry,Fold a gray garment (pants/shirt) on a wooden table into a compact folded shape.,microagi,human_bimanual,587.0,,,s3://rldb/processed_v3/microagi/2026-03-30-23-32-59-177062.mp4,s3://rldb/processed_v3/microagi/2026-03-30-23-32-59-177062.zarr,fold_clothes,train
2026-03-31-10-52-42-298113,fold_laundry,Fold laundry items (towels and clothing) on a bed into compact folded shapes.,microagi,human_bimanual,984.0,,,s3://rldb/processed_v3/microagi/2026-03-31-10-52-42-298113.mp4,s3://rldb/processed_v3/microagi/2026-03-31-10-52-42-298113.zarr,fold_clothes,train
2026-04-01-09-21-09-081772,fold_laundry,Fold a black jacket by tucking the sleeves inward and folding it in half on a bed.,microagi,human_bimanual,325.0,,,s3://rldb/processed_v3/microagi/2026-04-01-09-21-09-081772.mp4,s3://rldb/processed_v3/microagi/2026-04-01-09-21-09-081772.zarr,fold_clothes,train
2026-04-01-21-01-36-693248,fold_laundry,"Fold a pair of socks by picking them up, aligning them, and placing the folded pair on the table.",microagi,human_bimanual,378.0,,,s3://rldb/processed_v3/microagi/2026-04-01-21-01-36-693248.mp4,s3://rldb/processed_v3/microagi/2026-04-01-21-01-36-693248.zarr,fold_clothes,train
2026-04-03-13-37-45-075725,fold_laundry,Fold multiple pairs of underwear/shorts and stack them into a neat pile on the bed.,microagi,human_bimanual,1308.0,,,s3://rldb/processed_v3/microagi/2026-04-03-13-37-45-075725.mp4,s3://rldb/processed_v3/microagi/2026-04-03-13-37-45-075725.zarr,fold_clothes,train
2026-04-03-17-04-06-727494,fold_laundry,"Pick up a black garment from the table, fold it, and place the folded item back on the table.",microagi,human_bimanual,198.0,,,s3://rldb/processed_v3/microagi/2026-04-03-17-04-06-727494.mp4,s3://rldb/processed_v3/microagi/2026-04-03-17-04-06-727494.zarr,fold_clothes,train
2026-04-05-12-28-35-879839,fold_laundry,Fold a small cloth item into a compact rectangle and place it with the other folded laundry.,microagi,human_bimanual,726.0,,,s3://rldb/processed_v3/microagi/2026-04-05-12-28-35-879839.mp4,s3://rldb/processed_v3/microagi/2026-04-05-12-28-35-879839.zarr,fold_clothes,train
2026-04-05-23-15-27-403655,fold_laundry,Fold black pants or shorts flat on a wooden table into compact rectangular shapes.,microagi,human_bimanual,437.0,,,s3://rldb/processed_v3/microagi/2026-04-05-23-15-27-403655.mp4,s3://rldb/processed_v3/microagi/2026-04-05-23-15-27-403655.zarr,fold_clothes,train
2026-04-06-14-29-40-695582,fold_laundry,"Fold small clothing items (baby garments) on a bed, picking each up, folding it, and placing it in a pile.",microagi,human_bimanual,1428.0,,,s3://rldb/processed_v3/microagi/2026-04-06-14-29-40-695582.mp4,s3://rldb/processed_v3/microagi/2026-04-06-14-29-40-695582.zarr,fold_clothes,train
2026-04-08-10-26-32-234757,fold_laundry,Fold a green garment on a drying rack by bringing its sides together into a compact folded shape.,microagi,human_bimanual,248.0,,,s3://rldb/processed_v3/microagi/2026-04-08-10-26-32-234757.mp4,s3://rldb/processed_v3/microagi/2026-04-08-10-26-32-234757.zarr,fold_clothes,train
2026-04-08-19-43-15-480145,fold_laundry,Fold a black garment and place it onto the stack of folded clothes on the bed.,microagi,human_bimanual,296.0,,,s3://rldb/processed_v3/microagi/2026-04-08-19-43-15-480145.mp4,s3://rldb/processed_v3/microagi/2026-04-08-19-43-15-480145.zarr,fold_clothes,train
2026-04-09-07-41-52-487263,fold_laundry,Fold a pair of black pants on a bed into a compact shape and place it next to the other folded clothing.,microagi,human_bimanual,667.0,,,s3://rldb/processed_v3/microagi/2026-04-09-07-41-52-487263.mp4,s3://rldb/processed_v3/microagi/2026-04-09-07-41-52-487263.zarr,fold_clothes,train
2026-04-09-21-37-20-418240,fold_laundry,Fold a gray shirt or sweater in half and place it on the bed.,microagi,human_bimanual,343.0,,,s3://rldb/processed_v3/microagi/2026-04-09-21-37-20-418240.mp4,s3://rldb/processed_v3/microagi/2026-04-09-21-37-20-418240.zarr,fold_clothes,train
2026-04-10-11-23-51-875849,fold_laundry,Fold a white cloth/towel in half on a flat surface into a compact rectangle.,microagi,human_bimanual,216.0,,,s3://rldb/processed_v3/microagi/2026-04-10-11-23-51-875849.mp4,s3://rldb/processed_v3/microagi/2026-04-10-11-23-51-875849.zarr,fold_clothes,train
2026-04-10-16-33-01-862954,fold_laundry,"Fold a small blue sock with both hands while seated, placing it into a laundry basket.",microagi,human_bimanual,235.0,,,s3://rldb/processed_v3/microagi/2026-04-10-16-33-01-862954.mp4,s3://rldb/processed_v3/microagi/2026-04-10-16-33-01-862954.zarr,fold_clothes,train
2026-04-10-16-37-51-365444,fold_laundry,"Fold a checkered cloth garment by holding, aligning, and folding it in half over a laundry basket.",microagi,human_bimanual,169.0,,,s3://rldb/processed_v3/microagi/2026-04-10-16-37-51-365444.mp4,s3://rldb/processed_v3/microagi/2026-04-10-16-37-51-365444.zarr,fold_clothes,train
2026-04-11-20-32-01-239639,fold_laundry,Fold a brown garment and place it on the bed.,microagi,human_bimanual,166.0,,,s3://rldb/processed_v3/microagi/2026-04-11-20-32-01-239639.mp4,s3://rldb/processed_v3/microagi/2026-04-11-20-32-01-239639.zarr,fold_clothes,train
2026-04-12-21-04-14-852802,fold_laundry,Fold a purple shirt on the lap and place it onto the stack of folded laundry on the couch.,microagi,human_bimanual,189.0,,,s3://rldb/processed_v3/microagi/2026-04-12-21-04-14-852802.mp4,s3://rldb/processed_v3/microagi/2026-04-12-21-04-14-852802.zarr,fold_clothes,train
2026-04-12-21-08-30-413817,fold_laundry,Fold a small white cloth garment into a compact bundle on the couch.,microagi,human_bimanual,384.0,,,s3://rldb/processed_v3/microagi/2026-04-12-21-08-30-413817.mp4,s3://rldb/processed_v3/microagi/2026-04-12-21-08-30-413817.zarr,fold_clothes,train
2026-04-13-00-17-50-533337,fold_laundry,Zip up a hoodie laid flat on a couch by grasping the zipper slider and pulling it closed along the track.,microagi,human_bimanual,396.0,,,s3://rldb/processed_v3/microagi/2026-04-13-00-17-50-533337.mp4,s3://rldb/processed_v3/microagi/2026-04-13-00-17-50-533337.zarr,fold_clothes,train
2026-04-13-19-53-58-625187,fold_laundry,Fold a white cloth garment and place it on top of a stack of folded laundry on a couch.,microagi,human_bimanual,204.0,,,s3://rldb/processed_v3/microagi/2026-04-13-19-53-58-625187.mp4,s3://rldb/processed_v3/microagi/2026-04-13-19-53-58-625187.zarr,fold_clothes,train
2026-04-13-19-54-09-163520,fold_laundry,Fold a striped shirt on an ironing board among other laundry items.,microagi,human_bimanual,153.0,,,s3://rldb/processed_v3/microagi/2026-04-13-19-54-09-163520.mp4,s3://rldb/processed_v3/microagi/2026-04-13-19-54-09-163520.zarr,fold_clothes,train
2026-04-15-09-54-28-787092,fold_laundry,Pick up a white cloth from a pile on the floor and fold it into a compact shape.,microagi,human_bimanual,152.0,,,s3://rldb/processed_v3/microagi/2026-04-15-09-54-28-787092.mp4,s3://rldb/processed_v3/microagi/2026-04-15-09-54-28-787092.zarr,fold_clothes,train
2026-04-15-12-06-16-928140,fold_laundry,Fold a plaid garment on top of a washing machine into a compact folded shape.,microagi,human_bimanual,232.0,,,s3://rldb/processed_v3/microagi/2026-04-15-12-06-16-928140.mp4,s3://rldb/processed_v3/microagi/2026-04-15-12-06-16-928140.zarr,fold_clothes,train
2026-04-15-13-13-56-309502,fold_laundry,Fold a large cloth/sheet by grasping its edges and bringing corners together to create a folded bundle on the couch.,microagi,human_bimanual,243.0,,,s3://rldb/processed_v3/microagi/2026-04-15-13-13-56-309502.mp4,s3://rldb/processed_v3/microagi/2026-04-15-13-13-56-309502.zarr,fold_clothes,train
2026-04-15-15-49-07-255314,fold_laundry,Pick up a white t-shirt from a pile of laundry and fold it flat on the bed.,microagi,human_bimanual,307.0,,,s3://rldb/processed_v3/microagi/2026-04-15-15-49-07-255314.mp4,s3://rldb/processed_v3/microagi/2026-04-15-15-49-07-255314.zarr,fold_clothes,train
2026-04-15-17-14-50-689968,fold_laundry,Fold a small light-colored garment (underwear/small cloth) by bringing edges together and folding it in half on the lap.,microagi,human_bimanual,173.0,,,s3://rldb/processed_v3/microagi/2026-04-15-17-14-50-689968.mp4,s3://rldb/processed_v3/microagi/2026-04-15-17-14-50-689968.zarr,fold_clothes,train
2026-04-15-17-25-58-478686,fold_laundry,Fold a blue t-shirt flat on a striped surface into a compact rectangle.,microagi,human_bimanual,825.0,,,s3://rldb/processed_v3/microagi/2026-04-15-17-25-58-478686.mp4,s3://rldb/processed_v3/microagi/2026-04-15-17-25-58-478686.zarr,fold_clothes,train
2026-04-16-13-22-25-195013,fold_laundry,Fold a light blue shirt in half on a bed.,microagi,human_bimanual,178.0,,,s3://rldb/processed_v3/microagi/2026-04-16-13-22-25-195013.mp4,s3://rldb/processed_v3/microagi/2026-04-16-13-22-25-195013.zarr,fold_clothes,train
2026-04-16-19-30-49-062908,fold_laundry,Fold a gray t-shirt into a compact rectangle and place it on the surface.,microagi,human_bimanual,211.0,,,s3://rldb/processed_v3/microagi/2026-04-16-19-30-49-062908.mp4,s3://rldb/processed_v3/microagi/2026-04-16-19-30-49-062908.zarr,fold_clothes,train
2026-04-17-06-44-29-030059,fold_laundry,Fold a pair of black pants in half lengthwise and then fold again into a compact rectangle on a bed.,microagi,human_bimanual,199.0,,,s3://rldb/processed_v3/microagi/2026-04-17-06-44-29-030059.mp4,s3://rldb/processed_v3/microagi/2026-04-17-06-44-29-030059.zarr,fold_clothes,train
2026-04-17-09-30-03-198902,fold_laundry,Fold a patterned cloth on a kitchen counter by laying it flat and folding it over with both hands.,microagi,human_bimanual,413.0,,,s3://rldb/processed_v3/microagi/2026-04-17-09-30-03-198902.mp4,s3://rldb/processed_v3/microagi/2026-04-17-09-30-03-198902.zarr,fold_clothes,train
2026-04-18-00-28-15-880823,fold_laundry,Fold a black striped shirt on a bed by laying it flat and folding it in half.,microagi,human_bimanual,191.0,,,s3://rldb/processed_v3/microagi/2026-04-18-00-28-15-880823.mp4,s3://rldb/processed_v3/microagi/2026-04-18-00-28-15-880823.zarr,fold_clothes,train
2026-04-18-13-47-53-003851,fold_laundry,Fold a white cloth garment into a compact bundle on a bed.,microagi,human_bimanual,531.0,,,s3://rldb/processed_v3/microagi/2026-04-18-13-47-53-003851.mp4,s3://rldb/processed_v3/microagi/2026-04-18-13-47-53-003851.zarr,fold_clothes,train
2026-04-19-14-27-28-648583,fold_laundry,Fold a gray striped garment and a black garment on a wooden table into neat rectangles.,microagi,human_bimanual,703.0,,,s3://rldb/processed_v3/microagi/2026-04-19-14-27-28-648583.mp4,s3://rldb/processed_v3/microagi/2026-04-19-14-27-28-648583.zarr,fold_clothes,train
2026-04-19-14-34-29-636109,fold_laundry,Fold a white garment and place it onto a stack of folded clothes on the table.,microagi,human_bimanual,252.0,,,s3://rldb/processed_v3/microagi/2026-04-19-14-34-29-636109.mp4,s3://rldb/processed_v3/microagi/2026-04-19-14-34-29-636109.zarr,fold_clothes,train
2026-04-19-15-37-07-103028,fold_laundry,Fold a green garment into a compact rectangle on a wooden table.,microagi,human_bimanual,179.0,,,s3://rldb/processed_v3/microagi/2026-04-19-15-37-07-103028.mp4,s3://rldb/processed_v3/microagi/2026-04-19-15-37-07-103028.zarr,fold_clothes,train
2026-04-20-09-11-47-679209,fold_laundry,Pick up a checkered cloth garment from the couch and fold it.,microagi,human_bimanual,478.0,,,s3://rldb/processed_v3/microagi/2026-04-20-09-11-47-679209.mp4,s3://rldb/processed_v3/microagi/2026-04-20-09-11-47-679209.zarr,fold_clothes,train
2026-04-20-12-47-39-395005,fold_laundry,Fold a white shirt and place the folded shirt on the couch.,microagi,human_bimanual,296.0,,,s3://rldb/processed_v3/microagi/2026-04-20-12-47-39-395005.mp4,s3://rldb/processed_v3/microagi/2026-04-20-12-47-39-395005.zarr,fold_clothes,train
2026-04-20-14-40-19-208214,fold_laundry,Fold a dark garment (pants/shirt) on a flat surface into a compact folded bundle.,microagi,human_bimanual,179.0,,,s3://rldb/processed_v3/microagi/2026-04-20-14-40-19-208214.mp4,s3://rldb/processed_v3/microagi/2026-04-20-14-40-19-208214.zarr,fold_clothes,train
2026-04-20-14-48-26-715008,fold_laundry,Fold a white cloth garment picked from a pile of laundry on a couch.,microagi,human_bimanual,360.0,,,s3://rldb/processed_v3/microagi/2026-04-20-14-48-26-715008.mp4,s3://rldb/processed_v3/microagi/2026-04-20-14-48-26-715008.zarr,fold_clothes,train
2026-04-20-14-50-54-064804,fold_laundry,Fold black clothing garments from a pile on a couch into a folded stack.,microagi,human_bimanual,279.0,,,s3://rldb/processed_v3/microagi/2026-04-20-14-50-54-064804.mp4,s3://rldb/processed_v3/microagi/2026-04-20-14-50-54-064804.zarr,fold_clothes,train
2026-04-20-22-48-58-026856,fold_laundry,Fold a dark garment on a countertop by manipulating and folding the fabric into a compact shape.,microagi,human_bimanual,340.0,,,s3://rldb/processed_v3/microagi/2026-04-20-22-48-58-026856.mp4,s3://rldb/processed_v3/microagi/2026-04-20-22-48-58-026856.zarr,fold_clothes,train
2026-04-21-12-10-12-338339,fold_laundry,Fold a black garment (pants or shirt) on a bed by smoothing and folding it into a compact shape.,microagi,human_bimanual,150.0,,,s3://rldb/processed_v3/microagi/2026-04-21-12-10-12-338339.mp4,s3://rldb/processed_v3/microagi/2026-04-21-12-10-12-338339.zarr,fold_clothes,train
2026-04-21-12-13-04-197747,fold_laundry,Fold a green patterned cloth garment on a bed by spreading it flat and folding it into a compact shape.,microagi,human_bimanual,237.0,,,s3://rldb/processed_v3/microagi/2026-04-21-12-13-04-197747.mp4,s3://rldb/processed_v3/microagi/2026-04-21-12-13-04-197747.zarr,fold_clothes,train
2026-04-22-17-44-24-838554,fold_laundry,Fold a blue garment on a bed using both hands to create a folded stack.,microagi,human_bimanual,294.0,,,s3://rldb/processed_v3/microagi/2026-04-22-17-44-24-838554.mp4,s3://rldb/processed_v3/microagi/2026-04-22-17-44-24-838554.zarr,fold_clothes,train
2026-04-22-17-54-33-211380,fold_laundry,Fold a gray garment and place it on a stack of folded laundry.,microagi,human_bimanual,342.0,,,s3://rldb/processed_v3/microagi/2026-04-22-17-54-33-211380.mp4,s3://rldb/processed_v3/microagi/2026-04-22-17-54-33-211380.zarr,fold_clothes,train
2026-04-23-07-02-37-963148,fold_laundry,Pick up a pair of grey pants from a laundry pile and hold them by the waistband to begin folding.,microagi,human_bimanual,227.0,,,s3://rldb/processed_v3/microagi/2026-04-23-07-02-37-963148.mp4,s3://rldb/processed_v3/microagi/2026-04-23-07-02-37-963148.zarr,fold_clothes,train
2026-04-23-07-07-48-613079,fold_laundry,Fold a white t-shirt into a square and place it on the floor with other folded laundry.,microagi,human_bimanual,296.0,,,s3://rldb/processed_v3/microagi/2026-04-23-07-07-48-613079.mp4,s3://rldb/processed_v3/microagi/2026-04-23-07-07-48-613079.zarr,fold_clothes,train
2026-04-23-10-12-32-162182,fold_laundry,"Fold a black garment into a compact rectangle on a patterned surface, then pick up and begin folding a light blue garment.",microagi,human_bimanual,404.0,,,s3://rldb/processed_v3/microagi/2026-04-23-10-12-32-162182.mp4,s3://rldb/processed_v3/microagi/2026-04-23-10-12-32-162182.zarr,fold_clothes,train
2026-04-23-11-58-58-692079,fold_laundry,Fold a dark garment (sweater/shirt) on a couch into a compact square by folding sides inward and then in half.,microagi,human_bimanual,182.0,,,s3://rldb/processed_v3/microagi/2026-04-23-11-58-58-692079.mp4,s3://rldb/processed_v3/microagi/2026-04-23-11-58-58-692079.zarr,fold_clothes,train
2026-04-24-12-22-31-746077,fold_laundry,Fold a purple shirt flat on a bed into a compact rectangle.,microagi,human_bimanual,629.0,,,s3://rldb/processed_v3/microagi/2026-04-24-12-22-31-746077.mp4,s3://rldb/processed_v3/microagi/2026-04-24-12-22-31-746077.zarr,fold_clothes,train
2026-04-24-13-06-00-442904,fold_laundry,Fold a white t-shirt on a table into a compact rectangle.,microagi,human_bimanual,601.0,,,s3://rldb/processed_v3/microagi/2026-04-24-13-06-00-442904.mp4,s3://rldb/processed_v3/microagi/2026-04-24-13-06-00-442904.zarr,fold_clothes,train
2026-04-25-07-47-37-140019,fold_laundry,Fold a gray garment (shirt/towel) by spreading it flat and folding it in half on a couch.,microagi,human_bimanual,155.0,,,s3://rldb/processed_v3/microagi/2026-04-25-07-47-37-140019.mp4,s3://rldb/processed_v3/microagi/2026-04-25-07-47-37-140019.zarr,fold_clothes,train
2026-04-25-16-27-32-764339,fold_laundry,Fold a gray garment (underwear/shorts) by stretching it flat and folding it in half.,microagi,human_bimanual,196.0,,,s3://rldb/processed_v3/microagi/2026-04-25-16-27-32-764339.mp4,s3://rldb/processed_v3/microagi/2026-04-25-16-27-32-764339.zarr,fold_clothes,train
2026-04-25-19-21-42-017188,fold_laundry,Fold a white t-shirt with both hands into a compact folded shape on a bed.,microagi,human_bimanual,265.0,,,s3://rldb/processed_v3/microagi/2026-04-25-19-21-42-017188.mp4,s3://rldb/processed_v3/microagi/2026-04-25-19-21-42-017188.zarr,fold_clothes,train
2026-04-28-07-42-43-447463,fold_laundry,Fold a blue towel in half twice and place the folded square on the bed.,microagi,human_bimanual,171.0,,,s3://rldb/processed_v3/microagi/2026-04-28-07-42-43-447463.mp4,s3://rldb/processed_v3/microagi/2026-04-28-07-42-43-447463.zarr,fold_clothes,train
2026-04-28-13-21-56-824994,fold_laundry,"Pick up socks from a pile on a table, fold each sock, and place the folded socks back on the table.",microagi,human_bimanual,471.0,,,s3://rldb/processed_v3/microagi/2026-04-28-13-21-56-824994.mp4,s3://rldb/processed_v3/microagi/2026-04-28-13-21-56-824994.zarr,fold_clothes,train
2026-04-28-15-09-56-846835,fold_laundry,"Fold a blue shirt on a couch surface, bringing the garment into a compact folded shape.",microagi,human_bimanual,160.0,,,s3://rldb/processed_v3/microagi/2026-04-28-15-09-56-846835.mp4,s3://rldb/processed_v3/microagi/2026-04-28-15-09-56-846835.zarr,fold_clothes,train
2026-04-28-18-47-13-694749,fold_laundry,"Fold a dark green garment and place it aside, then pick up and fold a white garment on the bed.",microagi,human_bimanual,201.0,,,s3://rldb/processed_v3/microagi/2026-04-28-18-47-13-694749.mp4,s3://rldb/processed_v3/microagi/2026-04-28-18-47-13-694749.zarr,fold_clothes,train
2026-04-30-02-17-39-322834,fold_laundry,Fold a patterned garment into a compact rectangle on a flat surface.,microagi,human_bimanual,209.0,,,s3://rldb/processed_v3/microagi/2026-04-30-02-17-39-322834.mp4,s3://rldb/processed_v3/microagi/2026-04-30-02-17-39-322834.zarr,fold_clothes,train
2026-04-30-02-20-02-590531,fold_laundry,Fold a small striped garment (sock) in half and place it on the bed.,microagi,human_bimanual,251.0,,,s3://rldb/processed_v3/microagi/2026-04-30-02-20-02-590531.mp4,s3://rldb/processed_v3/microagi/2026-04-30-02-20-02-590531.zarr,fold_clothes,train
2026-04-30-02-31-15-368964,fold_laundry,Fold a white garment in half and then in half again into a compact bundle on a flat surface.,microagi,human_bimanual,656.0,,,s3://rldb/processed_v3/microagi/2026-04-30-02-31-15-368964.mp4,s3://rldb/processed_v3/microagi/2026-04-30-02-31-15-368964.zarr,fold_clothes,train
2026-04-30-08-36-44-679292,fold_laundry,"Fold a striped cloth and a red cloth on a bed, resulting in neatly folded laundry items.",microagi,human_bimanual,216.0,,,s3://rldb/processed_v3/microagi/2026-04-30-08-36-44-679292.mp4,s3://rldb/processed_v3/microagi/2026-04-30-08-36-44-679292.zarr,fold_clothes,train
2026-05-01-08-15-05-074726,fold_laundry,"Take a green garment from a drying rack, fold it, and place the folded garment back on the rack.",microagi,human_bimanual,201.0,,,s3://rldb/processed_v3/microagi/2026-05-01-08-15-05-074726.mp4,s3://rldb/processed_v3/microagi/2026-05-01-08-15-05-074726.zarr,fold_clothes,train
2026-05-01-09-13-26-036895,fold_laundry,Fold a black t-shirt on a flat surface and place it into a laundry basket.,microagi,human_bimanual,235.0,,,s3://rldb/processed_v3/microagi/2026-05-01-09-13-26-036895.mp4,s3://rldb/processed_v3/microagi/2026-05-01-09-13-26-036895.zarr,fold_clothes,train
2026-05-01-10-29-27-270112,fold_laundry,"Pick up a dark garment from a pile of laundry, fold it with both hands, and place the folded item on the windowsill.",microagi,human_bimanual,154.0,,,s3://rldb/processed_v3/microagi/2026-05-01-10-29-27-270112.mp4,s3://rldb/processed_v3/microagi/2026-05-01-10-29-27-270112.zarr,fold_clothes,train
2026-05-01-10-33-25-646584,fold_laundry,Fold a green and red patterned cloth/towel into a compact rectangle on a desk.,microagi,human_bimanual,503.0,,,s3://rldb/processed_v3/microagi/2026-05-01-10-33-25-646584.mp4,s3://rldb/processed_v3/microagi/2026-05-01-10-33-25-646584.zarr,fold_clothes,train
2026-05-01-18-04-00-088948,fold_laundry,Fold a pair of jeans on a table by folding the legs together and then folding the pants in half lengthwise.,microagi,human_bimanual,589.0,,,s3://rldb/processed_v3/microagi/2026-05-01-18-04-00-088948.mp4,s3://rldb/processed_v3/microagi/2026-05-01-18-04-00-088948.zarr,fold_clothes,train
2026-05-01-18-06-02-896085,fold_laundry,Fold a dark shirt or garment on a table by laying it flat and folding it into a compact shape.,microagi,human_bimanual,874.0,,,s3://rldb/processed_v3/microagi/2026-05-01-18-06-02-896085.mp4,s3://rldb/processed_v3/microagi/2026-05-01-18-06-02-896085.zarr,fold_clothes,train
2026-05-01-18-30-26-012104,fold_laundry,"Fold a black garment (pants or shirt) flat on a surface by laying it out, folding it in half, and lifting the folded result.",microagi,human_bimanual,440.0,,,s3://rldb/processed_v3/microagi/2026-05-01-18-30-26-012104.mp4,s3://rldb/processed_v3/microagi/2026-05-01-18-30-26-012104.zarr,fold_clothes,train
2026-05-01-18-30-51-792104,fold_laundry,Fold a black garment (shorts/pants) flat on a counter into a compact folded shape.,microagi,human_bimanual,201.0,,,s3://rldb/processed_v3/microagi/2026-05-01-18-30-51-792104.mp4,s3://rldb/processed_v3/microagi/2026-05-01-18-30-51-792104.zarr,fold_clothes,train
2026-05-01-23-44-14-606582,fold_laundry,Pick up a black garment from the floor and fold it in half.,microagi,human_bimanual,175.0,,,s3://rldb/processed_v3/microagi/2026-05-01-23-44-14-606582.mp4,s3://rldb/processed_v3/microagi/2026-05-01-23-44-14-606582.zarr,fold_clothes,train
2026-05-02-15-20-02-050269,fold_laundry,"Pick up a pair of jeans from a pile on a bed, lay them flat, and fold them into a compact rectangle.",microagi,human_bimanual,921.0,,,s3://rldb/processed_v3/microagi/2026-05-02-15-20-02-050269.mp4,s3://rldb/processed_v3/microagi/2026-05-02-15-20-02-050269.zarr,fold_clothes,train
2026-05-03-15-06-13-430296,fold_laundry,Fold a striped shirt by folding the sleeves inward and the sides toward the center into a compact rectangle.,microagi,human_bimanual,531.0,,,s3://rldb/processed_v3/microagi/2026-05-03-15-06-13-430296.mp4,s3://rldb/processed_v3/microagi/2026-05-03-15-06-13-430296.zarr,fold_clothes,train
2026-05-03-15-27-33-086256,fold_laundry,"Fold small clothing items (socks and underwear) on a bed, arranging them into neat piles.",microagi,human_bimanual,1491.0,,,s3://rldb/processed_v3/microagi/2026-05-03-15-27-33-086256.mp4,s3://rldb/processed_v3/microagi/2026-05-03-15-27-33-086256.zarr,fold_clothes,train
2026-05-03-23-32-42-092699,fold_laundry,Fold a black garment and place it into an open drawer.,microagi,human_bimanual,162.0,,,s3://rldb/processed_v3/microagi/2026-05-03-23-32-42-092699.mp4,s3://rldb/processed_v3/microagi/2026-05-03-23-32-42-092699.zarr,fold_clothes,train
2026-05-04-15-48-51-034601,fold_laundry,Fold a yellow garment (shirt/cloth) on a bed.,microagi,human_bimanual,883.0,,,s3://rldb/processed_v3/microagi/2026-05-04-15-48-51-034601.mp4,s3://rldb/processed_v3/microagi/2026-05-04-15-48-51-034601.zarr,fold_clothes,train
2026-05-06-10-06-58-218553,fold_laundry,Fold a gray tank top on a table by laying it flat and folding it into a compact rectangle.,microagi,human_bimanual,478.0,,,s3://rldb/processed_v3/microagi/2026-05-06-10-06-58-218553.mp4,s3://rldb/processed_v3/microagi/2026-05-06-10-06-58-218553.zarr,fold_clothes,train
2026-05-07-16-05-41-298655,fold_laundry,Lay a pink t-shirt flat on a table and smooth it out in preparation for folding.,microagi,human_bimanual,160.0,,,s3://rldb/processed_v3/microagi/2026-05-07-16-05-41-298655.mp4,s3://rldb/processed_v3/microagi/2026-05-07-16-05-41-298655.zarr,fold_clothes,train
2026-05-07-16-49-50-388233,fold_laundry,Fold a striped sock in half by bringing the toe and heel ends together.,microagi,human_bimanual,334.0,,,s3://rldb/processed_v3/microagi/2026-05-07-16-49-50-388233.mp4,s3://rldb/processed_v3/microagi/2026-05-07-16-49-50-388233.zarr,fold_clothes,train
2026-05-07-20-17-50-091717,fold_laundry,Fold a cream-colored garment and place it alongside other folded clothes on the floor.,microagi,human_bimanual,154.0,,,s3://rldb/processed_v3/microagi/2026-05-07-20-17-50-091717.mp4,s3://rldb/processed_v3/microagi/2026-05-07-20-17-50-091717.zarr,fold_clothes,train
2026-05-07-20-23-10-649431,fold_laundry,Fold assorted clothing items (a dark patterned garment and a beige piece) from a pile of laundry on the floor.,microagi,human_bimanual,545.0,,,s3://rldb/processed_v3/microagi/2026-05-07-20-23-10-649431.mp4,s3://rldb/processed_v3/microagi/2026-05-07-20-23-10-649431.zarr,fold_clothes,train
2026-05-07-20-25-15-651418,fold_laundry,Fold a dark garment by laying it flat on the floor and adjusting its edges into a folded shape.,microagi,human_bimanual,229.0,,,s3://rldb/processed_v3/microagi/2026-05-07-20-25-15-651418.mp4,s3://rldb/processed_v3/microagi/2026-05-07-20-25-15-651418.zarr,fold_clothes,train
2026-05-08-17-50-47-471174,fold_laundry,Fold a pair of dark pants on a bed by laying them flat and folding the bottom hem upward.,microagi,human_bimanual,231.0,,,s3://rldb/processed_v3/microagi/2026-05-08-17-50-47-471174.mp4,s3://rldb/processed_v3/microagi/2026-05-08-17-50-47-471174.zarr,fold_clothes,train
2026-05-08-17-55-17-983076,fold_laundry,Fold a black t-shirt in half and place it on the bed.,microagi,human_bimanual,416.0,,,s3://rldb/processed_v3/microagi/2026-05-08-17-55-17-983076.mp4,s3://rldb/processed_v3/microagi/2026-05-08-17-55-17-983076.zarr,fold_clothes,train
2026-05-08-21-06-55-972190,fold_laundry,Fold a pink garment from a pile of laundry on the couch.,microagi,human_bimanual,177.0,,,s3://rldb/processed_v3/microagi/2026-05-08-21-06-55-972190.mp4,s3://rldb/processed_v3/microagi/2026-05-08-21-06-55-972190.zarr,fold_clothes,train
2026-05-08-23-43-04-071037,fold_laundry,Fold a pink towel by spreading it flat and folding it in half on the couch.,microagi,human_bimanual,152.0,,,s3://rldb/processed_v3/microagi/2026-05-08-23-43-04-071037.mp4,s3://rldb/processed_v3/microagi/2026-05-08-23-43-04-071037.zarr,fold_clothes,train
2026-05-09-08-50-57-415829,fold_laundry,Fold assorted garments (shirts and clothing items) on a table into neat folded stacks.,microagi,human_bimanual,631.0,,,s3://rldb/processed_v3/microagi/2026-05-09-08-50-57-415829.mp4,s3://rldb/processed_v3/microagi/2026-05-09-08-50-57-415829.zarr,fold_clothes,train
2026-05-09-08-53-06-458042,fold_laundry,Fold a striped shirt by holding it up and folding it flat on a surface.,microagi,human_bimanual,653.0,,,s3://rldb/processed_v3/microagi/2026-05-09-08-53-06-458042.mp4,s3://rldb/processed_v3/microagi/2026-05-09-08-53-06-458042.zarr,fold_clothes,train
2026-05-09-08-54-30-838272,fold_laundry,Fold a white garment (t-shirt) on a table into a compact folded shape.,microagi,human_bimanual,500.0,,,s3://rldb/processed_v3/microagi/2026-05-09-08-54-30-838272.mp4,s3://rldb/processed_v3/microagi/2026-05-09-08-54-30-838272.zarr,fold_clothes,train
2026-05-09-11-30-24-096418,fold_laundry,Fold dark clothing items and place the folded garments on the counter.,microagi,human_bimanual,245.0,,,s3://rldb/processed_v3/microagi/2026-05-09-11-30-24-096418.mp4,s3://rldb/processed_v3/microagi/2026-05-09-11-30-24-096418.zarr,fold_clothes,train
2026-05-09-22-24-22-813470,fold_laundry,Pick up a purple garment from a pile of clothes and fold it on the bed.,microagi,human_bimanual,234.0,,,s3://rldb/processed_v3/microagi/2026-05-09-22-24-22-813470.mp4,s3://rldb/processed_v3/microagi/2026-05-09-22-24-22-813470.zarr,fold_clothes,train
2026-05-09-22-24-33-651803,fold_laundry,Fold small cloth items (bandanas/scarves) and place them in a folded pile on the bed.,microagi,human_bimanual,663.0,,,s3://rldb/processed_v3/microagi/2026-05-09-22-24-33-651803.mp4,s3://rldb/processed_v3/microagi/2026-05-09-22-24-33-651803.zarr,fold_clothes,train
2026-05-10-15-33-34-675738,fold_laundry,Fold a garment (shirt) and place it in a row with other folded laundry items on the floor.,microagi,human_bimanual,704.0,,,s3://rldb/processed_v3/microagi/2026-05-10-15-33-34-675738.mp4,s3://rldb/processed_v3/microagi/2026-05-10-15-33-34-675738.zarr,fold_clothes,train
2026-05-11-09-49-39-590032,fold_laundry,Fold garments from a pile of mixed laundry into folded stacks on the floor.,microagi,human_bimanual,908.0,,,s3://rldb/processed_v3/microagi/2026-05-11-09-49-39-590032.mp4,s3://rldb/processed_v3/microagi/2026-05-11-09-49-39-590032.zarr,fold_clothes,train
2026-05-11-13-23-37-611981,fold_laundry,Fold a black garment (pants or shirt) on a flat surface into a compact folded shape.,microagi,human_bimanual,197.0,,,s3://rldb/processed_v3/microagi/2026-05-11-13-23-37-611981.mp4,s3://rldb/processed_v3/microagi/2026-05-11-13-23-37-611981.zarr,fold_clothes,train
2026-05-11-13-25-01-777492,fold_laundry,Fold an orange shirt by bringing the sleeves and sides inward to create a compact folded rectangle.,microagi,human_bimanual,473.0,,,s3://rldb/processed_v3/microagi/2026-05-11-13-25-01-777492.mp4,s3://rldb/processed_v3/microagi/2026-05-11-13-25-01-777492.zarr,fold_clothes,train
2026-05-11-17-25-12-107718,fold_laundry,Fold a white t-shirt flat on a wooden table.,microagi,human_bimanual,516.0,,,s3://rldb/processed_v3/microagi/2026-05-11-17-25-12-107718.mp4,s3://rldb/processed_v3/microagi/2026-05-11-17-25-12-107718.zarr,fold_clothes,train
2026-05-11-21-33-12-084968,fold_laundry,Fold a pair of dark blue pants in half on a bed surface.,microagi,human_bimanual,458.0,,,s3://rldb/processed_v3/microagi/2026-05-11-21-33-12-084968.mp4,s3://rldb/processed_v3/microagi/2026-05-11-21-33-12-084968.zarr,fold_clothes,train
2026-05-12-17-01-39-470521,fold_laundry,Fold a cream-colored sweater/garment in half on a table and place the folded item down.,microagi,human_bimanual,678.0,,,s3://rldb/processed_v3/microagi/2026-05-12-17-01-39-470521.mp4,s3://rldb/processed_v3/microagi/2026-05-12-17-01-39-470521.zarr,fold_clothes,train
2026-05-12-17-10-44-914134,fold_laundry,Fold a brown shirt flat on a table by smoothing and folding the fabric with both hands.,microagi,human_bimanual,299.0,,,s3://rldb/processed_v3/microagi/2026-05-12-17-10-44-914134.mp4,s3://rldb/processed_v3/microagi/2026-05-12-17-10-44-914134.zarr,fold_clothes,train
2026-05-13-07-31-25-357148,fold_laundry,Fold a green cloth towel into a compact rectangle on a flat surface.,microagi,human_bimanual,333.0,,,s3://rldb/processed_v3/microagi/2026-05-13-07-31-25-357148.mp4,s3://rldb/processed_v3/microagi/2026-05-13-07-31-25-357148.zarr,fold_clothes,train
2026-05-13-09-59-41-880218,fold_laundry,Fold a dark garment (pants or shirt) on the floor and lift the completed fold.,microagi,human_bimanual,210.0,,,s3://rldb/processed_v3/microagi/2026-05-13-09-59-41-880218.mp4,s3://rldb/processed_v3/microagi/2026-05-13-09-59-41-880218.zarr,fold_clothes,train
2026-05-13-17-57-01-652021,fold_laundry,"Fold a pair of dark pants on a table into a compact rectangle, then pick up the next garment to fold.",microagi,human_bimanual,1097.0,,,s3://rldb/processed_v3/microagi/2026-05-13-17-57-01-652021.mp4,s3://rldb/processed_v3/microagi/2026-05-13-17-57-01-652021.zarr,fold_clothes,train
2026-05-13-17-59-52-009489,fold_laundry,"Fold a pair of gray pants in half on a wooden desk, smoothing the fabric and aligning the edges.",microagi,human_bimanual,235.0,,,s3://rldb/processed_v3/microagi/2026-05-13-17-59-52-009489.mp4,s3://rldb/processed_v3/microagi/2026-05-13-17-59-52-009489.zarr,fold_clothes,train
2026-05-13-20-14-33-413846,fold_laundry,Fold a purple garment by stretching it flat and folding it in half on the floor.,microagi,human_bimanual,1035.0,,,s3://rldb/processed_v3/microagi/2026-05-13-20-14-33-413846.mp4,s3://rldb/processed_v3/microagi/2026-05-13-20-14-33-413846.zarr,fold_clothes,train
2026-05-15-07-51-30-848125,fold_laundry,Fold a blue garment and a white garment into a neat stack on a striped surface.,microagi,human_bimanual,437.0,,,s3://rldb/processed_v3/microagi/2026-05-15-07-51-30-848125.mp4,s3://rldb/processed_v3/microagi/2026-05-15-07-51-30-848125.zarr,fold_clothes,train
2026-05-15-13-32-11-574433,fold_laundry,Fold a white shirt into a compact folded shape on the floor.,microagi,human_bimanual,159.0,,,s3://rldb/processed_v3/microagi/2026-05-15-13-32-11-574433.mp4,s3://rldb/processed_v3/microagi/2026-05-15-13-32-11-574433.zarr,fold_clothes,train
2026-05-16-17-54-19-790722,fold_laundry,Fold a light blue shirt on the lap into a compact bundle.,microagi,human_bimanual,155.0,,,s3://rldb/processed_v3/microagi/2026-05-16-17-54-19-790722.mp4,s3://rldb/processed_v3/microagi/2026-05-16-17-54-19-790722.zarr,fold_clothes,train
2026-05-17-06-36-44-089950,fold_laundry,Fold a gray cloth into a square and fold a second white cloth on the bed.,microagi,human_bimanual,272.0,,,s3://rldb/processed_v3/microagi/2026-05-17-06-36-44-089950.mp4,s3://rldb/processed_v3/microagi/2026-05-17-06-36-44-089950.zarr,fold_clothes,train
2026-05-17-06-38-01-371617,fold_laundry,Fold small cloth garments one by one and place each folded item into a neat stack on the surface.,microagi,human_bimanual,260.0,,,s3://rldb/processed_v3/microagi/2026-05-17-06-38-01-371617.mp4,s3://rldb/processed_v3/microagi/2026-05-17-06-38-01-371617.zarr,fold_clothes,train
2026-05-17-16-15-24-651761,fold_laundry,"Fold laundry by picking up, arranging, and folding clothing items from a pile on the bed.",microagi,human_bimanual,1140.0,,,s3://rldb/processed_v3/microagi/2026-05-17-16-15-24-651761.mp4,s3://rldb/processed_v3/microagi/2026-05-17-16-15-24-651761.zarr,fold_clothes,train
2026-05-17-16-26-31-476728,fold_laundry,Fold a blue and white striped towel in half lengthwise on a bed.,microagi,human_bimanual,299.0,,,s3://rldb/processed_v3/microagi/2026-05-17-16-26-31-476728.mp4,s3://rldb/processed_v3/microagi/2026-05-17-16-26-31-476728.zarr,fold_clothes,train
2026-05-18-16-28-34-836041,fold_laundry,Fold a pair of light blue jeans in half on a flat surface.,microagi,human_bimanual,215.0,,,s3://rldb/processed_v3/microagi/2026-05-18-16-28-34-836041.mp4,s3://rldb/processed_v3/microagi/2026-05-18-16-28-34-836041.zarr,fold_clothes,train
2026-05-18-23-03-31-891800,fold_laundry,"Fold a green garment and place it on a pile of folded laundry, then pick up and begin folding another garment.",microagi,human_bimanual,218.0,,,s3://rldb/processed_v3/microagi/2026-05-18-23-03-31-891800.mp4,s3://rldb/processed_v3/microagi/2026-05-18-23-03-31-891800.zarr,fold_clothes,train
2026-05-19-03-26-18-762548,fold_laundry,Fold a white sock into a compact shape using both hands.,microagi,human_bimanual,167.0,,,s3://rldb/processed_v3/microagi/2026-05-19-03-26-18-762548.mp4,s3://rldb/processed_v3/microagi/2026-05-19-03-26-18-762548.zarr,fold_clothes,train
2026-05-20-07-49-46-534772,fold_laundry,Pick up a gray garment from the bed and fold it into a compact shape.,microagi,human_bimanual,158.0,,,s3://rldb/processed_v3/microagi/2026-05-20-07-49-46-534772.mp4,s3://rldb/processed_v3/microagi/2026-05-20-07-49-46-534772.zarr,fold_clothes,train
2026-05-20-18-45-02-674775,fold_laundry,Fold a dark garment and place it on a surface.,microagi,human_bimanual,232.0,,,s3://rldb/processed_v3/microagi/2026-05-20-18-45-02-674775.mp4,s3://rldb/processed_v3/microagi/2026-05-20-18-45-02-674775.zarr,fold_clothes,train
2026-05-21-10-50-53-513516,fold_laundry,"Fold a white shirt on a drying rack, manipulating the fabric to create a folded end state.",microagi,human_bimanual,621.0,,,s3://rldb/processed_v3/microagi/2026-05-21-10-50-53-513516.mp4,s3://rldb/processed_v3/microagi/2026-05-21-10-50-53-513516.zarr,fold_clothes,train
2026-05-21-12-26-17-842556,fold_laundry,Fold a white t-shirt flat on a table into a compact folded shape.,microagi,human_bimanual,194.0,,,s3://rldb/processed_v3/microagi/2026-05-21-12-26-17-842556.mp4,s3://rldb/processed_v3/microagi/2026-05-21-12-26-17-842556.zarr,fold_clothes,train
2026-05-21-12-26-24-845889,fold_laundry,Fold a white garment on a table and place it with the other folded clothes.,microagi,human_bimanual,230.0,,,s3://rldb/processed_v3/microagi/2026-05-21-12-26-24-845889.mp4,s3://rldb/processed_v3/microagi/2026-05-21-12-26-24-845889.zarr,fold_clothes,train
2026-05-21-15-34-12-661836,fold_laundry,Fold a white towel in half on a bed surface.,microagi,human_bimanual,304.0,,,s3://rldb/processed_v3/microagi/2026-05-21-15-34-12-661836.mp4,s3://rldb/processed_v3/microagi/2026-05-21-15-34-12-661836.zarr,fold_clothes,train
2026-05-22-03-31-00-590632,fold_laundry,Fold a light-colored garment in half and place it on the bed.,microagi,human_bimanual,168.0,,,s3://rldb/processed_v3/microagi/2026-05-22-03-31-00-590632.mp4,s3://rldb/processed_v3/microagi/2026-05-22-03-31-00-590632.zarr,fold_clothes,train
2026-05-22-10-23-22-472730,fold_laundry,Fold an orange garment in half and place it on a pile of folded laundry.,microagi,human_bimanual,702.0,,,s3://rldb/processed_v3/microagi/2026-05-22-10-23-22-472730.mp4,s3://rldb/processed_v3/microagi/2026-05-22-10-23-22-472730.zarr,fold_clothes,train
2026-05-22-13-58-21-148253,fold_laundry,Fold a white shirt into a compact rectangle on a flat surface.,microagi,human_bimanual,263.0,,,s3://rldb/processed_v3/microagi/2026-05-22-13-58-21-148253.mp4,s3://rldb/processed_v3/microagi/2026-05-22-13-58-21-148253.zarr,fold_clothes,train
2026-05-22-22-39-01-870303,fold_laundry,Pick up a white shirt from a pile of laundry and fold it in half on the bed.,microagi,human_bimanual,252.0,,,s3://rldb/processed_v3/microagi/2026-05-22-22-39-01-870303.mp4,s3://rldb/processed_v3/microagi/2026-05-22-22-39-01-870303.zarr,fold_clothes,train
2026-05-22-23-54-57-718047,fold_laundry,Fold a white cloth/towel into a compact rectangle on a table.,microagi,human_bimanual,504.0,,,s3://rldb/processed_v3/microagi/2026-05-22-23-54-57-718047.mp4,s3://rldb/processed_v3/microagi/2026-05-22-23-54-57-718047.zarr,fold_clothes,train
2026-05-23-18-59-33-570646,fold_laundry,Fold a black shirt on a bed by aligning and folding the fabric with both hands.,microagi,human_bimanual,171.0,,,s3://rldb/processed_v3/microagi/2026-05-23-18-59-33-570646.mp4,s3://rldb/processed_v3/microagi/2026-05-23-18-59-33-570646.zarr,fold_clothes,train
2026-05-23-19-01-17-352651,fold_laundry,"Fold a pair of gray socks on a bed, bringing them into a compact folded shape.",microagi,human_bimanual,187.0,,,s3://rldb/processed_v3/microagi/2026-05-23-19-01-17-352651.mp4,s3://rldb/processed_v3/microagi/2026-05-23-19-01-17-352651.zarr,fold_clothes,train
2026-05-23-20-10-46-877811,fold_laundry,Fold a purple t-shirt on a bed by smoothing it flat and folding it into a compact rectangular shape.,microagi,human_bimanual,344.0,,,s3://rldb/processed_v3/microagi/2026-05-23-20-10-46-877811.mp4,s3://rldb/processed_v3/microagi/2026-05-23-20-10-46-877811.zarr,fold_clothes,train
2026-05-24-16-37-28-246465,fold_laundry,Fold a dark garment and place it onto a stack of folded clothes on the bed.,microagi,human_bimanual,293.0,,,s3://rldb/processed_v3/microagi/2026-05-24-16-37-28-246465.mp4,s3://rldb/processed_v3/microagi/2026-05-24-16-37-28-246465.zarr,fold_clothes,train
2026-05-26-15-10-03-415959,fold_laundry,Fold a dark jacket/garment and place it on a drying rack.,microagi,human_bimanual,468.0,,,s3://rldb/processed_v3/microagi/2026-05-26-15-10-03-415959.mp4,s3://rldb/processed_v3/microagi/2026-05-26-15-10-03-415959.zarr,fold_clothes,train
2026-05-26-20-43-39-454564,fold_laundry,Fold a pair of blue jeans by aligning the legs and folding them in half into a compact shape.,microagi,human_bimanual,229.0,,,s3://rldb/processed_v3/microagi/2026-05-26-20-43-39-454564.mp4,s3://rldb/processed_v3/microagi/2026-05-26-20-43-39-454564.zarr,fold_clothes,train
2026-05-26-20-51-12-320632,fold_laundry,Fold a patterned garment with a pink waistband into a compact folded shape.,microagi,human_bimanual,346.0,,,s3://rldb/processed_v3/microagi/2026-05-26-20-51-12-320632.mp4,s3://rldb/processed_v3/microagi/2026-05-26-20-51-12-320632.zarr,fold_clothes,train
2026-05-26-21-12-17-288860,fold_laundry,Pick up garments from a pile and place them onto a stack of folded clothes on the table.,microagi,human_bimanual,173.0,,,s3://rldb/processed_v3/microagi/2026-05-26-21-12-17-288860.mp4,s3://rldb/processed_v3/microagi/2026-05-26-21-12-17-288860.zarr,fold_clothes,train
2026-05-27-18-32-15-163562,fold_laundry,Fold a red garment on the bed and place it into a laundry basket.,microagi,human_bimanual,545.0,,,s3://rldb/processed_v3/microagi/2026-05-27-18-32-15-163562.mp4,s3://rldb/processed_v3/microagi/2026-05-27-18-32-15-163562.zarr,fold_clothes,train
2026-05-28-13-38-22-736765,fold_laundry,"Fold small garments (socks/cloths) from a pile of laundry on a bed, placing them aside as folded items.",microagi,human_bimanual,205.0,,,s3://rldb/processed_v3/microagi/2026-05-28-13-38-22-736765.mp4,s3://rldb/processed_v3/microagi/2026-05-28-13-38-22-736765.zarr,fold_clothes,train
2026-05-28-13-44-20-821329,fold_laundry,Fold a light blue garment with both hands while seated on a bed.,microagi,human_bimanual,228.0,,,s3://rldb/processed_v3/microagi/2026-05-28-13-44-20-821329.mp4,s3://rldb/processed_v3/microagi/2026-05-28-13-44-20-821329.zarr,fold_clothes,train
2026-05-28-13-52-05-470241,fold_laundry,Fold a dark sock or small garment from a pile of laundry on a bed.,microagi,human_bimanual,238.0,,,s3://rldb/processed_v3/microagi/2026-05-28-13-52-05-470241.mp4,s3://rldb/processed_v3/microagi/2026-05-28-13-52-05-470241.zarr,fold_clothes,train
2026-05-29-18-28-17-987111,fold_laundry,Pick up a white cloth from a pink bag and fold it.,microagi,human_bimanual,245.0,,,s3://rldb/processed_v3/microagi/2026-05-29-18-28-17-987111.mp4,s3://rldb/processed_v3/microagi/2026-05-29-18-28-17-987111.zarr,fold_clothes,train
2026-05-31-00-49-03-945206,fold_laundry,Fold a brown tank top flat on a bed into a compact folded shape.,microagi,human_bimanual,273.0,,,s3://rldb/processed_v3/microagi/2026-05-31-00-49-03-945206.mp4,s3://rldb/processed_v3/microagi/2026-05-31-00-49-03-945206.zarr,fold_clothes,train
2026-05-31-01-25-37-131786,fold_laundry,"Fold a blue shirt by spreading it flat and folding it into a compact, neatly folded shape.",microagi,human_bimanual,179.0,,,s3://rldb/processed_v3/microagi/2026-05-31-01-25-37-131786.mp4,s3://rldb/processed_v3/microagi/2026-05-31-01-25-37-131786.zarr,fold_clothes,train
2026-05-31-19-35-37-570426,fold_laundry,Fold a patterned green garment into a rectangular shape on a dark surface.,microagi,human_bimanual,336.0,,,s3://rldb/processed_v3/microagi/2026-05-31-19-35-37-570426.mp4,s3://rldb/processed_v3/microagi/2026-05-31-19-35-37-570426.zarr,fold_clothes,train
2026-05-31-19-47-29-707271,fold_laundry,Roll a pink garment into a compact bundle using both hands.,microagi,human_bimanual,183.0,,,s3://rldb/processed_v3/microagi/2026-05-31-19-47-29-707271.mp4,s3://rldb/processed_v3/microagi/2026-05-31-19-47-29-707271.zarr,fold_clothes,train
2026-06-01-03-41-47-315966,fold_laundry,Fold a black garment on a bed into a compact folded shape.,microagi,human_bimanual,252.0,,,s3://rldb/processed_v3/microagi/2026-06-01-03-41-47-315966.mp4,s3://rldb/processed_v3/microagi/2026-06-01-03-41-47-315966.zarr,fold_clothes,train
2026-06-01-22-24-38-272909,fold_laundry,Fold a teal shirt flat on a cutting mat into a compact folded rectangle.,microagi,human_bimanual,245.0,,,s3://rldb/processed_v3/microagi/2026-06-01-22-24-38-272909.mp4,s3://rldb/processed_v3/microagi/2026-06-01-22-24-38-272909.zarr,fold_clothes,train
2026-06-02-06-06-33-431731,fold_laundry,Remove clothes from a dryer and fold a patterned garment on a nearby surface.,microagi,human_bimanual,566.0,,,s3://rldb/processed_v3/microagi/2026-06-02-06-06-33-431731.mp4,s3://rldb/processed_v3/microagi/2026-06-02-06-06-33-431731.zarr,fold_clothes,train
2026-06-02-09-24-59-288419,fold_laundry,Fold a floral-patterned garment into a compact rectangular shape on the bed surface.,microagi,human_bimanual,337.0,,,s3://rldb/processed_v3/microagi/2026-06-02-09-24-59-288419.mp4,s3://rldb/processed_v3/microagi/2026-06-02-09-24-59-288419.zarr,fold_clothes,train
2026-06-02-09-30-44-856814,fold_laundry,"Fold a dark pair of shorts or pants in half on a table, smoothing and pressing the fabric flat.",microagi,human_bimanual,234.0,,,s3://rldb/processed_v3/microagi/2026-06-02-09-30-44-856814.mp4,s3://rldb/processed_v3/microagi/2026-06-02-09-30-44-856814.zarr,fold_clothes,train
2026-06-02-12-45-57-970275,fold_laundry,"Fold a white t-shirt by holding it up, aligning the edges, and bringing the sides together into a folded shape on the bed.",microagi,human_bimanual,160.0,,,s3://rldb/processed_v3/microagi/2026-06-02-12-45-57-970275.mp4,s3://rldb/processed_v3/microagi/2026-06-02-12-45-57-970275.zarr,fold_clothes,train
2026-06-02-17-04-10-679092,fold_laundry,Fold a white cloth/towel in half twice into a compact rectangle and place it on the surface.,microagi,human_bimanual,427.0,,,s3://rldb/processed_v3/microagi/2026-06-02-17-04-10-679092.mp4,s3://rldb/processed_v3/microagi/2026-06-02-17-04-10-679092.zarr,fold_clothes,train
2026-06-02-17-14-11-817679,fold_laundry,Fold a light blue cloth garment and place it on the table with the other folded laundry.,microagi,human_bimanual,253.0,,,s3://rldb/processed_v3/microagi/2026-06-02-17-14-11-817679.mp4,s3://rldb/processed_v3/microagi/2026-06-02-17-14-11-817679.zarr,fold_clothes,train
2026-06-02-17-42-11-382803,fold_laundry,Fold an orange t-shirt in half on a table and place it on a stack of folded clothes.,microagi,human_bimanual,209.0,,,s3://rldb/processed_v3/microagi/2026-06-02-17-42-11-382803.mp4,s3://rldb/processed_v3/microagi/2026-06-02-17-42-11-382803.zarr,fold_clothes,train
2026-06-02-17-43-48-954470,fold_laundry,Fold a red garment flat on a table into a compact folded rectangle.,microagi,human_bimanual,362.0,,,s3://rldb/processed_v3/microagi/2026-06-02-17-43-48-954470.mp4,s3://rldb/processed_v3/microagi/2026-06-02-17-43-48-954470.zarr,fold_clothes,train
2026-06-02-19-41-16-771683,fold_laundry,Fold a small pink garment and place it on the couch with other folded laundry.,microagi,human_bimanual,254.0,,,s3://rldb/processed_v3/microagi/2026-06-02-19-41-16-771683.mp4,s3://rldb/processed_v3/microagi/2026-06-02-19-41-16-771683.zarr,fold_clothes,train
2026-06-02-20-01-09-758441,fold_laundry,Fold a white cloth garment into a compact square and place it on the bed.,microagi,human_bimanual,466.0,,,s3://rldb/processed_v3/microagi/2026-06-02-20-01-09-758441.mp4,s3://rldb/processed_v3/microagi/2026-06-02-20-01-09-758441.zarr,fold_clothes,train
2026-06-02-20-42-20-153949,fold_laundry,"Fold a black shirt by holding it up, stretching it flat, and placing it folded onto a pile of laundry on the bed.",microagi,human_bimanual,576.0,,,s3://rldb/processed_v3/microagi/2026-06-02-20-42-20-153949.mp4,s3://rldb/processed_v3/microagi/2026-06-02-20-42-20-153949.zarr,fold_clothes,train
2026-06-02-20-44-38-994555,fold_laundry,"Fold a pair of green shorts on a bed by lifting, aligning, and folding them in half.",microagi,human_bimanual,220.0,,,s3://rldb/processed_v3/microagi/2026-06-02-20-44-38-994555.mp4,s3://rldb/processed_v3/microagi/2026-06-02-20-44-38-994555.zarr,fold_clothes,train
2026-06-02-21-54-40-269996,fold_laundry,Fold denim and blue clothing items picked from a laundry basket.,microagi,human_bimanual,325.0,,,s3://rldb/processed_v3/microagi/2026-06-02-21-54-40-269996.mp4,s3://rldb/processed_v3/microagi/2026-06-02-21-54-40-269996.zarr,fold_clothes,train
2026-06-03-00-54-02-103918,fold_laundry,"Fold a red garment and place it on a stack, then retrieve a dark garment from a laundry basket and fold it.",microagi,human_bimanual,447.0,,,s3://rldb/processed_v3/microagi/2026-06-03-00-54-02-103918.mp4,s3://rldb/processed_v3/microagi/2026-06-03-00-54-02-103918.zarr,fold_clothes,train
2026-06-03-02-40-19-981061,fold_laundry,Fold a black garment and then a red garment from a pile of laundry on a couch.,microagi,human_bimanual,211.0,,,s3://rldb/processed_v3/microagi/2026-06-03-02-40-19-981061.mp4,s3://rldb/processed_v3/microagi/2026-06-03-02-40-19-981061.zarr,fold_clothes,train
2026-06-03-07-29-19-237509,fold_laundry,Fold a white cloth garment and place it on a stack of folded laundry on the couch.,microagi,human_bimanual,615.0,,,s3://rldb/processed_v3/microagi/2026-06-03-07-29-19-237509.mp4,s3://rldb/processed_v3/microagi/2026-06-03-07-29-19-237509.zarr,fold_clothes,train
2026-06-03-14-30-54-415048,fold_laundry,"Fold assorted clothing items (pink, green, blue garments) and stack them neatly on the bed.",microagi,human_bimanual,722.0,,,s3://rldb/processed_v3/microagi/2026-06-03-14-30-54-415048.mp4,s3://rldb/processed_v3/microagi/2026-06-03-14-30-54-415048.zarr,fold_clothes,train
2026-06-03-14-31-18-663382,fold_laundry,Fold a light green cloth garment and place it on the stack of folded laundry.,microagi,human_bimanual,347.0,,,s3://rldb/processed_v3/microagi/2026-06-03-14-31-18-663382.mp4,s3://rldb/processed_v3/microagi/2026-06-03-14-31-18-663382.zarr,fold_clothes,train
2026-06-03-15-06-31-082158,fold_laundry,Fold a black t-shirt and place it on a stack of folded clothes on the bed.,microagi,human_bimanual,250.0,,,s3://rldb/processed_v3/microagi/2026-06-03-15-06-31-082158.mp4,s3://rldb/processed_v3/microagi/2026-06-03-15-06-31-082158.zarr,fold_clothes,train
2026-06-03-15-25-05-174982,fold_laundry,"Fold a black garment and place it on the table, then pick up a pink garment from the laundry basket.",microagi,human_bimanual,484.0,,,s3://rldb/processed_v3/microagi/2026-06-03-15-25-05-174982.mp4,s3://rldb/processed_v3/microagi/2026-06-03-15-25-05-174982.zarr,fold_clothes,train
2026-06-03-15-25-22-472466,fold_laundry,Fold pink cloth garments from a laundry basket and place them folded on a table.,microagi,human_bimanual,486.0,,,s3://rldb/processed_v3/microagi/2026-06-03-15-25-22-472466.mp4,s3://rldb/processed_v3/microagi/2026-06-03-15-25-22-472466.zarr,fold_clothes,train
2026-06-03-17-00-54-636851,fold_laundry,Fold an orange t-shirt on a table by placing a folded garment on top and folding the shirt over it.,microagi,human_bimanual,261.0,,,s3://rldb/processed_v3/microagi/2026-06-03-17-00-54-636851.mp4,s3://rldb/processed_v3/microagi/2026-06-03-17-00-54-636851.zarr,fold_clothes,train
2026-06-03-17-48-10-043627,fold_laundry,"Pick up a red cloth garment and fold it by hand, resulting in a folded piece placed on the laundry pile.",microagi,human_bimanual,592.0,,,s3://rldb/processed_v3/microagi/2026-06-03-17-48-10-043627.mp4,s3://rldb/processed_v3/microagi/2026-06-03-17-48-10-043627.zarr,fold_clothes,train
2026-06-03-17-55-31-516556,fold_laundry,Fold a gray garment (shirt or shorts) on a bed by aligning edges and folding it into a compact rectangle.,microagi,human_bimanual,337.0,,,s3://rldb/processed_v3/microagi/2026-06-03-17-55-31-516556.mp4,s3://rldb/processed_v3/microagi/2026-06-03-17-55-31-516556.zarr,fold_clothes,train
2026-06-03-17-58-23-139654,fold_laundry,Fold black socks and small garments and place them in a neat stack on the bed.,microagi,human_bimanual,679.0,,,s3://rldb/processed_v3/microagi/2026-06-03-17-58-23-139654.mp4,s3://rldb/processed_v3/microagi/2026-06-03-17-58-23-139654.zarr,fold_clothes,train
2026-06-03-18-34-04-622042,fold_laundry,"Pick up a garment from a drying rack, fold it with both hands, and place the folded garment on a stack.",microagi,human_bimanual,176.0,,,s3://rldb/processed_v3/microagi/2026-06-03-18-34-04-622042.mp4,s3://rldb/processed_v3/microagi/2026-06-03-18-34-04-622042.zarr,fold_clothes,train
2026-06-03-21-42-33-390295,fold_laundry,Fold a black garment on a cutting mat into a compact folded shape.,microagi,human_bimanual,948.0,,,s3://rldb/processed_v3/microagi/2026-06-03-21-42-33-390295.mp4,s3://rldb/processed_v3/microagi/2026-06-03-21-42-33-390295.zarr,fold_clothes,train
2026-06-03-23-57-27-133661,fold_laundry,Pick up clothing items from a laundry basket and fold each one in sequence.,microagi,human_bimanual,724.0,,,s3://rldb/processed_v3/microagi/2026-06-03-23-57-27-133661.mp4,s3://rldb/processed_v3/microagi/2026-06-03-23-57-27-133661.zarr,fold_clothes,train
2026-06-04-00-29-54-852958,fold_laundry,Fold dark clothing items (shorts/pants) on a bed and stack them neatly.,microagi,human_bimanual,446.0,,,s3://rldb/processed_v3/microagi/2026-06-04-00-29-54-852958.mp4,s3://rldb/processed_v3/microagi/2026-06-04-00-29-54-852958.zarr,fold_clothes,train
2026-06-04-00-44-17-864390,fold_laundry,Fold black clothing items (shorts/pants) on a bed and place the folded garments neatly on the bed surface.,microagi,human_bimanual,194.0,,,s3://rldb/processed_v3/microagi/2026-06-04-00-44-17-864390.mp4,s3://rldb/processed_v3/microagi/2026-06-04-00-44-17-864390.zarr,fold_clothes,train
2026-06-04-02-56-20-120639,fold_laundry,Fold a gray t-shirt flat on a table into a compact rectangular shape.,microagi,human_bimanual,340.0,,,s3://rldb/processed_v3/microagi/2026-06-04-02-56-20-120639.mp4,s3://rldb/processed_v3/microagi/2026-06-04-02-56-20-120639.zarr,fold_clothes,train
2026-06-04-02-59-38-158815,fold_laundry,Fold a black t-shirt by bringing the sleeves and sides together into a compact folded shape.,microagi,human_bimanual,361.0,,,s3://rldb/processed_v3/microagi/2026-06-04-02-59-38-158815.mp4,s3://rldb/processed_v3/microagi/2026-06-04-02-59-38-158815.zarr,fold_clothes,train
2026-06-04-12-17-24-369015,fold_laundry,Place a folded dark garment onto a stack of folded clothes on a couch.,microagi,human_bimanual,157.0,,,s3://rldb/processed_v3/microagi/2026-06-04-12-17-24-369015.mp4,s3://rldb/processed_v3/microagi/2026-06-04-12-17-24-369015.zarr,fold_clothes,train
2026-06-04-12-28-02-384173,fold_laundry,Fold a gray shirt on a bed by holding it up and folding it into a compact shape.,microagi,human_bimanual,160.0,,,s3://rldb/processed_v3/microagi/2026-06-04-12-28-02-384173.mp4,s3://rldb/processed_v3/microagi/2026-06-04-12-28-02-384173.zarr,fold_clothes,train
2026-06-04-12-32-16-707843,fold_laundry,Fold a green garment and place it in a row with other folded clothes on the bed.,microagi,human_bimanual,285.0,,,s3://rldb/processed_v3/microagi/2026-06-04-12-32-16-707843.mp4,s3://rldb/processed_v3/microagi/2026-06-04-12-32-16-707843.zarr,fold_clothes,train
2026-06-04-13-42-44-230668,fold_laundry,Fold a floral-patterned garment in half on a drying rack.,microagi,human_bimanual,156.0,,,s3://rldb/processed_v3/microagi/2026-06-04-13-42-44-230668.mp4,s3://rldb/processed_v3/microagi/2026-06-04-13-42-44-230668.zarr,fold_clothes,train
2026-06-04-20-42-17-808792,fold_laundry,Pick up and fold small clothing items (socks/garments) from a pile on a surface into a laundry basket.,microagi,human_bimanual,1015.0,,,s3://rldb/processed_v3/microagi/2026-06-04-20-42-17-808792.mp4,s3://rldb/processed_v3/microagi/2026-06-04-20-42-17-808792.zarr,fold_clothes,train
2026-06-04-21-08-16-605604,fold_laundry,Fold a pink baby garment in half on a couch.,microagi,human_bimanual,235.0,,,s3://rldb/processed_v3/microagi/2026-06-04-21-08-16-605604.mp4,s3://rldb/processed_v3/microagi/2026-06-04-21-08-16-605604.zarr,fold_clothes,train
2026-06-04-21-11-48-696631,fold_laundry,"Fold a small pink garment flat on a couch surface, smoothing and folding it into a compact shape.",microagi,human_bimanual,275.0,,,s3://rldb/processed_v3/microagi/2026-06-04-21-11-48-696631.mp4,s3://rldb/processed_v3/microagi/2026-06-04-21-11-48-696631.zarr,fold_clothes,train
2026-06-05-14-44-51-181274,fold_laundry,Pick up folded dark clothing from a stack and place it into a black plastic bag.,microagi,human_bimanual,209.0,,,s3://rldb/processed_v3/microagi/2026-06-05-14-44-51-181274.mp4,s3://rldb/processed_v3/microagi/2026-06-05-14-44-51-181274.zarr,fold_clothes,train
2026-06-06-11-57-42-191542,fold_laundry,Fold clothing items from a pile on the bed and place them in a neat folded stack.,microagi,human_bimanual,773.0,,,s3://rldb/processed_v3/microagi/2026-06-06-11-57-42-191542.mp4,s3://rldb/processed_v3/microagi/2026-06-06-11-57-42-191542.zarr,fold_clothes,train
2026-06-06-15-30-16-694749,fold_laundry,"Fold and sort assorted clothing items (shirts, garments) from a pile on a couch into organized folded stacks.",microagi,human_bimanual,1283.0,,,s3://rldb/processed_v3/microagi/2026-06-06-15-30-16-694749.mp4,s3://rldb/processed_v3/microagi/2026-06-06-15-30-16-694749.zarr,fold_clothes,train
2026-06-06-18-00-39-745824,fold_laundry,Fold a dark shirt or garment into a compact bundle by manipulating and folding the fabric with both hands.,microagi,human_bimanual,158.0,,,s3://rldb/processed_v3/microagi/2026-06-06-18-00-39-745824.mp4,s3://rldb/processed_v3/microagi/2026-06-06-18-00-39-745824.zarr,fold_clothes,train
2026-06-06-21-35-27-692651,fold_laundry,Button and fold a blue button-up shirt laid flat on a couch as part of laundry folding.,microagi,human_bimanual,450.0,,,s3://rldb/processed_v3/microagi/2026-06-06-21-35-27-692651.mp4,s3://rldb/processed_v3/microagi/2026-06-06-21-35-27-692651.zarr,fold_clothes,train
2026-06-06-22-28-23-751503,fold_laundry,Fold a gray cloth/towel by stretching it flat and folding it in half twice into a compact rectangle on the mat.,microagi,human_bimanual,319.0,,,s3://rldb/processed_v3/microagi/2026-06-06-22-28-23-751503.mp4,s3://rldb/processed_v3/microagi/2026-06-06-22-28-23-751503.zarr,fold_clothes,train
2026-06-06-22-37-16-806533,fold_laundry,Fold a white t-shirt on a flat surface into a compact folded shape.,microagi,human_bimanual,249.0,,,s3://rldb/processed_v3/microagi/2026-06-06-22-37-16-806533.mp4,s3://rldb/processed_v3/microagi/2026-06-06-22-37-16-806533.zarr,fold_clothes,train
2026-06-07-09-43-52-001404,fold_laundry,"Pick up a brown garment from the bed and fold it, placing the folded item back on the bed.",microagi,human_bimanual,236.0,,,s3://rldb/processed_v3/microagi/2026-06-07-09-43-52-001404.mp4,s3://rldb/processed_v3/microagi/2026-06-07-09-43-52-001404.zarr,fold_clothes,train
2026-06-07-17-09-06-396898,fold_laundry,Fold a white cloth towel into a compact rectangular shape on a red surface.,microagi,human_bimanual,677.0,,,s3://rldb/processed_v3/microagi/2026-06-07-17-09-06-396898.mp4,s3://rldb/processed_v3/microagi/2026-06-07-17-09-06-396898.zarr,fold_clothes,train
2026-06-07-18-56-19-944334,fold_laundry,Fold a white garment and place it on a stack of folded clothes on the bed.,microagi,human_bimanual,172.0,,,s3://rldb/processed_v3/microagi/2026-06-07-18-56-19-944334.mp4,s3://rldb/processed_v3/microagi/2026-06-07-18-56-19-944334.zarr,fold_clothes,train
2026-06-07-19-12-04-866228,fold_laundry,Fold a gray t-shirt and place it on a stack of folded clothes on the bed.,microagi,human_bimanual,445.0,,,s3://rldb/processed_v3/microagi/2026-06-07-19-12-04-866228.mp4,s3://rldb/processed_v3/microagi/2026-06-07-19-12-04-866228.zarr,fold_clothes,train
2026-06-07-20-25-00-882652,fold_laundry,Fold a yellow t-shirt by grasping the shoulders and bringing the sides together into a folded shape.,microagi,human_bimanual,181.0,,,s3://rldb/processed_v3/microagi/2026-06-07-20-25-00-882652.mp4,s3://rldb/processed_v3/microagi/2026-06-07-20-25-00-882652.zarr,fold_clothes,train
2026-06-07-21-28-19-868606,fold_laundry,Fold a green patterned cloth on a table into a compact rectangle and place it aside.,microagi,human_bimanual,196.0,,,s3://rldb/processed_v3/microagi/2026-06-07-21-28-19-868606.mp4,s3://rldb/processed_v3/microagi/2026-06-07-21-28-19-868606.zarr,fold_clothes,train
2026-06-08-14-54-13-104857,fold_laundry,"Pick up a dark garment from the pile, fold it, and place it on the stack of folded laundry.",microagi,human_bimanual,710.0,,,s3://rldb/processed_v3/microagi/2026-06-08-14-54-13-104857.mp4,s3://rldb/processed_v3/microagi/2026-06-08-14-54-13-104857.zarr,fold_clothes,train
2026-06-08-14-59-18-929560,fold_laundry,Fold a yellow garment and place it onto a stack of folded clothes on the table.,microagi,human_bimanual,386.0,,,s3://rldb/processed_v3/microagi/2026-06-08-14-59-18-929560.mp4,s3://rldb/processed_v3/microagi/2026-06-08-14-59-18-929560.zarr,fold_clothes,train
2026-06-08-15-32-22-681842,fold_laundry,Fold a pair of blue jeans on a bed into a compact folded shape.,microagi,human_bimanual,187.0,,,s3://rldb/processed_v3/microagi/2026-06-08-15-32-22-681842.mp4,s3://rldb/processed_v3/microagi/2026-06-08-15-32-22-681842.zarr,fold_clothes,train
2026-06-08-15-39-44-446873,fold_laundry,Fold a red t-shirt in half twice and place it on the bed with other folded clothes.,microagi,human_bimanual,533.0,,,s3://rldb/processed_v3/microagi/2026-06-08-15-39-44-446873.mp4,s3://rldb/processed_v3/microagi/2026-06-08-15-39-44-446873.zarr,fold_clothes,train
2026-06-09-01-12-06-792557,fold_laundry,Fold a pair of gray shorts on top of a washing machine.,microagi,human_bimanual,205.0,,,s3://rldb/processed_v3/microagi/2026-06-09-01-12-06-792557.mp4,s3://rldb/processed_v3/microagi/2026-06-09-01-12-06-792557.zarr,fold_clothes,train
2026-06-09-01-16-21-466656,fold_laundry,Fold a white garment by lifting it from the laundry basket and folding it on the bed.,microagi,human_bimanual,231.0,,,s3://rldb/processed_v3/microagi/2026-06-09-01-16-21-466656.mp4,s3://rldb/processed_v3/microagi/2026-06-09-01-16-21-466656.zarr,fold_clothes,train
2026-06-09-01-17-09-286656,fold_laundry,Fold a blue striped garment in half on a bed surface.,microagi,human_bimanual,379.0,,,s3://rldb/processed_v3/microagi/2026-06-09-01-17-09-286656.mp4,s3://rldb/processed_v3/microagi/2026-06-09-01-17-09-286656.zarr,fold_clothes,train
2026-06-09-01-31-50-713857,fold_laundry,Fold a white sock into a compact shape on the bed.,microagi,human_bimanual,162.0,,,s3://rldb/processed_v3/microagi/2026-06-09-01-31-50-713857.mp4,s3://rldb/processed_v3/microagi/2026-06-09-01-31-50-713857.zarr,fold_clothes,train
2026-06-09-06-30-32-365843,fold_laundry,Pick up a black garment from the floor and fold it into a compact shape.,microagi,human_bimanual,356.0,,,s3://rldb/processed_v3/microagi/2026-06-09-06-30-32-365843.mp4,s3://rldb/processed_v3/microagi/2026-06-09-06-30-32-365843.zarr,fold_clothes,train
2026-06-09-12-27-01-635648,fold_laundry,Fold a white towel on a table by laying it flat and folding it in half twice into a compact rectangle.,microagi,human_bimanual,187.0,,,s3://rldb/processed_v3/microagi/2026-06-09-12-27-01-635648.mp4,s3://rldb/processed_v3/microagi/2026-06-09-12-27-01-635648.zarr,fold_clothes,train
2026-06-09-14-53-05-592455,fold_laundry,Fold a garment on a table and place the folded clothing down.,microagi,human_bimanual,1663.0,,,s3://rldb/processed_v3/microagi/2026-06-09-14-53-05-592455.mp4,s3://rldb/processed_v3/microagi/2026-06-09-14-53-05-592455.zarr,fold_clothes,train
2026-06-09-18-49-54-680002,fold_laundry,"Fold a pair of brown pants on a bed by grasping, aligning, and folding the legs and waistband into a compact shape.",microagi,human_bimanual,250.0,,,s3://rldb/processed_v3/microagi/2026-06-09-18-49-54-680002.mp4,s3://rldb/processed_v3/microagi/2026-06-09-18-49-54-680002.zarr,fold_clothes,train
2026-06-09-20-11-14-571789,fold_laundry,"Fold a white towel in half on a chair, pressing it flat into a compact rectangle.",microagi,human_bimanual,205.0,,,s3://rldb/processed_v3/microagi/2026-06-09-20-11-14-571789.mp4,s3://rldb/processed_v3/microagi/2026-06-09-20-11-14-571789.zarr,fold_clothes,train
2026-06-09-20-51-22-004830,fold_laundry,Fold a pink garment on a table and place the folded result down.,microagi,human_bimanual,200.0,,,s3://rldb/processed_v3/microagi/2026-06-09-20-51-22-004830.mp4,s3://rldb/processed_v3/microagi/2026-06-09-20-51-22-004830.zarr,fold_clothes,train
2026-06-09-23-43-00-060489,fold_laundry,"Fold a blue and orange garment on a bed, arranging it into a folded shape alongside other folded laundry items.",microagi,human_bimanual,338.0,,,s3://rldb/processed_v3/microagi/2026-06-09-23-43-00-060489.mp4,s3://rldb/processed_v3/microagi/2026-06-09-23-43-00-060489.zarr,fold_clothes,train
2026-06-09-23-54-43-602356,fold_laundry,Fold a beige bra/undergarment on a bed surface into a compact folded shape.,microagi,human_bimanual,1126.0,,,s3://rldb/processed_v3/microagi/2026-06-09-23-54-43-602356.mp4,s3://rldb/processed_v3/microagi/2026-06-09-23-54-43-602356.zarr,fold_clothes,train
2026-06-10-08-57-48-573438,fold_laundry,"Fold a white shirt by holding it up, aligning edges, and folding it into a compact shape on the lap.",microagi,human_bimanual,251.0,,,s3://rldb/processed_v3/microagi/2026-06-10-08-57-48-573438.mp4,s3://rldb/processed_v3/microagi/2026-06-10-08-57-48-573438.zarr,fold_clothes,train
2026-06-10-08-58-21-484307,fold_laundry,"Pick up a yellow t-shirt, lay it flat, and fold it into a compact rectangle on the lap.",microagi,human_bimanual,1107.0,,,s3://rldb/processed_v3/microagi/2026-06-10-08-58-21-484307.mp4,s3://rldb/processed_v3/microagi/2026-06-10-08-58-21-484307.zarr,fold_clothes,train
2026-06-10-09-15-13-961215,fold_laundry,Fold a white t-shirt by stretching it flat and folding it in half on the lap.,microagi,human_bimanual,391.0,,,s3://rldb/processed_v3/microagi/2026-06-10-09-15-13-961215.mp4,s3://rldb/processed_v3/microagi/2026-06-10-09-15-13-961215.zarr,fold_clothes,train
2026-06-10-10-43-35-340609,fold_laundry,Fold a patterned garment into a compact shape using both hands.,microagi,human_bimanual,153.0,,,s3://rldb/processed_v3/microagi/2026-06-10-10-43-35-340609.mp4,s3://rldb/processed_v3/microagi/2026-06-10-10-43-35-340609.zarr,fold_clothes,train
2026-06-10-20-55-36-862682,fold_laundry,Fold a t-shirt on a bed into a compact rectangle.,microagi,human_bimanual,613.0,,,s3://rldb/processed_v3/microagi/2026-06-10-20-55-36-862682.mp4,s3://rldb/processed_v3/microagi/2026-06-10-20-55-36-862682.zarr,fold_clothes,train
2026-06-10-20-56-39-614349,fold_laundry,"Fold a dark t-shirt flat on the bed, then pick up and lay out a pair of pants for folding.",microagi,human_bimanual,905.0,,,s3://rldb/processed_v3/microagi/2026-06-10-20-56-39-614349.mp4,s3://rldb/processed_v3/microagi/2026-06-10-20-56-39-614349.zarr,fold_clothes,train
2026-06-10-21-04-01-205673,fold_laundry,Fold a light blue shirt into a compact rectangle on a bed.,microagi,human_bimanual,320.0,,,s3://rldb/processed_v3/microagi/2026-06-10-21-04-01-205673.mp4,s3://rldb/processed_v3/microagi/2026-06-10-21-04-01-205673.zarr,fold_clothes,train
2026-06-11-16-31-00-683360,fold_laundry,Fold a white knitted sweater on a chair by folding the sleeves inward and folding it in half.,microagi,human_bimanual,310.0,,,s3://rldb/processed_v3/microagi/2026-06-11-16-31-00-683360.mp4,s3://rldb/processed_v3/microagi/2026-06-11-16-31-00-683360.zarr,fold_clothes,train
2026-06-12-03-37-35-271133,fold_laundry,"Fold a dark garment on a bed, arranging it into a folded shape alongside other laundry.",microagi,human_bimanual,232.0,,,s3://rldb/processed_v3/microagi/2026-06-12-03-37-35-271133.mp4,s3://rldb/processed_v3/microagi/2026-06-12-03-37-35-271133.zarr,fold_clothes,train
2026-06-12-06-58-37-491308,fold_laundry,Fold a green cloth/towel into a compact folded shape.,microagi,human_bimanual,293.0,,,s3://rldb/processed_v3/microagi/2026-06-12-06-58-37-491308.mp4,s3://rldb/processed_v3/microagi/2026-06-12-06-58-37-491308.zarr,fold_clothes,train
2026-06-12-08-46-00-379130,fold_laundry,Fold a gray garment (shorts/pants) flat on a bed surface.,microagi,human_bimanual,1102.0,,,s3://rldb/processed_v3/microagi/2026-06-12-08-46-00-379130.mp4,s3://rldb/processed_v3/microagi/2026-06-12-08-46-00-379130.zarr,fold_clothes,train
2026-06-12-08-46-38-025797,fold_laundry,Fold a pair of navy shorts and place them on the bed alongside other folded clothing items.,microagi,human_bimanual,215.0,,,s3://rldb/processed_v3/microagi/2026-06-12-08-46-38-025797.mp4,s3://rldb/processed_v3/microagi/2026-06-12-08-46-38-025797.zarr,fold_clothes,train
2026-06-12-15-39-30-925240,fold_laundry,Fold a green garment on the bed and gather other clothing items into a laundry basket.,microagi,human_bimanual,327.0,,,s3://rldb/processed_v3/microagi/2026-06-12-15-39-30-925240.mp4,s3://rldb/processed_v3/microagi/2026-06-12-15-39-30-925240.zarr,fold_clothes,train
2026-06-12-15-40-31-096054,fold_laundry,Fold assorted clothing items (shorts and underwear) and place them in a folded pile on the bed.,microagi,human_bimanual,219.0,,,s3://rldb/processed_v3/microagi/2026-06-12-15-40-31-096054.mp4,s3://rldb/processed_v3/microagi/2026-06-12-15-40-31-096054.zarr,fold_clothes,train
2026-06-12-15-44-19-047911,fold_laundry,Fold a white cloth/towel and arrange small clothing items on a bed.,microagi,human_bimanual,240.0,,,s3://rldb/processed_v3/microagi/2026-06-12-15-44-19-047911.mp4,s3://rldb/processed_v3/microagi/2026-06-12-15-44-19-047911.zarr,fold_clothes,train
2026-06-13-17-37-10-163049,fold_laundry,"Pick up a dark garment from a pile of clothes, lay it flat, and fold it in half on the bed.",microagi,human_bimanual,276.0,,,s3://rldb/processed_v3/microagi/2026-06-13-17-37-10-163049.mp4,s3://rldb/processed_v3/microagi/2026-06-13-17-37-10-163049.zarr,fold_clothes,train
2026-06-13-18-54-53-131684,fold_laundry,Fold white cloth towels on a table and place them with the existing pile of folded laundry.,microagi,human_bimanual,158.0,,,s3://rldb/processed_v3/microagi/2026-06-13-18-54-53-131684.mp4,s3://rldb/processed_v3/microagi/2026-06-13-18-54-53-131684.zarr,fold_clothes,train
2026-06-13-20-00-14-123250,fold_laundry,Fold a pink cloth garment on a table by laying it flat and folding it into a compact shape.,microagi,human_bimanual,160.0,,,s3://rldb/processed_v3/microagi/2026-06-13-20-00-14-123250.mp4,s3://rldb/processed_v3/microagi/2026-06-13-20-00-14-123250.zarr,fold_clothes,train
2026-06-14-02-24-50-413013,fold_laundry,Fold a light green shirt and place it on the folded laundry pile on top of the washing machine.,microagi,human_bimanual,307.0,,,s3://rldb/processed_v3/microagi/2026-06-14-02-24-50-413013.mp4,s3://rldb/processed_v3/microagi/2026-06-14-02-24-50-413013.zarr,fold_clothes,train
2026-06-14-02-26-09-455156,fold_laundry,Unload clothes from a washing machine and place them on top of the appliance.,microagi,human_bimanual,193.0,,,s3://rldb/processed_v3/microagi/2026-06-14-02-26-09-455156.mp4,s3://rldb/processed_v3/microagi/2026-06-14-02-26-09-455156.zarr,fold_clothes,train
2026-06-14-17-03-19-339809,fold_laundry,"Fold and sort assorted clothing items (shirts, socks, garments) from a pile into organized folded stacks.",microagi,human_bimanual,154.0,,,s3://rldb/processed_v3/microagi/2026-06-14-17-03-19-339809.mp4,s3://rldb/processed_v3/microagi/2026-06-14-17-03-19-339809.zarr,fold_clothes,train
2026-06-14-17-15-38-432478,fold_laundry,Fold a white cloth towel into a compact rectangular shape on a dark surface.,microagi,human_bimanual,485.0,,,s3://rldb/processed_v3/microagi/2026-06-14-17-15-38-432478.mp4,s3://rldb/processed_v3/microagi/2026-06-14-17-15-38-432478.zarr,fold_clothes,train
2026-06-15-10-29-11-525196,fold_laundry,Pick up a gray garment from the surface and fold it into a compact shape.,microagi,human_bimanual,221.0,,,s3://rldb/processed_v3/microagi/2026-06-15-10-29-11-525196.mp4,s3://rldb/processed_v3/microagi/2026-06-15-10-29-11-525196.zarr,fold_clothes,train
2026-06-15-12-24-48-456024,fold_laundry,Fold a dark shirt or garment on a bed into a compact folded shape.,microagi,human_bimanual,186.0,,,s3://rldb/processed_v3/microagi/2026-06-15-12-24-48-456024.mp4,s3://rldb/processed_v3/microagi/2026-06-15-12-24-48-456024.zarr,fold_clothes,train
2026-06-16-14-55-00-825066,fold_laundry,Fold a dark blue garment (shorts/pants) on a bed alongside other folded laundry items.,microagi,human_bimanual,492.0,,,s3://rldb/processed_v3/microagi/2026-06-16-14-55-00-825066.mp4,s3://rldb/processed_v3/microagi/2026-06-16-14-55-00-825066.zarr,fold_clothes,train
2026-06-16-17-16-49-172389,fold_laundry,Fold a large sheet or fabric on a bed by grasping its edges and bringing them together into a folded shape.,microagi,human_bimanual,198.0,,,s3://rldb/processed_v3/microagi/2026-06-16-17-16-49-172389.mp4,s3://rldb/processed_v3/microagi/2026-06-16-17-16-49-172389.zarr,fold_clothes,train
2026-06-17-14-30-06-622190,fold_laundry,Fold a blue cloth garment in half lengthwise and then again into a compact rectangle on an ironing board.,microagi,human_bimanual,899.0,,,s3://rldb/processed_v3/microagi/2026-06-17-14-30-06-622190.mp4,s3://rldb/processed_v3/microagi/2026-06-17-14-30-06-622190.zarr,fold_clothes,train
2026-06-17-20-28-57-670980,fold_laundry,Fold a pair of light blue shorts flat on a drying rack.,microagi,human_bimanual,204.0,,,s3://rldb/processed_v3/microagi/2026-06-17-20-28-57-670980.mp4,s3://rldb/processed_v3/microagi/2026-06-17-20-28-57-670980.zarr,fold_clothes,train
2026-06-17-20-37-44-476539,fold_laundry,Fold a pair of black pants on a drying rack by bringing the legs together and folding the garment in half.,microagi,human_bimanual,264.0,,,s3://rldb/processed_v3/microagi/2026-06-17-20-37-44-476539.mp4,s3://rldb/processed_v3/microagi/2026-06-17-20-37-44-476539.zarr,fold_clothes,train
2026-06-19-09-23-16-696425,fold_laundry,Lay a small floral-patterned garment flat on the floor and smooth it out in preparation for folding.,microagi,human_bimanual,316.0,,,s3://rldb/processed_v3/microagi/2026-06-19-09-23-16-696425.mp4,s3://rldb/processed_v3/microagi/2026-06-19-09-23-16-696425.zarr,fold_clothes,train
2026-06-19-09-28-52-182239,fold_laundry,Pick up a small pink garment from a laundry pile and fold it flat on the lap.,microagi,human_bimanual,296.0,,,s3://rldb/processed_v3/microagi/2026-06-19-09-28-52-182239.mp4,s3://rldb/processed_v3/microagi/2026-06-19-09-28-52-182239.zarr,fold_clothes,train
2026-06-19-11-11-12-719685,fold_laundry,Pick up a garment from a pile of clothes on a bed and fold it with both hands.,microagi,human_bimanual,190.0,,,s3://rldb/processed_v3/microagi/2026-06-19-11-11-12-719685.mp4,s3://rldb/processed_v3/microagi/2026-06-19-11-11-12-719685.zarr,fold_clothes,train
2026-06-19-11-15-06-770457,fold_laundry,"Fold a small pink garment (underwear) on a bed using both hands, resulting in a neatly folded piece of clothing.",microagi,human_bimanual,269.0,,,s3://rldb/processed_v3/microagi/2026-06-19-11-15-06-770457.mp4,s3://rldb/processed_v3/microagi/2026-06-19-11-15-06-770457.zarr,fold_clothes,train
2026-06-19-23-23-47-133428,fold_laundry,Fold a white cloth garment on a round table and place the folded item aside.,microagi,human_bimanual,570.0,,,s3://rldb/processed_v3/microagi/2026-06-19-23-23-47-133428.mp4,s3://rldb/processed_v3/microagi/2026-06-19-23-23-47-133428.zarr,fold_clothes,train
2026-06-20-11-24-37-756079,fold_laundry,Fold a red garment into a compact shape on a flat surface.,microagi,human_bimanual,472.0,,,s3://rldb/processed_v3/microagi/2026-06-20-11-24-37-756079.mp4,s3://rldb/processed_v3/microagi/2026-06-20-11-24-37-756079.zarr,fold_clothes,train
2026-06-21-03-39-37-153154,fold_laundry,Fold a patterned shirt and place it on a stack of folded clothes on the bed.,microagi,human_bimanual,232.0,,,s3://rldb/processed_v3/microagi/2026-06-21-03-39-37-153154.mp4,s3://rldb/processed_v3/microagi/2026-06-21-03-39-37-153154.zarr,fold_clothes,train
2026-06-21-03-46-13-593668,fold_laundry,Fold a pair of jeans on a bed by manipulating the denim fabric into a folded shape.,microagi,human_bimanual,206.0,,,s3://rldb/processed_v3/microagi/2026-06-21-03-46-13-593668.mp4,s3://rldb/processed_v3/microagi/2026-06-21-03-46-13-593668.zarr,fold_clothes,train
2026-06-21-04-45-30-545436,fold_laundry,Pick up a black garment from a pile of laundry and fold it with both hands.,microagi,human_bimanual,546.0,,,s3://rldb/processed_v3/microagi/2026-06-21-04-45-30-545436.mp4,s3://rldb/processed_v3/microagi/2026-06-21-04-45-30-545436.zarr,fold_clothes,train
2026-06-21-04-49-06-380322,fold_laundry,Fold a black garment from a pile of laundry into a compact folded shape.,microagi,human_bimanual,345.0,,,s3://rldb/processed_v3/microagi/2026-06-21-04-49-06-380322.mp4,s3://rldb/processed_v3/microagi/2026-06-21-04-49-06-380322.zarr,fold_clothes,train
2026-06-21-06-08-22-026274,fold_laundry,"Fold assorted clothing items (shirts, dark garments, patterned cloth) on a round wooden table into neat folded piles.",microagi,human_bimanual,775.0,,,s3://rldb/processed_v3/microagi/2026-06-21-06-08-22-026274.mp4,s3://rldb/processed_v3/microagi/2026-06-21-06-08-22-026274.zarr,fold_clothes,train
2026-06-21-09-49-27-265735,fold_laundry,Fold a white garment on a tiled surface into a compact rectangular shape.,microagi,human_bimanual,238.0,,,s3://rldb/processed_v3/microagi/2026-06-21-09-49-27-265735.mp4,s3://rldb/processed_v3/microagi/2026-06-21-09-49-27-265735.zarr,fold_clothes,train
2026-06-21-09-51-27-158299,fold_laundry,Fold an olive-green polo shirt flat on a surface by folding in the sleeves and folding it in half.,microagi,human_bimanual,220.0,,,s3://rldb/processed_v3/microagi/2026-06-21-09-51-27-158299.mp4,s3://rldb/processed_v3/microagi/2026-06-21-09-51-27-158299.zarr,fold_clothes,train
2026-06-21-10-38-46-200726,fold_laundry,Fold a dark garment and place it on the drying rack.,microagi,human_bimanual,305.0,,,s3://rldb/processed_v3/microagi/2026-06-21-10-38-46-200726.mp4,s3://rldb/processed_v3/microagi/2026-06-21-10-38-46-200726.zarr,fold_clothes,train
2026-06-22-14-46-33-514259,fold_laundry,Fold small clothing items (pink and purple garments) flat on a table into compact folded shapes.,microagi,human_bimanual,402.0,,,s3://rldb/processed_v3/microagi/2026-06-22-14-46-33-514259.mp4,s3://rldb/processed_v3/microagi/2026-06-22-14-46-33-514259.zarr,fold_clothes,train
2026-06-22-14-48-36-854078,fold_laundry,Fold a teal t-shirt on a table by folding the sides inward and then folding it in half into a compact rectangle.,microagi,human_bimanual,296.0,,,s3://rldb/processed_v3/microagi/2026-06-22-14-48-36-854078.mp4,s3://rldb/processed_v3/microagi/2026-06-22-14-48-36-854078.zarr,fold_clothes,train
2026-06-23-05-00-41-659183,fold_laundry,"Fold various clothing items (cloth, shorts) from a drying rack and place the folded garments on the rack.",microagi,human_bimanual,778.0,,,s3://rldb/processed_v3/microagi/2026-06-23-05-00-41-659183.mp4,s3://rldb/processed_v3/microagi/2026-06-23-05-00-41-659183.zarr,fold_clothes,train
2026-06-23-05-01-33-814183,fold_laundry,Fold a black garment and place it on the drying rack alongside other folded laundry.,microagi,human_bimanual,239.0,,,s3://rldb/processed_v3/microagi/2026-06-23-05-01-33-814183.mp4,s3://rldb/processed_v3/microagi/2026-06-23-05-01-33-814183.zarr,fold_clothes,train
2026-06-23-12-26-46-237163,fold_laundry,Fold a colorful patterned cloth and place it on a shelf with other folded items.,microagi,human_bimanual,240.0,,,s3://rldb/processed_v3/microagi/2026-06-23-12-26-46-237163.mp4,s3://rldb/processed_v3/microagi/2026-06-23-12-26-46-237163.zarr,fold_clothes,train
2026-06-23-17-40-14-320094,fold_laundry,"Fold a pile of garments on a table by picking up each item, laying it flat, and folding it into a compact shape.",microagi,human_bimanual,802.0,,,s3://rldb/processed_v3/microagi/2026-06-23-17-40-14-320094.mp4,s3://rldb/processed_v3/microagi/2026-06-23-17-40-14-320094.zarr,fold_clothes,train
2026-06-23-19-28-57-939265,fold_laundry,Unload laundry garments from a washing machine drum and place them into a laundry basket.,microagi,human_bimanual,467.0,,,s3://rldb/processed_v3/microagi/2026-06-23-19-28-57-939265.mp4,s3://rldb/processed_v3/microagi/2026-06-23-19-28-57-939265.zarr,fold_clothes,train
2026-06-25-02-09-52-311892,fold_laundry,Pick up a garment from a pile of laundry and fold it by holding and aligning the fabric with both hands.,microagi,human_bimanual,189.0,,,s3://rldb/processed_v3/microagi/2026-06-25-02-09-52-311892.mp4,s3://rldb/processed_v3/microagi/2026-06-25-02-09-52-311892.zarr,fold_clothes,train
2026-06-25-02-29-05-440331,fold_laundry,Fold a white t-shirt with a green graphic by lifting it from a laundry basket and folding the fabric together.,microagi,human_bimanual,305.0,,,s3://rldb/processed_v3/microagi/2026-06-25-02-29-05-440331.mp4,s3://rldb/processed_v3/microagi/2026-06-25-02-29-05-440331.zarr,fold_clothes,train
2026-06-26-18-13-30-001606,fold_laundry,Fold a dark garment from the laundry basket and place it on the table with other folded clothes.,microagi,human_bimanual,1246.0,,,s3://rldb/processed_v3/microagi/2026-06-26-18-13-30-001606.mp4,s3://rldb/processed_v3/microagi/2026-06-26-18-13-30-001606.zarr,fold_clothes,train
2026-06-27-11-18-10-691211,fold_laundry,"Pick up a dark garment from the bed, fold it in half, and place the folded item back on the bed.",microagi,human_bimanual,151.0,,,s3://rldb/processed_v3/microagi/2026-06-27-11-18-10-691211.mp4,s3://rldb/processed_v3/microagi/2026-06-27-11-18-10-691211.zarr,fold_clothes,train
2026-06-28-18-51-23-101524,fold_laundry,Fold socks and small clothing items and place them into a laundry basket.,microagi,human_bimanual,175.0,,,s3://rldb/processed_v3/microagi/2026-06-28-18-51-23-101524.mp4,s3://rldb/processed_v3/microagi/2026-06-28-18-51-23-101524.zarr,fold_clothes,train
2026-06-28-19-13-02-736273,fold_laundry,Fold a blue shirt on top of a dryer by spreading it flat and folding the sides inward.,microagi,human_bimanual,200.0,,,s3://rldb/processed_v3/microagi/2026-06-28-19-13-02-736273.mp4,s3://rldb/processed_v3/microagi/2026-06-28-19-13-02-736273.zarr,fold_clothes,train
2026-06-29-15-26-05-788162,fold_laundry,Fold a dark blue shirt into a compact rectangular shape on the lap.,microagi,human_bimanual,154.0,,,s3://rldb/processed_v3/microagi/2026-06-29-15-26-05-788162.mp4,s3://rldb/processed_v3/microagi/2026-06-29-15-26-05-788162.zarr,fold_clothes,train
2026-06-30-04-48-58-178794,fold_laundry,Fold a black Land Rover shirt on a flat surface.,microagi,human_bimanual,193.0,,,s3://rldb/processed_v3/microagi/2026-06-30-04-48-58-178794.mp4,s3://rldb/processed_v3/microagi/2026-06-30-04-48-58-178794.zarr,fold_clothes,train
2026-06-30-14-18-45-211991,fold_laundry,"Fold white towels and a blue cloth garment, placing each folded item onto a stack on the bed.",microagi,human_bimanual,210.0,,,s3://rldb/processed_v3/microagi/2026-06-30-14-18-45-211991.mp4,s3://rldb/processed_v3/microagi/2026-06-30-14-18-45-211991.zarr,fold_clothes,train
2026-06-30-21-00-07-036803,fold_laundry,Fold a pair of black pants in half lengthwise and place them on a stack of folded laundry on the bed.,microagi,human_bimanual,223.0,,,s3://rldb/processed_v3/microagi/2026-06-30-21-00-07-036803.mp4,s3://rldb/processed_v3/microagi/2026-06-30-21-00-07-036803.zarr,fold_clothes,train
2026-06-30-21-31-57-001164,fold_laundry,Fold a pink patterned cloth garment on a bed.,microagi,human_bimanual,167.0,,,s3://rldb/processed_v3/microagi/2026-06-30-21-31-57-001164.mp4,s3://rldb/processed_v3/microagi/2026-06-30-21-31-57-001164.zarr,fold_clothes,train
2026-06-30-22-48-49-721277,fold_laundry,"Pick up a purple garment from the bed, fold it in half, and place the folded item down.",microagi,human_bimanual,280.0,,,s3://rldb/processed_v3/microagi/2026-06-30-22-48-49-721277.mp4,s3://rldb/processed_v3/microagi/2026-06-30-22-48-49-721277.zarr,fold_clothes,train
2026-04-01-11-07-52-292440,fold_shirt,Fold a maroon shirt on a bed by smoothing it flat and folding it into a compact shape.,microagi,human_bimanual,444.0,,,s3://rldb/processed_v3/microagi/2026-04-01-11-07-52-292440.mp4,s3://rldb/processed_v3/microagi/2026-04-01-11-07-52-292440.zarr,fold_clothes,train
2026-04-01-11-08-08-967440,fold_shirt,"Lay a maroon shirt flat on a bed and smooth it out, arranging the sleeves and body in preparation for folding.",microagi,human_bimanual,1955.0,,,s3://rldb/processed_v3/microagi/2026-04-01-11-08-08-967440.mp4,s3://rldb/processed_v3/microagi/2026-04-01-11-08-08-967440.zarr,fold_clothes,train
2026-04-01-11-09-50-120185,fold_shirt,Fold a maroon shirt by gathering the bottom hem and folding it upward toward the collar.,microagi,human_bimanual,332.0,,,s3://rldb/processed_v3/microagi/2026-04-01-11-09-50-120185.mp4,s3://rldb/processed_v3/microagi/2026-04-01-11-09-50-120185.zarr,fold_clothes,train
2026-04-01-11-12-14-996069,fold_shirt,Fold a green short-sleeved shirt in half on a bed by bringing the bottom hem up toward the collar.,microagi,human_bimanual,237.0,,,s3://rldb/processed_v3/microagi/2026-04-01-11-12-14-996069.mp4,s3://rldb/processed_v3/microagi/2026-04-01-11-12-14-996069.zarr,fold_clothes,train
2026-04-01-11-13-41-841800,fold_shirt,Fold a light blue shirt by smoothing it flat on the bed and arranging the sleeves and body into a folded shape.,microagi,human_bimanual,282.0,,,s3://rldb/processed_v3/microagi/2026-04-01-11-13-41-841800.mp4,s3://rldb/processed_v3/microagi/2026-04-01-11-13-41-841800.zarr,fold_clothes,train
2026-04-01-11-13-52-046800,fold_shirt,Lay a button-up shirt flat on a surface and button it closed from bottom to top.,microagi,human_bimanual,677.0,,,s3://rldb/processed_v3/microagi/2026-04-01-11-13-52-046800.mp4,s3://rldb/processed_v3/microagi/2026-04-01-11-13-52-046800.zarr,fold_clothes,train
2026-04-01-11-15-38-469113,fold_shirt,Fold a light blue shirt on a bed into a compact rectangle.,microagi,human_bimanual,829.0,,,s3://rldb/processed_v3/microagi/2026-04-01-11-15-38-469113.mp4,s3://rldb/processed_v3/microagi/2026-04-01-11-15-38-469113.zarr,fold_clothes,train
2026-04-01-11-16-34-997446,fold_shirt,Button up and smooth flat a green button-up shirt laid on a bed.,microagi,human_bimanual,943.0,,,s3://rldb/processed_v3/microagi/2026-04-01-11-16-34-997446.mp4,s3://rldb/processed_v3/microagi/2026-04-01-11-16-34-997446.zarr,fold_clothes,train
2026-04-01-11-19-23-752962,fold_shirt,Fold a white shirt flat on a bed into a compact folded rectangle.,microagi,human_bimanual,1792.0,,,s3://rldb/processed_v3/microagi/2026-04-01-11-19-23-752962.mp4,s3://rldb/processed_v3/microagi/2026-04-01-11-19-23-752962.zarr,fold_clothes,train
2026-04-02-08-19-17-583525,fold_shirt,Smooth and press a striped shirt flat on a surface by running both hands across the fabric to remove wrinkles.,microagi,human_bimanual,195.0,,,s3://rldb/processed_v3/microagi/2026-04-02-08-19-17-583525.mp4,s3://rldb/processed_v3/microagi/2026-04-02-08-19-17-583525.zarr,fold_clothes,train
2026-04-02-08-20-38-617776,fold_shirt,Smooth and press a striped shirt flat on a surface with both hands as part of folding.,microagi,human_bimanual,476.0,,,s3://rldb/processed_v3/microagi/2026-04-02-08-20-38-617776.mp4,s3://rldb/processed_v3/microagi/2026-04-02-08-20-38-617776.zarr,fold_clothes,train
2026-04-02-08-21-33-595785,fold_shirt,Fold a striped shirt into a rectangular shape and press it flat on a surface.,microagi,human_bimanual,302.0,,,s3://rldb/processed_v3/microagi/2026-04-02-08-21-33-595785.mp4,s3://rldb/processed_v3/microagi/2026-04-02-08-21-33-595785.zarr,fold_clothes,train
2026-04-02-08-31-26-347872,fold_shirt,Fold a patterned shirt by bringing the sides inward and folding it into a compact rectangular shape on a flat surface.,microagi,human_bimanual,1712.0,,,s3://rldb/processed_v3/microagi/2026-04-02-08-31-26-347872.mp4,s3://rldb/processed_v3/microagi/2026-04-02-08-31-26-347872.zarr,fold_clothes,train
2026-04-02-08-36-12-459766,fold_shirt,Fold a white shirt on a flat surface into a compact rectangular shape using both hands.,microagi,human_bimanual,338.0,,,s3://rldb/processed_v3/microagi/2026-04-02-08-36-12-459766.mp4,s3://rldb/processed_v3/microagi/2026-04-02-08-36-12-459766.zarr,fold_clothes,train
2026-04-02-08-36-24-777055,fold_shirt,Fold a white shirt on a flat surface into a compact folded shape using both hands.,microagi,human_bimanual,322.0,,,s3://rldb/processed_v3/microagi/2026-04-02-08-36-24-777055.mp4,s3://rldb/processed_v3/microagi/2026-04-02-08-36-24-777055.zarr,fold_clothes,train
2026-04-02-08-38-22-413019,fold_shirt,"Fold a button-up shirt by laying it flat, smoothing the fabric, and folding it in half.",microagi,human_bimanual,659.0,,,s3://rldb/processed_v3/microagi/2026-04-02-08-38-22-413019.mp4,s3://rldb/processed_v3/microagi/2026-04-02-08-38-22-413019.zarr,fold_clothes,train
2026-04-02-08-39-02-236567,fold_shirt,Smooth and flatten a white shirt on a table by pressing it flat with both hands in preparation for folding.,microagi,human_bimanual,393.0,,,s3://rldb/processed_v3/microagi/2026-04-02-08-39-02-236567.mp4,s3://rldb/processed_v3/microagi/2026-04-02-08-39-02-236567.zarr,fold_clothes,train
2026-04-02-08-39-20-763542,fold_shirt,Fold a striped shirt by tucking the sleeves inward and folding it in half on a flat surface.,microagi,human_bimanual,761.0,,,s3://rldb/processed_v3/microagi/2026-04-02-08-39-20-763542.mp4,s3://rldb/processed_v3/microagi/2026-04-02-08-39-20-763542.zarr,fold_clothes,train
2026-04-02-08-39-48-436804,fold_shirt,"Fold a white striped shirt in half lengthwise on a flat surface, pressing the fabric flat to create a neat fold.",microagi,human_bimanual,536.0,,,s3://rldb/processed_v3/microagi/2026-04-02-08-39-48-436804.mp4,s3://rldb/processed_v3/microagi/2026-04-02-08-39-48-436804.zarr,fold_clothes,train
2026-04-02-11-26-23-292974,fold_shirt,Fold a patterned shirt on a flat surface by bringing its sides together into a folded shape.,microagi,human_bimanual,445.0,,,s3://rldb/processed_v3/microagi/2026-04-02-11-26-23-292974.mp4,s3://rldb/processed_v3/microagi/2026-04-02-11-26-23-292974.zarr,fold_clothes,train
2026-04-02-11-27-03-445994,fold_shirt,"Fold a patterned shirt on a flat surface by grasping, aligning, and folding the fabric into a compact shape.",microagi,human_bimanual,201.0,,,s3://rldb/processed_v3/microagi/2026-04-02-11-27-03-445994.mp4,s3://rldb/processed_v3/microagi/2026-04-02-11-27-03-445994.zarr,fold_clothes,train
2026-04-02-11-32-32-290773,fold_shirt,Fold a blue denim shirt on a flat surface by folding the collar and upper portion over the body of the shirt.,microagi,human_bimanual,1228.0,,,s3://rldb/processed_v3/microagi/2026-04-02-11-32-32-290773.mp4,s3://rldb/processed_v3/microagi/2026-04-02-11-32-32-290773.zarr,fold_clothes,train
2026-04-02-11-34-11-741104,fold_shirt,Smooth and flatten a blue shirt on a table in preparation for folding.,microagi,human_bimanual,272.0,,,s3://rldb/processed_v3/microagi/2026-04-02-11-34-11-741104.mp4,s3://rldb/processed_v3/microagi/2026-04-02-11-34-11-741104.zarr,fold_clothes,train
2026-04-02-11-34-33-249259,fold_shirt,Fold a blue denim shirt flat on a surface by folding the sleeves and sides inward into a compact folded shape.,microagi,human_bimanual,210.0,,,s3://rldb/processed_v3/microagi/2026-04-02-11-34-33-249259.mp4,s3://rldb/processed_v3/microagi/2026-04-02-11-34-33-249259.zarr,fold_clothes,train
2026-04-02-14-03-34-623402,fold_shirt,Fold a patterned shirt on an ironing board by smoothing and folding the fabric with both hands.,microagi,human_bimanual,512.0,,,s3://rldb/processed_v3/microagi/2026-04-02-14-03-34-623402.mp4,s3://rldb/processed_v3/microagi/2026-04-02-14-03-34-623402.zarr,fold_clothes,train
2026-04-02-14-04-12-978532,fold_shirt,Fold a patterned shirt on a table by folding the sleeves and body inward and smoothing the fabric flat.,microagi,human_bimanual,352.0,,,s3://rldb/processed_v3/microagi/2026-04-02-14-04-12-978532.mp4,s3://rldb/processed_v3/microagi/2026-04-02-14-04-12-978532.zarr,fold_clothes,train
2026-04-02-14-04-53-564384,fold_shirt,Fold a patterned shirt on a table by smoothing it flat and folding the sleeves and body into a compact shape.,microagi,human_bimanual,251.0,,,s3://rldb/processed_v3/microagi/2026-04-02-14-04-53-564384.mp4,s3://rldb/processed_v3/microagi/2026-04-02-14-04-53-564384.zarr,fold_clothes,train
2026-04-02-14-05-54-468553,fold_shirt,Button a red shirt by fastening the front buttons while it lies flat on a table.,microagi,human_bimanual,820.0,,,s3://rldb/processed_v3/microagi/2026-04-02-14-05-54-468553.mp4,s3://rldb/processed_v3/microagi/2026-04-02-14-05-54-468553.zarr,fold_clothes,train
2026-04-02-14-06-37-675907,fold_shirt,Fold a patterned shirt on a table by folding in the sleeves and body to create a compact folded garment.,microagi,human_bimanual,401.0,,,s3://rldb/processed_v3/microagi/2026-04-02-14-06-37-675907.mp4,s3://rldb/processed_v3/microagi/2026-04-02-14-06-37-675907.zarr,fold_clothes,train
2026-04-02-14-07-46-595269,fold_shirt,Fold a floral-patterned shirt on a table by smoothing the fabric and arranging the sleeves flat.,microagi,human_bimanual,343.0,,,s3://rldb/processed_v3/microagi/2026-04-02-14-07-46-595269.mp4,s3://rldb/processed_v3/microagi/2026-04-02-14-07-46-595269.zarr,fold_clothes,train
2026-04-02-14-08-22-700132,fold_shirt,Fold a red shirt in half lengthwise on a flat surface.,microagi,human_bimanual,314.0,,,s3://rldb/processed_v3/microagi/2026-04-02-14-08-22-700132.mp4,s3://rldb/processed_v3/microagi/2026-04-02-14-08-22-700132.zarr,fold_clothes,train
2026-04-02-14-08-30-344091,fold_shirt,Fold the sleeve of a floral-patterned shirt laid flat on an ironing board.,microagi,human_bimanual,153.0,,,s3://rldb/processed_v3/microagi/2026-04-02-14-08-30-344091.mp4,s3://rldb/processed_v3/microagi/2026-04-02-14-08-30-344091.zarr,fold_clothes,train
2026-04-02-14-08-57-112777,fold_shirt,Fold a patterned shirt by smoothing and arranging the fabric flat on a table.,microagi,human_bimanual,395.0,,,s3://rldb/processed_v3/microagi/2026-04-02-14-08-57-112777.mp4,s3://rldb/processed_v3/microagi/2026-04-02-14-08-57-112777.zarr,fold_clothes,train
2026-04-02-14-09-30-174105,fold_shirt,Fold a floral-patterned shirt on a table by manipulating the fabric with both hands to create a folded end state.,microagi,human_bimanual,586.0,,,s3://rldb/processed_v3/microagi/2026-04-02-14-09-30-174105.mp4,s3://rldb/processed_v3/microagi/2026-04-02-14-09-30-174105.zarr,fold_clothes,train
2026-04-02-14-11-58-667031,fold_shirt,Fold a floral-patterned shirt on a table by smoothing and folding the fabric flat.,microagi,human_bimanual,569.0,,,s3://rldb/processed_v3/microagi/2026-04-02-14-11-58-667031.mp4,s3://rldb/processed_v3/microagi/2026-04-02-14-11-58-667031.zarr,fold_clothes,train
2026-04-02-14-12-36-888990,fold_shirt,Fold a patterned shirt on a flat surface by smoothing it flat and folding the sides inward into a compact shape.,microagi,human_bimanual,469.0,,,s3://rldb/processed_v3/microagi/2026-04-02-14-12-36-888990.mp4,s3://rldb/processed_v3/microagi/2026-04-02-14-12-36-888990.zarr,fold_clothes,train
2026-04-02-14-13-12-547276,fold_shirt,Fold a patterned shirt on a table by manipulating sleeves and body into a folded configuration.,microagi,human_bimanual,188.0,,,s3://rldb/processed_v3/microagi/2026-04-02-14-13-12-547276.mp4,s3://rldb/processed_v3/microagi/2026-04-02-14-13-12-547276.zarr,fold_clothes,train
2026-04-02-14-13-19-072965,fold_shirt,Fold a patterned shirt into a compact rectangular shape on a flat surface.,microagi,human_bimanual,1175.0,,,s3://rldb/processed_v3/microagi/2026-04-02-14-13-19-072965.mp4,s3://rldb/processed_v3/microagi/2026-04-02-14-13-19-072965.zarr,fold_clothes,train
2026-04-02-14-14-13-442703,fold_shirt,Fold a patterned shirt on a flat surface into a compact folded shape.,microagi,human_bimanual,258.0,,,s3://rldb/processed_v3/microagi/2026-04-02-14-14-13-442703.mp4,s3://rldb/processed_v3/microagi/2026-04-02-14-14-13-442703.zarr,fold_clothes,train
2026-04-02-14-36-01-343784,fold_shirt,Fold a striped shirt in half on a table by bringing one side over the other and smoothing it flat.,microagi,human_bimanual,613.0,,,s3://rldb/processed_v3/microagi/2026-04-02-14-36-01-343784.mp4,s3://rldb/processed_v3/microagi/2026-04-02-14-36-01-343784.zarr,fold_clothes,train
2026-04-02-14-36-23-917373,fold_shirt,Fold a striped shirt flat on a table by smoothing the fabric and folding the sides inward into a compact shape.,microagi,human_bimanual,219.0,,,s3://rldb/processed_v3/microagi/2026-04-02-14-36-23-917373.mp4,s3://rldb/processed_v3/microagi/2026-04-02-14-36-23-917373.zarr,fold_clothes,train
2026-04-02-14-37-11-694806,fold_shirt,Fold a striped shirt on a table by bringing the sleeves and sides inward and smoothing it flat.,microagi,human_bimanual,557.0,,,s3://rldb/processed_v3/microagi/2026-04-02-14-37-11-694806.mp4,s3://rldb/processed_v3/microagi/2026-04-02-14-37-11-694806.zarr,fold_clothes,train
2026-04-02-14-37-34-301683,fold_shirt,Fold a striped shirt on a flat surface by smoothing and arranging the fabric into a folded shape.,microagi,human_bimanual,363.0,,,s3://rldb/processed_v3/microagi/2026-04-02-14-37-34-301683.mp4,s3://rldb/processed_v3/microagi/2026-04-02-14-37-34-301683.zarr,fold_clothes,train
2026-04-02-14-39-31-864150,fold_shirt,Smooth and flatten a striped shirt on a table by pressing it down with both hands to prepare for folding.,microagi,human_bimanual,356.0,,,s3://rldb/processed_v3/microagi/2026-04-02-14-39-31-864150.mp4,s3://rldb/processed_v3/microagi/2026-04-02-14-39-31-864150.zarr,fold_clothes,train
2026-04-02-14-40-02-961103,fold_shirt,Fold a striped shirt on a table by tucking in the sleeves and arranging the fabric into a folded shape.,microagi,human_bimanual,1379.0,,,s3://rldb/processed_v3/microagi/2026-04-02-14-40-02-961103.mp4,s3://rldb/processed_v3/microagi/2026-04-02-14-40-02-961103.zarr,fold_clothes,train
2026-04-02-14-41-10-981508,fold_shirt,Fold a striped shirt on a flat surface by arranging the collar and body into a folded shape.,microagi,human_bimanual,1818.0,,,s3://rldb/processed_v3/microagi/2026-04-02-14-41-10-981508.mp4,s3://rldb/processed_v3/microagi/2026-04-02-14-41-10-981508.zarr,fold_clothes,train
2026-04-02-14-42-12-576121,fold_shirt,Fold a striped shirt flat on a table by smoothing and folding it with both hands.,microagi,human_bimanual,402.0,,,s3://rldb/processed_v3/microagi/2026-04-02-14-42-12-576121.mp4,s3://rldb/processed_v3/microagi/2026-04-02-14-42-12-576121.zarr,fold_clothes,train
2026-04-02-14-42-59-121665,fold_shirt,Fold a striped shirt by smoothing it flat on a table and folding the sides inward.,microagi,human_bimanual,404.0,,,s3://rldb/processed_v3/microagi/2026-04-02-14-42-59-121665.mp4,s3://rldb/processed_v3/microagi/2026-04-02-14-42-59-121665.zarr,fold_clothes,train
2026-04-02-14-44-33-844183,fold_shirt,Fold a striped shirt by tucking in the sleeves and folding it into a neat rectangle on a table.,microagi,human_bimanual,879.0,,,s3://rldb/processed_v3/microagi/2026-04-02-14-44-33-844183.mp4,s3://rldb/processed_v3/microagi/2026-04-02-14-44-33-844183.zarr,fold_clothes,train
2026-04-02-14-45-05-573732,fold_shirt,Fold a striped shirt on a table by folding one side over and pressing it flat.,microagi,human_bimanual,359.0,,,s3://rldb/processed_v3/microagi/2026-04-02-14-45-05-573732.mp4,s3://rldb/processed_v3/microagi/2026-04-02-14-45-05-573732.zarr,fold_clothes,train
2026-04-02-14-45-43-429443,fold_shirt,"Fold a striped shirt on a table into a compact, neat rectangle.",microagi,human_bimanual,436.0,,,s3://rldb/processed_v3/microagi/2026-04-02-14-45-43-429443.mp4,s3://rldb/processed_v3/microagi/2026-04-02-14-45-43-429443.zarr,fold_clothes,train
2026-04-02-14-47-17-552653,fold_shirt,Fold a striped shirt flat on a table by smoothing and folding the fabric.,microagi,human_bimanual,416.0,,,s3://rldb/processed_v3/microagi/2026-04-02-14-47-17-552653.mp4,s3://rldb/processed_v3/microagi/2026-04-02-14-47-17-552653.zarr,fold_clothes,train
2026-04-02-14-47-32-468541,fold_shirt,Fold a striped shirt by bringing one side over the center on a flat surface.,microagi,human_bimanual,201.0,,,s3://rldb/processed_v3/microagi/2026-04-02-14-47-32-468541.mp4,s3://rldb/processed_v3/microagi/2026-04-02-14-47-32-468541.zarr,fold_clothes,train
2026-04-02-14-48-03-798565,fold_shirt,Fold a striped shirt on a table into a compact folded shape.,microagi,human_bimanual,399.0,,,s3://rldb/processed_v3/microagi/2026-04-02-14-48-03-798565.mp4,s3://rldb/processed_v3/microagi/2026-04-02-14-48-03-798565.zarr,fold_clothes,train
2026-04-03-03-42-00-405874,fold_shirt,Fold a striped shirt on an ironing board by bringing the sleeves and sides together into a compact folded shape.,microagi,human_bimanual,173.0,,,s3://rldb/processed_v3/microagi/2026-04-03-03-42-00-405874.mp4,s3://rldb/processed_v3/microagi/2026-04-03-03-42-00-405874.zarr,fold_clothes,train
2026-04-03-04-07-45-928305,fold_shirt,Fold a patterned shirt on a flat surface by bringing the sides and sleeves together into a compact folded shape.,microagi,human_bimanual,502.0,,,s3://rldb/processed_v3/microagi/2026-04-03-04-07-45-928305.mp4,s3://rldb/processed_v3/microagi/2026-04-03-04-07-45-928305.zarr,fold_clothes,train
2026-04-03-04-08-14-328413,fold_shirt,Fold a patterned shirt flat on an ironing board and lift the folded shirt off the surface.,microagi,human_bimanual,317.0,,,s3://rldb/processed_v3/microagi/2026-04-03-04-08-14-328413.mp4,s3://rldb/processed_v3/microagi/2026-04-03-04-08-14-328413.zarr,fold_clothes,train
2026-04-03-04-08-28-977942,fold_shirt,Fold a patterned shirt on an ironing board by bringing one side over to the other.,microagi,human_bimanual,305.0,,,s3://rldb/processed_v3/microagi/2026-04-03-04-08-28-977942.mp4,s3://rldb/processed_v3/microagi/2026-04-03-04-08-28-977942.zarr,fold_clothes,train
2026-04-03-04-08-57-078405,fold_shirt,Fold a patterned shirt on an ironing board by folding one side over and smoothing the fabric flat.,microagi,human_bimanual,373.0,,,s3://rldb/processed_v3/microagi/2026-04-03-04-08-57-078405.mp4,s3://rldb/processed_v3/microagi/2026-04-03-04-08-57-078405.zarr,fold_clothes,train
2026-04-03-04-09-22-948127,fold_shirt,Fold a patterned shirt on an ironing board into a compact folded shape.,microagi,human_bimanual,242.0,,,s3://rldb/processed_v3/microagi/2026-04-03-04-09-22-948127.mp4,s3://rldb/processed_v3/microagi/2026-04-03-04-09-22-948127.zarr,fold_clothes,train
2026-04-03-04-09-31-105254,fold_shirt,Fold a white floral-patterned shirt on an ironing board by manipulating sleeves and body into a folded configuration.,microagi,human_bimanual,174.0,,,s3://rldb/processed_v3/microagi/2026-04-03-04-09-31-105254.mp4,s3://rldb/processed_v3/microagi/2026-04-03-04-09-31-105254.zarr,fold_clothes,train
2026-04-03-04-11-34-061401,fold_shirt,Fold a patterned shirt on an ironing board by manipulating the collar and upper fabric into a folded configuration.,microagi,human_bimanual,303.0,,,s3://rldb/processed_v3/microagi/2026-04-03-04-11-34-061401.mp4,s3://rldb/processed_v3/microagi/2026-04-03-04-11-34-061401.zarr,fold_clothes,train
2026-04-03-04-33-58-063576,fold_shirt,Fold a striped shirt on a table by adjusting the collar and arranging the fabric into a folded shape.,microagi,human_bimanual,406.0,,,s3://rldb/processed_v3/microagi/2026-04-03-04-33-58-063576.mp4,s3://rldb/processed_v3/microagi/2026-04-03-04-33-58-063576.zarr,fold_clothes,train
2026-04-03-04-35-06-982949,fold_shirt,Fold a striped shirt on a table by folding in the sleeves and folding the body in half.,microagi,human_bimanual,249.0,,,s3://rldb/processed_v3/microagi/2026-04-03-04-35-06-982949.mp4,s3://rldb/processed_v3/microagi/2026-04-03-04-35-06-982949.zarr,fold_clothes,train
2026-04-03-04-36-00-953140,fold_shirt,Fold a striped shirt by aligning the collar and folding the garment flat on a surface.,microagi,human_bimanual,1162.0,,,s3://rldb/processed_v3/microagi/2026-04-03-04-36-00-953140.mp4,s3://rldb/processed_v3/microagi/2026-04-03-04-36-00-953140.zarr,fold_clothes,train
2026-04-03-04-41-56-633960,fold_shirt,Fold a blue striped shirt by smoothing it flat on a table and folding the collar/upper portion down.,microagi,human_bimanual,698.0,,,s3://rldb/processed_v3/microagi/2026-04-03-04-41-56-633960.mp4,s3://rldb/processed_v3/microagi/2026-04-03-04-41-56-633960.zarr,fold_clothes,train
2026-04-03-04-42-50-504275,fold_shirt,Fold a blue striped shirt on a table by smoothing it flat and folding one side over the center.,microagi,human_bimanual,545.0,,,s3://rldb/processed_v3/microagi/2026-04-03-04-42-50-504275.mp4,s3://rldb/processed_v3/microagi/2026-04-03-04-42-50-504275.zarr,fold_clothes,train
2026-04-03-04-43-24-597704,fold_shirt,Smooth and press a striped shirt flat on a table to prepare it for folding.,microagi,human_bimanual,1185.0,,,s3://rldb/processed_v3/microagi/2026-04-03-04-43-24-597704.mp4,s3://rldb/processed_v3/microagi/2026-04-03-04-43-24-597704.zarr,fold_clothes,train
2026-04-03-04-45-11-639152,fold_shirt,Fold a blue striped shirt on a table by smoothing it flat and folding it into a compact shape.,microagi,human_bimanual,1590.0,,,s3://rldb/processed_v3/microagi/2026-04-03-04-45-11-639152.mp4,s3://rldb/processed_v3/microagi/2026-04-03-04-45-11-639152.zarr,fold_clothes,train
2026-04-03-04-46-16-063770,fold_shirt,Fold a blue striped shirt flat on a table by smoothing and folding the fabric with both hands.,microagi,human_bimanual,341.0,,,s3://rldb/processed_v3/microagi/2026-04-03-04-46-16-063770.mp4,s3://rldb/processed_v3/microagi/2026-04-03-04-46-16-063770.zarr,fold_clothes,train
2026-04-03-04-48-04-104047,fold_shirt,Fold a blue striped shirt flat on a table by smoothing the fabric and folding it in half.,microagi,human_bimanual,754.0,,,s3://rldb/processed_v3/microagi/2026-04-03-04-48-04-104047.mp4,s3://rldb/processed_v3/microagi/2026-04-03-04-48-04-104047.zarr,fold_clothes,train
2026-04-03-04-48-33-036857,fold_shirt,Fold a blue striped shirt on a table by smoothing it flat and folding one side over the other.,microagi,human_bimanual,724.0,,,s3://rldb/processed_v3/microagi/2026-04-03-04-48-33-036857.mp4,s3://rldb/processed_v3/microagi/2026-04-03-04-48-33-036857.zarr,fold_clothes,train
2026-04-03-04-51-22-338801,fold_shirt,Fold a striped shirt flat on a surface by folding the sleeves inward and then folding the shirt in half.,microagi,human_bimanual,413.0,,,s3://rldb/processed_v3/microagi/2026-04-03-04-51-22-338801.mp4,s3://rldb/processed_v3/microagi/2026-04-03-04-51-22-338801.zarr,fold_clothes,train
2026-04-03-04-56-31-554261,fold_shirt,Fold a striped shirt by folding the sleeves inward and smoothing it flat on the table.,microagi,human_bimanual,345.0,,,s3://rldb/processed_v3/microagi/2026-04-03-04-56-31-554261.mp4,s3://rldb/processed_v3/microagi/2026-04-03-04-56-31-554261.zarr,fold_clothes,train
2026-04-03-04-57-02-318258,fold_shirt,Fold a striped shirt by smoothing it flat and folding it on a table.,microagi,human_bimanual,1047.0,,,s3://rldb/processed_v3/microagi/2026-04-03-04-57-02-318258.mp4,s3://rldb/processed_v3/microagi/2026-04-03-04-57-02-318258.zarr,fold_clothes,train
2026-04-03-04-59-20-723016,fold_shirt,Fold a striped shirt flat on a table by smoothing and arranging the fabric into a folded shape.,microagi,human_bimanual,883.0,,,s3://rldb/processed_v3/microagi/2026-04-03-04-59-20-723016.mp4,s3://rldb/processed_v3/microagi/2026-04-03-04-59-20-723016.zarr,fold_clothes,train
2026-04-03-04-59-57-113774,fold_shirt,Fold a striped shirt on an ironing board by bringing the sides together into a folded shape.,microagi,human_bimanual,1331.0,,,s3://rldb/processed_v3/microagi/2026-04-03-04-59-57-113774.mp4,s3://rldb/processed_v3/microagi/2026-04-03-04-59-57-113774.zarr,fold_clothes,train
2026-04-03-05-05-42-173828,fold_shirt,Fold a striped shirt on a flat surface by smoothing and folding the fabric into a compact shape.,microagi,human_bimanual,706.0,,,s3://rldb/processed_v3/microagi/2026-04-03-05-05-42-173828.mp4,s3://rldb/processed_v3/microagi/2026-04-03-05-05-42-173828.zarr,fold_clothes,train
2026-04-03-05-06-07-078029,fold_shirt,Fold a striped shirt and button it up on a table.,microagi,human_bimanual,354.0,,,s3://rldb/processed_v3/microagi/2026-04-03-05-06-07-078029.mp4,s3://rldb/processed_v3/microagi/2026-04-03-05-06-07-078029.zarr,fold_clothes,train
2026-04-03-05-08-33-673190,fold_shirt,Fold a striped shirt by smoothing it flat on an ironing board and folding it into a compact shape.,microagi,human_bimanual,376.0,,,s3://rldb/processed_v3/microagi/2026-04-03-05-08-33-673190.mp4,s3://rldb/processed_v3/microagi/2026-04-03-05-08-33-673190.zarr,fold_clothes,train
2026-04-03-05-08-47-290590,fold_shirt,Fold a striped shirt flat on a table by smoothing and pressing the fabric with both hands.,microagi,human_bimanual,365.0,,,s3://rldb/processed_v3/microagi/2026-04-03-05-08-47-290590.mp4,s3://rldb/processed_v3/microagi/2026-04-03-05-08-47-290590.zarr,fold_clothes,train
2026-04-03-05-09-12-028320,fold_shirt,Fold a striped shirt lengthwise on an ironing board by bringing one side over and smoothing it flat.,microagi,human_bimanual,414.0,,,s3://rldb/processed_v3/microagi/2026-04-03-05-09-12-028320.mp4,s3://rldb/processed_v3/microagi/2026-04-03-05-09-12-028320.zarr,fold_clothes,train
2026-04-03-06-50-39-683936,fold_shirt,Fold a floral-patterned shirt on a table by bringing the sleeves and sides together into a folded shape.,microagi,human_bimanual,922.0,,,s3://rldb/processed_v3/microagi/2026-04-03-06-50-39-683936.mp4,s3://rldb/processed_v3/microagi/2026-04-03-06-50-39-683936.zarr,fold_clothes,train
2026-04-03-06-53-01-351521,fold_shirt,Fold a patterned shirt on a table by bringing one side over to the center.,microagi,human_bimanual,488.0,,,s3://rldb/processed_v3/microagi/2026-04-03-06-53-01-351521.mp4,s3://rldb/processed_v3/microagi/2026-04-03-06-53-01-351521.zarr,fold_clothes,train
2026-04-03-06-53-21-494613,fold_shirt,"Fold a patterned shirt on an ironing board, smoothing the fabric flat with both hands to complete the fold.",microagi,human_bimanual,940.0,,,s3://rldb/processed_v3/microagi/2026-04-03-06-53-21-494613.mp4,s3://rldb/processed_v3/microagi/2026-04-03-06-53-21-494613.zarr,fold_clothes,train
2026-04-03-06-53-54-089817,fold_shirt,Fold a patterned shirt on an ironing board by smoothing and pressing the fabric into a folded shape.,microagi,human_bimanual,542.0,,,s3://rldb/processed_v3/microagi/2026-04-03-06-53-54-089817.mp4,s3://rldb/processed_v3/microagi/2026-04-03-06-53-54-089817.zarr,fold_clothes,train
2026-04-03-06-54-43-798322,fold_shirt,"Fold a patterned shirt on a flat surface, bringing the collar and sleeves inward to create a folded garment.",microagi,human_bimanual,1713.0,,,s3://rldb/processed_v3/microagi/2026-04-03-06-54-43-798322.mp4,s3://rldb/processed_v3/microagi/2026-04-03-06-54-43-798322.zarr,fold_clothes,train
2026-04-03-07-14-01-016620,fold_shirt,Fold a white patterned shirt on a table by bringing one side over and smoothing it flat.,microagi,human_bimanual,372.0,,,s3://rldb/processed_v3/microagi/2026-04-03-07-14-01-016620.mp4,s3://rldb/processed_v3/microagi/2026-04-03-07-14-01-016620.zarr,fold_clothes,train
2026-04-03-09-02-01-690941,fold_shirt,Fold a patterned shirt on a table by adjusting the fabric and arranging it into a folded shape.,microagi,human_bimanual,651.0,,,s3://rldb/processed_v3/microagi/2026-04-03-09-02-01-690941.mp4,s3://rldb/processed_v3/microagi/2026-04-03-09-02-01-690941.zarr,fold_clothes,train
2026-04-03-11-46-11-074445,fold_shirt,"Fold a striped shirt on a bed, adjusting the collar and front placket to complete the fold.",microagi,human_bimanual,498.0,,,s3://rldb/processed_v3/microagi/2026-04-03-11-46-11-074445.mp4,s3://rldb/processed_v3/microagi/2026-04-03-11-46-11-074445.zarr,fold_clothes,train
2026-04-03-12-49-10-184423,fold_shirt,Fold a striped shirt into a compact bundle on a table.,microagi,human_bimanual,947.0,,,s3://rldb/processed_v3/microagi/2026-04-03-12-49-10-184423.mp4,s3://rldb/processed_v3/microagi/2026-04-03-12-49-10-184423.zarr,fold_clothes,train
2026-04-03-13-43-18-945460,fold_shirt,Fold a blue striped shirt by manipulating it with both hands into a folded configuration.,microagi,human_bimanual,363.0,,,s3://rldb/processed_v3/microagi/2026-04-03-13-43-18-945460.mp4,s3://rldb/processed_v3/microagi/2026-04-03-13-43-18-945460.zarr,fold_clothes,train
2026-04-03-13-43-32-482549,fold_shirt,Fold a blue and white striped shirt by bringing the sides together and compressing it into a folded shape.,microagi,human_bimanual,408.0,,,s3://rldb/processed_v3/microagi/2026-04-03-13-43-32-482549.mp4,s3://rldb/processed_v3/microagi/2026-04-03-13-43-32-482549.zarr,fold_clothes,train
2026-04-03-13-43-48-384023,fold_shirt,"Fold a striped shirt by grasping, aligning, and folding the fabric with both hands.",microagi,human_bimanual,199.0,,,s3://rldb/processed_v3/microagi/2026-04-03-13-43-48-384023.mp4,s3://rldb/processed_v3/microagi/2026-04-03-13-43-48-384023.zarr,fold_clothes,train
2026-04-03-13-44-08-124534,fold_shirt,Fold a striped shirt by manipulating the collar and body to create a folded end state.,microagi,human_bimanual,528.0,,,s3://rldb/processed_v3/microagi/2026-04-03-13-44-08-124534.mp4,s3://rldb/processed_v3/microagi/2026-04-03-13-44-08-124534.zarr,fold_clothes,train
2026-04-04-13-43-07-285513,fold_shirt,Fold a blue striped shirt flat on a table by smoothing and folding the fabric into a neat shape.,microagi,human_bimanual,353.0,,,s3://rldb/processed_v3/microagi/2026-04-04-13-43-07-285513.mp4,s3://rldb/processed_v3/microagi/2026-04-04-13-43-07-285513.zarr,fold_clothes,train
2026-04-04-13-44-14-273811,fold_shirt,Fold a striped shirt by tucking the sleeves inward and folding it in half on an ironing board.,microagi,human_bimanual,265.0,,,s3://rldb/processed_v3/microagi/2026-04-04-13-44-14-273811.mp4,s3://rldb/processed_v3/microagi/2026-04-04-13-44-14-273811.zarr,fold_clothes,train
2026-04-04-16-30-29-507182,fold_shirt,"Fold a striped shirt on a flat surface by smoothing, aligning, and pressing the fabric into a folded shape.",microagi,human_bimanual,340.0,,,s3://rldb/processed_v3/microagi/2026-04-04-16-30-29-507182.mp4,s3://rldb/processed_v3/microagi/2026-04-04-16-30-29-507182.zarr,fold_clothes,train
2026-04-04-16-31-33-389088,fold_shirt,Fold the collar and upper portion of a striped shirt laid flat on a surface.,microagi,human_bimanual,690.0,,,s3://rldb/processed_v3/microagi/2026-04-04-16-31-33-389088.mp4,s3://rldb/processed_v3/microagi/2026-04-04-16-31-33-389088.zarr,fold_clothes,train
2026-04-04-16-32-14-740718,fold_shirt,Fold a striped shirt by bringing the right sleeve and side over toward the center of the garment on a flat surface.,microagi,human_bimanual,373.0,,,s3://rldb/processed_v3/microagi/2026-04-04-16-32-14-740718.mp4,s3://rldb/processed_v3/microagi/2026-04-04-16-32-14-740718.zarr,fold_clothes,train
2026-04-04-16-33-29-286843,fold_shirt,Fold a striped shirt on a flat surface by aligning and folding the sleeves and body into a compact shape.,microagi,human_bimanual,736.0,,,s3://rldb/processed_v3/microagi/2026-04-04-16-33-29-286843.mp4,s3://rldb/processed_v3/microagi/2026-04-04-16-33-29-286843.zarr,fold_clothes,train
2026-04-04-16-34-22-224909,fold_shirt,"Fold a striped shirt into a neat rectangular shape on a flat surface, adjusting the collar and smoothing the fabric.",microagi,human_bimanual,305.0,,,s3://rldb/processed_v3/microagi/2026-04-04-16-34-22-224909.mp4,s3://rldb/processed_v3/microagi/2026-04-04-16-34-22-224909.zarr,fold_clothes,train
2026-04-04-16-38-00-013453,fold_shirt,Fold a patterned shirt by tucking the sleeves inward and folding it in half on a flat surface.,microagi,human_bimanual,328.0,,,s3://rldb/processed_v3/microagi/2026-04-04-16-38-00-013453.mp4,s3://rldb/processed_v3/microagi/2026-04-04-16-38-00-013453.zarr,fold_clothes,train
2026-04-04-16-40-53-200823,fold_shirt,Fold a patterned shirt on a flat surface by sequentially folding the sleeves and body into a compact rectangular shape.,microagi,human_bimanual,425.0,,,s3://rldb/processed_v3/microagi/2026-04-04-16-40-53-200823.mp4,s3://rldb/processed_v3/microagi/2026-04-04-16-40-53-200823.zarr,fold_clothes,train
2026-04-04-19-31-36-865720,fold_shirt,Fold a white shirt on a table by smoothing the fabric and folding the sleeves and body into a compact rectangular shape.,microagi,human_bimanual,391.0,,,s3://rldb/processed_v3/microagi/2026-04-04-19-31-36-865720.mp4,s3://rldb/processed_v3/microagi/2026-04-04-19-31-36-865720.zarr,fold_clothes,train
2026-04-04-19-33-03-963837,fold_shirt,Fold a white shirt by bringing one side over the center on a flat surface.,microagi,human_bimanual,264.0,,,s3://rldb/processed_v3/microagi/2026-04-04-19-33-03-963837.mp4,s3://rldb/processed_v3/microagi/2026-04-04-19-33-03-963837.zarr,fold_clothes,train
2026-04-04-19-36-52-030333,fold_shirt,Fold a white shirt on a table by folding one side over the other and smoothing it flat.,microagi,human_bimanual,418.0,,,s3://rldb/processed_v3/microagi/2026-04-04-19-36-52-030333.mp4,s3://rldb/processed_v3/microagi/2026-04-04-19-36-52-030333.zarr,fold_clothes,train
2026-04-04-20-55-51-875114,fold_shirt,"Smooth and lay flat a striped shirt on a table, aligning the collar and shoulders in preparation for folding.",microagi,human_bimanual,564.0,,,s3://rldb/processed_v3/microagi/2026-04-04-20-55-51-875114.mp4,s3://rldb/processed_v3/microagi/2026-04-04-20-55-51-875114.zarr,fold_clothes,train
2026-04-05-00-15-53-595801,fold_shirt,Fold a white floral-patterned shirt on a table by pressing and smoothing the fabric into a folded shape.,microagi,human_bimanual,557.0,,,s3://rldb/processed_v3/microagi/2026-04-05-00-15-53-595801.mp4,s3://rldb/processed_v3/microagi/2026-04-05-00-15-53-595801.zarr,fold_clothes,train
2026-04-05-00-16-14-071846,fold_shirt,Fold a white floral-patterned shirt on a flat surface into a compact folded shape.,microagi,human_bimanual,330.0,,,s3://rldb/processed_v3/microagi/2026-04-05-00-16-14-071846.mp4,s3://rldb/processed_v3/microagi/2026-04-05-00-16-14-071846.zarr,fold_clothes,train
2026-04-05-00-16-36-578840,fold_shirt,Fold a white floral-patterned shirt on a table by aligning and folding the sleeves and body into a compact shape.,microagi,human_bimanual,361.0,,,s3://rldb/processed_v3/microagi/2026-04-05-00-16-36-578840.mp4,s3://rldb/processed_v3/microagi/2026-04-05-00-16-36-578840.zarr,fold_clothes,train
2026-04-05-06-38-57-437473,fold_shirt,Fold a purple shirt by smoothing and pressing the fabric flat on a table surface.,microagi,human_bimanual,456.0,,,s3://rldb/processed_v3/microagi/2026-04-05-06-38-57-437473.mp4,s3://rldb/processed_v3/microagi/2026-04-05-06-38-57-437473.zarr,fold_clothes,train
2026-04-05-06-39-18-745873,fold_shirt,Fold a purple shirt flat on a table by smoothing and aligning the fabric with both hands.,microagi,human_bimanual,585.0,,,s3://rldb/processed_v3/microagi/2026-04-05-06-39-18-745873.mp4,s3://rldb/processed_v3/microagi/2026-04-05-06-39-18-745873.zarr,fold_clothes,train
2026-04-05-06-40-28-207967,fold_shirt,Smooth and press a purple button-up shirt flat on a table surface to prepare it for folding.,microagi,human_bimanual,848.0,,,s3://rldb/processed_v3/microagi/2026-04-05-06-40-28-207967.mp4,s3://rldb/processed_v3/microagi/2026-04-05-06-40-28-207967.zarr,fold_clothes,train
2026-04-05-06-42-13-111898,fold_shirt,Button a purple shirt by fastening the buttons along the front placket from top to bottom.,microagi,human_bimanual,728.0,,,s3://rldb/processed_v3/microagi/2026-04-05-06-42-13-111898.mp4,s3://rldb/processed_v3/microagi/2026-04-05-06-42-13-111898.zarr,fold_clothes,train
2026-04-05-19-51-58-195783,fold_shirt,Fold a patterned shirt by folding the sleeve over the body of the shirt on a table.,microagi,human_bimanual,712.0,,,s3://rldb/processed_v3/microagi/2026-04-05-19-51-58-195783.mp4,s3://rldb/processed_v3/microagi/2026-04-05-19-51-58-195783.zarr,fold_clothes,train
2026-04-05-19-52-24-664810,fold_shirt,Fold the sleeve of a patterned shirt inward on an ironing board.,microagi,human_bimanual,1354.0,,,s3://rldb/processed_v3/microagi/2026-04-05-19-52-24-664810.mp4,s3://rldb/processed_v3/microagi/2026-04-05-19-52-24-664810.zarr,fold_clothes,train
2026-04-05-19-53-20-133255,fold_shirt,Fold a patterned shirt on a table by folding the sleeves and body into a compact folded shape.,microagi,human_bimanual,569.0,,,s3://rldb/processed_v3/microagi/2026-04-05-19-53-20-133255.mp4,s3://rldb/processed_v3/microagi/2026-04-05-19-53-20-133255.zarr,fold_clothes,train
2026-04-05-19-53-44-604633,fold_shirt,Fold a patterned shirt on a table by manipulating the fabric with both hands into a compact folded shape.,microagi,human_bimanual,958.0,,,s3://rldb/processed_v3/microagi/2026-04-05-19-53-44-604633.mp4,s3://rldb/processed_v3/microagi/2026-04-05-19-53-44-604633.zarr,fold_clothes,train
2026-04-05-19-54-17-266422,fold_shirt,Fold a patterned shirt on a table by manipulating the fabric with both hands.,microagi,human_bimanual,532.0,,,s3://rldb/processed_v3/microagi/2026-04-05-19-54-17-266422.mp4,s3://rldb/processed_v3/microagi/2026-04-05-19-54-17-266422.zarr,fold_clothes,train
2026-04-05-19-55-06-708565,fold_shirt,Fold a patterned shirt by smoothing and folding the fabric flat on a surface.,microagi,human_bimanual,231.0,,,s3://rldb/processed_v3/microagi/2026-04-05-19-55-06-708565.mp4,s3://rldb/processed_v3/microagi/2026-04-05-19-55-06-708565.zarr,fold_clothes,train
2026-04-05-19-55-19-859845,fold_shirt,"Fold a floral-patterned shirt on a table by manipulating, smoothing, and pressing the fabric into a folded shape.",microagi,human_bimanual,332.0,,,s3://rldb/processed_v3/microagi/2026-04-05-19-55-19-859845.mp4,s3://rldb/processed_v3/microagi/2026-04-05-19-55-19-859845.zarr,fold_clothes,train
2026-04-05-19-55-55-518132,fold_shirt,Fold a floral-patterned shirt on an ironing board by manipulating sleeves and body into a folded shape.,microagi,human_bimanual,191.0,,,s3://rldb/processed_v3/microagi/2026-04-05-19-55-55-518132.mp4,s3://rldb/processed_v3/microagi/2026-04-05-19-55-55-518132.zarr,fold_clothes,train
2026-04-05-19-56-24-284470,fold_shirt,Fold a floral-patterned shirt on a table by smoothing it flat and folding the sleeve/side over.,microagi,human_bimanual,304.0,,,s3://rldb/processed_v3/microagi/2026-04-05-19-56-24-284470.mp4,s3://rldb/processed_v3/microagi/2026-04-05-19-56-24-284470.zarr,fold_clothes,train
2026-04-05-19-56-56-613317,fold_shirt,Fold a patterned shirt by smoothing and flattening the fabric on a table surface.,microagi,human_bimanual,409.0,,,s3://rldb/processed_v3/microagi/2026-04-05-19-56-56-613317.mp4,s3://rldb/processed_v3/microagi/2026-04-05-19-56-56-613317.zarr,fold_clothes,train
2026-04-05-19-57-19-087025,fold_shirt,"Smooth and flatten a floral-patterned shirt on a table, pressing the fabric flat with both hands in preparation for folding.",microagi,human_bimanual,347.0,,,s3://rldb/processed_v3/microagi/2026-04-05-19-57-19-087025.mp4,s3://rldb/processed_v3/microagi/2026-04-05-19-57-19-087025.zarr,fold_clothes,train
2026-04-05-19-57-47-587013,fold_shirt,Fold a patterned shirt by smoothing it flat and folding it in half on a table.,microagi,human_bimanual,669.0,,,s3://rldb/processed_v3/microagi/2026-04-05-19-57-47-587013.mp4,s3://rldb/processed_v3/microagi/2026-04-05-19-57-47-587013.zarr,fold_clothes,train
2026-04-05-19-58-13-490061,fold_shirt,Fold a floral-patterned shirt on a flat surface by aligning and creasing the fabric with both hands.,microagi,human_bimanual,1827.0,,,s3://rldb/processed_v3/microagi/2026-04-05-19-58-13-490061.mp4,s3://rldb/processed_v3/microagi/2026-04-05-19-58-13-490061.zarr,fold_clothes,train
2026-04-05-20-02-15-407008,fold_shirt,Smooth and press a patterned shirt flat on an ironing board using both hands to prepare it for folding or ironing.,microagi,human_bimanual,331.0,,,s3://rldb/processed_v3/microagi/2026-04-05-20-02-15-407008.mp4,s3://rldb/processed_v3/microagi/2026-04-05-20-02-15-407008.zarr,fold_clothes,train
2026-04-05-20-02-48-901166,fold_shirt,Fold a floral-patterned shirt on a flat surface by smoothing it flat and folding the body and sleeves.,microagi,human_bimanual,464.0,,,s3://rldb/processed_v3/microagi/2026-04-05-20-02-48-901166.mp4,s3://rldb/processed_v3/microagi/2026-04-05-20-02-48-901166.zarr,fold_clothes,train
2026-04-05-20-03-06-813544,fold_shirt,Fold a floral-patterned shirt on an ironing board by smoothing the fabric and folding one side over the center.,microagi,human_bimanual,437.0,,,s3://rldb/processed_v3/microagi/2026-04-05-20-03-06-813544.mp4,s3://rldb/processed_v3/microagi/2026-04-05-20-03-06-813544.zarr,fold_clothes,train
2026-04-05-20-03-37-178021,fold_shirt,"Fold the right sleeve of a floral shirt across the shirt body, smoothing it flat to prepare for further folding.",microagi,human_bimanual,207.0,,,s3://rldb/processed_v3/microagi/2026-04-05-20-03-37-178021.mp4,s3://rldb/processed_v3/microagi/2026-04-05-20-03-37-178021.zarr,fold_clothes,train
2026-04-05-20-03-47-632452,fold_shirt,Fold a floral-patterned shirt by smoothing it flat and folding one side over on a table surface.,microagi,human_bimanual,215.0,,,s3://rldb/processed_v3/microagi/2026-04-05-20-03-47-632452.mp4,s3://rldb/processed_v3/microagi/2026-04-05-20-03-47-632452.zarr,fold_clothes,train
2026-04-05-20-04-01-849164,fold_shirt,Fold a floral-patterned shirt by bringing the sleeve across the body of the shirt on a flat surface.,microagi,human_bimanual,358.0,,,s3://rldb/processed_v3/microagi/2026-04-05-20-04-01-849164.mp4,s3://rldb/processed_v3/microagi/2026-04-05-20-04-01-849164.zarr,fold_clothes,train
2026-04-05-20-04-16-265627,fold_shirt,Fold a shirt by bringing the sleeve across the shirt body and pressing it flat on the surface.,microagi,human_bimanual,350.0,,,s3://rldb/processed_v3/microagi/2026-04-05-20-04-16-265627.mp4,s3://rldb/processed_v3/microagi/2026-04-05-20-04-16-265627.zarr,fold_clothes,train
2026-04-05-20-05-19-591537,fold_shirt,Fold a patterned shirt by manipulating its collar and sleeves on a flat surface.,microagi,human_bimanual,1418.0,,,s3://rldb/processed_v3/microagi/2026-04-05-20-05-19-591537.mp4,s3://rldb/processed_v3/microagi/2026-04-05-20-05-19-591537.zarr,fold_clothes,train
2026-04-05-20-07-28-274333,fold_shirt,Fold a patterned shirt on a flat surface by folding the sleeves and sides inward toward the center.,microagi,human_bimanual,187.0,,,s3://rldb/processed_v3/microagi/2026-04-05-20-07-28-274333.mp4,s3://rldb/processed_v3/microagi/2026-04-05-20-07-28-274333.zarr,fold_clothes,train
2026-04-05-20-07-50-881206,fold_shirt,Fold a patterned shirt by laying it flat and folding the sides inward into a compact folded shape.,microagi,human_bimanual,924.0,,,s3://rldb/processed_v3/microagi/2026-04-05-20-07-50-881206.mp4,s3://rldb/processed_v3/microagi/2026-04-05-20-07-50-881206.zarr,fold_clothes,train
2026-04-05-20-08-27-271975,fold_shirt,"Fold a floral-patterned shirt in half lengthwise on a flat surface, smoothing and aligning the fabric with both hands.",microagi,human_bimanual,395.0,,,s3://rldb/processed_v3/microagi/2026-04-05-20-08-27-271975.mp4,s3://rldb/processed_v3/microagi/2026-04-05-20-08-27-271975.zarr,fold_clothes,train
2026-04-05-20-08-43-219975,fold_shirt,Fold a floral-patterned shirt by tucking in the sleeves and folding it into a compact rectangular shape on a flat surface.,microagi,human_bimanual,380.0,,,s3://rldb/processed_v3/microagi/2026-04-05-20-08-43-219975.mp4,s3://rldb/processed_v3/microagi/2026-04-05-20-08-43-219975.zarr,fold_clothes,train
2026-04-05-20-08-58-768442,fold_shirt,Fold a patterned shirt on a flat surface by folding one side over and smoothing the fabric flat.,microagi,human_bimanual,159.0,,,s3://rldb/processed_v3/microagi/2026-04-05-20-08-58-768442.mp4,s3://rldb/processed_v3/microagi/2026-04-05-20-08-58-768442.zarr,fold_clothes,train
2026-04-05-20-09-30-131762,fold_shirt,Fold a patterned shirt by bringing the right side over to the left on a flat surface.,microagi,human_bimanual,554.0,,,s3://rldb/processed_v3/microagi/2026-04-05-20-09-30-131762.mp4,s3://rldb/processed_v3/microagi/2026-04-05-20-09-30-131762.zarr,fold_clothes,train
2026-04-05-20-10-22-570410,fold_shirt,Fold a patterned shirt into a compact rectangular shape on a flat surface.,microagi,human_bimanual,364.0,,,s3://rldb/processed_v3/microagi/2026-04-05-20-10-22-570410.mp4,s3://rldb/processed_v3/microagi/2026-04-05-20-10-22-570410.zarr,fold_clothes,train
2026-04-05-20-52-26-918822,fold_shirt,Fold a striped shirt by smoothing and arranging it flat on a surface.,microagi,human_bimanual,393.0,,,s3://rldb/processed_v3/microagi/2026-04-05-20-52-26-918822.mp4,s3://rldb/processed_v3/microagi/2026-04-05-20-52-26-918822.zarr,fold_clothes,train
2026-04-05-20-54-08-533287,fold_shirt,Fold a striped shirt by smoothing it flat and arranging the sleeves on a table.,microagi,human_bimanual,314.0,,,s3://rldb/processed_v3/microagi/2026-04-05-20-54-08-533287.mp4,s3://rldb/processed_v3/microagi/2026-04-05-20-54-08-533287.zarr,fold_clothes,train
2026-04-05-20-54-32-704990,fold_shirt,Fold a striped shirt by smoothing it flat and folding it on a surface.,microagi,human_bimanual,405.0,,,s3://rldb/processed_v3/microagi/2026-04-05-20-54-32-704990.mp4,s3://rldb/processed_v3/microagi/2026-04-05-20-54-32-704990.zarr,fold_clothes,train
2026-04-05-20-54-52-481846,fold_shirt,Fold a striped shirt by adjusting and folding the collar area on a bed.,microagi,human_bimanual,307.0,,,s3://rldb/processed_v3/microagi/2026-04-05-20-54-52-481846.mp4,s3://rldb/processed_v3/microagi/2026-04-05-20-54-52-481846.zarr,fold_clothes,train
2026-04-05-20-55-08-596332,fold_shirt,Fold a striped shirt by pinching and lifting the fabric with both hands to align and crease it.,microagi,human_bimanual,495.0,,,s3://rldb/processed_v3/microagi/2026-04-05-20-55-08-596332.mp4,s3://rldb/processed_v3/microagi/2026-04-05-20-55-08-596332.zarr,fold_clothes,train
2026-04-05-20-55-26-375521,fold_shirt,"Smooth and flatten a blue striped shirt on a surface, pressing it flat as part of folding.",microagi,human_bimanual,347.0,,,s3://rldb/processed_v3/microagi/2026-04-05-20-55-26-375521.mp4,s3://rldb/processed_v3/microagi/2026-04-05-20-55-26-375521.zarr,fold_clothes,train
2026-04-05-20-56-06-398719,fold_shirt,"Smooth a striped shirt flat on a surface, pressing it with both hands to prepare for folding.",microagi,human_bimanual,369.0,,,s3://rldb/processed_v3/microagi/2026-04-05-20-56-06-398719.mp4,s3://rldb/processed_v3/microagi/2026-04-05-20-56-06-398719.zarr,fold_clothes,train
2026-04-05-21-11-02-114132,fold_shirt,Fold a floral-patterned shirt on a table by bringing the fabric edges together into a folded shape.,microagi,human_bimanual,177.0,,,s3://rldb/processed_v3/microagi/2026-04-05-21-11-02-114132.mp4,s3://rldb/processed_v3/microagi/2026-04-05-21-11-02-114132.zarr,fold_clothes,train
2026-04-05-21-12-11-832556,fold_shirt,"Fold a floral-patterned shirt on a flat surface by pressing and folding the fabric into a compact, neatly folded shape.",microagi,human_bimanual,260.0,,,s3://rldb/processed_v3/microagi/2026-04-05-21-12-11-832556.mp4,s3://rldb/processed_v3/microagi/2026-04-05-21-12-11-832556.zarr,fold_clothes,train
2026-04-07-09-22-12-435072,fold_shirt,Fold a patterned shirt by smoothing and arranging it flat on an ironing board.,microagi,human_bimanual,1936.0,,,s3://rldb/processed_v3/microagi/2026-04-07-09-22-12-435072.mp4,s3://rldb/processed_v3/microagi/2026-04-07-09-22-12-435072.zarr,fold_clothes,train
2026-04-07-09-23-18-841739,fold_shirt,Fold a patterned shirt on a table by tucking in the sleeves and folding the body in half.,microagi,human_bimanual,806.0,,,s3://rldb/processed_v3/microagi/2026-04-07-09-23-18-841739.mp4,s3://rldb/processed_v3/microagi/2026-04-07-09-23-18-841739.zarr,fold_clothes,train
2026-04-07-09-26-26-656530,fold_shirt,Fold a floral-patterned shirt on an ironing board by smoothing and folding the fabric into a compact shape.,microagi,human_bimanual,322.0,,,s3://rldb/processed_v3/microagi/2026-04-07-09-26-26-656530.mp4,s3://rldb/processed_v3/microagi/2026-04-07-09-26-26-656530.zarr,fold_clothes,train
2026-04-07-09-29-58-719593,fold_shirt,Fold a white patterned shirt on an ironing board by arranging the sleeves and body into a folded shape.,microagi,human_bimanual,216.0,,,s3://rldb/processed_v3/microagi/2026-04-07-09-29-58-719593.mp4,s3://rldb/processed_v3/microagi/2026-04-07-09-29-58-719593.zarr,fold_clothes,train
2026-04-07-09-30-06-724280,fold_shirt,Fold a patterned shirt by smoothing and arranging it flat on a table.,microagi,human_bimanual,372.0,,,s3://rldb/processed_v3/microagi/2026-04-07-09-30-06-724280.mp4,s3://rldb/processed_v3/microagi/2026-04-07-09-30-06-724280.zarr,fold_clothes,train
2026-04-07-09-30-20-665947,fold_shirt,Fold a floral-patterned shirt on a table by bringing the sleeves and sides inward to form a compact folded shape.,microagi,human_bimanual,860.0,,,s3://rldb/processed_v3/microagi/2026-04-07-09-30-20-665947.mp4,s3://rldb/processed_v3/microagi/2026-04-07-09-30-20-665947.zarr,fold_clothes,train
2026-04-07-09-30-56-920947,fold_shirt,Fold a patterned shirt on an ironing board by aligning and folding the sleeves and body into a compact shape.,microagi,human_bimanual,465.0,,,s3://rldb/processed_v3/microagi/2026-04-07-09-30-56-920947.mp4,s3://rldb/processed_v3/microagi/2026-04-07-09-30-56-920947.zarr,fold_clothes,train
2026-04-07-09-32-32-245544,fold_shirt,Fold a patterned shirt on an ironing board into a compact rectangle.,microagi,human_bimanual,521.0,,,s3://rldb/processed_v3/microagi/2026-04-07-09-32-32-245544.mp4,s3://rldb/processed_v3/microagi/2026-04-07-09-32-32-245544.zarr,fold_clothes,train
2026-04-07-11-38-37-285478,fold_shirt,Fold a patterned white shirt flat on a table by smoothing and folding it in half.,microagi,human_bimanual,406.0,,,s3://rldb/processed_v3/microagi/2026-04-07-11-38-37-285478.mp4,s3://rldb/processed_v3/microagi/2026-04-07-11-38-37-285478.zarr,fold_clothes,train
2026-04-07-11-39-04-835478,fold_shirt,Fold a patterned white shirt on a table by smoothing and folding it into a compact shape.,microagi,human_bimanual,215.0,,,s3://rldb/processed_v3/microagi/2026-04-07-11-39-04-835478.mp4,s3://rldb/processed_v3/microagi/2026-04-07-11-39-04-835478.zarr,fold_clothes,train
2026-04-07-11-39-30-518812,fold_shirt,Fold a white patterned shirt on a counter by folding in the sleeves and folding the body in half.,microagi,human_bimanual,406.0,,,s3://rldb/processed_v3/microagi/2026-04-07-11-39-30-518812.mp4,s3://rldb/processed_v3/microagi/2026-04-07-11-39-30-518812.zarr,fold_clothes,train
2026-04-07-11-41-15-382173,fold_shirt,"Fold a patterned shirt in half on a counter, smoothing the fabric flat to produce a neatly folded garment.",microagi,human_bimanual,239.0,,,s3://rldb/processed_v3/microagi/2026-04-07-11-41-15-382173.mp4,s3://rldb/processed_v3/microagi/2026-04-07-11-41-15-382173.zarr,fold_clothes,train
2026-04-07-11-41-23-520506,fold_shirt,Fold a patterned shirt on a counter into a compact rectangular shape.,microagi,human_bimanual,986.0,,,s3://rldb/processed_v3/microagi/2026-04-07-11-41-23-520506.mp4,s3://rldb/processed_v3/microagi/2026-04-07-11-41-23-520506.zarr,fold_clothes,train
2026-04-07-11-43-07-283588,fold_shirt,Fold a patterned white shirt on a flat surface into a compact folded shape.,microagi,human_bimanual,264.0,,,s3://rldb/processed_v3/microagi/2026-04-07-11-43-07-283588.mp4,s3://rldb/processed_v3/microagi/2026-04-07-11-43-07-283588.zarr,fold_clothes,train
2026-04-07-11-44-36-504882,fold_shirt,Fold a patterned shirt on a counter by smoothing it flat and folding one side over.,microagi,human_bimanual,657.0,,,s3://rldb/processed_v3/microagi/2026-04-07-11-44-36-504882.mp4,s3://rldb/processed_v3/microagi/2026-04-07-11-44-36-504882.zarr,fold_clothes,train
2026-04-07-11-45-33-906549,fold_shirt,Fold a white patterned shirt on a counter into a compact folded shape.,microagi,human_bimanual,736.0,,,s3://rldb/processed_v3/microagi/2026-04-07-11-45-33-906549.mp4,s3://rldb/processed_v3/microagi/2026-04-07-11-45-33-906549.zarr,fold_clothes,train
2026-04-07-11-46-08-728216,fold_shirt,Fold a patterned shirt on an ironing board into a compact folded shape.,microagi,human_bimanual,454.0,,,s3://rldb/processed_v3/microagi/2026-04-07-11-46-08-728216.mp4,s3://rldb/processed_v3/microagi/2026-04-07-11-46-08-728216.zarr,fold_clothes,train
2026-04-07-12-27-24-302893,fold_shirt,Fold a patterned shirt in half lengthwise on a white counter surface.,microagi,human_bimanual,454.0,,,s3://rldb/processed_v3/microagi/2026-04-07-12-27-24-302893.mp4,s3://rldb/processed_v3/microagi/2026-04-07-12-27-24-302893.zarr,fold_clothes,train
2026-04-07-12-28-05-261227,fold_shirt,Fold a white patterned shirt in half lengthwise on a table.,microagi,human_bimanual,375.0,,,s3://rldb/processed_v3/microagi/2026-04-07-12-28-05-261227.mp4,s3://rldb/processed_v3/microagi/2026-04-07-12-28-05-261227.zarr,fold_clothes,train
2026-04-07-12-28-21-171227,fold_shirt,Fold a white patterned shirt on a table by smoothing and folding the fabric into a compact shape.,microagi,human_bimanual,464.0,,,s3://rldb/processed_v3/microagi/2026-04-07-12-28-21-171227.mp4,s3://rldb/processed_v3/microagi/2026-04-07-12-28-21-171227.zarr,fold_clothes,train
2026-04-07-12-28-41-549560,fold_shirt,Fold a patterned shirt on a white-covered surface using both hands to align and crease the fabric.,microagi,human_bimanual,195.0,,,s3://rldb/processed_v3/microagi/2026-04-07-12-28-41-549560.mp4,s3://rldb/processed_v3/microagi/2026-04-07-12-28-41-549560.zarr,fold_clothes,train
2026-04-07-23-12-06-680131,fold_shirt,"Fold a patterned shirt in half on a flat surface, pressing it flat to complete the fold.",microagi,human_bimanual,846.0,,,s3://rldb/processed_v3/microagi/2026-04-07-23-12-06-680131.mp4,s3://rldb/processed_v3/microagi/2026-04-07-23-12-06-680131.zarr,fold_clothes,train
2026-04-07-23-15-12-329601,fold_shirt,Fold a patterned shirt flat on an ironing board by smoothing the fabric and folding it into a compact shape.,microagi,human_bimanual,1119.0,,,s3://rldb/processed_v3/microagi/2026-04-07-23-15-12-329601.mp4,s3://rldb/processed_v3/microagi/2026-04-07-23-15-12-329601.zarr,fold_clothes,train
2026-04-07-23-16-24-644985,fold_shirt,Fold a patterned shirt flat on a table by smoothing the fabric and folding it into a compact shape.,microagi,human_bimanual,659.0,,,s3://rldb/processed_v3/microagi/2026-04-07-23-16-24-644985.mp4,s3://rldb/processed_v3/microagi/2026-04-07-23-16-24-644985.zarr,fold_clothes,train
2026-04-07-23-18-03-362832,fold_shirt,Fold a floral-patterned shirt into a compact rectangular shape on a flat surface using both hands.,microagi,human_bimanual,1148.0,,,s3://rldb/processed_v3/microagi/2026-04-07-23-18-03-362832.mp4,s3://rldb/processed_v3/microagi/2026-04-07-23-18-03-362832.zarr,fold_clothes,train
2026-04-07-23-19-14-279877,fold_shirt,Fold a patterned shirt flat on a surface by smoothing and pressing the fabric into a folded shape.,microagi,human_bimanual,1338.0,,,s3://rldb/processed_v3/microagi/2026-04-07-23-19-14-279877.mp4,s3://rldb/processed_v3/microagi/2026-04-07-23-19-14-279877.zarr,fold_clothes,train
2026-04-07-23-21-22-429946,fold_shirt,Fold a patterned shirt into a rectangular shape and smooth the folds flat on the surface.,microagi,human_bimanual,554.0,,,s3://rldb/processed_v3/microagi/2026-04-07-23-21-22-429946.mp4,s3://rldb/processed_v3/microagi/2026-04-07-23-21-22-429946.zarr,fold_clothes,train
2026-04-07-23-21-44-537404,fold_shirt,"Fold a floral-patterned shirt lengthwise on a flat surface, smoothing the fabric and creasing the fold into a compact rectangle.",microagi,human_bimanual,504.0,,,s3://rldb/processed_v3/microagi/2026-04-07-23-21-44-537404.mp4,s3://rldb/processed_v3/microagi/2026-04-07-23-21-44-537404.zarr,fold_clothes,train
2026-04-08-07-04-09-699461,fold_shirt,Fold a red shirt in half lengthwise on a table by aligning and pressing the fabric flat.,microagi,human_bimanual,714.0,,,s3://rldb/processed_v3/microagi/2026-04-08-07-04-09-699461.mp4,s3://rldb/processed_v3/microagi/2026-04-08-07-04-09-699461.zarr,fold_clothes,train
2026-04-08-07-06-20-080271,fold_shirt,Fold a red shirt on a table by folding the collar and front placket over the body of the shirt.,microagi,human_bimanual,1421.0,,,s3://rldb/processed_v3/microagi/2026-04-08-07-06-20-080271.mp4,s3://rldb/processed_v3/microagi/2026-04-08-07-06-20-080271.zarr,fold_clothes,train
2026-04-08-08-23-46-776213,fold_shirt,Fold the collar of a red shirt laid flat on an ironing board by bringing the neckline down toward the body of the shirt.,microagi,human_bimanual,376.0,,,s3://rldb/processed_v3/microagi/2026-04-08-08-23-46-776213.mp4,s3://rldb/processed_v3/microagi/2026-04-08-08-23-46-776213.zarr,fold_clothes,train
2026-04-08-08-24-43-742907,fold_shirt,Fold a red button-up shirt on a table by manipulating the collar and sleeves into a folded configuration.,microagi,human_bimanual,571.0,,,s3://rldb/processed_v3/microagi/2026-04-08-08-24-43-742907.mp4,s3://rldb/processed_v3/microagi/2026-04-08-08-24-43-742907.zarr,fold_clothes,train
2026-04-08-08-25-29-955512,fold_shirt,Fold a red shirt on an ironing board by aligning and folding the fabric along the button placket.,microagi,human_bimanual,393.0,,,s3://rldb/processed_v3/microagi/2026-04-08-08-25-29-955512.mp4,s3://rldb/processed_v3/microagi/2026-04-08-08-25-29-955512.zarr,fold_clothes,train
2026-04-08-08-26-54-290180,fold_shirt,"Smooth and flatten a red shirt on a table by pressing it flat with both hands, preparing it for folding.",microagi,human_bimanual,322.0,,,s3://rldb/processed_v3/microagi/2026-04-08-08-26-54-290180.mp4,s3://rldb/processed_v3/microagi/2026-04-08-08-26-54-290180.zarr,fold_clothes,train
2026-04-08-08-28-45-193763,fold_shirt,Fold a red shirt on a table by smoothing the fabric and folding one side over to create a folded garment.,microagi,human_bimanual,469.0,,,s3://rldb/processed_v3/microagi/2026-04-08-08-28-45-193763.mp4,s3://rldb/processed_v3/microagi/2026-04-08-08-28-45-193763.zarr,fold_clothes,train
2026-04-08-10-38-51-527913,fold_shirt,Fold a patterned shirt on a bed by folding the sleeves inward and the body in half.,microagi,human_bimanual,207.0,,,s3://rldb/processed_v3/microagi/2026-04-08-10-38-51-527913.mp4,s3://rldb/processed_v3/microagi/2026-04-08-10-38-51-527913.zarr,fold_clothes,train
2026-04-08-10-43-06-273223,fold_shirt,Fold a patterned shirt flat on a table by smoothing and arranging the fabric with both hands.,microagi,human_bimanual,843.0,,,s3://rldb/processed_v3/microagi/2026-04-08-10-43-06-273223.mp4,s3://rldb/processed_v3/microagi/2026-04-08-10-43-06-273223.zarr,fold_clothes,train
2026-04-08-10-45-59-970011,fold_shirt,Fold a patterned shirt by spreading it flat and arranging the collar and sleeves on a bed surface.,microagi,human_bimanual,808.0,,,s3://rldb/processed_v3/microagi/2026-04-08-10-45-59-970011.mp4,s3://rldb/processed_v3/microagi/2026-04-08-10-45-59-970011.zarr,fold_clothes,train
2026-04-08-10-52-56-016581,fold_shirt,Fold a patterned shirt in half and smooth the crease flat on a surface.,microagi,human_bimanual,450.0,,,s3://rldb/processed_v3/microagi/2026-04-08-10-52-56-016581.mp4,s3://rldb/processed_v3/microagi/2026-04-08-10-52-56-016581.zarr,fold_clothes,train
2026-04-08-10-53-22-585510,fold_shirt,Fold a patterned shirt on an ironing board by folding the sleeves inward and folding the shirt in half lengthwise.,microagi,human_bimanual,702.0,,,s3://rldb/processed_v3/microagi/2026-04-08-10-53-22-585510.mp4,s3://rldb/processed_v3/microagi/2026-04-08-10-53-22-585510.zarr,fold_clothes,train
2026-04-08-10-54-11-328491,fold_shirt,Fold a patterned shirt flat on a surface by pressing and smoothing the fabric into a folded shape.,microagi,human_bimanual,359.0,,,s3://rldb/processed_v3/microagi/2026-04-08-10-54-11-328491.mp4,s3://rldb/processed_v3/microagi/2026-04-08-10-54-11-328491.zarr,fold_clothes,train
2026-04-08-12-59-22-206413,fold_shirt,Fold a striped shirt on a flat surface by folding the sleeves and body into a compact shape.,microagi,human_bimanual,322.0,,,s3://rldb/processed_v3/microagi/2026-04-08-12-59-22-206413.mp4,s3://rldb/processed_v3/microagi/2026-04-08-12-59-22-206413.zarr,fold_clothes,train
2026-04-08-13-00-21-836636,fold_shirt,Fold a striped shirt by smoothing and pressing the fabric flat on a table to achieve a folded shape.,microagi,human_bimanual,251.0,,,s3://rldb/processed_v3/microagi/2026-04-08-13-00-21-836636.mp4,s3://rldb/processed_v3/microagi/2026-04-08-13-00-21-836636.zarr,fold_clothes,train
2026-04-08-13-03-05-811478,fold_shirt,Smooth and press a striped shirt flat on a white surface using both hands.,microagi,human_bimanual,328.0,,,s3://rldb/processed_v3/microagi/2026-04-08-13-03-05-811478.mp4,s3://rldb/processed_v3/microagi/2026-04-08-13-03-05-811478.zarr,fold_clothes,train
2026-04-08-13-03-42-435299,fold_shirt,Fold a striped shirt flat on a table by smoothing and pressing the fabric with both hands into a folded shape.,microagi,human_bimanual,455.0,,,s3://rldb/processed_v3/microagi/2026-04-08-13-03-42-435299.mp4,s3://rldb/processed_v3/microagi/2026-04-08-13-03-42-435299.zarr,fold_clothes,train
2026-04-08-13-05-00-144377,fold_shirt,Fold a striped shirt on a flat surface by smoothing and aligning the fabric into a folded shape.,microagi,human_bimanual,723.0,,,s3://rldb/processed_v3/microagi/2026-04-08-13-05-00-144377.mp4,s3://rldb/processed_v3/microagi/2026-04-08-13-05-00-144377.zarr,fold_clothes,train
2026-04-08-13-07-07-761741,fold_shirt,Fold a striped shirt on a flat surface by smoothing and folding the sleeves and body into a compact shape.,microagi,human_bimanual,510.0,,,s3://rldb/processed_v3/microagi/2026-04-08-13-07-07-761741.mp4,s3://rldb/processed_v3/microagi/2026-04-08-13-07-07-761741.zarr,fold_clothes,train
2026-04-08-13-08-10-621538,fold_shirt,Fold a striped shirt by smoothing and creasing the fabric on a flat surface into a compact folded shape.,microagi,human_bimanual,473.0,,,s3://rldb/processed_v3/microagi/2026-04-08-13-08-10-621538.mp4,s3://rldb/processed_v3/microagi/2026-04-08-13-08-10-621538.zarr,fold_clothes,train
2026-04-08-13-08-26-403072,fold_shirt,Fold a striped shirt by tucking in the sleeves and pressing it flat into a compact folded shape on a white surface.,microagi,human_bimanual,240.0,,,s3://rldb/processed_v3/microagi/2026-04-08-13-08-26-403072.mp4,s3://rldb/processed_v3/microagi/2026-04-08-13-08-26-403072.zarr,fold_clothes,train
2026-04-08-13-08-38-555527,fold_shirt,Fold a striped shirt into a neat rectangular shape and smooth it flat on a surface.,microagi,human_bimanual,421.0,,,s3://rldb/processed_v3/microagi/2026-04-08-13-08-38-555527.mp4,s3://rldb/processed_v3/microagi/2026-04-08-13-08-38-555527.zarr,fold_clothes,train
2026-04-08-13-10-50-591029,fold_shirt,Fold a striped shirt on a flat surface by bringing the sleeves and sides inward to form a folded rectangle.,microagi,human_bimanual,464.0,,,s3://rldb/processed_v3/microagi/2026-04-08-13-10-50-591029.mp4,s3://rldb/processed_v3/microagi/2026-04-08-13-10-50-591029.zarr,fold_clothes,train
2026-04-08-17-45-56-003867,fold_shirt,Fold a patterned shirt on a table by bringing the sides and sleeves inward and smoothing it flat.,microagi,human_bimanual,592.0,,,s3://rldb/processed_v3/microagi/2026-04-08-17-45-56-003867.mp4,s3://rldb/processed_v3/microagi/2026-04-08-17-45-56-003867.zarr,fold_clothes,train
2026-04-08-17-48-50-233366,fold_shirt,Fold a patterned shirt on a flat surface by tucking in the sleeves and folding the body in half.,microagi,human_bimanual,548.0,,,s3://rldb/processed_v3/microagi/2026-04-08-17-48-50-233366.mp4,s3://rldb/processed_v3/microagi/2026-04-08-17-48-50-233366.zarr,fold_clothes,train
2026-04-08-17-51-02-944770,fold_shirt,Fold a patterned shirt on a flat surface by manipulating the fabric with both hands to create neat folds.,microagi,human_bimanual,590.0,,,s3://rldb/processed_v3/microagi/2026-04-08-17-51-02-944770.mp4,s3://rldb/processed_v3/microagi/2026-04-08-17-51-02-944770.zarr,fold_clothes,train
2026-04-08-17-51-22-655038,fold_shirt,Smooth and fold a patterned shirt flat on a bed surface.,microagi,human_bimanual,238.0,,,s3://rldb/processed_v3/microagi/2026-04-08-17-51-22-655038.mp4,s3://rldb/processed_v3/microagi/2026-04-08-17-51-22-655038.zarr,fold_clothes,train
2026-04-08-17-51-43-630513,fold_shirt,Fold a patterned shirt by smoothing it flat and folding it on a bed surface.,microagi,human_bimanual,523.0,,,s3://rldb/processed_v3/microagi/2026-04-08-17-51-43-630513.mp4,s3://rldb/processed_v3/microagi/2026-04-08-17-51-43-630513.zarr,fold_clothes,train
2026-04-08-17-52-12-663209,fold_shirt,Spread and smooth a floral-patterned shirt flat on a bed surface in preparation for folding.,microagi,human_bimanual,348.0,,,s3://rldb/processed_v3/microagi/2026-04-08-17-52-12-663209.mp4,s3://rldb/processed_v3/microagi/2026-04-08-17-52-12-663209.zarr,fold_clothes,train
2026-04-08-17-54-16-318536,fold_shirt,Fold a patterned shirt on a flat surface by smoothing and pressing the fabric into a folded shape.,microagi,human_bimanual,418.0,,,s3://rldb/processed_v3/microagi/2026-04-08-17-54-16-318536.mp4,s3://rldb/processed_v3/microagi/2026-04-08-17-54-16-318536.zarr,fold_clothes,train
2026-04-08-17-54-31-833725,fold_shirt,Fold a patterned short-sleeve shirt on an ironing board by folding the sides and sleeves inward into a compact rectangle.,microagi,human_bimanual,845.0,,,s3://rldb/processed_v3/microagi/2026-04-08-17-54-31-833725.mp4,s3://rldb/processed_v3/microagi/2026-04-08-17-54-31-833725.zarr,fold_clothes,train
2026-04-08-17-59-33-813755,fold_shirt,Fold a floral-patterned shirt by bringing one side over to the center on a flat surface.,microagi,human_bimanual,332.0,,,s3://rldb/processed_v3/microagi/2026-04-08-17-59-33-813755.mp4,s3://rldb/processed_v3/microagi/2026-04-08-17-59-33-813755.zarr,fold_clothes,train
2026-04-08-18-03-21-347566,fold_shirt,Fold a patterned shirt by lifting the bottom hem and folding it upward toward the collar on a flat surface.,microagi,human_bimanual,490.0,,,s3://rldb/processed_v3/microagi/2026-04-08-18-03-21-347566.mp4,s3://rldb/processed_v3/microagi/2026-04-08-18-03-21-347566.zarr,fold_clothes,train
2026-04-08-18-03-56-007001,fold_shirt,Fold a patterned shirt on a flat surface by smoothing it and folding the sleeves and body into a compact folded shape.,microagi,human_bimanual,1157.0,,,s3://rldb/processed_v3/microagi/2026-04-08-18-03-56-007001.mp4,s3://rldb/processed_v3/microagi/2026-04-08-18-03-56-007001.zarr,fold_clothes,train
2026-04-08-18-04-59-099860,fold_shirt,Fold a patterned shirt on a table by bringing the sleeves and sides inward to create a folded rectangle.,microagi,human_bimanual,303.0,,,s3://rldb/processed_v3/microagi/2026-04-08-18-04-59-099860.mp4,s3://rldb/processed_v3/microagi/2026-04-08-18-04-59-099860.zarr,fold_clothes,train
2026-04-08-18-08-27-089871,fold_shirt,Fold a patterned shirt on a flat surface by aligning and folding the sleeves and body into a compact shape.,microagi,human_bimanual,606.0,,,s3://rldb/processed_v3/microagi/2026-04-08-18-08-27-089871.mp4,s3://rldb/processed_v3/microagi/2026-04-08-18-08-27-089871.zarr,fold_clothes,train
2026-04-08-18-10-04-442631,fold_shirt,Fold a patterned shirt by smoothing it flat on a table and arranging the sleeves and body into a folded shape.,microagi,human_bimanual,1059.0,,,s3://rldb/processed_v3/microagi/2026-04-08-18-10-04-442631.mp4,s3://rldb/processed_v3/microagi/2026-04-08-18-10-04-442631.zarr,fold_clothes,train
2026-04-08-18-10-40-766797,fold_shirt,Fold a patterned shirt flat on a table by smoothing it and folding the sides inward.,microagi,human_bimanual,585.0,,,s3://rldb/processed_v3/microagi/2026-04-08-18-10-40-766797.mp4,s3://rldb/processed_v3/microagi/2026-04-08-18-10-40-766797.zarr,fold_clothes,train
2026-04-08-18-11-55-179754,fold_shirt,Fold a patterned shirt by laying it flat and folding the sleeves inward on a table.,microagi,human_bimanual,378.0,,,s3://rldb/processed_v3/microagi/2026-04-08-18-11-55-179754.mp4,s3://rldb/processed_v3/microagi/2026-04-08-18-11-55-179754.zarr,fold_clothes,train
2026-04-08-18-12-27-275522,fold_shirt,Fold a patterned shirt by bringing the sleeves across the body of the shirt on a flat surface.,microagi,human_bimanual,159.0,,,s3://rldb/processed_v3/microagi/2026-04-08-18-12-27-275522.mp4,s3://rldb/processed_v3/microagi/2026-04-08-18-12-27-275522.zarr,fold_clothes,train
2026-04-08-18-13-03-866052,fold_shirt,Fold a patterned shirt flat on a table by smoothing the fabric and folding it into a compact shape.,microagi,human_bimanual,329.0,,,s3://rldb/processed_v3/microagi/2026-04-08-18-13-03-866052.mp4,s3://rldb/processed_v3/microagi/2026-04-08-18-13-03-866052.zarr,fold_clothes,train
2026-04-08-18-13-48-680291,fold_shirt,Fold a patterned shirt on a flat surface by aligning and folding the sleeves and body into a compact shape.,microagi,human_bimanual,330.0,,,s3://rldb/processed_v3/microagi/2026-04-08-18-13-48-680291.mp4,s3://rldb/processed_v3/microagi/2026-04-08-18-13-48-680291.zarr,fold_clothes,train
2026-04-08-20-06-50-119380,fold_shirt,Fold a pink shirt in half on an ironing board by smoothing it flat and folding one side over the other.,microagi,human_bimanual,203.0,,,s3://rldb/processed_v3/microagi/2026-04-08-20-06-50-119380.mp4,s3://rldb/processed_v3/microagi/2026-04-08-20-06-50-119380.zarr,fold_clothes,train
2026-04-08-20-06-57-377558,fold_shirt,Fold a red shirt in half lengthwise on a flat surface.,microagi,human_bimanual,153.0,,,s3://rldb/processed_v3/microagi/2026-04-08-20-06-57-377558.mp4,s3://rldb/processed_v3/microagi/2026-04-08-20-06-57-377558.zarr,fold_clothes,train
2026-04-08-20-08-17-483847,fold_shirt,"Fold a red shirt by smoothing it flat, lifting one side over, and pressing the fold down on a table.",microagi,human_bimanual,336.0,,,s3://rldb/processed_v3/microagi/2026-04-08-20-08-17-483847.mp4,s3://rldb/processed_v3/microagi/2026-04-08-20-08-17-483847.zarr,fold_clothes,train
2026-04-08-20-12-06-449305,fold_shirt,Fold a red shirt on a flat surface by smoothing it flat and folding it into a compact rectangular shape using both hands.,microagi,human_bimanual,302.0,,,s3://rldb/processed_v3/microagi/2026-04-08-20-12-06-449305.mp4,s3://rldb/processed_v3/microagi/2026-04-08-20-12-06-449305.zarr,fold_clothes,train
2026-04-09-01-57-12-489958,fold_shirt,Fold a patterned shirt by bringing one side over the center and holding it flat on the bed.,microagi,human_bimanual,429.0,,,s3://rldb/processed_v3/microagi/2026-04-09-01-57-12-489958.mp4,s3://rldb/processed_v3/microagi/2026-04-09-01-57-12-489958.zarr,fold_clothes,train
2026-04-09-01-57-27-971838,fold_shirt,Fold a floral-patterned shirt by tucking the sleeves inward and folding it in half on a flat surface.,microagi,human_bimanual,846.0,,,s3://rldb/processed_v3/microagi/2026-04-09-01-57-27-971838.mp4,s3://rldb/processed_v3/microagi/2026-04-09-01-57-27-971838.zarr,fold_clothes,train
2026-04-09-01-58-01-166336,fold_shirt,Fold a patterned shirt on a flat surface into a compact folded shape.,microagi,human_bimanual,335.0,,,s3://rldb/processed_v3/microagi/2026-04-09-01-58-01-166336.mp4,s3://rldb/processed_v3/microagi/2026-04-09-01-58-01-166336.zarr,fold_clothes,train
2026-04-09-01-58-19-944370,fold_shirt,Fold a patterned shirt on a flat surface by manipulating the fabric with both hands to achieve a folded end state.,microagi,human_bimanual,686.0,,,s3://rldb/processed_v3/microagi/2026-04-09-01-58-19-944370.mp4,s3://rldb/processed_v3/microagi/2026-04-09-01-58-19-944370.zarr,fold_clothes,train
2026-04-09-06-35-07-254595,fold_shirt,Fold a floral-patterned shirt on a flat surface by smoothing the fabric and folding the sides inward.,microagi,human_bimanual,639.0,,,s3://rldb/processed_v3/microagi/2026-04-09-06-35-07-254595.mp4,s3://rldb/processed_v3/microagi/2026-04-09-06-35-07-254595.zarr,fold_clothes,train
2026-04-09-06-36-55-359795,fold_shirt,Fold a floral-patterned shirt on a bed by manipulating and arranging its collar and body into a folded shape.,microagi,human_bimanual,567.0,,,s3://rldb/processed_v3/microagi/2026-04-09-06-36-55-359795.mp4,s3://rldb/processed_v3/microagi/2026-04-09-06-36-55-359795.zarr,fold_clothes,train
2026-04-09-06-37-55-956388,fold_shirt,Fold a patterned shirt by smoothing and pressing the fabric flat on a white surface to complete the fold.,microagi,human_bimanual,350.0,,,s3://rldb/processed_v3/microagi/2026-04-09-06-37-55-956388.mp4,s3://rldb/processed_v3/microagi/2026-04-09-06-37-55-956388.zarr,fold_clothes,train
2026-04-09-06-44-11-944488,fold_shirt,Smooth and fold a red shirt flat on an ironing board by pressing it down with both hands.,microagi,human_bimanual,627.0,,,s3://rldb/processed_v3/microagi/2026-04-09-06-44-11-944488.mp4,s3://rldb/processed_v3/microagi/2026-04-09-06-44-11-944488.zarr,fold_clothes,train
2026-04-09-06-44-59-755210,fold_shirt,Fold a red shirt on an ironing board by smoothing the fabric and folding the sleeves and sides inward.,microagi,human_bimanual,374.0,,,s3://rldb/processed_v3/microagi/2026-04-09-06-44-59-755210.mp4,s3://rldb/processed_v3/microagi/2026-04-09-06-44-59-755210.zarr,fold_clothes,train
2026-04-09-06-45-54-957299,fold_shirt,Fold a red shirt by bringing one side over and smoothing it flat on the table.,microagi,human_bimanual,1192.0,,,s3://rldb/processed_v3/microagi/2026-04-09-06-45-54-957299.mp4,s3://rldb/processed_v3/microagi/2026-04-09-06-45-54-957299.zarr,fold_clothes,train
2026-04-09-06-46-46-430416,fold_shirt,Fold a red shirt in half by bringing the sides together on a flat surface.,microagi,human_bimanual,1568.0,,,s3://rldb/processed_v3/microagi/2026-04-09-06-46-46-430416.mp4,s3://rldb/processed_v3/microagi/2026-04-09-06-46-46-430416.zarr,fold_clothes,train
2026-04-09-06-47-58-978870,fold_shirt,Fold the collar and upper portion of a red shirt laid flat on a table.,microagi,human_bimanual,168.0,,,s3://rldb/processed_v3/microagi/2026-04-09-06-47-58-978870.mp4,s3://rldb/processed_v3/microagi/2026-04-09-06-47-58-978870.zarr,fold_clothes,train
2026-04-09-06-49-23-679774,fold_shirt,Fold a red shirt by manipulating and tucking the sleeve on a flat surface.,microagi,human_bimanual,239.0,,,s3://rldb/processed_v3/microagi/2026-04-09-06-49-23-679774.mp4,s3://rldb/processed_v3/microagi/2026-04-09-06-49-23-679774.zarr,fold_clothes,train
2026-04-09-10-08-31-707482,fold_shirt,Fold a white shirt flat on a table by smoothing it and folding one side over toward the center.,microagi,human_bimanual,1310.0,,,s3://rldb/processed_v3/microagi/2026-04-09-10-08-31-707482.mp4,s3://rldb/processed_v3/microagi/2026-04-09-10-08-31-707482.zarr,fold_clothes,train
2026-04-09-10-13-40-246515,fold_shirt,Fold a white shirt on an ironing board by bringing one side over and smoothing the fabric flat.,microagi,human_bimanual,152.0,,,s3://rldb/processed_v3/microagi/2026-04-09-10-13-40-246515.mp4,s3://rldb/processed_v3/microagi/2026-04-09-10-13-40-246515.zarr,fold_clothes,train
2026-04-09-10-13-49-435759,fold_shirt,Fold a white shirt on an ironing board by smoothing and folding the fabric into a compact shape.,microagi,human_bimanual,443.0,,,s3://rldb/processed_v3/microagi/2026-04-09-10-13-49-435759.mp4,s3://rldb/processed_v3/microagi/2026-04-09-10-13-49-435759.zarr,fold_clothes,train
2026-04-09-10-48-47-494521,fold_shirt,Fold a patterned shirt on an ironing board by tucking the sleeves inward and folding the shirt in half into a compact rectangle.,microagi,human_bimanual,302.0,,,s3://rldb/processed_v3/microagi/2026-04-09-10-48-47-494521.mp4,s3://rldb/processed_v3/microagi/2026-04-09-10-48-47-494521.zarr,fold_clothes,train
2026-04-09-10-49-08-403401,fold_shirt,Fold a patterned shirt on an ironing board and stack it with another folded garment.,microagi,human_bimanual,367.0,,,s3://rldb/processed_v3/microagi/2026-04-09-10-49-08-403401.mp4,s3://rldb/processed_v3/microagi/2026-04-09-10-49-08-403401.zarr,fold_clothes,train
2026-04-09-11-17-39-696177,fold_shirt,Fold a floral-patterned shirt by pressing and smoothing it flat on an ironing board surface.,microagi,human_bimanual,1045.0,,,s3://rldb/processed_v3/microagi/2026-04-09-11-17-39-696177.mp4,s3://rldb/processed_v3/microagi/2026-04-09-11-17-39-696177.zarr,fold_clothes,train
2026-04-09-11-24-09-706555,fold_shirt,Smooth and flatten a white floral-patterned shirt on a table by pressing it down with both hands in preparation for folding.,microagi,human_bimanual,577.0,,,s3://rldb/processed_v3/microagi/2026-04-09-11-24-09-706555.mp4,s3://rldb/processed_v3/microagi/2026-04-09-11-24-09-706555.zarr,fold_clothes,train
2026-04-09-11-27-10-827986,fold_shirt,Fold a patterned shirt on a table by smoothing it flat and folding the sides toward the center.,microagi,human_bimanual,897.0,,,s3://rldb/processed_v3/microagi/2026-04-09-11-27-10-827986.mp4,s3://rldb/processed_v3/microagi/2026-04-09-11-27-10-827986.zarr,fold_clothes,train
2026-04-09-11-29-22-240905,fold_shirt,Fold a patterned shirt on a flat surface by folding the sleeves inward and folding the body in half.,microagi,human_bimanual,345.0,,,s3://rldb/processed_v3/microagi/2026-04-09-11-29-22-240905.mp4,s3://rldb/processed_v3/microagi/2026-04-09-11-29-22-240905.zarr,fold_clothes,train
2026-04-09-11-30-01-494984,fold_shirt,Fold a floral-patterned shirt on a table into a compact folded shape.,microagi,human_bimanual,343.0,,,s3://rldb/processed_v3/microagi/2026-04-09-11-30-01-494984.mp4,s3://rldb/processed_v3/microagi/2026-04-09-11-30-01-494984.zarr,fold_clothes,train
2026-04-09-11-43-40-507200,fold_shirt,Fold a striped shirt by bringing the collar and upper portion over the body of the shirt laid flat on a surface.,microagi,human_bimanual,487.0,,,s3://rldb/processed_v3/microagi/2026-04-09-11-43-40-507200.mp4,s3://rldb/processed_v3/microagi/2026-04-09-11-43-40-507200.zarr,fold_clothes,train
2026-04-09-14-07-31-455939,fold_shirt,Fold a red shirt flat on a table by pressing and smoothing the fabric with both hands.,microagi,human_bimanual,324.0,,,s3://rldb/processed_v3/microagi/2026-04-09-14-07-31-455939.mp4,s3://rldb/processed_v3/microagi/2026-04-09-14-07-31-455939.zarr,fold_clothes,train
2026-04-11-09-01-34-633872,fold_shirt,Fold a blue shirt by tucking the sleeves inward and folding it in half on a flat surface.,microagi,human_bimanual,176.0,,,s3://rldb/processed_v3/microagi/2026-04-11-09-01-34-633872.mp4,s3://rldb/processed_v3/microagi/2026-04-11-09-01-34-633872.zarr,fold_clothes,train
2026-04-11-09-01-46-903872,fold_shirt,Fold a blue shirt on a bed by folding it lengthwise and then into a compact square bundle.,microagi,human_bimanual,167.0,,,s3://rldb/processed_v3/microagi/2026-04-11-09-01-46-903872.mp4,s3://rldb/processed_v3/microagi/2026-04-11-09-01-46-903872.zarr,fold_clothes,train
2026-04-11-09-01-53-072205,fold_shirt,Fold a navy shirt on a bed into a compact folded shape.,microagi,human_bimanual,170.0,,,s3://rldb/processed_v3/microagi/2026-04-11-09-01-53-072205.mp4,s3://rldb/processed_v3/microagi/2026-04-11-09-01-53-072205.zarr,fold_clothes,train
2026-04-18-22-29-28-413047,fold_shirt,Fold a green floral shirt on an ironing board by tucking and folding the bottom edge inward.,microagi,human_bimanual,519.0,,,s3://rldb/processed_v3/microagi/2026-04-18-22-29-28-413047.mp4,s3://rldb/processed_v3/microagi/2026-04-18-22-29-28-413047.zarr,fold_clothes,train
2026-04-27-15-50-48-559035,fold_shirt,Fold a checkered shirt on a flat surface by folding in the sleeves and arranging the body into a compact folded shape.,microagi,human_bimanual,561.0,,,s3://rldb/processed_v3/microagi/2026-04-27-15-50-48-559035.mp4,s3://rldb/processed_v3/microagi/2026-04-27-15-50-48-559035.zarr,fold_clothes,train
2026-05-16-12-20-41-386502,fold_shirt,Fold a shirt on an ironing board into a compact rectangular shape.,microagi,human_bimanual,1071.0,,,s3://rldb/processed_v3/microagi/2026-05-16-12-20-41-386502.mp4,s3://rldb/processed_v3/microagi/2026-05-16-12-20-41-386502.zarr,fold_clothes,train
2026-05-20-07-26-44-256960,fold_shirt,Fold a polka-dot shirt in half on a bed and press it flat into a folded rectangle.,microagi,human_bimanual,317.0,,,s3://rldb/processed_v3/microagi/2026-05-20-07-26-44-256960.mp4,s3://rldb/processed_v3/microagi/2026-05-20-07-26-44-256960.zarr,fold_clothes,train
2026-05-20-07-26-55-954674,fold_shirt,Fold a polka-dot shirt on a bed into a compact rectangular shape.,microagi,human_bimanual,1009.0,,,s3://rldb/processed_v3/microagi/2026-05-20-07-26-55-954674.mp4,s3://rldb/processed_v3/microagi/2026-05-20-07-26-55-954674.zarr,fold_clothes,train
2026-05-20-07-27-54-641482,fold_shirt,Fold a patterned shirt on a bed into a compact rectangular shape by bringing in the sides and sleeves.,microagi,human_bimanual,411.0,,,s3://rldb/processed_v3/microagi/2026-05-20-07-27-54-641482.mp4,s3://rldb/processed_v3/microagi/2026-05-20-07-27-54-641482.zarr,fold_clothes,train
2026-05-20-07-28-09-412315,fold_shirt,Fold a polka-dot shirt flat on a bed by smoothing and pressing it into a folded shape.,microagi,human_bimanual,410.0,,,s3://rldb/processed_v3/microagi/2026-05-20-07-28-09-412315.mp4,s3://rldb/processed_v3/microagi/2026-05-20-07-28-09-412315.zarr,fold_clothes,train
2026-05-20-07-28-48-801208,fold_shirt,Fold a polka-dot shirt on a bed by smoothing it flat and folding it into a compact rectangle.,microagi,human_bimanual,757.0,,,s3://rldb/processed_v3/microagi/2026-05-20-07-28-48-801208.mp4,s3://rldb/processed_v3/microagi/2026-05-20-07-28-48-801208.zarr,fold_clothes,train
2026-05-20-07-29-31-263237,fold_shirt,Fold a polka-dot shirt flat on a bed by smoothing and pressing it with both hands into a folded shape.,microagi,human_bimanual,1417.0,,,s3://rldb/processed_v3/microagi/2026-05-20-07-29-31-263237.mp4,s3://rldb/processed_v3/microagi/2026-05-20-07-29-31-263237.zarr,fold_clothes,train
2026-05-20-07-31-03-952703,fold_shirt,Fold a patterned shirt flat on a bed surface.,microagi,human_bimanual,444.0,,,s3://rldb/processed_v3/microagi/2026-05-20-07-31-03-952703.mp4,s3://rldb/processed_v3/microagi/2026-05-20-07-31-03-952703.zarr,fold_clothes,train
2026-05-23-14-41-03-105724,fold_shirt,Fold a black shirt on a bed into a compact rectangular shape.,microagi,human_bimanual,171.0,,,s3://rldb/processed_v3/microagi/2026-05-23-14-41-03-105724.mp4,s3://rldb/processed_v3/microagi/2026-05-23-14-41-03-105724.zarr,fold_clothes,train
2026-05-25-05-51-19-157122,fold_shirt,Fold a checkered shirt on a flat surface by smoothing it flat and folding the sides inward into a compact folded shape.,microagi,human_bimanual,358.0,,,s3://rldb/processed_v3/microagi/2026-05-25-05-51-19-157122.mp4,s3://rldb/processed_v3/microagi/2026-05-25-05-51-19-157122.zarr,fold_clothes,train
2026-05-25-05-51-49-068788,fold_shirt,Fold a plaid shirt flat on a table into a neat rectangular shape.,microagi,human_bimanual,347.0,,,s3://rldb/processed_v3/microagi/2026-05-25-05-51-49-068788.mp4,s3://rldb/processed_v3/microagi/2026-05-25-05-51-49-068788.zarr,fold_clothes,train
2026-05-25-05-52-48-358145,fold_shirt,"Fold a plaid shirt on a table into a compact, folded shape.",microagi,human_bimanual,1044.0,,,s3://rldb/processed_v3/microagi/2026-05-25-05-52-48-358145.mp4,s3://rldb/processed_v3/microagi/2026-05-25-05-52-48-358145.zarr,fold_clothes,train
2026-05-25-05-53-26-739811,fold_shirt,Fold a plaid shirt on a flat surface into a compact folded shape.,microagi,human_bimanual,517.0,,,s3://rldb/processed_v3/microagi/2026-05-25-05-53-26-739811.mp4,s3://rldb/processed_v3/microagi/2026-05-25-05-53-26-739811.zarr,fold_clothes,train
2026-06-03-18-05-57-435156,fold_shirt,Fold a shirt on a table by folding the sleeves inward and arranging the body into a compact folded shape.,microagi,human_bimanual,1372.0,,,s3://rldb/processed_v3/microagi/2026-06-03-18-05-57-435156.mp4,s3://rldb/processed_v3/microagi/2026-06-03-18-05-57-435156.zarr,fold_clothes,train
2026-06-03-18-08-02-348081,fold_shirt,Fold a button-up shirt on a table by smoothing the fabric and folding it into a compact shape.,microagi,human_bimanual,350.0,,,s3://rldb/processed_v3/microagi/2026-06-03-18-08-02-348081.mp4,s3://rldb/processed_v3/microagi/2026-06-03-18-08-02-348081.zarr,fold_clothes,train
2026-06-03-18-08-14-416014,fold_shirt,Fold a button-up shirt on a flat surface by folding sleeves inward and folding the shirt in half.,microagi,human_bimanual,987.0,,,s3://rldb/processed_v3/microagi/2026-06-03-18-08-14-416014.mp4,s3://rldb/processed_v3/microagi/2026-06-03-18-08-14-416014.zarr,fold_clothes,train
2026-06-03-18-08-49-052916,fold_shirt,Fold a button-up shirt on a flat surface by folding the sleeves and sides inward to create a compact folded shape.,microagi,human_bimanual,167.0,,,s3://rldb/processed_v3/microagi/2026-06-03-18-08-49-052916.mp4,s3://rldb/processed_v3/microagi/2026-06-03-18-08-49-052916.zarr,fold_clothes,train
2026-06-03-18-09-08-554946,fold_shirt,Fold a button-up shirt by tucking the sleeves inward and folding the body in half on a flat surface.,microagi,human_bimanual,153.0,,,s3://rldb/processed_v3/microagi/2026-06-03-18-09-08-554946.mp4,s3://rldb/processed_v3/microagi/2026-06-03-18-09-08-554946.zarr,fold_clothes,train
2026-06-12-17-25-28-102710,fold_shirt,Fold a blue shirt by bringing one side over and smoothing it flat on the bed.,microagi,human_bimanual,169.0,,,s3://rldb/processed_v3/microagi/2026-06-12-17-25-28-102710.mp4,s3://rldb/processed_v3/microagi/2026-06-12-17-25-28-102710.zarr,fold_clothes,train
2026-06-14-05-15-03-066945,fold_shirt,Fold a gray shirt on a bed into a compact rectangular shape.,microagi,human_bimanual,1832.0,,,s3://rldb/processed_v3/microagi/2026-06-14-05-15-03-066945.mp4,s3://rldb/processed_v3/microagi/2026-06-14-05-15-03-066945.zarr,fold_clothes,train
2026-06-18-10-48-09-187757,fold_shirt,Fold a blue checkered shirt on a wooden table by spreading it flat and folding it into a compact shape.,microagi,human_bimanual,598.0,,,s3://rldb/processed_v3/microagi/2026-06-18-10-48-09-187757.mp4,s3://rldb/processed_v3/microagi/2026-06-18-10-48-09-187757.zarr,fold_clothes,train
2026-06-19-04-48-14-780545,fold_shirt,"Spread and smooth a red checkered shirt flat on an ironing board, preparing it for ironing.",microagi,human_bimanual,814.0,,,s3://rldb/processed_v3/microagi/2026-06-19-04-48-14-780545.mp4,s3://rldb/processed_v3/microagi/2026-06-19-04-48-14-780545.zarr,fold_clothes,train
2026-06-19-04-53-41-909146,fold_shirt,Fold a red checkered shirt flat on an ironing board by smoothing and pressing the fabric with both hands.,microagi,human_bimanual,195.0,,,s3://rldb/processed_v3/microagi/2026-06-19-04-53-41-909146.mp4,s3://rldb/processed_v3/microagi/2026-06-19-04-53-41-909146.zarr,fold_clothes,train
2026-06-19-04-53-57-752479,fold_shirt,Fold a pink checkered shirt on an ironing board into a compact folded shape.,microagi,human_bimanual,699.0,,,s3://rldb/processed_v3/microagi/2026-06-19-04-53-57-752479.mp4,s3://rldb/processed_v3/microagi/2026-06-19-04-53-57-752479.zarr,fold_clothes,train
2026-04-01-11-01-30-651817,fold_white_shirt,Fold a white shirt into a compact rectangular shape on a flat surface.,microagi,human_bimanual,1497.0,,,s3://rldb/processed_v3/microagi/2026-04-01-11-01-30-651817.mp4,s3://rldb/processed_v3/microagi/2026-04-01-11-01-30-651817.zarr,fold_clothes,train
2026-04-01-13-07-23-396504,fold_white_shirt,Fold a white shirt by smoothing it flat and folding the fabric into a compact shape.,microagi,human_bimanual,154.0,,,s3://rldb/processed_v3/microagi/2026-04-01-13-07-23-396504.mp4,s3://rldb/processed_v3/microagi/2026-04-01-13-07-23-396504.zarr,fold_clothes,train
2026-04-01-13-07-30-766504,fold_white_shirt,Fold a white shirt by smoothing and folding it flat on a surface.,microagi,human_bimanual,444.0,,,s3://rldb/processed_v3/microagi/2026-04-01-13-07-30-766504.mp4,s3://rldb/processed_v3/microagi/2026-04-01-13-07-30-766504.zarr,fold_clothes,train
2026-04-01-13-09-58-887194,fold_white_shirt,"Fold a white shirt on a table, tucking sleeves and folding it into a compact rectangular shape.",microagi,human_bimanual,1031.0,,,s3://rldb/processed_v3/microagi/2026-04-01-13-09-58-887194.mp4,s3://rldb/processed_v3/microagi/2026-04-01-13-09-58-887194.zarr,fold_clothes,train
2026-04-01-13-10-35-875527,fold_white_shirt,"Fold a white t-shirt by smoothing it flat, folding the sleeves inward, and bringing the sides together into a folded shape.",microagi,human_bimanual,1253.0,,,s3://rldb/processed_v3/microagi/2026-04-01-13-10-35-875527.mp4,s3://rldb/processed_v3/microagi/2026-04-01-13-10-35-875527.zarr,fold_clothes,train
2026-04-01-13-11-19-034838,fold_white_shirt,Fold a white shirt on a table into a compact rectangular shape.,microagi,human_bimanual,1289.0,,,s3://rldb/processed_v3/microagi/2026-04-01-13-11-19-034838.mp4,s3://rldb/processed_v3/microagi/2026-04-01-13-11-19-034838.zarr,fold_clothes,train
2026-04-01-14-01-16-459948,fold_white_shirt,Fold a white shirt on a flat surface by smoothing it flat and folding the sleeves and body into a compact shape.,microagi,human_bimanual,789.0,,,s3://rldb/processed_v3/microagi/2026-04-01-14-01-16-459948.mp4,s3://rldb/processed_v3/microagi/2026-04-01-14-01-16-459948.zarr,fold_clothes,train
2026-04-01-14-01-51-913282,fold_white_shirt,Fold a white shirt on a flat surface by smoothing the fabric and folding it into a compact rectangular shape.,microagi,human_bimanual,328.0,,,s3://rldb/processed_v3/microagi/2026-04-01-14-01-51-913282.mp4,s3://rldb/processed_v3/microagi/2026-04-01-14-01-51-913282.zarr,fold_clothes,train
2026-04-01-14-03-43-513134,fold_white_shirt,"Fold a white shirt on a flat surface by folding the sides and sleeves inward, then folding it in half into a compact rectangle.",microagi,human_bimanual,859.0,,,s3://rldb/processed_v3/microagi/2026-04-01-14-03-43-513134.mp4,s3://rldb/processed_v3/microagi/2026-04-01-14-03-43-513134.zarr,fold_clothes,train
2026-04-01-14-28-08-439940,fold_white_shirt,Fold a white shirt by adjusting and aligning the collar and placket area on a flat surface.,microagi,human_bimanual,348.0,,,s3://rldb/processed_v3/microagi/2026-04-01-14-28-08-439940.mp4,s3://rldb/processed_v3/microagi/2026-04-01-14-28-08-439940.zarr,fold_clothes,train
2026-04-01-17-27-48-137870,fold_white_shirt,Fold the collar of a white shirt by manipulating the fabric with both hands to align and crease the collar edges.,microagi,human_bimanual,605.0,,,s3://rldb/processed_v3/microagi/2026-04-01-17-27-48-137870.mp4,s3://rldb/processed_v3/microagi/2026-04-01-17-27-48-137870.zarr,fold_clothes,train
2026-04-01-17-28-57-378488,fold_white_shirt,Fold a white shirt by grasping and arranging the fabric on a flat surface.,microagi,human_bimanual,335.0,,,s3://rldb/processed_v3/microagi/2026-04-01-17-28-57-378488.mp4,s3://rldb/processed_v3/microagi/2026-04-01-17-28-57-378488.zarr,fold_clothes,train
2026-04-01-17-50-01-569121,fold_white_shirt,Fold a white shirt by smoothing the fabric and folding the sleeves and body into a compact shape.,microagi,human_bimanual,328.0,,,s3://rldb/processed_v3/microagi/2026-04-01-17-50-01-569121.mp4,s3://rldb/processed_v3/microagi/2026-04-01-17-50-01-569121.zarr,fold_clothes,train
2026-04-01-17-55-15-010355,fold_white_shirt,Fold the collar of a white shirt down by manipulating the fabric with both hands to create a neat folded neckline.,microagi,human_bimanual,510.0,,,s3://rldb/processed_v3/microagi/2026-04-01-17-55-15-010355.mp4,s3://rldb/processed_v3/microagi/2026-04-01-17-55-15-010355.zarr,fold_clothes,train
2026-04-01-17-55-35-602188,fold_white_shirt,Fold the collar of a white shirt by pinching and creasing the fabric into a neat folded shape.,microagi,human_bimanual,926.0,,,s3://rldb/processed_v3/microagi/2026-04-01-17-55-35-602188.mp4,s3://rldb/processed_v3/microagi/2026-04-01-17-55-35-602188.zarr,fold_clothes,train
2026-04-01-17-56-19-851097,fold_white_shirt,Fold a white shirt by manipulating the collar and placket area on a flat surface.,microagi,human_bimanual,363.0,,,s3://rldb/processed_v3/microagi/2026-04-01-17-56-19-851097.mp4,s3://rldb/processed_v3/microagi/2026-04-01-17-56-19-851097.zarr,fold_clothes,train
2026-04-02-06-39-11-234502,fold_white_shirt,Fold the collar and upper portion of a white shirt flat on a surface.,microagi,human_bimanual,635.0,,,s3://rldb/processed_v3/microagi/2026-04-02-06-39-11-234502.mp4,s3://rldb/processed_v3/microagi/2026-04-02-06-39-11-234502.zarr,fold_clothes,train
2026-04-02-07-37-42-188661,fold_white_shirt,Fold a white shirt into a compact rectangular shape on a flat surface.,microagi,human_bimanual,473.0,,,s3://rldb/processed_v3/microagi/2026-04-02-07-37-42-188661.mp4,s3://rldb/processed_v3/microagi/2026-04-02-07-37-42-188661.zarr,fold_clothes,train
2026-04-02-08-54-46-334773,fold_white_shirt,Fold a white shirt on a flat surface by tucking in the sleeves and folding the body into a compact rectangle.,microagi,human_bimanual,1178.0,,,s3://rldb/processed_v3/microagi/2026-04-02-08-54-46-334773.mp4,s3://rldb/processed_v3/microagi/2026-04-02-08-54-46-334773.zarr,fold_clothes,train
2026-04-02-08-55-38-376566,fold_white_shirt,Fold a white shirt on a flat surface into a compact rectangular shape.,microagi,human_bimanual,180.0,,,s3://rldb/processed_v3/microagi/2026-04-02-08-55-38-376566.mp4,s3://rldb/processed_v3/microagi/2026-04-02-08-55-38-376566.zarr,fold_clothes,train
2026-04-02-08-55-44-685410,fold_white_shirt,"Fold a white shirt in half on a flat surface, aligning the collar and sleeves, and lift the folded shirt.",microagi,human_bimanual,349.0,,,s3://rldb/processed_v3/microagi/2026-04-02-08-55-44-685410.mp4,s3://rldb/processed_v3/microagi/2026-04-02-08-55-44-685410.zarr,fold_clothes,train
2026-04-02-08-58-23-981786,fold_white_shirt,Fold a white shirt by smoothing the fabric and folding it flat on a surface.,microagi,human_bimanual,1642.0,,,s3://rldb/processed_v3/microagi/2026-04-02-08-58-23-981786.mp4,s3://rldb/processed_v3/microagi/2026-04-02-08-58-23-981786.zarr,fold_clothes,train
2026-04-02-08-59-20-228537,fold_white_shirt,Fold a white shirt on a flat surface into a compact rectangular shape.,microagi,human_bimanual,179.0,,,s3://rldb/processed_v3/microagi/2026-04-02-08-59-20-228537.mp4,s3://rldb/processed_v3/microagi/2026-04-02-08-59-20-228537.zarr,fold_clothes,train
2026-04-02-11-37-35-473240,fold_white_shirt,"Fold a white shirt on a flat surface by aligning the collar, smoothing the fabric, and folding the sleeves and body into a compact shape.",microagi,human_bimanual,364.0,,,s3://rldb/processed_v3/microagi/2026-04-02-11-37-35-473240.mp4,s3://rldb/processed_v3/microagi/2026-04-02-11-37-35-473240.zarr,fold_clothes,train
2026-04-02-14-00-23-960421,fold_white_shirt,Fold a white shirt in half lengthwise on a table.,microagi,human_bimanual,403.0,,,s3://rldb/processed_v3/microagi/2026-04-02-14-00-23-960421.mp4,s3://rldb/processed_v3/microagi/2026-04-02-14-00-23-960421.zarr,fold_clothes,train
2026-04-02-14-02-30-712132,fold_white_shirt,Fold a white shirt by smoothing it flat on a table and folding the bottom hem upward.,microagi,human_bimanual,188.0,,,s3://rldb/processed_v3/microagi/2026-04-02-14-02-30-712132.mp4,s3://rldb/processed_v3/microagi/2026-04-02-14-02-30-712132.zarr,fold_clothes,train
2026-04-02-14-22-25-199237,fold_white_shirt,Fold a white shirt on an ironing board by manipulating and folding the fabric with both hands into a compact folded shape.,microagi,human_bimanual,366.0,,,s3://rldb/processed_v3/microagi/2026-04-02-14-22-25-199237.mp4,s3://rldb/processed_v3/microagi/2026-04-02-14-22-25-199237.zarr,fold_clothes,train
2026-04-02-14-23-57-681037,fold_white_shirt,Fold a white shirt on a table by manipulating the fabric with both hands to create a folded end state.,microagi,human_bimanual,421.0,,,s3://rldb/processed_v3/microagi/2026-04-02-14-23-57-681037.mp4,s3://rldb/processed_v3/microagi/2026-04-02-14-23-57-681037.zarr,fold_clothes,train
2026-04-02-14-25-52-023936,fold_white_shirt,"Fold a white shirt in half on an ironing board by pressing, lifting, and smoothing the fabric into a compact folded shape.",microagi,human_bimanual,315.0,,,s3://rldb/processed_v3/microagi/2026-04-02-14-25-52-023936.mp4,s3://rldb/processed_v3/microagi/2026-04-02-14-25-52-023936.zarr,fold_clothes,train
2026-04-02-15-16-48-028744,fold_white_shirt,Fold a white shirt on a flat surface by manipulating the collar and body into a folded shape.,microagi,human_bimanual,527.0,,,s3://rldb/processed_v3/microagi/2026-04-02-15-16-48-028744.mp4,s3://rldb/processed_v3/microagi/2026-04-02-15-16-48-028744.zarr,fold_clothes,train
2026-04-02-15-17-10-901967,fold_white_shirt,Fold the collar of a white shirt by pinching and folding the neckline fabric down on a flat surface.,microagi,human_bimanual,531.0,,,s3://rldb/processed_v3/microagi/2026-04-02-15-17-10-901967.mp4,s3://rldb/processed_v3/microagi/2026-04-02-15-17-10-901967.zarr,fold_clothes,train
2026-04-02-15-23-53-331155,fold_white_shirt,Fold a white shirt flat on a surface by adjusting the collar and smoothing the fabric into a folded shape.,microagi,human_bimanual,331.0,,,s3://rldb/processed_v3/microagi/2026-04-02-15-23-53-331155.mp4,s3://rldb/processed_v3/microagi/2026-04-02-15-23-53-331155.zarr,fold_clothes,train
2026-04-02-15-34-29-187246,fold_white_shirt,Fold a white shirt by manipulating and aligning the collar and placket area on a flat surface.,microagi,human_bimanual,399.0,,,s3://rldb/processed_v3/microagi/2026-04-02-15-34-29-187246.mp4,s3://rldb/processed_v3/microagi/2026-04-02-15-34-29-187246.zarr,fold_clothes,train
2026-04-02-15-35-08-987990,fold_white_shirt,Fold a white shirt by smoothing it flat and folding it on a surface.,microagi,human_bimanual,968.0,,,s3://rldb/processed_v3/microagi/2026-04-02-15-35-08-987990.mp4,s3://rldb/processed_v3/microagi/2026-04-02-15-35-08-987990.zarr,fold_clothes,train
2026-04-03-03-47-24-771512,fold_white_shirt,Fold a white shirt on a flat surface by manipulating the fabric with both hands to create neat folds.,microagi,human_bimanual,407.0,,,s3://rldb/processed_v3/microagi/2026-04-03-03-47-24-771512.mp4,s3://rldb/processed_v3/microagi/2026-04-03-03-47-24-771512.zarr,fold_clothes,train
2026-04-03-03-48-28-263909,fold_white_shirt,Fold a white shirt on a table by smoothing the fabric and folding it into a compact shape.,microagi,human_bimanual,347.0,,,s3://rldb/processed_v3/microagi/2026-04-03-03-48-28-263909.mp4,s3://rldb/processed_v3/microagi/2026-04-03-03-48-28-263909.zarr,fold_clothes,train
2026-04-03-03-49-18-738185,fold_white_shirt,Fold a white shirt on an ironing board by bringing the sides together into a folded shape.,microagi,human_bimanual,156.0,,,s3://rldb/processed_v3/microagi/2026-04-03-03-49-18-738185.mp4,s3://rldb/processed_v3/microagi/2026-04-03-03-49-18-738185.zarr,fold_clothes,train
2026-04-03-03-49-24-564707,fold_white_shirt,Fold a white shirt on a table by manipulating the sleeves and collar into a folded configuration.,microagi,human_bimanual,735.0,,,s3://rldb/processed_v3/microagi/2026-04-03-03-49-24-564707.mp4,s3://rldb/processed_v3/microagi/2026-04-03-03-49-24-564707.zarr,fold_clothes,train
2026-04-03-03-49-59-100976,fold_white_shirt,Fold a white shirt on a table by smoothing and arranging the fabric into a folded shape.,microagi,human_bimanual,821.0,,,s3://rldb/processed_v3/microagi/2026-04-03-03-49-59-100976.mp4,s3://rldb/processed_v3/microagi/2026-04-03-03-49-59-100976.zarr,fold_clothes,train
2026-04-03-03-53-58-003969,fold_white_shirt,Fold a white shirt flat on a table by smoothing it out and folding it in half.,microagi,human_bimanual,342.0,,,s3://rldb/processed_v3/microagi/2026-04-03-03-53-58-003969.mp4,s3://rldb/processed_v3/microagi/2026-04-03-03-53-58-003969.zarr,fold_clothes,train
2026-04-03-03-56-53-472838,fold_white_shirt,Fold a white shirt lengthwise on an ironing board by bringing one side over and pressing it flat.,microagi,human_bimanual,337.0,,,s3://rldb/processed_v3/microagi/2026-04-03-03-56-53-472838.mp4,s3://rldb/processed_v3/microagi/2026-04-03-03-56-53-472838.zarr,fold_clothes,train
2026-04-03-03-57-52-196651,fold_white_shirt,Fold a white shirt on a table by folding one side over the center and then folding it in half lengthwise.,microagi,human_bimanual,830.0,,,s3://rldb/processed_v3/microagi/2026-04-03-03-57-52-196651.mp4,s3://rldb/processed_v3/microagi/2026-04-03-03-57-52-196651.zarr,fold_clothes,train
2026-04-03-04-38-22-287789,fold_white_shirt,Fold a white shirt on an ironing board by manipulating the collar and button area to arrange the garment into a folded state.,microagi,human_bimanual,188.0,,,s3://rldb/processed_v3/microagi/2026-04-03-04-38-22-287789.mp4,s3://rldb/processed_v3/microagi/2026-04-03-04-38-22-287789.zarr,fold_clothes,train
2026-04-03-04-43-04-357791,fold_white_shirt,Fold a white shirt on an ironing board by manipulating and folding the fabric into a compact shape.,microagi,human_bimanual,164.0,,,s3://rldb/processed_v3/microagi/2026-04-03-04-43-04-357791.mp4,s3://rldb/processed_v3/microagi/2026-04-03-04-43-04-357791.zarr,fold_clothes,train
2026-04-03-04-43-11-482780,fold_white_shirt,Fold the collar and front of a white shirt on an ironing board.,microagi,human_bimanual,466.0,,,s3://rldb/processed_v3/microagi/2026-04-03-04-43-11-482780.mp4,s3://rldb/processed_v3/microagi/2026-04-03-04-43-11-482780.zarr,fold_clothes,train
2026-04-03-04-43-48-040024,fold_white_shirt,Fold a white shirt by pinching and folding the collar/neckline area on a table.,microagi,human_bimanual,184.0,,,s3://rldb/processed_v3/microagi/2026-04-03-04-43-48-040024.mp4,s3://rldb/processed_v3/microagi/2026-04-03-04-43-48-040024.zarr,fold_clothes,train
2026-04-03-06-32-28-565473,fold_white_shirt,Fold a white shirt on a flat surface by bringing the sides together into a folded shape.,microagi,human_bimanual,182.0,,,s3://rldb/processed_v3/microagi/2026-04-03-06-32-28-565473.mp4,s3://rldb/processed_v3/microagi/2026-04-03-06-32-28-565473.zarr,fold_clothes,train
2026-04-03-06-32-40-884384,fold_white_shirt,Fold a white shirt by aligning and folding the fabric with both hands on a flat surface.,microagi,human_bimanual,160.0,,,s3://rldb/processed_v3/microagi/2026-04-03-06-32-40-884384.mp4,s3://rldb/processed_v3/microagi/2026-04-03-06-32-40-884384.zarr,fold_clothes,train
2026-04-03-06-33-02-026323,fold_white_shirt,Fold a white shirt flat on a table by adjusting the collar and smoothing the fabric into a folded shape.,microagi,human_bimanual,350.0,,,s3://rldb/processed_v3/microagi/2026-04-03-06-33-02-026323.mp4,s3://rldb/processed_v3/microagi/2026-04-03-06-33-02-026323.zarr,fold_clothes,train
2026-04-04-12-37-23-304669,fold_white_shirt,Fold the collar of a white shirt flat against the body of the shirt on an ironing board.,microagi,human_bimanual,671.0,,,s3://rldb/processed_v3/microagi/2026-04-04-12-37-23-304669.mp4,s3://rldb/processed_v3/microagi/2026-04-04-12-37-23-304669.zarr,fold_clothes,train
2026-04-04-15-55-46-344658,fold_white_shirt,Fold a white shirt by smoothing the fabric and folding the bottom hem upward on a flat surface.,microagi,human_bimanual,279.0,,,s3://rldb/processed_v3/microagi/2026-04-04-15-55-46-344658.mp4,s3://rldb/processed_v3/microagi/2026-04-04-15-55-46-344658.zarr,fold_clothes,train
2026-04-04-20-43-16-111866,fold_white_shirt,Fold the collar of a white shirt by tucking and arranging the fabric around the neckline.,microagi,human_bimanual,738.0,,,s3://rldb/processed_v3/microagi/2026-04-04-20-43-16-111866.mp4,s3://rldb/processed_v3/microagi/2026-04-04-20-43-16-111866.zarr,fold_clothes,train
2026-04-04-20-44-12-753918,fold_white_shirt,Fold a white shirt by smoothing and pressing it flat on a surface.,microagi,human_bimanual,155.0,,,s3://rldb/processed_v3/microagi/2026-04-04-20-44-12-753918.mp4,s3://rldb/processed_v3/microagi/2026-04-04-20-44-12-753918.zarr,fold_clothes,train
2026-04-07-09-44-01-210494,fold_white_shirt,Fold a white shirt on a table by smoothing it flat and folding it into a compact shape.,microagi,human_bimanual,326.0,,,s3://rldb/processed_v3/microagi/2026-04-07-09-44-01-210494.mp4,s3://rldb/processed_v3/microagi/2026-04-07-09-44-01-210494.zarr,fold_clothes,train
2026-04-07-09-45-16-988504,fold_white_shirt,Press and smooth a white shirt flat on a table using both hands to prepare it for folding.,microagi,human_bimanual,566.0,,,s3://rldb/processed_v3/microagi/2026-04-07-09-45-16-988504.mp4,s3://rldb/processed_v3/microagi/2026-04-07-09-45-16-988504.zarr,fold_clothes,train
2026-04-07-09-46-38-426556,fold_white_shirt,Press and smooth a white shirt flat on a table using both hands.,microagi,human_bimanual,762.0,,,s3://rldb/processed_v3/microagi/2026-04-07-09-46-38-426556.mp4,s3://rldb/processed_v3/microagi/2026-04-07-09-46-38-426556.zarr,fold_clothes,train
2026-04-07-09-47-04-895587,fold_white_shirt,Fold a white shirt on a table by smoothing it flat and folding it in half.,microagi,human_bimanual,471.0,,,s3://rldb/processed_v3/microagi/2026-04-07-09-47-04-895587.mp4,s3://rldb/processed_v3/microagi/2026-04-07-09-47-04-895587.zarr,fold_clothes,train
2026-04-07-09-48-22-471503,fold_white_shirt,Fold a white shirt on a table by manipulating the collar and button area to create a folded garment.,microagi,human_bimanual,469.0,,,s3://rldb/processed_v3/microagi/2026-04-07-09-48-22-471503.mp4,s3://rldb/processed_v3/microagi/2026-04-07-09-48-22-471503.zarr,fold_clothes,train
2026-04-07-09-49-13-644961,fold_white_shirt,Fold a white shirt flat on a table by smoothing and pressing the fabric into a folded shape.,microagi,human_bimanual,1324.0,,,s3://rldb/processed_v3/microagi/2026-04-07-09-49-13-644961.mp4,s3://rldb/processed_v3/microagi/2026-04-07-09-49-13-644961.zarr,fold_clothes,train
2026-04-07-09-49-57-826611,fold_white_shirt,Press and smooth a white shirt flat on a table as part of folding it.,microagi,human_bimanual,295.0,,,s3://rldb/processed_v3/microagi/2026-04-07-09-49-57-826611.mp4,s3://rldb/processed_v3/microagi/2026-04-07-09-49-57-826611.zarr,fold_clothes,train
2026-04-07-09-55-56-174042,fold_white_shirt,Fold a white shirt on a table by pressing and folding the fabric into a compact shape.,microagi,human_bimanual,365.0,,,s3://rldb/processed_v3/microagi/2026-04-07-09-55-56-174042.mp4,s3://rldb/processed_v3/microagi/2026-04-07-09-55-56-174042.zarr,fold_clothes,train
2026-04-07-09-56-32-697982,fold_white_shirt,Fold a white shirt on a table by smoothing the fabric and folding the edge over.,microagi,human_bimanual,407.0,,,s3://rldb/processed_v3/microagi/2026-04-07-09-56-32-697982.mp4,s3://rldb/processed_v3/microagi/2026-04-07-09-56-32-697982.zarr,fold_clothes,train
2026-04-07-09-57-16-979496,fold_white_shirt,Fold a white shirt on a table by smoothing and folding the fabric into a compact shape.,microagi,human_bimanual,305.0,,,s3://rldb/processed_v3/microagi/2026-04-07-09-57-16-979496.mp4,s3://rldb/processed_v3/microagi/2026-04-07-09-57-16-979496.zarr,fold_clothes,train
2026-04-07-09-58-05-223045,fold_white_shirt,Fold a white shirt by pinching and folding the collar and front panels together on a flat surface.,microagi,human_bimanual,429.0,,,s3://rldb/processed_v3/microagi/2026-04-07-09-58-05-223045.mp4,s3://rldb/processed_v3/microagi/2026-04-07-09-58-05-223045.zarr,fold_clothes,train
2026-04-07-10-05-42-021964,fold_white_shirt,Fold a white shirt on a table by manipulating the fabric with both hands to create a folded shape.,microagi,human_bimanual,522.0,,,s3://rldb/processed_v3/microagi/2026-04-07-10-05-42-021964.mp4,s3://rldb/processed_v3/microagi/2026-04-07-10-05-42-021964.zarr,fold_clothes,train
2026-04-07-15-23-26-309560,fold_white_shirt,Fold a white shirt by tucking the collar down and arranging the sleeves flat on the bed.,microagi,human_bimanual,562.0,,,s3://rldb/processed_v3/microagi/2026-04-07-15-23-26-309560.mp4,s3://rldb/processed_v3/microagi/2026-04-07-15-23-26-309560.zarr,fold_clothes,train
2026-04-07-15-23-49-682211,fold_white_shirt,Fold a white shirt flat on a surface by folding the sleeves and sides inward.,microagi,human_bimanual,534.0,,,s3://rldb/processed_v3/microagi/2026-04-07-15-23-49-682211.mp4,s3://rldb/processed_v3/microagi/2026-04-07-15-23-49-682211.zarr,fold_clothes,train
2026-04-07-15-24-21-844579,fold_white_shirt,Fold a white shirt by folding the sleeves across the body and arranging it into a folded shape on the surface.,microagi,human_bimanual,304.0,,,s3://rldb/processed_v3/microagi/2026-04-07-15-24-21-844579.mp4,s3://rldb/processed_v3/microagi/2026-04-07-15-24-21-844579.zarr,fold_clothes,train
2026-04-07-15-25-28-966064,fold_white_shirt,Fold a white shirt on a table by folding the sleeves inward and smoothing the body into a compact shape.,microagi,human_bimanual,530.0,,,s3://rldb/processed_v3/microagi/2026-04-07-15-25-28-966064.mp4,s3://rldb/processed_v3/microagi/2026-04-07-15-25-28-966064.zarr,fold_clothes,train
2026-04-07-15-25-48-176909,fold_white_shirt,"Fold a white shirt on a flat surface by smoothing, buttoning, and folding the sleeves and body into a compact shape.",microagi,human_bimanual,802.0,,,s3://rldb/processed_v3/microagi/2026-04-07-15-25-48-176909.mp4,s3://rldb/processed_v3/microagi/2026-04-07-15-25-48-176909.zarr,fold_clothes,train
2026-04-07-15-26-26-465449,fold_white_shirt,"Fold a white shirt on a table by adjusting the collar, buttoning it, and folding the sleeves inward.",microagi,human_bimanual,292.0,,,s3://rldb/processed_v3/microagi/2026-04-07-15-26-26-465449.mp4,s3://rldb/processed_v3/microagi/2026-04-07-15-26-26-465449.zarr,fold_clothes,train
2026-04-07-15-26-36-753416,fold_white_shirt,Fold a white shirt on a table by bringing one side across the center to create a folded half.,microagi,human_bimanual,238.0,,,s3://rldb/processed_v3/microagi/2026-04-07-15-26-36-753416.mp4,s3://rldb/processed_v3/microagi/2026-04-07-15-26-36-753416.zarr,fold_clothes,train
2026-04-07-15-27-02-889498,fold_white_shirt,Fold a white shirt on a table by bringing the upper portion (collar/shoulders) down over the body of the shirt.,microagi,human_bimanual,301.0,,,s3://rldb/processed_v3/microagi/2026-04-07-15-27-02-889498.mp4,s3://rldb/processed_v3/microagi/2026-04-07-15-27-02-889498.zarr,fold_clothes,train
2026-04-07-15-27-17-905264,fold_white_shirt,Fold a white shirt on a table by folding the sleeves and upper portion down over the body of the shirt.,microagi,human_bimanual,334.0,,,s3://rldb/processed_v3/microagi/2026-04-07-15-27-17-905264.mp4,s3://rldb/processed_v3/microagi/2026-04-07-15-27-17-905264.zarr,fold_clothes,train
2026-04-07-15-28-04-384225,fold_white_shirt,Fold a white shirt by pressing down a folded side to flatten the crease on a table.,microagi,human_bimanual,402.0,,,s3://rldb/processed_v3/microagi/2026-04-07-15-28-04-384225.mp4,s3://rldb/processed_v3/microagi/2026-04-07-15-28-04-384225.zarr,fold_clothes,train
2026-04-07-15-29-42-502766,fold_white_shirt,Smooth and arrange a white shirt flat on a table in preparation for folding.,microagi,human_bimanual,944.0,,,s3://rldb/processed_v3/microagi/2026-04-07-15-29-42-502766.mp4,s3://rldb/processed_v3/microagi/2026-04-07-15-29-42-502766.zarr,fold_clothes,train
2026-04-07-15-30-15-164555,fold_white_shirt,Fold a white shirt on a table by smoothing and folding the fabric into a compact shape.,microagi,human_bimanual,519.0,,,s3://rldb/processed_v3/microagi/2026-04-07-15-30-15-164555.mp4,s3://rldb/processed_v3/microagi/2026-04-07-15-30-15-164555.zarr,fold_clothes,train
2026-04-07-15-30-36-273188,fold_white_shirt,Fold a white shirt flat on a table by smoothing and folding the fabric into a compact shape.,microagi,human_bimanual,1658.0,,,s3://rldb/processed_v3/microagi/2026-04-07-15-30-36-273188.mp4,s3://rldb/processed_v3/microagi/2026-04-07-15-30-36-273188.zarr,fold_clothes,train
2026-04-07-15-32-51-215324,fold_white_shirt,Fold a white shirt on a table by smoothing it flat and folding the bottom hem up over the body.,microagi,human_bimanual,610.0,,,s3://rldb/processed_v3/microagi/2026-04-07-15-32-51-215324.mp4,s3://rldb/processed_v3/microagi/2026-04-07-15-32-51-215324.zarr,fold_clothes,train
2026-04-07-15-33-25-408649,fold_white_shirt,Fold a white shirt on a flat surface by bringing the sides together and smoothing the fabric into a folded shape.,microagi,human_bimanual,1241.0,,,s3://rldb/processed_v3/microagi/2026-04-07-15-33-25-408649.mp4,s3://rldb/processed_v3/microagi/2026-04-07-15-33-25-408649.zarr,fold_clothes,train
2026-04-07-15-34-06-793570,fold_white_shirt,Fold a white shirt by smoothing and pressing the fabric flat on a table.,microagi,human_bimanual,472.0,,,s3://rldb/processed_v3/microagi/2026-04-07-15-34-06-793570.mp4,s3://rldb/processed_v3/microagi/2026-04-07-15-34-06-793570.zarr,fold_clothes,train
2026-04-07-15-37-00-690118,fold_white_shirt,Fold a white shirt on a table by smoothing and folding the fabric into a compact shape.,microagi,human_bimanual,917.0,,,s3://rldb/processed_v3/microagi/2026-04-07-15-37-00-690118.mp4,s3://rldb/processed_v3/microagi/2026-04-07-15-37-00-690118.zarr,fold_clothes,train
2026-04-08-12-13-58-711020,fold_white_shirt,Fold a white shirt by manipulating its sleeves and body fabric into a folded shape on a flat surface.,microagi,human_bimanual,249.0,,,s3://rldb/processed_v3/microagi/2026-04-08-12-13-58-711020.mp4,s3://rldb/processed_v3/microagi/2026-04-08-12-13-58-711020.zarr,fold_clothes,train
2026-04-08-12-50-39-011965,fold_white_shirt,Fold a white shirt by smoothing and pressing one side over the other on a flat surface.,microagi,human_bimanual,473.0,,,s3://rldb/processed_v3/microagi/2026-04-08-12-50-39-011965.mp4,s3://rldb/processed_v3/microagi/2026-04-08-12-50-39-011965.zarr,fold_clothes,train
2026-04-08-14-51-25-524782,fold_white_shirt,Fold a white shirt on a flat surface by smoothing and pressing the fabric with both hands to achieve a folded shape.,microagi,human_bimanual,401.0,,,s3://rldb/processed_v3/microagi/2026-04-08-14-51-25-524782.mp4,s3://rldb/processed_v3/microagi/2026-04-08-14-51-25-524782.zarr,fold_clothes,train
2026-04-08-14-51-39-907960,fold_white_shirt,Fold a white t-shirt on a bed by folding the sleeves inward and folding the shirt in half into a compact bundle.,microagi,human_bimanual,767.0,,,s3://rldb/processed_v3/microagi/2026-04-08-14-51-39-907960.mp4,s3://rldb/processed_v3/microagi/2026-04-08-14-51-39-907960.zarr,fold_clothes,train
2026-04-08-14-52-15-599540,fold_white_shirt,Fold a white shirt on a bed by pressing and smoothing the fabric into a compact folded shape.,microagi,human_bimanual,382.0,,,s3://rldb/processed_v3/microagi/2026-04-08-14-52-15-599540.mp4,s3://rldb/processed_v3/microagi/2026-04-08-14-52-15-599540.zarr,fold_clothes,train
2026-04-08-20-15-13-005554,fold_white_shirt,Fold a white shirt on a table by smoothing and folding the fabric into a compact shape.,microagi,human_bimanual,731.0,,,s3://rldb/processed_v3/microagi/2026-04-08-20-15-13-005554.mp4,s3://rldb/processed_v3/microagi/2026-04-08-20-15-13-005554.zarr,fold_clothes,train
2026-04-08-20-18-45-756640,fold_white_shirt,Fold a white shirt by lifting the bottom hem and pressing it flat against the body of the shirt on a table.,microagi,human_bimanual,453.0,,,s3://rldb/processed_v3/microagi/2026-04-08-20-18-45-756640.mp4,s3://rldb/processed_v3/microagi/2026-04-08-20-18-45-756640.zarr,fold_clothes,train
2026-04-08-20-22-01-917137,fold_white_shirt,Fold a white shirt on a table by manipulating the collar and sleeves into a folded configuration.,microagi,human_bimanual,185.0,,,s3://rldb/processed_v3/microagi/2026-04-08-20-22-01-917137.mp4,s3://rldb/processed_v3/microagi/2026-04-08-20-22-01-917137.zarr,fold_clothes,train
2026-04-08-20-22-10-973209,fold_white_shirt,Fold a white shirt on a flat surface by manipulating the fabric with both hands to arrange it into a folded shape.,microagi,human_bimanual,385.0,,,s3://rldb/processed_v3/microagi/2026-04-08-20-22-10-973209.mp4,s3://rldb/processed_v3/microagi/2026-04-08-20-22-10-973209.zarr,fold_clothes,train
2026-04-08-20-25-18-753522,fold_white_shirt,Fold a white shirt on a table by bringing the sleeves and sides inward to form a compact folded shape.,microagi,human_bimanual,291.0,,,s3://rldb/processed_v3/microagi/2026-04-08-20-25-18-753522.mp4,s3://rldb/processed_v3/microagi/2026-04-08-20-25-18-753522.zarr,fold_clothes,train
2026-04-08-20-28-13-359250,fold_white_shirt,Fold a white shirt on a table by folding the sleeves and body into a compact shape.,microagi,human_bimanual,578.0,,,s3://rldb/processed_v3/microagi/2026-04-08-20-28-13-359250.mp4,s3://rldb/processed_v3/microagi/2026-04-08-20-28-13-359250.zarr,fold_clothes,train
2026-04-08-20-28-48-141881,fold_white_shirt,Fold a white shirt on a table by smoothing and pressing the fabric flat with both hands.,microagi,human_bimanual,174.0,,,s3://rldb/processed_v3/microagi/2026-04-08-20-28-48-141881.mp4,s3://rldb/processed_v3/microagi/2026-04-08-20-28-48-141881.zarr,fold_clothes,train
2026-04-08-20-29-25-364998,fold_white_shirt,"Fold a white shirt on a table by folding the collar, sleeves, and body into a compact folded shape.",microagi,human_bimanual,520.0,,,s3://rldb/processed_v3/microagi/2026-04-08-20-29-25-364998.mp4,s3://rldb/processed_v3/microagi/2026-04-08-20-29-25-364998.zarr,fold_clothes,train
2026-04-08-20-29-51-144837,fold_white_shirt,Fold a white shirt on a table by bringing one side over and smoothing the crease flat.,microagi,human_bimanual,246.0,,,s3://rldb/processed_v3/microagi/2026-04-08-20-29-51-144837.mp4,s3://rldb/processed_v3/microagi/2026-04-08-20-29-51-144837.zarr,fold_clothes,train
2026-04-08-20-32-09-073475,fold_white_shirt,Fold a white shirt on a table by manipulating the fabric with both hands to create a compact folded shape.,microagi,human_bimanual,565.0,,,s3://rldb/processed_v3/microagi/2026-04-08-20-32-09-073475.mp4,s3://rldb/processed_v3/microagi/2026-04-08-20-32-09-073475.zarr,fold_clothes,train
2026-04-08-20-32-29-549517,fold_white_shirt,Fold a white shirt on a table by grasping and arranging the fabric into a folded shape.,microagi,human_bimanual,164.0,,,s3://rldb/processed_v3/microagi/2026-04-08-20-32-29-549517.mp4,s3://rldb/processed_v3/microagi/2026-04-08-20-32-29-549517.zarr,fold_clothes,train
2026-04-08-20-32-36-208383,fold_white_shirt,Fold a white shirt on a table into a compact folded shape.,microagi,human_bimanual,228.0,,,s3://rldb/processed_v3/microagi/2026-04-08-20-32-36-208383.mp4,s3://rldb/processed_v3/microagi/2026-04-08-20-32-36-208383.zarr,fold_clothes,train
2026-04-08-20-34-11-729974,fold_white_shirt,Fold a white shirt on a table by bringing the sleeves and sides together into a compact folded shape.,microagi,human_bimanual,186.0,,,s3://rldb/processed_v3/microagi/2026-04-08-20-34-11-729974.mp4,s3://rldb/processed_v3/microagi/2026-04-08-20-34-11-729974.zarr,fold_clothes,train
2026-04-08-20-38-23-112553,fold_white_shirt,Fold a white shirt in half lengthwise on a table by bringing one side over the other and pressing it flat.,microagi,human_bimanual,272.0,,,s3://rldb/processed_v3/microagi/2026-04-08-20-38-23-112553.mp4,s3://rldb/processed_v3/microagi/2026-04-08-20-38-23-112553.zarr,fold_clothes,train
2026-04-08-20-38-46-874742,fold_white_shirt,Fold a white shirt on a table by bringing the sleeves inward and folding it in half.,microagi,human_bimanual,236.0,,,s3://rldb/processed_v3/microagi/2026-04-08-20-38-46-874742.mp4,s3://rldb/processed_v3/microagi/2026-04-08-20-38-46-874742.zarr,fold_clothes,train
2026-04-08-20-39-39-280088,fold_white_shirt,Fold a white shirt on a table by folding one side over the center.,microagi,human_bimanual,212.0,,,s3://rldb/processed_v3/microagi/2026-04-08-20-39-39-280088.mp4,s3://rldb/processed_v3/microagi/2026-04-08-20-39-39-280088.zarr,fold_clothes,train
2026-04-09-06-43-37-680951,fold_white_shirt,Fold a white shirt laid flat on a table by smoothing it and folding it in half.,microagi,human_bimanual,318.0,,,s3://rldb/processed_v3/microagi/2026-04-09-06-43-37-680951.mp4,s3://rldb/processed_v3/microagi/2026-04-09-06-43-37-680951.zarr,fold_clothes,train
2026-04-09-06-44-56-022629,fold_white_shirt,Fold a white shirt on a table by smoothing and folding the fabric into a compact shape.,microagi,human_bimanual,188.0,,,s3://rldb/processed_v3/microagi/2026-04-09-06-44-56-022629.mp4,s3://rldb/processed_v3/microagi/2026-04-09-06-44-56-022629.zarr,fold_clothes,train
2026-04-09-07-20-35-690912,fold_white_shirt,Fold a white shirt on a flat surface into a compact rectangular shape.,microagi,human_bimanual,418.0,,,s3://rldb/processed_v3/microagi/2026-04-09-07-20-35-690912.mp4,s3://rldb/processed_v3/microagi/2026-04-09-07-20-35-690912.zarr,fold_clothes,train
2026-04-09-09-55-10-629344,fold_white_shirt,Fold a white shirt by smoothing and pressing the fabric flat on a surface with both hands.,microagi,human_bimanual,663.0,,,s3://rldb/processed_v3/microagi/2026-04-09-09-55-10-629344.mp4,s3://rldb/processed_v3/microagi/2026-04-09-09-55-10-629344.zarr,fold_clothes,train
2026-04-09-09-55-42-758420,fold_white_shirt,Fold a white shirt by smoothing and pressing the fabric flat on a surface to complete the fold.,microagi,human_bimanual,1209.0,,,s3://rldb/processed_v3/microagi/2026-04-09-09-55-42-758420.mp4,s3://rldb/processed_v3/microagi/2026-04-09-09-55-42-758420.zarr,fold_clothes,train
2026-04-09-09-58-44-179515,fold_white_shirt,Fold a white shirt on a flat surface by pressing and smoothing the fabric with both hands to complete the fold.,microagi,human_bimanual,641.0,,,s3://rldb/processed_v3/microagi/2026-04-09-09-58-44-179515.mp4,s3://rldb/processed_v3/microagi/2026-04-09-09-58-44-179515.zarr,fold_clothes,train
2026-04-09-12-11-03-325552,fold_white_shirt,Fold a white shirt on a table by pressing and adjusting the collar and body into a folded shape.,microagi,human_bimanual,155.0,,,s3://rldb/processed_v3/microagi/2026-04-09-12-11-03-325552.mp4,s3://rldb/processed_v3/microagi/2026-04-09-12-11-03-325552.zarr,fold_clothes,train
2026-04-09-12-11-51-479229,fold_white_shirt,Fold a white shirt on a table by pressing and smoothing the fabric into a folded shape.,microagi,human_bimanual,197.0,,,s3://rldb/processed_v3/microagi/2026-04-09-12-11-51-479229.mp4,s3://rldb/processed_v3/microagi/2026-04-09-12-11-51-479229.zarr,fold_clothes,train
2026-04-09-12-12-51-508994,fold_white_shirt,Fold a white shirt on a table by smoothing and pressing the fabric into a folded shape.,microagi,human_bimanual,569.0,,,s3://rldb/processed_v3/microagi/2026-04-09-12-12-51-508994.mp4,s3://rldb/processed_v3/microagi/2026-04-09-12-12-51-508994.zarr,fold_clothes,train
2026-04-10-08-02-04-653709,fold_white_shirt,"Fold a white shirt on a bed by lifting, arranging, and tucking the fabric into a folded shape.",microagi,human_bimanual,201.0,,,s3://rldb/processed_v3/microagi/2026-04-10-08-02-04-653709.mp4,s3://rldb/processed_v3/microagi/2026-04-10-08-02-04-653709.zarr,fold_clothes,train
2026-04-10-08-02-21-441804,fold_white_shirt,Fold a white shirt by manipulating its sleeves and body into a folded shape on a flat surface.,microagi,human_bimanual,576.0,,,s3://rldb/processed_v3/microagi/2026-04-10-08-02-21-441804.mp4,s3://rldb/processed_v3/microagi/2026-04-10-08-02-21-441804.zarr,fold_clothes,train
2026-04-10-08-05-17-820009,fold_white_shirt,Fold a white shirt by manipulating and folding the fabric into a compact shape on a flat surface.,microagi,human_bimanual,439.0,,,s3://rldb/processed_v3/microagi/2026-04-10-08-05-17-820009.mp4,s3://rldb/processed_v3/microagi/2026-04-10-08-05-17-820009.zarr,fold_clothes,train
2026-04-10-20-33-28-456857,fold_white_shirt,Fold a white shirt on a flat surface into a compact rectangular shape and place it with other folded clothes.,microagi,human_bimanual,201.0,,,s3://rldb/processed_v3/microagi/2026-04-10-20-33-28-456857.mp4,s3://rldb/processed_v3/microagi/2026-04-10-20-33-28-456857.zarr,fold_clothes,train
2026-05-04-21-05-22-835774,fold_white_shirt,Fold a white shirt on a bed into a compact folded shape.,microagi,human_bimanual,466.0,,,s3://rldb/processed_v3/microagi/2026-05-04-21-05-22-835774.mp4,s3://rldb/processed_v3/microagi/2026-05-04-21-05-22-835774.zarr,fold_clothes,train
2026-05-04-21-05-38-401784,fold_white_shirt,"Fold a white shirt on a bed, smoothing and folding it into a compact shape alongside other folded garments.",microagi,human_bimanual,397.0,,,s3://rldb/processed_v3/microagi/2026-05-04-21-05-38-401784.mp4,s3://rldb/processed_v3/microagi/2026-05-04-21-05-38-401784.zarr,fold_clothes,train
2026-05-04-21-05-52-701173,fold_white_shirt,Fold a white shirt on a bed by manipulating the fabric with both hands into a compact folded shape.,microagi,human_bimanual,179.0,,,s3://rldb/processed_v3/microagi/2026-05-04-21-05-52-701173.mp4,s3://rldb/processed_v3/microagi/2026-05-04-21-05-52-701173.zarr,fold_clothes,train
2026-05-04-21-05-59-134240,fold_white_shirt,"Fold a white shirt by folding the sleeves inward and then folding it in half, resulting in a compact folded shirt.",microagi,human_bimanual,874.0,,,s3://rldb/processed_v3/microagi/2026-05-04-21-05-59-134240.mp4,s3://rldb/processed_v3/microagi/2026-05-04-21-05-59-134240.zarr,fold_clothes,train
2026-05-11-13-30-31-742247,fold_white_shirt,Fold a white shirt and place it on the bed.,microagi,human_bimanual,361.0,,,s3://rldb/processed_v3/microagi/2026-05-11-13-30-31-742247.mp4,s3://rldb/processed_v3/microagi/2026-05-11-13-30-31-742247.zarr,fold_clothes,train
2026-05-14-17-43-13-148657,fold_white_shirt,Fold a white shirt on a wooden table into a compact folded rectangle.,microagi,human_bimanual,1715.0,,,s3://rldb/processed_v3/microagi/2026-05-14-17-43-13-148657.mp4,s3://rldb/processed_v3/microagi/2026-05-14-17-43-13-148657.zarr,fold_clothes,train
2026-05-18-15-32-35-832473,fold_white_shirt,Fold a white shirt by bringing the sleeves and sides together into a compact folded shape.,microagi,human_bimanual,192.0,,,s3://rldb/processed_v3/microagi/2026-05-18-15-32-35-832473.mp4,s3://rldb/processed_v3/microagi/2026-05-18-15-32-35-832473.zarr,fold_clothes,train
2026-05-18-15-33-56-214222,fold_white_shirt,Fold a white shirt in half by lifting and folding the bottom hem upward over the body of the shirt.,microagi,human_bimanual,193.0,,,s3://rldb/processed_v3/microagi/2026-05-18-15-33-56-214222.mp4,s3://rldb/processed_v3/microagi/2026-05-18-15-33-56-214222.zarr,fold_clothes,train
2026-05-25-05-28-45-372489,fold_white_shirt,Fold a white shirt on a flat surface into a compact rectangular shape.,microagi,human_bimanual,1539.0,,,s3://rldb/processed_v3/microagi/2026-05-25-05-28-45-372489.mp4,s3://rldb/processed_v3/microagi/2026-05-25-05-28-45-372489.zarr,fold_clothes,train
2026-05-25-05-35-54-670561,fold_white_shirt,Fold a white shirt by bringing the sides inward and pressing it flat on the surface.,microagi,human_bimanual,434.0,,,s3://rldb/processed_v3/microagi/2026-05-25-05-35-54-670561.mp4,s3://rldb/processed_v3/microagi/2026-05-25-05-35-54-670561.zarr,fold_clothes,train
2026-05-25-06-32-11-832391,fold_white_shirt,Fold a white shirt flat on a surface into a compact rectangular shape by folding sleeves and body inward.,microagi,human_bimanual,631.0,,,s3://rldb/processed_v3/microagi/2026-05-25-06-32-11-832391.mp4,s3://rldb/processed_v3/microagi/2026-05-25-06-32-11-832391.zarr,fold_clothes,train
2026-05-25-06-32-53-683491,fold_white_shirt,Fold a white shirt on a table by bringing the sleeves and sides together into a compact folded shape.,microagi,human_bimanual,185.0,,,s3://rldb/processed_v3/microagi/2026-05-25-06-32-53-683491.mp4,s3://rldb/processed_v3/microagi/2026-05-25-06-32-53-683491.zarr,fold_clothes,train
2026-05-25-06-37-41-480196,fold_white_shirt,Fold a white shirt on a flat surface by smoothing the fabric and folding the sleeves and body into a compact rectangular shape.,microagi,human_bimanual,239.0,,,s3://rldb/processed_v3/microagi/2026-05-25-06-37-41-480196.mp4,s3://rldb/processed_v3/microagi/2026-05-25-06-37-41-480196.zarr,fold_clothes,train
2026-05-25-06-37-50-969782,fold_white_shirt,Fold a white shirt on a table by smoothing and folding it into a compact rectangular shape.,microagi,human_bimanual,169.0,,,s3://rldb/processed_v3/microagi/2026-05-25-06-37-50-969782.mp4,s3://rldb/processed_v3/microagi/2026-05-25-06-37-50-969782.zarr,fold_clothes,train
2026-05-25-06-38-14-541060,fold_white_shirt,"Fold a white shirt flat on a surface, pressing and aligning the fabric into a compact folded shape.",microagi,human_bimanual,451.0,,,s3://rldb/processed_v3/microagi/2026-05-25-06-38-14-541060.mp4,s3://rldb/processed_v3/microagi/2026-05-25-06-38-14-541060.zarr,fold_clothes,train
2026-05-25-06-38-31-620479,fold_white_shirt,Fold a white shirt on a flat surface into a compact rectangular shape.,microagi,human_bimanual,464.0,,,s3://rldb/processed_v3/microagi/2026-05-25-06-38-31-620479.mp4,s3://rldb/processed_v3/microagi/2026-05-25-06-38-31-620479.zarr,fold_clothes,train
2026-05-25-06-38-51-630742,fold_white_shirt,Fold a white shirt on a table into a neat rectangular shape by bringing the sides and bottom inward.,microagi,human_bimanual,164.0,,,s3://rldb/processed_v3/microagi/2026-05-25-06-38-51-630742.mp4,s3://rldb/processed_v3/microagi/2026-05-25-06-38-51-630742.zarr,fold_clothes,train
2026-05-25-06-39-01-552864,fold_white_shirt,Fold a white shirt on a table into a compact rectangular shape.,microagi,human_bimanual,182.0,,,s3://rldb/processed_v3/microagi/2026-05-25-06-39-01-552864.mp4,s3://rldb/processed_v3/microagi/2026-05-25-06-39-01-552864.zarr,fold_clothes,train
2026-05-25-07-16-45-335375,fold_white_shirt,Fold a white shirt on a flat surface by smoothing it flat and folding the sleeves and body into a compact rectangle.,microagi,human_bimanual,511.0,,,s3://rldb/processed_v3/microagi/2026-05-25-07-16-45-335375.mp4,s3://rldb/processed_v3/microagi/2026-05-25-07-16-45-335375.zarr,fold_clothes,train
2026-05-25-07-17-02-948101,fold_white_shirt,Fold a white shirt into a compact rectangular shape on a flat surface.,microagi,human_bimanual,410.0,,,s3://rldb/processed_v3/microagi/2026-05-25-07-17-02-948101.mp4,s3://rldb/processed_v3/microagi/2026-05-25-07-17-02-948101.zarr,fold_clothes,train
2026-05-25-07-17-17-264679,fold_white_shirt,Fold a white shirt flat on a bed and place it on top of a stack of folded clothes.,microagi,human_bimanual,258.0,,,s3://rldb/processed_v3/microagi/2026-05-25-07-17-17-264679.mp4,s3://rldb/processed_v3/microagi/2026-05-25-07-17-17-264679.zarr,fold_clothes,train
2026-05-28-11-43-31-552993,fold_white_shirt,"Fold a white long-sleeved shirt on a flat surface by folding the sides and sleeves inward, then folding it in half lengthwise.",microagi,human_bimanual,156.0,,,s3://rldb/processed_v3/microagi/2026-05-28-11-43-31-552993.mp4,s3://rldb/processed_v3/microagi/2026-05-28-11-43-31-552993.zarr,fold_clothes,train
2026-05-28-11-43-42-324660,fold_white_shirt,Fold a white shirt on a bed into a compact rectangular shape.,microagi,human_bimanual,209.0,,,s3://rldb/processed_v3/microagi/2026-05-28-11-43-42-324660.mp4,s3://rldb/processed_v3/microagi/2026-05-28-11-43-42-324660.zarr,fold_clothes,train
2026-06-07-08-55-30-141799,fold_white_shirt,Fold a white shirt on a table and place it onto a pile of folded clothes.,microagi,human_bimanual,501.0,,,s3://rldb/processed_v3/microagi/2026-06-07-08-55-30-141799.mp4,s3://rldb/processed_v3/microagi/2026-06-07-08-55-30-141799.zarr,fold_clothes,train
2026-06-12-17-32-49-829733,fold_white_shirt,Fold a white shirt on a flat surface by tucking in the sleeves and folding the body into a compact rectangle.,microagi,human_bimanual,1371.0,,,s3://rldb/processed_v3/microagi/2026-06-12-17-32-49-829733.mp4,s3://rldb/processed_v3/microagi/2026-06-12-17-32-49-829733.zarr,fold_clothes,train
2026-06-12-17-33-36-847152,fold_white_shirt,Fold a white shirt on a bed by folding the sleeves and body into a compact rectangular shape.,microagi,human_bimanual,222.0,,,s3://rldb/processed_v3/microagi/2026-06-12-17-33-36-847152.mp4,s3://rldb/processed_v3/microagi/2026-06-12-17-33-36-847152.zarr,fold_clothes,train
2026-06-12-17-33-50-318308,fold_white_shirt,"Fold a white shirt on a bed into a compact rectangular shape by aligning sleeves and collar, then pressing flat.",microagi,human_bimanual,308.0,,,s3://rldb/processed_v3/microagi/2026-06-12-17-33-50-318308.mp4,s3://rldb/processed_v3/microagi/2026-06-12-17-33-50-318308.zarr,fold_clothes,train
2026-06-12-20-49-03-435372,fold_white_shirt,"Fold a white shirt by grasping the fabric, folding the sleeves and body over, and smoothing it flat on the bed.",microagi,human_bimanual,677.0,,,s3://rldb/processed_v3/microagi/2026-06-12-20-49-03-435372.mp4,s3://rldb/processed_v3/microagi/2026-06-12-20-49-03-435372.zarr,fold_clothes,train
2026-06-12-20-49-46-651501,fold_white_shirt,Fold a white button-up shirt on a flat surface by bringing the sides and sleeves inward and smoothing the fabric flat.,microagi,human_bimanual,260.0,,,s3://rldb/processed_v3/microagi/2026-06-12-20-49-46-651501.mp4,s3://rldb/processed_v3/microagi/2026-06-12-20-49-46-651501.zarr,fold_clothes,train
2026-06-12-21-15-30-844395,fold_white_shirt,"Fold a white shirt into a compact rectangle on a flat surface, smoothing creases and aligning the collar at the top.",microagi,human_bimanual,319.0,,,s3://rldb/processed_v3/microagi/2026-06-12-21-15-30-844395.mp4,s3://rldb/processed_v3/microagi/2026-06-12-21-15-30-844395.zarr,fold_clothes,train
2026-06-12-21-18-11-869445,fold_white_shirt,Fold a white shirt by folding the sleeves inward and folding the body in half on a flat surface.,microagi,human_bimanual,451.0,,,s3://rldb/processed_v3/microagi/2026-06-12-21-18-11-869445.mp4,s3://rldb/processed_v3/microagi/2026-06-12-21-18-11-869445.zarr,fold_clothes,train
2026-06-12-21-18-35-944903,fold_white_shirt,"Fold a white shirt on a flat surface, tucking sleeves inward and folding the body into a compact rectangle.",microagi,human_bimanual,200.0,,,s3://rldb/processed_v3/microagi/2026-06-12-21-18-35-944903.mp4,s3://rldb/processed_v3/microagi/2026-06-12-21-18-35-944903.zarr,fold_clothes,train
2026-06-12-21-22-54-672404,fold_white_shirt,"Fold a white shirt on a bed by smoothing, aligning, and folding the fabric with both hands into a compact folded shape.",microagi,human_bimanual,1754.0,,,s3://rldb/processed_v3/microagi/2026-06-12-21-22-54-672404.mp4,s3://rldb/processed_v3/microagi/2026-06-12-21-22-54-672404.zarr,fold_clothes,train
2026-06-12-21-25-09-854374,fold_white_shirt,Fold a white shirt by bringing one side over to the other on a flat surface.,microagi,human_bimanual,169.0,,,s3://rldb/processed_v3/microagi/2026-06-12-21-25-09-854374.mp4,s3://rldb/processed_v3/microagi/2026-06-12-21-25-09-854374.zarr,fold_clothes,train
2026-06-12-21-25-41-132389,fold_white_shirt,"Fold a white shirt in half on a bed, smoothing it flat into a compact rectangle.",microagi,human_bimanual,191.0,,,s3://rldb/processed_v3/microagi/2026-06-12-21-25-41-132389.mp4,s3://rldb/processed_v3/microagi/2026-06-12-21-25-41-132389.zarr,fold_clothes,train
2026-06-13-07-52-48-429877,fold_white_shirt,Fold a white shirt on a flat surface into a compact folded shape.,microagi,human_bimanual,272.0,,,s3://rldb/processed_v3/microagi/2026-06-13-07-52-48-429877.mp4,s3://rldb/processed_v3/microagi/2026-06-13-07-52-48-429877.zarr,fold_clothes,train
2026-06-13-07-52-57-631931,fold_white_shirt,Fold a white shirt by manipulating its sleeves and body into a folded configuration on the bed.,microagi,human_bimanual,275.0,,,s3://rldb/processed_v3/microagi/2026-06-13-07-52-57-631931.mp4,s3://rldb/processed_v3/microagi/2026-06-13-07-52-57-631931.zarr,fold_clothes,train
2026-06-13-07-53-38-540429,fold_white_shirt,Fold a white shirt on a flat surface by manipulating the fabric into a folded shape.,microagi,human_bimanual,386.0,,,s3://rldb/processed_v3/microagi/2026-06-13-07-53-38-540429.mp4,s3://rldb/processed_v3/microagi/2026-06-13-07-53-38-540429.zarr,fold_clothes,train
2026-06-13-07-54-18-415125,fold_white_shirt,Fold a white shirt by bringing the sleeves and sides inward to form a compact folded rectangle.,microagi,human_bimanual,218.0,,,s3://rldb/processed_v3/microagi/2026-06-13-07-54-18-415125.mp4,s3://rldb/processed_v3/microagi/2026-06-13-07-54-18-415125.zarr,fold_clothes,train
2026-06-13-07-54-25-983632,fold_white_shirt,"Fold a white shirt in half lengthwise on a bed by grasping the edge, folding it over, and pressing it flat.",microagi,human_bimanual,152.0,,,s3://rldb/processed_v3/microagi/2026-06-13-07-54-25-983632.mp4,s3://rldb/processed_v3/microagi/2026-06-13-07-54-25-983632.zarr,fold_clothes,train
2026-06-13-07-54-44-453899,fold_white_shirt,Fold a white shirt into a compact rectangular shape on a flat surface.,microagi,human_bimanual,709.0,,,s3://rldb/processed_v3/microagi/2026-06-13-07-54-44-453899.mp4,s3://rldb/processed_v3/microagi/2026-06-13-07-54-44-453899.zarr,fold_clothes,train
2026-06-13-07-57-26-759600,fold_white_shirt,Fold a white shirt on a bed by manipulating the fabric with both hands into a flat folded shape.,microagi,human_bimanual,1874.0,,,s3://rldb/processed_v3/microagi/2026-06-13-07-57-26-759600.mp4,s3://rldb/processed_v3/microagi/2026-06-13-07-57-26-759600.zarr,fold_clothes,train
2026-06-13-07-58-55-277801,fold_white_shirt,Fold a white shirt by bringing one side over and smoothing it into a compact folded rectangle on the bed.,microagi,human_bimanual,182.0,,,s3://rldb/processed_v3/microagi/2026-06-13-07-58-55-277801.mp4,s3://rldb/processed_v3/microagi/2026-06-13-07-58-55-277801.zarr,fold_clothes,train
2026-06-13-07-59-25-017346,fold_white_shirt,Fold a white shirt into a compact rectangle and place it on a surface.,microagi,human_bimanual,531.0,,,s3://rldb/processed_v3/microagi/2026-06-13-07-59-25-017346.mp4,s3://rldb/processed_v3/microagi/2026-06-13-07-59-25-017346.zarr,fold_clothes,train
2026-06-17-00-36-27-770014,fold_white_shirt,Fold a white shirt on a table and place it onto a stack of folded clothes.,microagi,human_bimanual,817.0,,,s3://rldb/processed_v3/microagi/2026-06-17-00-36-27-770014.mp4,s3://rldb/processed_v3/microagi/2026-06-17-00-36-27-770014.zarr,fold_clothes,train
2026-06-19-04-40-09-345954,fold_white_shirt,"Fold a white shirt on a table by laying it flat, folding the sleeves inward, and folding the bottom half up to produce a neatly folded shirt.",microagi,human_bimanual,930.0,,,s3://rldb/processed_v3/microagi/2026-06-19-04-40-09-345954.mp4,s3://rldb/processed_v3/microagi/2026-06-19-04-40-09-345954.zarr,fold_clothes,train
2026-06-19-07-42-37-800914,fold_white_shirt,"Fold a white shirt on a table by folding the sides inward and then in half, then place the folded shirt onto a stack of clothes.",microagi,human_bimanual,633.0,,,s3://rldb/processed_v3/microagi/2026-06-19-07-42-37-800914.mp4,s3://rldb/processed_v3/microagi/2026-06-19-07-42-37-800914.zarr,fold_clothes,train
