/coc/flash7/paphiwetsa3/projects/EgoVerse-refactor/.venv/lib/python3.11/site-packages/torch/cuda/__init__.py:61: FutureWarning: The pynvml package is deprecated. Please install nvidia-ml-py instead. If you did not install pynvml directly, please report this to the maintainers of the package that installed pynvml for you.
  import pynvml  # type: ignore[import]
[2026-06-16 03:53:14,487][egomimic.pl_utils.utils][WARNING] - [rank: 0] Extras config not found! <cfg.extras=null>
model:
  _target_: egomimic.pl_utils.pl_model.ModelWrapper
  robomimic_model:
    _target_: egomimic.algo.hnet.PackedAlgoBase
    d_cond: 128
    domains:
    - pushshapes_sim
    ac_keys:
      pushshapes_sim: actions
    outer_stage:
      _target_: egomimic.algo.hnet.HNetOuterStage
      action_dim: 2
      action_horizon: 1024
      d_model: 128
      action_head_type: linear
      cond_encoder:
        _target_: egomimic.models.stems.cond_encoders.CondEncoderModule
        d_cond: 128
        output_key: fused_cond
        cond_proj_widths:
        - 128
        - 128
        obs_specs:
          state_agent_obj:
            input_dim: 5
            embed_dim: 64
            widths:
            - 128
        img_encoders:
          front_img_1:
            _target_: egomimic.models.stems.image_encoders.SimpleConv
            in_channels: 3
            channels:
            - 32
            - 64
            - 128
            - 256
            kernel_size: 3
            stride: 2
            embed_dim: 128
            norm_groups: 8
      hnet:
        _target_: egomimic.models.hnet.hnet.HNet
        stages:
        - _target_: egomimic.models.hnet.stages.EncoderDecoderStage
          input_hidden_dim: 128
          output_hidden_dim: 128
          cond_key: fused_cond
          d_cond: 128
          causal: true
          encoder:
            arch_layout: T4
            d_model: 128
            d_intermediate: 512
            num_heads: 4
            cond: true
            rotary_emb_dim: 32
            dropout: 0.15
            resid_dropout: 0.2
          decoder:
            arch_layout: T4
            d_model: 128
            d_intermediate: 512
            num_heads: 4
            cond: true
            rotary_emb_dim: 32
            dropout: 0.15
            resid_dropout: 0.2
        - _target_: egomimic.models.hnet.stages.ChunkerStage
          input_hidden_dim: 128
          output_hidden_dim: 192
          target_compression_ratio: 8.0
          ratio_loss_weight: 0.03
          cond_key: fused_cond
        - _target_: egomimic.models.hnet.stages.ComputeStage
          input_hidden_dim: 192
          output_hidden_dim: 192
          cond_key: fused_cond
          d_cond: 128
          causal: true
          main_network:
            arch_layout: T4
            d_model: 192
            d_intermediate: 768
            num_heads: 4
            cond: false
            rotary_emb_dim: 48
            dropout: 0.15
            resid_dropout: 0.2
    init_weights_range: 0.02
    lr_multipliers:
    - 3.0
    - 1.7
    - 0.9
    use_parameter_groups: true
    weight_decay: 0.01
  optimizer:
    _target_: torch.optim.AdamW
    _partial_: true
    lr: 4.0e-05
    weight_decay: 0.0001
  scheduler:
    _target_: egomimic.utils.schedulers.warmup_cosine_scheduler
    _partial_: true
    max_steps: 400
    warmup_steps: 24
    warmup_start_factor: 0.1
    eta_min: 4.0e-06
paths:
  log_dir: ${paths.root_dir}/logs/
  output_dir: ${hydra:runtime.output_dir}
  work_dir: ${hydra:runtime.cwd}
trainer:
  _target_: lightning.pytorch.trainer.Trainer
  default_root_dir: ${paths.output_dir}
  max_epochs: 4
  min_epochs: 4
  accelerator: gpu
  devices: ${eval:'${launch_params.gpus_per_node} * ${launch_params.nodes}'}
  precision: bf16
  limit_train_batches: 2
  limit_val_batches: 3
  check_val_every_n_epoch: 2
  deterministic: false
  strategy: ddp_find_unused_parameters_true
  num_nodes: ${launch_params.nodes}
  sync_batchnorm: true
  num_sanity_val_steps: 0
  profiler: simple
logger: {}
data:
  _target_: egomimic.pl_utils.pl_data_utils.MultiDataModuleWrapper
  train_datasets:
    pushshapes_sim:
      _target_: egomimic.rldb.zarr.zarr_dataset_packed.ZarrEpisodePackedDataset.from_resolver
      resolver:
        _target_: egomimic.rldb.zarr.zarr_dataset_multi.LocalEpisodeResolver
        folder_path: /coc/cedarp-dxu345-0/Tsim_datasets2/circle/basic
        key_map:
          _target_: egomimic.rldb.embodiment.pushshapes.get_keymap
          action_horizon: 1024
        transform_list: null
      chunking: none
      min_seq_len: 64
      max_seq_len: 1024
  valid_datasets:
    pushshapes_sim:
      _target_: egomimic.rldb.zarr.zarr_dataset_packed.ZarrEpisodePackedDataset.from_resolver
      resolver:
        _target_: egomimic.rldb.zarr.zarr_dataset_multi.LocalEpisodeResolver
        folder_path: /coc/cedarp-dxu345-0/Tsim_datasets2/circle/basic
        key_map:
          _target_: egomimic.rldb.embodiment.pushshapes.get_keymap
          action_horizon: 1024
        transform_list: null
      chunking: none
      min_seq_len: 64
      max_seq_len: 1024
  train_dataloader_params:
    pushshapes_sim:
      batch_size: 8
      num_workers: 4
  valid_dataloader_params:
    pushshapes_sim:
      batch_size: 8
      num_workers: 4
evaluator:
  viz_func:
    pushshapes_sim:
      _target_: egomimic.rldb.embodiment.pushshapes.viz_gt_preds
      _partial_: true
      image_key: front_img_1
      action_key: actions
      mode: traj
    eva_bimanual:
      _target_: egomimic.rldb.embodiment.eva.Eva.viz_gt_preds
      _partial_: true
      image_key: observations.images.front_img_1
      action_key: actions_cartesian
      mode: traj
    aria_bimanual:
      _target_: egomimic.rldb.embodiment.human.Aria.viz_gt_preds
      _partial_: true
      image_key: observations.images.front_img_1
      action_key: actions_cartesian
      mode: traj
    mecka_bimanual:
      _target_: egomimic.rldb.embodiment.human.Mecka.viz_gt_preds
      _partial_: true
      image_key: observations.images.front_img_1
      action_key: actions_cartesian
      mode: traj
    scale_bimanual:
      _target_: egomimic.rldb.embodiment.human.Scale.viz_gt_preds
      _partial_: true
      image_key: observations.images.front_img_1
      action_key: actions_cartesian
      mode: traj
  _target_: egomimic.eval.core.eval_hnet.HNetEvalVideo
  limit_val_batches: 4
name: hnet_smoke
description: th3
ckpt_path: null
mode: train
launch_params:
  gpus_per_node: 1
  nodes: 1
seed: 42
norm_stats:
  norm_mode: quantile
  sample_frac: 0.01
  num_workers: 4
  save_cache_dir: ${hydra:runtime.output_dir}
  precomputed_norm_path: null
reject_outliers: true

[rank: 0] Seed set to 42
[2026-06-16 03:53:17,219][egomimic.rldb.zarr.zarr_dataset_multi][INFO] - Local filtered paths: [('/coc/cedarp-dxu345-0/Tsim_datasets2/circle/basic/episode_T_circle_obs0_000000.zarr', 'episode_T_circle_obs0_000000'), ('/coc/cedarp-dxu345-0/Tsim_datasets2/circle/basic/episode_T_circle_obs0_000001.zarr', 'episode_T_circle_obs0_000001'), ('/coc/cedarp-dxu345-0/Tsim_datasets2/circle/basic/episode_T_circle_obs0_000002.zarr', 'episode_T_circle_obs0_000002'), ('/coc/cedarp-dxu345-0/Tsim_datasets2/circle/basic/episode_T_circle_obs0_000003.zarr', 'episode_T_circle_obs0_000003'), ('/coc/cedarp-dxu345-0/Tsim_datasets2/circle/basic/episode_T_circle_obs0_000004.zarr', 'episode_T_circle_obs0_000004'), ('/coc/cedarp-dxu345-0/Tsim_datasets2/circle/basic/episode_T_circle_obs0_000005.zarr', 'episode_T_circle_obs0_000005'), ('/coc/cedarp-dxu345-0/Tsim_datasets2/circle/basic/episode_T_circle_obs0_000006.zarr', 'episode_T_circle_obs0_000006'), ('/coc/cedarp-dxu345-0/Tsim_datasets2/circle/basic/episode_T_circle_obs0_000007.zarr', 'episode_T_circle_obs0_000007'), ('/coc/cedarp-dxu345-0/Tsim_datasets2/circle/basic/episode_T_circle_obs0_000008.zarr', 'episode_T_circle_obs0_000008'), ('/coc/cedarp-dxu345-0/Tsim_datasets2/circle/basic/episode_T_circle_obs0_000009.zarr', 'episode_T_circle_obs0_000009'), ('/coc/cedarp-dxu345-0/Tsim_datasets2/circle/basic/episode_T_circle_obs0_000010.zarr', 'episode_T_circle_obs0_000010'), ('/coc/cedarp-dxu345-0/Tsim_datasets2/circle/basic/episode_T_circle_obs0_000011.zarr', 'episode_T_circle_obs0_000011'), ('/coc/cedarp-dxu345-0/Tsim_datasets2/circle/basic/episode_T_circle_obs0_000012.zarr', 'episode_T_circle_obs0_000012'), ('/coc/cedarp-dxu345-0/Tsim_datasets2/circle/basic/episode_T_circle_obs0_000013.zarr', 'episode_T_circle_obs0_000013'), ('/coc/cedarp-dxu345-0/Tsim_datasets2/circle/basic/episode_T_circle_obs0_000014.zarr', 'episode_T_circle_obs0_000014'), ('/coc/cedarp-dxu345-0/Tsim_datasets2/circle/basic/episode_T_circle_obs0_000015.zarr', 'episode_T_circle_obs0_000015'), ('/coc/cedarp-dxu345-0/Tsim_datasets2/circle/basic/episode_T_circle_obs0_000016.zarr', 'episode_T_circle_obs0_000016'), ('/coc/cedarp-dxu345-0/Tsim_datasets2/circle/basic/episode_T_circle_obs0_000017.zarr', 'episode_T_circle_obs0_000017'), ('/coc/cedarp-dxu345-0/Tsim_datasets2/circle/basic/episode_T_circle_obs0_000018.zarr', 'episode_T_circle_obs0_000018'), ('/coc/cedarp-dxu345-0/Tsim_datasets2/circle/basic/episode_T_circle_obs0_000019.zarr', 'episode_T_circle_obs0_000019'), ('/coc/cedarp-dxu345-0/Tsim_datasets2/circle/basic/episode_T_circle_obs0_000031.zarr', 'episode_T_circle_obs0_000031'), ('/coc/cedarp-dxu345-0/Tsim_datasets2/circle/basic/episode_T_circle_obs0_000032.zarr', 'episode_T_circle_obs0_000032'), ('/coc/cedarp-dxu345-0/Tsim_datasets2/circle/basic/episode_T_circle_obs0_000033.zarr', 'episode_T_circle_obs0_000033'), ('/coc/cedarp-dxu345-0/Tsim_datasets2/circle/basic/episode_T_circle_obs0_000034.zarr', 'episode_T_circle_obs0_000034'), ('/coc/cedarp-dxu345-0/Tsim_datasets2/circle/basic/episode_T_circle_obs0_000035.zarr', 'episode_T_circle_obs0_000035'), ('/coc/cedarp-dxu345-0/Tsim_datasets2/circle/basic/episode_T_circle_obs0_000036.zarr', 'episode_T_circle_obs0_000036'), ('/coc/cedarp-dxu345-0/Tsim_datasets2/circle/basic/episode_T_circle_obs0_000037.zarr', 'episode_T_circle_obs0_000037'), ('/coc/cedarp-dxu345-0/Tsim_datasets2/circle/basic/episode_T_circle_obs0_000038.zarr', 'episode_T_circle_obs0_000038'), ('/coc/cedarp-dxu345-0/Tsim_datasets2/circle/basic/episode_T_circle_obs0_000039.zarr', 'episode_T_circle_obs0_000039'), ('/coc/cedarp-dxu345-0/Tsim_datasets2/circle/basic/episode_T_circle_obs0_000040.zarr', 'episode_T_circle_obs0_000040'), ('/coc/cedarp-dxu345-0/Tsim_datasets2/circle/basic/episode_T_circle_obs0_000175.zarr', 'episode_T_circle_obs0_000175'), ('/coc/cedarp-dxu345-0/Tsim_datasets2/circle/basic/episode_T_circle_obs0_000176.zarr', 'episode_T_circle_obs0_000176'), ('/coc/cedarp-dxu345-0/Tsim_datasets2/circle/basic/episode_T_circle_obs0_000177.zarr', 'episode_T_circle_obs0_000177'), ('/coc/cedarp-dxu345-0/Tsim_datasets2/circle/basic/episode_T_circle_obs0_000178.zarr', 'episode_T_circle_obs0_000178'), ('/coc/cedarp-dxu345-0/Tsim_datasets2/circle/basic/episode_T_circle_obs0_000179.zarr', 'episode_T_circle_obs0_000179'), ('/coc/cedarp-dxu345-0/Tsim_datasets2/circle/basic/episode_T_circle_obs0_000180.zarr', 'episode_T_circle_obs0_000180'), ('/coc/cedarp-dxu345-0/Tsim_datasets2/circle/basic/episode_T_circle_obs0_000181.zarr', 'episode_T_circle_obs0_000181'), ('/coc/cedarp-dxu345-0/Tsim_datasets2/circle/basic/episode_T_circle_obs0_000182.zarr', 'episode_T_circle_obs0_000182'), ('/coc/cedarp-dxu345-0/Tsim_datasets2/circle/basic/episode_T_circle_obs0_000183.zarr', 'episode_T_circle_obs0_000183'), ('/coc/cedarp-dxu345-0/Tsim_datasets2/circle/basic/episode_T_circle_obs0_000184.zarr', 'episode_T_circle_obs0_000184'), ('/coc/cedarp-dxu345-0/Tsim_datasets2/circle/basic/episode_T_circle_obs0_000185.zarr', 'episode_T_circle_obs0_000185'), ('/coc/cedarp-dxu345-0/Tsim_datasets2/circle/basic/episode_T_circle_obs0_000186.zarr', 'episode_T_circle_obs0_000186'), ('/coc/cedarp-dxu345-0/Tsim_datasets2/circle/basic/episode_T_circle_obs0_000187.zarr', 'episode_T_circle_obs0_000187'), ('/coc/cedarp-dxu345-0/Tsim_datasets2/circle/basic/episode_T_circle_obs0_000188.zarr', 'episode_T_circle_obs0_000188'), ('/coc/cedarp-dxu345-0/Tsim_datasets2/circle/basic/episode_T_circle_obs0_000189.zarr', 'episode_T_circle_obs0_000189'), ('/coc/cedarp-dxu345-0/Tsim_datasets2/circle/basic/episode_T_circle_obs0_000190.zarr', 'episode_T_circle_obs0_000190'), ('/coc/cedarp-dxu345-0/Tsim_datasets2/circle/basic/episode_T_circle_obs0_000191.zarr', 'episode_T_circle_obs0_000191'), ('/coc/cedarp-dxu345-0/Tsim_datasets2/circle/basic/episode_T_circle_obs0_000192.zarr', 'episode_T_circle_obs0_000192'), ('/coc/cedarp-dxu345-0/Tsim_datasets2/circle/basic/episode_T_circle_obs0_000193.zarr', 'episode_T_circle_obs0_000193'), ('/coc/cedarp-dxu345-0/Tsim_datasets2/circle/basic/episode_T_circle_obs0_000194.zarr', 'episode_T_circle_obs0_000194'), ('/coc/cedarp-dxu345-0/Tsim_datasets2/circle/basic/episode_T_circle_obs0_000195.zarr', 'episode_T_circle_obs0_000195'), ('/coc/cedarp-dxu345-0/Tsim_datasets2/circle/basic/episode_T_circle_obs0_000196.zarr', 'episode_T_circle_obs0_000196'), ('/coc/cedarp-dxu345-0/Tsim_datasets2/circle/basic/episode_T_circle_obs0_000197.zarr', 'episode_T_circle_obs0_000197'), ('/coc/cedarp-dxu345-0/Tsim_datasets2/circle/basic/episode_T_circle_obs0_000198.zarr', 'episode_T_circle_obs0_000198'), ('/coc/cedarp-dxu345-0/Tsim_datasets2/circle/basic/episode_T_circle_obs0_000199.zarr', 'episode_T_circle_obs0_000199'), ('/coc/cedarp-dxu345-0/Tsim_datasets2/circle/basic/episode_T_circle_obs0_000200.zarr', 'episode_T_circle_obs0_000200'), ('/coc/cedarp-dxu345-0/Tsim_datasets2/circle/basic/episode_T_circle_obs0_000201.zarr', 'episode_T_circle_obs0_000201'), ('/coc/cedarp-dxu345-0/Tsim_datasets2/circle/basic/episode_T_circle_obs0_000202.zarr', 'episode_T_circle_obs0_000202'), ('/coc/cedarp-dxu345-0/Tsim_datasets2/circle/basic/episode_T_circle_obs0_000203.zarr', 'episode_T_circle_obs0_000203'), ('/coc/cedarp-dxu345-0/Tsim_datasets2/circle/basic/episode_T_circle_obs0_000204.zarr', 'episode_T_circle_obs0_000204'), ('/coc/cedarp-dxu345-0/Tsim_datasets2/circle/basic/episode_T_circle_obs0_000205.zarr', 'episode_T_circle_obs0_000205'), ('/coc/cedarp-dxu345-0/Tsim_datasets2/circle/basic/episode_T_circle_obs0_000206.zarr', 'episode_T_circle_obs0_000206'), ('/coc/cedarp-dxu345-0/Tsim_datasets2/circle/basic/episode_T_circle_obs0_000207.zarr', 'episode_T_circle_obs0_000207'), ('/coc/cedarp-dxu345-0/Tsim_datasets2/circle/basic/episode_T_circle_obs0_000208.zarr', 'episode_T_circle_obs0_000208'), ('/coc/cedarp-dxu345-0/Tsim_datasets2/circle/basic/episode_T_circle_obs0_000209.zarr', 'episode_T_circle_obs0_000209'), ('/coc/cedarp-dxu345-0/Tsim_datasets2/circle/basic/episode_T_circle_obs0_000210.zarr', 'episode_T_circle_obs0_000210'), ('/coc/cedarp-dxu345-0/Tsim_datasets2/circle/basic/episode_T_circle_obs0_000211.zarr', 'episode_T_circle_obs0_000211'), ('/coc/cedarp-dxu345-0/Tsim_datasets2/circle/basic/episode_T_circle_obs0_000212.zarr', 'episode_T_circle_obs0_000212'), ('/coc/cedarp-dxu345-0/Tsim_datasets2/circle/basic/episode_T_circle_obs0_000213.zarr', 'episode_T_circle_obs0_000213'), ('/coc/cedarp-dxu345-0/Tsim_datasets2/circle/basic/episode_T_circle_obs0_000214.zarr', 'episode_T_circle_obs0_000214'), ('/coc/cedarp-dxu345-0/Tsim_datasets2/circle/basic/episode_T_circle_obs0_000215.zarr', 'episode_T_circle_obs0_000215'), ('/coc/cedarp-dxu345-0/Tsim_datasets2/circle/basic/episode_T_circle_obs0_000216.zarr', 'episode_T_circle_obs0_000216'), ('/coc/cedarp-dxu345-0/Tsim_datasets2/circle/basic/episode_T_circle_obs0_000217.zarr', 'episode_T_circle_obs0_000217'), ('/coc/cedarp-dxu345-0/Tsim_datasets2/circle/basic/episode_T_circle_obs0_000218.zarr', 'episode_T_circle_obs0_000218'), ('/coc/cedarp-dxu345-0/Tsim_datasets2/circle/basic/episode_T_circle_obs0_000219.zarr', 'episode_T_circle_obs0_000219'), ('/coc/cedarp-dxu345-0/Tsim_datasets2/circle/basic/episode_T_circle_obs0_000220.zarr', 'episode_T_circle_obs0_000220'), ('/coc/cedarp-dxu345-0/Tsim_datasets2/circle/basic/episode_T_circle_obs0_000221.zarr', 'episode_T_circle_obs0_000221'), ('/coc/cedarp-dxu345-0/Tsim_datasets2/circle/basic/episode_T_circle_obs0_000222.zarr', 'episode_T_circle_obs0_000222'), ('/coc/cedarp-dxu345-0/Tsim_datasets2/circle/basic/episode_T_circle_obs0_000223.zarr', 'episode_T_circle_obs0_000223'), ('/coc/cedarp-dxu345-0/Tsim_datasets2/circle/basic/episode_T_circle_obs0_000224.zarr', 'episode_T_circle_obs0_000224'), ('/coc/cedarp-dxu345-0/Tsim_datasets2/circle/basic/episode_T_circle_obs0_000225.zarr', 'episode_T_circle_obs0_000225'), ('/coc/cedarp-dxu345-0/Tsim_datasets2/circle/basic/episode_T_circle_obs0_000226.zarr', 'episode_T_circle_obs0_000226'), ('/coc/cedarp-dxu345-0/Tsim_datasets2/circle/basic/episode_T_circle_obs0_000227.zarr', 'episode_T_circle_obs0_000227'), ('/coc/cedarp-dxu345-0/Tsim_datasets2/circle/basic/episode_T_circle_obs0_000228.zarr', 'episode_T_circle_obs0_000228'), ('/coc/cedarp-dxu345-0/Tsim_datasets2/circle/basic/episode_T_circle_obs0_000229.zarr', 'episode_T_circle_obs0_000229'), ('/coc/cedarp-dxu345-0/Tsim_datasets2/circle/basic/episode_T_circle_obs0_000230.zarr', 'episode_T_circle_obs0_000230'), ('/coc/cedarp-dxu345-0/Tsim_datasets2/circle/basic/episode_T_circle_obs0_000231.zarr', 'episode_T_circle_obs0_000231'), ('/coc/cedarp-dxu345-0/Tsim_datasets2/circle/basic/episode_T_circle_obs0_000232.zarr', 'episode_T_circle_obs0_000232'), ('/coc/cedarp-dxu345-0/Tsim_datasets2/circle/basic/episode_T_circle_obs0_000233.zarr', 'episode_T_circle_obs0_000233'), ('/coc/cedarp-dxu345-0/Tsim_datasets2/circle/basic/episode_T_circle_obs0_000234.zarr', 'episode_T_circle_obs0_000234'), ('/coc/cedarp-dxu345-0/Tsim_datasets2/circle/basic/episode_T_circle_obs0_000235.zarr', 'episode_T_circle_obs0_000235'), ('/coc/cedarp-dxu345-0/Tsim_datasets2/circle/basic/episode_T_circle_obs0_000236.zarr', 'episode_T_circle_obs0_000236'), ('/coc/cedarp-dxu345-0/Tsim_datasets2/circle/basic/episode_T_circle_obs0_000237.zarr', 'episode_T_circle_obs0_000237'), ('/coc/cedarp-dxu345-0/Tsim_datasets2/circle/basic/episode_T_circle_obs0_000238.zarr', 'episode_T_circle_obs0_000238'), ('/coc/cedarp-dxu345-0/Tsim_datasets2/circle/basic/episode_T_circle_obs0_000239.zarr', 'episode_T_circle_obs0_000239'), ('/coc/cedarp-dxu345-0/Tsim_datasets2/circle/basic/episode_T_circle_obs0_000240.zarr', 'episode_T_circle_obs0_000240'), ('/coc/cedarp-dxu345-0/Tsim_datasets2/circle/basic/episode_T_circle_obs0_000241.zarr', 'episode_T_circle_obs0_000241'), ('/coc/cedarp-dxu345-0/Tsim_datasets2/circle/basic/episode_T_circle_obs0_000242.zarr', 'episode_T_circle_obs0_000242'), ('/coc/cedarp-dxu345-0/Tsim_datasets2/circle/basic/episode_T_circle_obs0_000243.zarr', 'episode_T_circle_obs0_000243'), ('/coc/cedarp-dxu345-0/Tsim_datasets2/circle/basic/episode_T_circle_obs0_000244.zarr', 'episode_T_circle_obs0_000244'), ('/coc/cedarp-dxu345-0/Tsim_datasets2/circle/basic/episode_T_circle_obs10_000130.zarr', 'episode_T_circle_obs10_000130'), ('/coc/cedarp-dxu345-0/Tsim_datasets2/circle/basic/episode_T_circle_obs10_000131.zarr', 'episode_T_circle_obs10_000131'), ('/coc/cedarp-dxu345-0/Tsim_datasets2/circle/basic/episode_T_circle_obs10_000132.zarr', 'episode_T_circle_obs10_000132'), ('/coc/cedarp-dxu345-0/Tsim_datasets2/circle/basic/episode_T_circle_obs10_000133.zarr', 'episode_T_circle_obs10_000133'), ('/coc/cedarp-dxu345-0/Tsim_datasets2/circle/basic/episode_T_circle_obs10_000134.zarr', 'episode_T_circle_obs10_000134'), ('/coc/cedarp-dxu345-0/Tsim_datasets2/circle/basic/episode_T_circle_obs10_000145.zarr', 'episode_T_circle_obs10_000145'), ('/coc/cedarp-dxu345-0/Tsim_datasets2/circle/basic/episode_T_circle_obs10_000146.zarr', 'episode_T_circle_obs10_000146'), ('/coc/cedarp-dxu345-0/Tsim_datasets2/circle/basic/episode_T_circle_obs10_000147.zarr', 'episode_T_circle_obs10_000147'), ('/coc/cedarp-dxu345-0/Tsim_datasets2/circle/basic/episode_T_circle_obs10_000148.zarr', 'episode_T_circle_obs10_000148'), ('/coc/cedarp-dxu345-0/Tsim_datasets2/circle/basic/episode_T_circle_obs10_000149.zarr', 'episode_T_circle_obs10_000149'), ('/coc/cedarp-dxu345-0/Tsim_datasets2/circle/basic/episode_T_circle_obs10_000150.zarr', 'episode_T_circle_obs10_000150'), ('/coc/cedarp-dxu345-0/Tsim_datasets2/circle/basic/episode_T_circle_obs10_000151.zarr', 'episode_T_circle_obs10_000151'), ('/coc/cedarp-dxu345-0/Tsim_datasets2/circle/basic/episode_T_circle_obs10_000152.zarr', 'episode_T_circle_obs10_000152'), ('/coc/cedarp-dxu345-0/Tsim_datasets2/circle/basic/episode_T_circle_obs10_000153.zarr', 'episode_T_circle_obs10_000153'), ('/coc/cedarp-dxu345-0/Tsim_datasets2/circle/basic/episode_T_circle_obs10_000154.zarr', 'episode_T_circle_obs10_000154'), ('/coc/cedarp-dxu345-0/Tsim_datasets2/circle/basic/episode_T_circle_obs10_000155.zarr', 'episode_T_circle_obs10_000155'), ('/coc/cedarp-dxu345-0/Tsim_datasets2/circle/basic/episode_T_circle_obs10_000156.zarr', 'episode_T_circle_obs10_000156'), ('/coc/cedarp-dxu345-0/Tsim_datasets2/circle/basic/episode_T_circle_obs11_000157.zarr', 'episode_T_circle_obs11_000157'), ('/coc/cedarp-dxu345-0/Tsim_datasets2/circle/basic/episode_T_circle_obs11_000158.zarr', 'episode_T_circle_obs11_000158'), ('/coc/cedarp-dxu345-0/Tsim_datasets2/circle/basic/episode_T_circle_obs11_000159.zarr', 'episode_T_circle_obs11_000159'), ('/coc/cedarp-dxu345-0/Tsim_datasets2/circle/basic/episode_T_circle_obs11_000160.zarr', 'episode_T_circle_obs11_000160'), ('/coc/cedarp-dxu345-0/Tsim_datasets2/circle/basic/episode_T_circle_obs11_000161.zarr', 'episode_T_circle_obs11_000161'), ('/coc/cedarp-dxu345-0/Tsim_datasets2/circle/basic/episode_T_circle_obs13_000124.zarr', 'episode_T_circle_obs13_000124'), ('/coc/cedarp-dxu345-0/Tsim_datasets2/circle/basic/episode_T_circle_obs13_000125.zarr', 'episode_T_circle_obs13_000125'), ('/coc/cedarp-dxu345-0/Tsim_datasets2/circle/basic/episode_T_circle_obs13_000126.zarr', 'episode_T_circle_obs13_000126'), ('/coc/cedarp-dxu345-0/Tsim_datasets2/circle/basic/episode_T_circle_obs13_000127.zarr', 'episode_T_circle_obs13_000127'), ('/coc/cedarp-dxu345-0/Tsim_datasets2/circle/basic/episode_T_circle_obs13_000128.zarr', 'episode_T_circle_obs13_000128'), ('/coc/cedarp-dxu345-0/Tsim_datasets2/circle/basic/episode_T_circle_obs13_000129.zarr', 'episode_T_circle_obs13_000129'), ('/coc/cedarp-dxu345-0/Tsim_datasets2/circle/basic/episode_T_circle_obs15_000135.zarr', 'episode_T_circle_obs15_000135'), ('/coc/cedarp-dxu345-0/Tsim_datasets2/circle/basic/episode_T_circle_obs15_000136.zarr', 'episode_T_circle_obs15_000136'), ('/coc/cedarp-dxu345-0/Tsim_datasets2/circle/basic/episode_T_circle_obs15_000137.zarr', 'episode_T_circle_obs15_000137'), ('/coc/cedarp-dxu345-0/Tsim_datasets2/circle/basic/episode_T_circle_obs15_000138.zarr', 'episode_T_circle_obs15_000138'), ('/coc/cedarp-dxu345-0/Tsim_datasets2/circle/basic/episode_T_circle_obs15_000139.zarr', 'episode_T_circle_obs15_000139'), ('/coc/cedarp-dxu345-0/Tsim_datasets2/circle/basic/episode_T_circle_obs15_000140.zarr', 'episode_T_circle_obs15_000140'), ('/coc/cedarp-dxu345-0/Tsim_datasets2/circle/basic/episode_T_circle_obs15_000141.zarr', 'episode_T_circle_obs15_000141'), ('/coc/cedarp-dxu345-0/Tsim_datasets2/circle/basic/episode_T_circle_obs15_000142.zarr', 'episode_T_circle_obs15_000142'), ('/coc/cedarp-dxu345-0/Tsim_datasets2/circle/basic/episode_T_circle_obs15_000143.zarr', 'episode_T_circle_obs15_000143'), ('/coc/cedarp-dxu345-0/Tsim_datasets2/circle/basic/episode_T_circle_obs15_000144.zarr', 'episode_T_circle_obs15_000144'), ('/coc/cedarp-dxu345-0/Tsim_datasets2/circle/basic/episode_T_circle_obs1_000010.zarr', 'episode_T_circle_obs1_000010'), ('/coc/cedarp-dxu345-0/Tsim_datasets2/circle/basic/episode_T_circle_obs1_000011.zarr', 'episode_T_circle_obs1_000011'), ('/coc/cedarp-dxu345-0/Tsim_datasets2/circle/basic/episode_T_circle_obs1_000012.zarr', 'episode_T_circle_obs1_000012'), ('/coc/cedarp-dxu345-0/Tsim_datasets2/circle/basic/episode_T_circle_obs1_000013.zarr', 'episode_T_circle_obs1_000013'), ('/coc/cedarp-dxu345-0/Tsim_datasets2/circle/basic/episode_T_circle_obs1_000014.zarr', 'episode_T_circle_obs1_000014'), ('/coc/cedarp-dxu345-0/Tsim_datasets2/circle/basic/episode_T_circle_obs1_000015.zarr', 'episode_T_circle_obs1_000015'), ('/coc/cedarp-dxu345-0/Tsim_datasets2/circle/basic/episode_T_circle_obs1_000016.zarr', 'episode_T_circle_obs1_000016'), ('/coc/cedarp-dxu345-0/Tsim_datasets2/circle/basic/episode_T_circle_obs1_000017.zarr', 'episode_T_circle_obs1_000017'), ('/coc/cedarp-dxu345-0/Tsim_datasets2/circle/basic/episode_T_circle_obs1_000018.zarr', 'episode_T_circle_obs1_000018'), ('/coc/cedarp-dxu345-0/Tsim_datasets2/circle/basic/episode_T_circle_obs1_000019.zarr', 'episode_T_circle_obs1_000019'), ('/coc/cedarp-dxu345-0/Tsim_datasets2/circle/basic/episode_T_circle_obs1_000041.zarr', 'episode_T_circle_obs1_000041'), ('/coc/cedarp-dxu345-0/Tsim_datasets2/circle/basic/episode_T_circle_obs1_000042.zarr', 'episode_T_circle_obs1_000042'), ('/coc/cedarp-dxu345-0/Tsim_datasets2/circle/basic/episode_T_circle_obs1_000043.zarr', 'episode_T_circle_obs1_000043'), ('/coc/cedarp-dxu345-0/Tsim_datasets2/circle/basic/episode_T_circle_obs1_000044.zarr', 'episode_T_circle_obs1_000044'), ('/coc/cedarp-dxu345-0/Tsim_datasets2/circle/basic/episode_T_circle_obs1_000045.zarr', 'episode_T_circle_obs1_000045'), ('/coc/cedarp-dxu345-0/Tsim_datasets2/circle/basic/episode_T_circle_obs1_000046.zarr', 'episode_T_circle_obs1_000046'), ('/coc/cedarp-dxu345-0/Tsim_datasets2/circle/basic/episode_T_circle_obs1_000047.zarr', 'episode_T_circle_obs1_000047'), ('/coc/cedarp-dxu345-0/Tsim_datasets2/circle/basic/episode_T_circle_obs1_000048.zarr', 'episode_T_circle_obs1_000048'), ('/coc/cedarp-dxu345-0/Tsim_datasets2/circle/basic/episode_T_circle_obs1_000049.zarr', 'episode_T_circle_obs1_000049'), ('/coc/cedarp-dxu345-0/Tsim_datasets2/circle/basic/episode_T_circle_obs1_000050.zarr', 'episode_T_circle_obs1_000050'), ('/coc/cedarp-dxu345-0/Tsim_datasets2/circle/basic/episode_T_circle_obs1_000162.zarr', 'episode_T_circle_obs1_000162'), ('/coc/cedarp-dxu345-0/Tsim_datasets2/circle/basic/episode_T_circle_obs1_000163.zarr', 'episode_T_circle_obs1_000163'), ('/coc/cedarp-dxu345-0/Tsim_datasets2/circle/basic/episode_T_circle_obs1_000164.zarr', 'episode_T_circle_obs1_000164'), ('/coc/cedarp-dxu345-0/Tsim_datasets2/circle/basic/episode_T_circle_obs1_000165.zarr', 'episode_T_circle_obs1_000165'), ('/coc/cedarp-dxu345-0/Tsim_datasets2/circle/basic/episode_T_circle_obs1_000166.zarr', 'episode_T_circle_obs1_000166'), ('/coc/cedarp-dxu345-0/Tsim_datasets2/circle/basic/episode_T_circle_obs1_000167.zarr', 'episode_T_circle_obs1_000167'), ('/coc/cedarp-dxu345-0/Tsim_datasets2/circle/basic/episode_T_circle_obs1_000168.zarr', 'episode_T_circle_obs1_000168'), ('/coc/cedarp-dxu345-0/Tsim_datasets2/circle/basic/episode_T_circle_obs1_000169.zarr', 'episode_T_circle_obs1_000169'), ('/coc/cedarp-dxu345-0/Tsim_datasets2/circle/basic/episode_T_circle_obs1_000170.zarr', 'episode_T_circle_obs1_000170'), ('/coc/cedarp-dxu345-0/Tsim_datasets2/circle/basic/episode_T_circle_obs1_000171.zarr', 'episode_T_circle_obs1_000171'), ('/coc/cedarp-dxu345-0/Tsim_datasets2/circle/basic/episode_T_circle_obs1_000172.zarr', 'episode_T_circle_obs1_000172'), ('/coc/cedarp-dxu345-0/Tsim_datasets2/circle/basic/episode_T_circle_obs1_000173.zarr', 'episode_T_circle_obs1_000173'), ('/coc/cedarp-dxu345-0/Tsim_datasets2/circle/basic/episode_T_circle_obs1_000174.zarr', 'episode_T_circle_obs1_000174'), ('/coc/cedarp-dxu345-0/Tsim_datasets2/circle/basic/episode_T_circle_obs1_000245.zarr', 'episode_T_circle_obs1_000245'), ('/coc/cedarp-dxu345-0/Tsim_datasets2/circle/basic/episode_T_circle_obs1_000246.zarr', 'episode_T_circle_obs1_000246'), ('/coc/cedarp-dxu345-0/Tsim_datasets2/circle/basic/episode_T_circle_obs1_000247.zarr', 'episode_T_circle_obs1_000247'), ('/coc/cedarp-dxu345-0/Tsim_datasets2/circle/basic/episode_T_circle_obs1_000248.zarr', 'episode_T_circle_obs1_000248'), ('/coc/cedarp-dxu345-0/Tsim_datasets2/circle/basic/episode_T_circle_obs1_000249.zarr', 'episode_T_circle_obs1_000249'), ('/coc/cedarp-dxu345-0/Tsim_datasets2/circle/basic/episode_T_circle_obs1_000250.zarr', 'episode_T_circle_obs1_000250'), ('/coc/cedarp-dxu345-0/Tsim_datasets2/circle/basic/episode_T_circle_obs1_000251.zarr', 'episode_T_circle_obs1_000251'), ('/coc/cedarp-dxu345-0/Tsim_datasets2/circle/basic/episode_T_circle_obs1_000252.zarr', 'episode_T_circle_obs1_000252'), ('/coc/cedarp-dxu345-0/Tsim_datasets2/circle/basic/episode_T_circle_obs1_000253.zarr', 'episode_T_circle_obs1_000253'), ('/coc/cedarp-dxu345-0/Tsim_datasets2/circle/basic/episode_T_circle_obs1_000254.zarr', 'episode_T_circle_obs1_000254'), ('/coc/cedarp-dxu345-0/Tsim_datasets2/circle/basic/episode_T_circle_obs1_000255.zarr', 'episode_T_circle_obs1_000255'), ('/coc/cedarp-dxu345-0/Tsim_datasets2/circle/basic/episode_T_circle_obs1_000256.zarr', 'episode_T_circle_obs1_000256'), ('/coc/cedarp-dxu345-0/Tsim_datasets2/circle/basic/episode_T_circle_obs1_000257.zarr', 'episode_T_circle_obs1_000257'), ('/coc/cedarp-dxu345-0/Tsim_datasets2/circle/basic/episode_T_circle_obs1_000258.zarr', 'episode_T_circle_obs1_000258'), ('/coc/cedarp-dxu345-0/Tsim_datasets2/circle/basic/episode_T_circle_obs1_000259.zarr', 'episode_T_circle_obs1_000259'), ('/coc/cedarp-dxu345-0/Tsim_datasets2/circle/basic/episode_T_circle_obs1_000260.zarr', 'episode_T_circle_obs1_000260'), ('/coc/cedarp-dxu345-0/Tsim_datasets2/circle/basic/episode_T_circle_obs1_000261.zarr', 'episode_T_circle_obs1_000261'), ('/coc/cedarp-dxu345-0/Tsim_datasets2/circle/basic/episode_T_circle_obs2_000020.zarr', 'episode_T_circle_obs2_000020'), ('/coc/cedarp-dxu345-0/Tsim_datasets2/circle/basic/episode_T_circle_obs2_000021.zarr', 'episode_T_circle_obs2_000021'), ('/coc/cedarp-dxu345-0/Tsim_datasets2/circle/basic/episode_T_circle_obs2_000022.zarr', 'episode_T_circle_obs2_000022'), ('/coc/cedarp-dxu345-0/Tsim_datasets2/circle/basic/episode_T_circle_obs2_000023.zarr', 'episode_T_circle_obs2_000023'), ('/coc/cedarp-dxu345-0/Tsim_datasets2/circle/basic/episode_T_circle_obs2_000024.zarr', 'episode_T_circle_obs2_000024'), ('/coc/cedarp-dxu345-0/Tsim_datasets2/circle/basic/episode_T_circle_obs2_000025.zarr', 'episode_T_circle_obs2_000025'), ('/coc/cedarp-dxu345-0/Tsim_datasets2/circle/basic/episode_T_circle_obs2_000026.zarr', 'episode_T_circle_obs2_000026'), ('/coc/cedarp-dxu345-0/Tsim_datasets2/circle/basic/episode_T_circle_obs2_000027.zarr', 'episode_T_circle_obs2_000027'), ('/coc/cedarp-dxu345-0/Tsim_datasets2/circle/basic/episode_T_circle_obs2_000028.zarr', 'episode_T_circle_obs2_000028'), ('/coc/cedarp-dxu345-0/Tsim_datasets2/circle/basic/episode_T_circle_obs2_000029.zarr', 'episode_T_circle_obs2_000029'), ('/coc/cedarp-dxu345-0/Tsim_datasets2/circle/basic/episode_T_circle_obs2_000030.zarr', 'episode_T_circle_obs2_000030'), ('/coc/cedarp-dxu345-0/Tsim_datasets2/circle/basic/episode_T_circle_obs2_000051.zarr', 'episode_T_circle_obs2_000051'), ('/coc/cedarp-dxu345-0/Tsim_datasets2/circle/basic/episode_T_circle_obs2_000052.zarr', 'episode_T_circle_obs2_000052'), ('/coc/cedarp-dxu345-0/Tsim_datasets2/circle/basic/episode_T_circle_obs2_000053.zarr', 'episode_T_circle_obs2_000053'), ('/coc/cedarp-dxu345-0/Tsim_datasets2/circle/basic/episode_T_circle_obs2_000054.zarr', 'episode_T_circle_obs2_000054'), ('/coc/cedarp-dxu345-0/Tsim_datasets2/circle/basic/episode_T_circle_obs2_000055.zarr', 'episode_T_circle_obs2_000055'), ('/coc/cedarp-dxu345-0/Tsim_datasets2/circle/basic/episode_T_circle_obs2_000056.zarr', 'episode_T_circle_obs2_000056'), ('/coc/cedarp-dxu345-0/Tsim_datasets2/circle/basic/episode_T_circle_obs2_000057.zarr', 'episode_T_circle_obs2_000057'), ('/coc/cedarp-dxu345-0/Tsim_datasets2/circle/basic/episode_T_circle_obs2_000058.zarr', 'episode_T_circle_obs2_000058'), ('/coc/cedarp-dxu345-0/Tsim_datasets2/circle/basic/episode_T_circle_obs2_000059.zarr', 'episode_T_circle_obs2_000059'), ('/coc/cedarp-dxu345-0/Tsim_datasets2/circle/basic/episode_T_circle_obs2_000060.zarr', 'episode_T_circle_obs2_000060'), ('/coc/cedarp-dxu345-0/Tsim_datasets2/circle/basic/episode_T_circle_obs2_000262.zarr', 'episode_T_circle_obs2_000262'), ('/coc/cedarp-dxu345-0/Tsim_datasets2/circle/basic/episode_T_circle_obs2_000263.zarr', 'episode_T_circle_obs2_000263'), ('/coc/cedarp-dxu345-0/Tsim_datasets2/circle/basic/episode_T_circle_obs2_000264.zarr', 'episode_T_circle_obs2_000264'), ('/coc/cedarp-dxu345-0/Tsim_datasets2/circle/basic/episode_T_circle_obs2_000265.zarr', 'episode_T_circle_obs2_000265'), ('/coc/cedarp-dxu345-0/Tsim_datasets2/circle/basic/episode_T_circle_obs2_000266.zarr', 'episode_T_circle_obs2_000266'), ('/coc/cedarp-dxu345-0/Tsim_datasets2/circle/basic/episode_T_circle_obs2_000267.zarr', 'episode_T_circle_obs2_000267'), ('/coc/cedarp-dxu345-0/Tsim_datasets2/circle/basic/episode_T_circle_obs2_000268.zarr', 'episode_T_circle_obs2_000268'), ('/coc/cedarp-dxu345-0/Tsim_datasets2/circle/basic/episode_T_circle_obs2_000269.zarr', 'episode_T_circle_obs2_000269'), ('/coc/cedarp-dxu345-0/Tsim_datasets2/circle/basic/episode_T_circle_obs2_000270.zarr', 'episode_T_circle_obs2_000270'), ('/coc/cedarp-dxu345-0/Tsim_datasets2/circle/basic/episode_T_circle_obs2_000271.zarr', 'episode_T_circle_obs2_000271'), ('/coc/cedarp-dxu345-0/Tsim_datasets2/circle/basic/episode_T_circle_obs2_000272.zarr', 'episode_T_circle_obs2_000272'), ('/coc/cedarp-dxu345-0/Tsim_datasets2/circle/basic/episode_T_circle_obs2_000273.zarr', 'episode_T_circle_obs2_000273'), ('/coc/cedarp-dxu345-0/Tsim_datasets2/circle/basic/episode_T_circle_obs2_000274.zarr', 'episode_T_circle_obs2_000274'), ('/coc/cedarp-dxu345-0/Tsim_datasets2/circle/basic/episode_T_circle_obs2_000275.zarr', 'episode_T_circle_obs2_000275'), ('/coc/cedarp-dxu345-0/Tsim_datasets2/circle/basic/episode_T_circle_obs2_000276.zarr', 'episode_T_circle_obs2_000276'), ('/coc/cedarp-dxu345-0/Tsim_datasets2/circle/basic/episode_T_circle_obs2_000277.zarr', 'episode_T_circle_obs2_000277'), ('/coc/cedarp-dxu345-0/Tsim_datasets2/circle/basic/episode_T_circle_obs2_000278.zarr', 'episode_T_circle_obs2_000278'), ('/coc/cedarp-dxu345-0/Tsim_datasets2/circle/basic/episode_T_circle_obs2_000279.zarr', 'episode_T_circle_obs2_000279'), ('/coc/cedarp-dxu345-0/Tsim_datasets2/circle/basic/episode_T_circle_obs2_000280.zarr', 'episode_T_circle_obs2_000280'), ('/coc/cedarp-dxu345-0/Tsim_datasets2/circle/basic/episode_T_circle_obs2_000281.zarr', 'episode_T_circle_obs2_000281'), ('/coc/cedarp-dxu345-0/Tsim_datasets2/circle/basic/episode_T_circle_obs2_000282.zarr', 'episode_T_circle_obs2_000282'), ('/coc/cedarp-dxu345-0/Tsim_datasets2/circle/basic/episode_T_circle_obs2_000283.zarr', 'episode_T_circle_obs2_000283'), ('/coc/cedarp-dxu345-0/Tsim_datasets2/circle/basic/episode_T_circle_obs2_000284.zarr', 'episode_T_circle_obs2_000284'), ('/coc/cedarp-dxu345-0/Tsim_datasets2/circle/basic/episode_T_circle_obs2_000285.zarr', 'episode_T_circle_obs2_000285'), ('/coc/cedarp-dxu345-0/Tsim_datasets2/circle/basic/episode_T_circle_obs2_000286.zarr', 'episode_T_circle_obs2_000286'), ('/coc/cedarp-dxu345-0/Tsim_datasets2/circle/basic/episode_T_circle_obs2_000287.zarr', 'episode_T_circle_obs2_000287'), ('/coc/cedarp-dxu345-0/Tsim_datasets2/circle/basic/episode_T_circle_obs2_000288.zarr', 'episode_T_circle_obs2_000288'), ('/coc/cedarp-dxu345-0/Tsim_datasets2/circle/basic/episode_T_circle_obs2_000289.zarr', 'episode_T_circle_obs2_000289'), ('/coc/cedarp-dxu345-0/Tsim_datasets2/circle/basic/episode_T_circle_obs2_000290.zarr', 'episode_T_circle_obs2_000290'), ('/coc/cedarp-dxu345-0/Tsim_datasets2/circle/basic/episode_T_circle_obs3_000000.zarr', 'episode_T_circle_obs3_000000'), ('/coc/cedarp-dxu345-0/Tsim_datasets2/circle/basic/episode_T_circle_obs3_000001.zarr', 'episode_T_circle_obs3_000001'), ('/coc/cedarp-dxu345-0/Tsim_datasets2/circle/basic/episode_T_circle_obs3_000002.zarr', 'episode_T_circle_obs3_000002'), ('/coc/cedarp-dxu345-0/Tsim_datasets2/circle/basic/episode_T_circle_obs3_000003.zarr', 'episode_T_circle_obs3_000003'), ('/coc/cedarp-dxu345-0/Tsim_datasets2/circle/basic/episode_T_circle_obs3_000004.zarr', 'episode_T_circle_obs3_000004'), ('/coc/cedarp-dxu345-0/Tsim_datasets2/circle/basic/episode_T_circle_obs3_000005.zarr', 'episode_T_circle_obs3_000005'), ('/coc/cedarp-dxu345-0/Tsim_datasets2/circle/basic/episode_T_circle_obs3_000006.zarr', 'episode_T_circle_obs3_000006'), ('/coc/cedarp-dxu345-0/Tsim_datasets2/circle/basic/episode_T_circle_obs3_000007.zarr', 'episode_T_circle_obs3_000007'), ('/coc/cedarp-dxu345-0/Tsim_datasets2/circle/basic/episode_T_circle_obs3_000008.zarr', 'episode_T_circle_obs3_000008'), ('/coc/cedarp-dxu345-0/Tsim_datasets2/circle/basic/episode_T_circle_obs3_000009.zarr', 'episode_T_circle_obs3_000009'), ('/coc/cedarp-dxu345-0/Tsim_datasets2/circle/basic/episode_T_circle_obs4_000061.zarr', 'episode_T_circle_obs4_000061'), ('/coc/cedarp-dxu345-0/Tsim_datasets2/circle/basic/episode_T_circle_obs4_000062.zarr', 'episode_T_circle_obs4_000062'), ('/coc/cedarp-dxu345-0/Tsim_datasets2/circle/basic/episode_T_circle_obs4_000063.zarr', 'episode_T_circle_obs4_000063'), ('/coc/cedarp-dxu345-0/Tsim_datasets2/circle/basic/episode_T_circle_obs4_000064.zarr', 'episode_T_circle_obs4_000064'), ('/coc/cedarp-dxu345-0/Tsim_datasets2/circle/basic/episode_T_circle_obs4_000065.zarr', 'episode_T_circle_obs4_000065'), ('/coc/cedarp-dxu345-0/Tsim_datasets2/circle/basic/episode_T_circle_obs4_000066.zarr', 'episode_T_circle_obs4_000066'), ('/coc/cedarp-dxu345-0/Tsim_datasets2/circle/basic/episode_T_circle_obs4_000067.zarr', 'episode_T_circle_obs4_000067'), ('/coc/cedarp-dxu345-0/Tsim_datasets2/circle/basic/episode_T_circle_obs4_000068.zarr', 'episode_T_circle_obs4_000068'), ('/coc/cedarp-dxu345-0/Tsim_datasets2/circle/basic/episode_T_circle_obs4_000069.zarr', 'episode_T_circle_obs4_000069'), ('/coc/cedarp-dxu345-0/Tsim_datasets2/circle/basic/episode_T_circle_obs4_000070.zarr', 'episode_T_circle_obs4_000070'), ('/coc/cedarp-dxu345-0/Tsim_datasets2/circle/basic/episode_T_circle_obs5_000071.zarr', 'episode_T_circle_obs5_000071'), ('/coc/cedarp-dxu345-0/Tsim_datasets2/circle/basic/episode_T_circle_obs5_000072.zarr', 'episode_T_circle_obs5_000072'), ('/coc/cedarp-dxu345-0/Tsim_datasets2/circle/basic/episode_T_circle_obs5_000073.zarr', 'episode_T_circle_obs5_000073'), ('/coc/cedarp-dxu345-0/Tsim_datasets2/circle/basic/episode_T_circle_obs5_000074.zarr', 'episode_T_circle_obs5_000074'), ('/coc/cedarp-dxu345-0/Tsim_datasets2/circle/basic/episode_T_circle_obs5_000075.zarr', 'episode_T_circle_obs5_000075'), ('/coc/cedarp-dxu345-0/Tsim_datasets2/circle/basic/episode_T_circle_obs5_000076.zarr', 'episode_T_circle_obs5_000076'), ('/coc/cedarp-dxu345-0/Tsim_datasets2/circle/basic/episode_T_circle_obs5_000077.zarr', 'episode_T_circle_obs5_000077'), ('/coc/cedarp-dxu345-0/Tsim_datasets2/circle/basic/episode_T_circle_obs5_000078.zarr', 'episode_T_circle_obs5_000078'), ('/coc/cedarp-dxu345-0/Tsim_datasets2/circle/basic/episode_T_circle_obs5_000079.zarr', 'episode_T_circle_obs5_000079'), ('/coc/cedarp-dxu345-0/Tsim_datasets2/circle/basic/episode_T_circle_obs5_000080.zarr', 'episode_T_circle_obs5_000080'), ('/coc/cedarp-dxu345-0/Tsim_datasets2/circle/basic/episode_T_circle_obs5_000081.zarr', 'episode_T_circle_obs5_000081'), ('/coc/cedarp-dxu345-0/Tsim_datasets2/circle/basic/episode_T_circle_obs5_000082.zarr', 'episode_T_circle_obs5_000082'), ('/coc/cedarp-dxu345-0/Tsim_datasets2/circle/basic/episode_T_circle_obs5_000083.zarr', 'episode_T_circle_obs5_000083'), ('/coc/cedarp-dxu345-0/Tsim_datasets2/circle/basic/episode_T_circle_obs6_000084.zarr', 'episode_T_circle_obs6_000084'), ('/coc/cedarp-dxu345-0/Tsim_datasets2/circle/basic/episode_T_circle_obs6_000085.zarr', 'episode_T_circle_obs6_000085'), ('/coc/cedarp-dxu345-0/Tsim_datasets2/circle/basic/episode_T_circle_obs6_000086.zarr', 'episode_T_circle_obs6_000086'), ('/coc/cedarp-dxu345-0/Tsim_datasets2/circle/basic/episode_T_circle_obs6_000087.zarr', 'episode_T_circle_obs6_000087'), ('/coc/cedarp-dxu345-0/Tsim_datasets2/circle/basic/episode_T_circle_obs6_000088.zarr', 'episode_T_circle_obs6_000088'), ('/coc/cedarp-dxu345-0/Tsim_datasets2/circle/basic/episode_T_circle_obs6_000089.zarr', 'episode_T_circle_obs6_000089'), ('/coc/cedarp-dxu345-0/Tsim_datasets2/circle/basic/episode_T_circle_obs6_000090.zarr', 'episode_T_circle_obs6_000090'), ('/coc/cedarp-dxu345-0/Tsim_datasets2/circle/basic/episode_T_circle_obs6_000091.zarr', 'episode_T_circle_obs6_000091'), ('/coc/cedarp-dxu345-0/Tsim_datasets2/circle/basic/episode_T_circle_obs6_000092.zarr', 'episode_T_circle_obs6_000092'), ('/coc/cedarp-dxu345-0/Tsim_datasets2/circle/basic/episode_T_circle_obs6_000093.zarr', 'episode_T_circle_obs6_000093'), ('/coc/cedarp-dxu345-0/Tsim_datasets2/circle/basic/episode_T_circle_obs7_000094.zarr', 'episode_T_circle_obs7_000094'), ('/coc/cedarp-dxu345-0/Tsim_datasets2/circle/basic/episode_T_circle_obs7_000095.zarr', 'episode_T_circle_obs7_000095'), ('/coc/cedarp-dxu345-0/Tsim_datasets2/circle/basic/episode_T_circle_obs7_000096.zarr', 'episode_T_circle_obs7_000096'), ('/coc/cedarp-dxu345-0/Tsim_datasets2/circle/basic/episode_T_circle_obs7_000097.zarr', 'episode_T_circle_obs7_000097'), ('/coc/cedarp-dxu345-0/Tsim_datasets2/circle/basic/episode_T_circle_obs7_000098.zarr', 'episode_T_circle_obs7_000098'), ('/coc/cedarp-dxu345-0/Tsim_datasets2/circle/basic/episode_T_circle_obs7_000099.zarr', 'episode_T_circle_obs7_000099'), ('/coc/cedarp-dxu345-0/Tsim_datasets2/circle/basic/episode_T_circle_obs7_000100.zarr', 'episode_T_circle_obs7_000100'), ('/coc/cedarp-dxu345-0/Tsim_datasets2/circle/basic/episode_T_circle_obs7_000101.zarr', 'episode_T_circle_obs7_000101'), ('/coc/cedarp-dxu345-0/Tsim_datasets2/circle/basic/episode_T_circle_obs7_000102.zarr', 'episode_T_circle_obs7_000102'), ('/coc/cedarp-dxu345-0/Tsim_datasets2/circle/basic/episode_T_circle_obs7_000103.zarr', 'episode_T_circle_obs7_000103'), ('/coc/cedarp-dxu345-0/Tsim_datasets2/circle/basic/episode_T_circle_obs8_000104.zarr', 'episode_T_circle_obs8_000104'), ('/coc/cedarp-dxu345-0/Tsim_datasets2/circle/basic/episode_T_circle_obs8_000105.zarr', 'episode_T_circle_obs8_000105'), ('/coc/cedarp-dxu345-0/Tsim_datasets2/circle/basic/episode_T_circle_obs8_000106.zarr', 'episode_T_circle_obs8_000106'), ('/coc/cedarp-dxu345-0/Tsim_datasets2/circle/basic/episode_T_circle_obs8_000107.zarr', 'episode_T_circle_obs8_000107'), ('/coc/cedarp-dxu345-0/Tsim_datasets2/circle/basic/episode_T_circle_obs8_000108.zarr', 'episode_T_circle_obs8_000108'), ('/coc/cedarp-dxu345-0/Tsim_datasets2/circle/basic/episode_T_circle_obs8_000109.zarr', 'episode_T_circle_obs8_000109'), ('/coc/cedarp-dxu345-0/Tsim_datasets2/circle/basic/episode_T_circle_obs8_000110.zarr', 'episode_T_circle_obs8_000110'), ('/coc/cedarp-dxu345-0/Tsim_datasets2/circle/basic/episode_T_circle_obs8_000111.zarr', 'episode_T_circle_obs8_000111'), ('/coc/cedarp-dxu345-0/Tsim_datasets2/circle/basic/episode_T_circle_obs8_000112.zarr', 'episode_T_circle_obs8_000112'), ('/coc/cedarp-dxu345-0/Tsim_datasets2/circle/basic/episode_T_circle_obs8_000113.zarr', 'episode_T_circle_obs8_000113'), ('/coc/cedarp-dxu345-0/Tsim_datasets2/circle/basic/episode_T_circle_obs9_000114.zarr', 'episode_T_circle_obs9_000114'), ('/coc/cedarp-dxu345-0/Tsim_datasets2/circle/basic/episode_T_circle_obs9_000115.zarr', 'episode_T_circle_obs9_000115'), ('/coc/cedarp-dxu345-0/Tsim_datasets2/circle/basic/episode_T_circle_obs9_000116.zarr', 'episode_T_circle_obs9_000116'), ('/coc/cedarp-dxu345-0/Tsim_datasets2/circle/basic/episode_T_circle_obs9_000117.zarr', 'episode_T_circle_obs9_000117'), ('/coc/cedarp-dxu345-0/Tsim_datasets2/circle/basic/episode_T_circle_obs9_000118.zarr', 'episode_T_circle_obs9_000118'), ('/coc/cedarp-dxu345-0/Tsim_datasets2/circle/basic/episode_T_circle_obs9_000119.zarr', 'episode_T_circle_obs9_000119'), ('/coc/cedarp-dxu345-0/Tsim_datasets2/circle/basic/episode_T_circle_obs9_000120.zarr', 'episode_T_circle_obs9_000120'), ('/coc/cedarp-dxu345-0/Tsim_datasets2/circle/basic/episode_T_circle_obs9_000121.zarr', 'episode_T_circle_obs9_000121'), ('/coc/cedarp-dxu345-0/Tsim_datasets2/circle/basic/episode_T_circle_obs9_000122.zarr', 'episode_T_circle_obs9_000122'), ('/coc/cedarp-dxu345-0/Tsim_datasets2/circle/basic/episode_T_circle_obs9_000123.zarr', 'episode_T_circle_obs9_000123')]
[2026-06-16 03:53:17,220][egomimic.rldb.zarr.zarr_dataset_multi][INFO] - Valid folder names: {'episode_T_circle_obs0_000194', 'episode_T_circle_obs2_000274', 'episode_T_circle_obs2_000056', 'episode_T_circle_obs1_000045', 'episode_T_circle_obs1_000050', 'episode_T_circle_obs7_000102', 'episode_T_circle_obs1_000017', 'episode_T_circle_obs1_000261', 'episode_T_circle_obs0_000204', 'episode_T_circle_obs0_000011', 'episode_T_circle_obs5_000082', 'episode_T_circle_obs1_000255', 'episode_T_circle_obs0_000203', 'episode_T_circle_obs10_000155', 'episode_T_circle_obs0_000232', 'episode_T_circle_obs10_000149', 'episode_T_circle_obs0_000040', 'episode_T_circle_obs1_000046', 'episode_T_circle_obs1_000047', 'episode_T_circle_obs2_000290', 'episode_T_circle_obs1_000044', 'episode_T_circle_obs0_000012', 'episode_T_circle_obs11_000161', 'episode_T_circle_obs2_000028', 'episode_T_circle_obs0_000210', 'episode_T_circle_obs0_000211', 'episode_T_circle_obs0_000242', 'episode_T_circle_obs4_000065', 'episode_T_circle_obs0_000006', 'episode_T_circle_obs15_000143', 'episode_T_circle_obs15_000141', 'episode_T_circle_obs1_000171', 'episode_T_circle_obs1_000257', 'episode_T_circle_obs0_000034', 'episode_T_circle_obs2_000271', 'episode_T_circle_obs5_000077', 'episode_T_circle_obs10_000151', 'episode_T_circle_obs2_000289', 'episode_T_circle_obs2_000264', 'episode_T_circle_obs1_000172', 'episode_T_circle_obs2_000023', 'episode_T_circle_obs3_000003', 'episode_T_circle_obs0_000241', 'episode_T_circle_obs10_000150', 'episode_T_circle_obs15_000136', 'episode_T_circle_obs1_000048', 'episode_T_circle_obs8_000106', 'episode_T_circle_obs2_000060', 'episode_T_circle_obs2_000052', 'episode_T_circle_obs10_000154', 'episode_T_circle_obs7_000095', 'episode_T_circle_obs1_000253', 'episode_T_circle_obs2_000057', 'episode_T_circle_obs8_000104', 'episode_T_circle_obs1_000164', 'episode_T_circle_obs3_000007', 'episode_T_circle_obs0_000228', 'episode_T_circle_obs0_000193', 'episode_T_circle_obs15_000135', 'episode_T_circle_obs1_000010', 'episode_T_circle_obs2_000286', 'episode_T_circle_obs11_000159', 'episode_T_circle_obs1_000166', 'episode_T_circle_obs0_000221', 'episode_T_circle_obs4_000063', 'episode_T_circle_obs8_000112', 'episode_T_circle_obs0_000185', 'episode_T_circle_obs9_000120', 'episode_T_circle_obs0_000230', 'episode_T_circle_obs6_000092', 'episode_T_circle_obs2_000030', 'episode_T_circle_obs0_000039', 'episode_T_circle_obs2_000266', 'episode_T_circle_obs0_000013', 'episode_T_circle_obs0_000183', 'episode_T_circle_obs11_000157', 'episode_T_circle_obs2_000273', 'episode_T_circle_obs1_000169', 'episode_T_circle_obs2_000263', 'episode_T_circle_obs2_000269', 'episode_T_circle_obs13_000128', 'episode_T_circle_obs6_000084', 'episode_T_circle_obs2_000281', 'episode_T_circle_obs7_000096', 'episode_T_circle_obs2_000268', 'episode_T_circle_obs5_000080', 'episode_T_circle_obs5_000083', 'episode_T_circle_obs2_000020', 'episode_T_circle_obs2_000021', 'episode_T_circle_obs10_000156', 'episode_T_circle_obs4_000064', 'episode_T_circle_obs5_000081', 'episode_T_circle_obs0_000184', 'episode_T_circle_obs1_000012', 'episode_T_circle_obs7_000100', 'episode_T_circle_obs0_000187', 'episode_T_circle_obs8_000111', 'episode_T_circle_obs2_000272', 'episode_T_circle_obs4_000068', 'episode_T_circle_obs0_000195', 'episode_T_circle_obs0_000015', 'episode_T_circle_obs5_000075', 'episode_T_circle_obs8_000113', 'episode_T_circle_obs15_000139', 'episode_T_circle_obs3_000006', 'episode_T_circle_obs3_000004', 'episode_T_circle_obs0_000227', 'episode_T_circle_obs0_000181', 'episode_T_circle_obs0_000218', 'episode_T_circle_obs0_000225', 'episode_T_circle_obs0_000234', 'episode_T_circle_obs4_000067', 'episode_T_circle_obs2_000025', 'episode_T_circle_obs5_000072', 'episode_T_circle_obs5_000078', 'episode_T_circle_obs0_000224', 'episode_T_circle_obs13_000124', 'episode_T_circle_obs1_000259', 'episode_T_circle_obs4_000069', 'episode_T_circle_obs0_000188', 'episode_T_circle_obs2_000054', 'episode_T_circle_obs0_000219', 'episode_T_circle_obs2_000275', 'episode_T_circle_obs3_000005', 'episode_T_circle_obs2_000022', 'episode_T_circle_obs2_000265', 'episode_T_circle_obs0_000189', 'episode_T_circle_obs6_000086', 'episode_T_circle_obs0_000209', 'episode_T_circle_obs5_000076', 'episode_T_circle_obs2_000287', 'episode_T_circle_obs0_000019', 'episode_T_circle_obs1_000019', 'episode_T_circle_obs7_000097', 'episode_T_circle_obs2_000288', 'episode_T_circle_obs1_000015', 'episode_T_circle_obs2_000267', 'episode_T_circle_obs0_000237', 'episode_T_circle_obs1_000014', 'episode_T_circle_obs15_000138', 'episode_T_circle_obs0_000018', 'episode_T_circle_obs2_000283', 'episode_T_circle_obs5_000071', 'episode_T_circle_obs10_000131', 'episode_T_circle_obs7_000099', 'episode_T_circle_obs7_000103', 'episode_T_circle_obs4_000066', 'episode_T_circle_obs1_000168', 'episode_T_circle_obs0_000238', 'episode_T_circle_obs2_000059', 'episode_T_circle_obs0_000017', 'episode_T_circle_obs0_000205', 'episode_T_circle_obs10_000134', 'episode_T_circle_obs9_000114', 'episode_T_circle_obs0_000208', 'episode_T_circle_obs1_000249', 'episode_T_circle_obs1_000170', 'episode_T_circle_obs0_000239', 'episode_T_circle_obs1_000246', 'episode_T_circle_obs9_000118', 'episode_T_circle_obs0_000007', 'episode_T_circle_obs10_000148', 'episode_T_circle_obs0_000186', 'episode_T_circle_obs1_000252', 'episode_T_circle_obs0_000201', 'episode_T_circle_obs2_000282', 'episode_T_circle_obs9_000116', 'episode_T_circle_obs8_000110', 'episode_T_circle_obs7_000101', 'episode_T_circle_obs1_000254', 'episode_T_circle_obs0_000240', 'episode_T_circle_obs2_000029', 'episode_T_circle_obs6_000085', 'episode_T_circle_obs6_000091', 'episode_T_circle_obs9_000121', 'episode_T_circle_obs0_000215', 'episode_T_circle_obs0_000033', 'episode_T_circle_obs2_000262', 'episode_T_circle_obs5_000079', 'episode_T_circle_obs13_000127', 'episode_T_circle_obs0_000175', 'episode_T_circle_obs0_000036', 'episode_T_circle_obs5_000074', 'episode_T_circle_obs0_000192', 'episode_T_circle_obs11_000158', 'episode_T_circle_obs0_000177', 'episode_T_circle_obs2_000276', 'episode_T_circle_obs4_000062', 'episode_T_circle_obs2_000279', 'episode_T_circle_obs9_000117', 'episode_T_circle_obs0_000037', 'episode_T_circle_obs2_000270', 'episode_T_circle_obs1_000162', 'episode_T_circle_obs0_000236', 'episode_T_circle_obs0_000197', 'episode_T_circle_obs0_000031', 'episode_T_circle_obs0_000179', 'episode_T_circle_obs1_000258', 'episode_T_circle_obs15_000142', 'episode_T_circle_obs0_000206', 'episode_T_circle_obs9_000119', 'episode_T_circle_obs0_000207', 'episode_T_circle_obs0_000214', 'episode_T_circle_obs1_000250', 'episode_T_circle_obs0_000212', 'episode_T_circle_obs6_000093', 'episode_T_circle_obs9_000115', 'episode_T_circle_obs0_000008', 'episode_T_circle_obs0_000178', 'episode_T_circle_obs0_000217', 'episode_T_circle_obs15_000144', 'episode_T_circle_obs15_000137', 'episode_T_circle_obs0_000243', 'episode_T_circle_obs6_000089', 'episode_T_circle_obs1_000260', 'episode_T_circle_obs2_000280', 'episode_T_circle_obs0_000032', 'episode_T_circle_obs13_000126', 'episode_T_circle_obs0_000002', 'episode_T_circle_obs9_000123', 'episode_T_circle_obs0_000005', 'episode_T_circle_obs0_000235', 'episode_T_circle_obs2_000277', 'episode_T_circle_obs2_000027', 'episode_T_circle_obs1_000248', 'episode_T_circle_obs9_000122', 'episode_T_circle_obs0_000244', 'episode_T_circle_obs4_000070', 'episode_T_circle_obs0_000231', 'episode_T_circle_obs0_000213', 'episode_T_circle_obs1_000251', 'episode_T_circle_obs0_000182', 'episode_T_circle_obs0_000038', 'episode_T_circle_obs0_000216', 'episode_T_circle_obs2_000051', 'episode_T_circle_obs5_000073', 'episode_T_circle_obs6_000087', 'episode_T_circle_obs10_000147', 'episode_T_circle_obs0_000233', 'episode_T_circle_obs0_000190', 'episode_T_circle_obs6_000090', 'episode_T_circle_obs0_000003', 'episode_T_circle_obs4_000061', 'episode_T_circle_obs0_000200', 'episode_T_circle_obs8_000108', 'episode_T_circle_obs1_000049', 'episode_T_circle_obs0_000199', 'episode_T_circle_obs13_000125', 'episode_T_circle_obs3_000001', 'episode_T_circle_obs0_000035', 'episode_T_circle_obs2_000278', 'episode_T_circle_obs2_000284', 'episode_T_circle_obs10_000130', 'episode_T_circle_obs8_000105', 'episode_T_circle_obs10_000133', 'episode_T_circle_obs13_000129', 'episode_T_circle_obs0_000000', 'episode_T_circle_obs0_000010', 'episode_T_circle_obs1_000247', 'episode_T_circle_obs10_000153', 'episode_T_circle_obs1_000163', 'episode_T_circle_obs3_000008', 'episode_T_circle_obs2_000024', 'episode_T_circle_obs10_000145', 'episode_T_circle_obs2_000026', 'episode_T_circle_obs1_000245', 'episode_T_circle_obs1_000042', 'episode_T_circle_obs1_000041', 'episode_T_circle_obs0_000220', 'episode_T_circle_obs8_000109', 'episode_T_circle_obs10_000152', 'episode_T_circle_obs0_000176', 'episode_T_circle_obs2_000053', 'episode_T_circle_obs1_000256', 'episode_T_circle_obs0_000191', 'episode_T_circle_obs0_000014', 'episode_T_circle_obs0_000004', 'episode_T_circle_obs0_000222', 'episode_T_circle_obs0_000001', 'episode_T_circle_obs1_000173', 'episode_T_circle_obs0_000198', 'episode_T_circle_obs0_000196', 'episode_T_circle_obs10_000146', 'episode_T_circle_obs2_000285', 'episode_T_circle_obs0_000009', 'episode_T_circle_obs0_000226', 'episode_T_circle_obs1_000013', 'episode_T_circle_obs0_000229', 'episode_T_circle_obs0_000223', 'episode_T_circle_obs1_000165', 'episode_T_circle_obs1_000018', 'episode_T_circle_obs1_000016', 'episode_T_circle_obs11_000160', 'episode_T_circle_obs2_000055', 'episode_T_circle_obs8_000107', 'episode_T_circle_obs0_000016', 'episode_T_circle_obs2_000058', 'episode_T_circle_obs15_000140', 'episode_T_circle_obs6_000088', 'episode_T_circle_obs7_000098', 'episode_T_circle_obs10_000132', 'episode_T_circle_obs3_000002', 'episode_T_circle_obs3_000000', 'episode_T_circle_obs7_000094', 'episode_T_circle_obs1_000043', 'episode_T_circle_obs0_000202', 'episode_T_circle_obs1_000011', 'episode_T_circle_obs3_000009', 'episode_T_circle_obs1_000167', 'episode_T_circle_obs0_000180', 'episode_T_circle_obs1_000174'}
[2026-06-16 03:53:18,770][egomimic.rldb.zarr.zarr_dataset_multi][INFO] - Local filtered paths: [('/coc/cedarp-dxu345-0/Tsim_datasets2/circle/basic/episode_T_circle_obs0_000000.zarr', 'episode_T_circle_obs0_000000'), ('/coc/cedarp-dxu345-0/Tsim_datasets2/circle/basic/episode_T_circle_obs0_000001.zarr', 'episode_T_circle_obs0_000001'), ('/coc/cedarp-dxu345-0/Tsim_datasets2/circle/basic/episode_T_circle_obs0_000002.zarr', 'episode_T_circle_obs0_000002'), ('/coc/cedarp-dxu345-0/Tsim_datasets2/circle/basic/episode_T_circle_obs0_000003.zarr', 'episode_T_circle_obs0_000003'), ('/coc/cedarp-dxu345-0/Tsim_datasets2/circle/basic/episode_T_circle_obs0_000004.zarr', 'episode_T_circle_obs0_000004'), ('/coc/cedarp-dxu345-0/Tsim_datasets2/circle/basic/episode_T_circle_obs0_000005.zarr', 'episode_T_circle_obs0_000005'), ('/coc/cedarp-dxu345-0/Tsim_datasets2/circle/basic/episode_T_circle_obs0_000006.zarr', 'episode_T_circle_obs0_000006'), ('/coc/cedarp-dxu345-0/Tsim_datasets2/circle/basic/episode_T_circle_obs0_000007.zarr', 'episode_T_circle_obs0_000007'), ('/coc/cedarp-dxu345-0/Tsim_datasets2/circle/basic/episode_T_circle_obs0_000008.zarr', 'episode_T_circle_obs0_000008'), ('/coc/cedarp-dxu345-0/Tsim_datasets2/circle/basic/episode_T_circle_obs0_000009.zarr', 'episode_T_circle_obs0_000009'), ('/coc/cedarp-dxu345-0/Tsim_datasets2/circle/basic/episode_T_circle_obs0_000010.zarr', 'episode_T_circle_obs0_000010'), ('/coc/cedarp-dxu345-0/Tsim_datasets2/circle/basic/episode_T_circle_obs0_000011.zarr', 'episode_T_circle_obs0_000011'), ('/coc/cedarp-dxu345-0/Tsim_datasets2/circle/basic/episode_T_circle_obs0_000012.zarr', 'episode_T_circle_obs0_000012'), ('/coc/cedarp-dxu345-0/Tsim_datasets2/circle/basic/episode_T_circle_obs0_000013.zarr', 'episode_T_circle_obs0_000013'), ('/coc/cedarp-dxu345-0/Tsim_datasets2/circle/basic/episode_T_circle_obs0_000014.zarr', 'episode_T_circle_obs0_000014'), ('/coc/cedarp-dxu345-0/Tsim_datasets2/circle/basic/episode_T_circle_obs0_000015.zarr', 'episode_T_circle_obs0_000015'), ('/coc/cedarp-dxu345-0/Tsim_datasets2/circle/basic/episode_T_circle_obs0_000016.zarr', 'episode_T_circle_obs0_000016'), ('/coc/cedarp-dxu345-0/Tsim_datasets2/circle/basic/episode_T_circle_obs0_000017.zarr', 'episode_T_circle_obs0_000017'), ('/coc/cedarp-dxu345-0/Tsim_datasets2/circle/basic/episode_T_circle_obs0_000018.zarr', 'episode_T_circle_obs0_000018'), ('/coc/cedarp-dxu345-0/Tsim_datasets2/circle/basic/episode_T_circle_obs0_000019.zarr', 'episode_T_circle_obs0_000019'), ('/coc/cedarp-dxu345-0/Tsim_datasets2/circle/basic/episode_T_circle_obs0_000031.zarr', 'episode_T_circle_obs0_000031'), ('/coc/cedarp-dxu345-0/Tsim_datasets2/circle/basic/episode_T_circle_obs0_000032.zarr', 'episode_T_circle_obs0_000032'), ('/coc/cedarp-dxu345-0/Tsim_datasets2/circle/basic/episode_T_circle_obs0_000033.zarr', 'episode_T_circle_obs0_000033'), ('/coc/cedarp-dxu345-0/Tsim_datasets2/circle/basic/episode_T_circle_obs0_000034.zarr', 'episode_T_circle_obs0_000034'), ('/coc/cedarp-dxu345-0/Tsim_datasets2/circle/basic/episode_T_circle_obs0_000035.zarr', 'episode_T_circle_obs0_000035'), ('/coc/cedarp-dxu345-0/Tsim_datasets2/circle/basic/episode_T_circle_obs0_000036.zarr', 'episode_T_circle_obs0_000036'), ('/coc/cedarp-dxu345-0/Tsim_datasets2/circle/basic/episode_T_circle_obs0_000037.zarr', 'episode_T_circle_obs0_000037'), ('/coc/cedarp-dxu345-0/Tsim_datasets2/circle/basic/episode_T_circle_obs0_000038.zarr', 'episode_T_circle_obs0_000038'), ('/coc/cedarp-dxu345-0/Tsim_datasets2/circle/basic/episode_T_circle_obs0_000039.zarr', 'episode_T_circle_obs0_000039'), ('/coc/cedarp-dxu345-0/Tsim_datasets2/circle/basic/episode_T_circle_obs0_000040.zarr', 'episode_T_circle_obs0_000040'), ('/coc/cedarp-dxu345-0/Tsim_datasets2/circle/basic/episode_T_circle_obs0_000175.zarr', 'episode_T_circle_obs0_000175'), ('/coc/cedarp-dxu345-0/Tsim_datasets2/circle/basic/episode_T_circle_obs0_000176.zarr', 'episode_T_circle_obs0_000176'), ('/coc/cedarp-dxu345-0/Tsim_datasets2/circle/basic/episode_T_circle_obs0_000177.zarr', 'episode_T_circle_obs0_000177'), ('/coc/cedarp-dxu345-0/Tsim_datasets2/circle/basic/episode_T_circle_obs0_000178.zarr', 'episode_T_circle_obs0_000178'), ('/coc/cedarp-dxu345-0/Tsim_datasets2/circle/basic/episode_T_circle_obs0_000179.zarr', 'episode_T_circle_obs0_000179'), ('/coc/cedarp-dxu345-0/Tsim_datasets2/circle/basic/episode_T_circle_obs0_000180.zarr', 'episode_T_circle_obs0_000180'), ('/coc/cedarp-dxu345-0/Tsim_datasets2/circle/basic/episode_T_circle_obs0_000181.zarr', 'episode_T_circle_obs0_000181'), ('/coc/cedarp-dxu345-0/Tsim_datasets2/circle/basic/episode_T_circle_obs0_000182.zarr', 'episode_T_circle_obs0_000182'), ('/coc/cedarp-dxu345-0/Tsim_datasets2/circle/basic/episode_T_circle_obs0_000183.zarr', 'episode_T_circle_obs0_000183'), ('/coc/cedarp-dxu345-0/Tsim_datasets2/circle/basic/episode_T_circle_obs0_000184.zarr', 'episode_T_circle_obs0_000184'), ('/coc/cedarp-dxu345-0/Tsim_datasets2/circle/basic/episode_T_circle_obs0_000185.zarr', 'episode_T_circle_obs0_000185'), ('/coc/cedarp-dxu345-0/Tsim_datasets2/circle/basic/episode_T_circle_obs0_000186.zarr', 'episode_T_circle_obs0_000186'), ('/coc/cedarp-dxu345-0/Tsim_datasets2/circle/basic/episode_T_circle_obs0_000187.zarr', 'episode_T_circle_obs0_000187'), ('/coc/cedarp-dxu345-0/Tsim_datasets2/circle/basic/episode_T_circle_obs0_000188.zarr', 'episode_T_circle_obs0_000188'), ('/coc/cedarp-dxu345-0/Tsim_datasets2/circle/basic/episode_T_circle_obs0_000189.zarr', 'episode_T_circle_obs0_000189'), ('/coc/cedarp-dxu345-0/Tsim_datasets2/circle/basic/episode_T_circle_obs0_000190.zarr', 'episode_T_circle_obs0_000190'), ('/coc/cedarp-dxu345-0/Tsim_datasets2/circle/basic/episode_T_circle_obs0_000191.zarr', 'episode_T_circle_obs0_000191'), ('/coc/cedarp-dxu345-0/Tsim_datasets2/circle/basic/episode_T_circle_obs0_000192.zarr', 'episode_T_circle_obs0_000192'), ('/coc/cedarp-dxu345-0/Tsim_datasets2/circle/basic/episode_T_circle_obs0_000193.zarr', 'episode_T_circle_obs0_000193'), ('/coc/cedarp-dxu345-0/Tsim_datasets2/circle/basic/episode_T_circle_obs0_000194.zarr', 'episode_T_circle_obs0_000194'), ('/coc/cedarp-dxu345-0/Tsim_datasets2/circle/basic/episode_T_circle_obs0_000195.zarr', 'episode_T_circle_obs0_000195'), ('/coc/cedarp-dxu345-0/Tsim_datasets2/circle/basic/episode_T_circle_obs0_000196.zarr', 'episode_T_circle_obs0_000196'), ('/coc/cedarp-dxu345-0/Tsim_datasets2/circle/basic/episode_T_circle_obs0_000197.zarr', 'episode_T_circle_obs0_000197'), ('/coc/cedarp-dxu345-0/Tsim_datasets2/circle/basic/episode_T_circle_obs0_000198.zarr', 'episode_T_circle_obs0_000198'), ('/coc/cedarp-dxu345-0/Tsim_datasets2/circle/basic/episode_T_circle_obs0_000199.zarr', 'episode_T_circle_obs0_000199'), ('/coc/cedarp-dxu345-0/Tsim_datasets2/circle/basic/episode_T_circle_obs0_000200.zarr', 'episode_T_circle_obs0_000200'), ('/coc/cedarp-dxu345-0/Tsim_datasets2/circle/basic/episode_T_circle_obs0_000201.zarr', 'episode_T_circle_obs0_000201'), ('/coc/cedarp-dxu345-0/Tsim_datasets2/circle/basic/episode_T_circle_obs0_000202.zarr', 'episode_T_circle_obs0_000202'), ('/coc/cedarp-dxu345-0/Tsim_datasets2/circle/basic/episode_T_circle_obs0_000203.zarr', 'episode_T_circle_obs0_000203'), ('/coc/cedarp-dxu345-0/Tsim_datasets2/circle/basic/episode_T_circle_obs0_000204.zarr', 'episode_T_circle_obs0_000204'), ('/coc/cedarp-dxu345-0/Tsim_datasets2/circle/basic/episode_T_circle_obs0_000205.zarr', 'episode_T_circle_obs0_000205'), ('/coc/cedarp-dxu345-0/Tsim_datasets2/circle/basic/episode_T_circle_obs0_000206.zarr', 'episode_T_circle_obs0_000206'), ('/coc/cedarp-dxu345-0/Tsim_datasets2/circle/basic/episode_T_circle_obs0_000207.zarr', 'episode_T_circle_obs0_000207'), ('/coc/cedarp-dxu345-0/Tsim_datasets2/circle/basic/episode_T_circle_obs0_000208.zarr', 'episode_T_circle_obs0_000208'), ('/coc/cedarp-dxu345-0/Tsim_datasets2/circle/basic/episode_T_circle_obs0_000209.zarr', 'episode_T_circle_obs0_000209'), ('/coc/cedarp-dxu345-0/Tsim_datasets2/circle/basic/episode_T_circle_obs0_000210.zarr', 'episode_T_circle_obs0_000210'), ('/coc/cedarp-dxu345-0/Tsim_datasets2/circle/basic/episode_T_circle_obs0_000211.zarr', 'episode_T_circle_obs0_000211'), ('/coc/cedarp-dxu345-0/Tsim_datasets2/circle/basic/episode_T_circle_obs0_000212.zarr', 'episode_T_circle_obs0_000212'), ('/coc/cedarp-dxu345-0/Tsim_datasets2/circle/basic/episode_T_circle_obs0_000213.zarr', 'episode_T_circle_obs0_000213'), ('/coc/cedarp-dxu345-0/Tsim_datasets2/circle/basic/episode_T_circle_obs0_000214.zarr', 'episode_T_circle_obs0_000214'), ('/coc/cedarp-dxu345-0/Tsim_datasets2/circle/basic/episode_T_circle_obs0_000215.zarr', 'episode_T_circle_obs0_000215'), ('/coc/cedarp-dxu345-0/Tsim_datasets2/circle/basic/episode_T_circle_obs0_000216.zarr', 'episode_T_circle_obs0_000216'), ('/coc/cedarp-dxu345-0/Tsim_datasets2/circle/basic/episode_T_circle_obs0_000217.zarr', 'episode_T_circle_obs0_000217'), ('/coc/cedarp-dxu345-0/Tsim_datasets2/circle/basic/episode_T_circle_obs0_000218.zarr', 'episode_T_circle_obs0_000218'), ('/coc/cedarp-dxu345-0/Tsim_datasets2/circle/basic/episode_T_circle_obs0_000219.zarr', 'episode_T_circle_obs0_000219'), ('/coc/cedarp-dxu345-0/Tsim_datasets2/circle/basic/episode_T_circle_obs0_000220.zarr', 'episode_T_circle_obs0_000220'), ('/coc/cedarp-dxu345-0/Tsim_datasets2/circle/basic/episode_T_circle_obs0_000221.zarr', 'episode_T_circle_obs0_000221'), ('/coc/cedarp-dxu345-0/Tsim_datasets2/circle/basic/episode_T_circle_obs0_000222.zarr', 'episode_T_circle_obs0_000222'), ('/coc/cedarp-dxu345-0/Tsim_datasets2/circle/basic/episode_T_circle_obs0_000223.zarr', 'episode_T_circle_obs0_000223'), ('/coc/cedarp-dxu345-0/Tsim_datasets2/circle/basic/episode_T_circle_obs0_000224.zarr', 'episode_T_circle_obs0_000224'), ('/coc/cedarp-dxu345-0/Tsim_datasets2/circle/basic/episode_T_circle_obs0_000225.zarr', 'episode_T_circle_obs0_000225'), ('/coc/cedarp-dxu345-0/Tsim_datasets2/circle/basic/episode_T_circle_obs0_000226.zarr', 'episode_T_circle_obs0_000226'), ('/coc/cedarp-dxu345-0/Tsim_datasets2/circle/basic/episode_T_circle_obs0_000227.zarr', 'episode_T_circle_obs0_000227'), ('/coc/cedarp-dxu345-0/Tsim_datasets2/circle/basic/episode_T_circle_obs0_000228.zarr', 'episode_T_circle_obs0_000228'), ('/coc/cedarp-dxu345-0/Tsim_datasets2/circle/basic/episode_T_circle_obs0_000229.zarr', 'episode_T_circle_obs0_000229'), ('/coc/cedarp-dxu345-0/Tsim_datasets2/circle/basic/episode_T_circle_obs0_000230.zarr', 'episode_T_circle_obs0_000230'), ('/coc/cedarp-dxu345-0/Tsim_datasets2/circle/basic/episode_T_circle_obs0_000231.zarr', 'episode_T_circle_obs0_000231'), ('/coc/cedarp-dxu345-0/Tsim_datasets2/circle/basic/episode_T_circle_obs0_000232.zarr', 'episode_T_circle_obs0_000232'), ('/coc/cedarp-dxu345-0/Tsim_datasets2/circle/basic/episode_T_circle_obs0_000233.zarr', 'episode_T_circle_obs0_000233'), ('/coc/cedarp-dxu345-0/Tsim_datasets2/circle/basic/episode_T_circle_obs0_000234.zarr', 'episode_T_circle_obs0_000234'), ('/coc/cedarp-dxu345-0/Tsim_datasets2/circle/basic/episode_T_circle_obs0_000235.zarr', 'episode_T_circle_obs0_000235'), ('/coc/cedarp-dxu345-0/Tsim_datasets2/circle/basic/episode_T_circle_obs0_000236.zarr', 'episode_T_circle_obs0_000236'), ('/coc/cedarp-dxu345-0/Tsim_datasets2/circle/basic/episode_T_circle_obs0_000237.zarr', 'episode_T_circle_obs0_000237'), ('/coc/cedarp-dxu345-0/Tsim_datasets2/circle/basic/episode_T_circle_obs0_000238.zarr', 'episode_T_circle_obs0_000238'), ('/coc/cedarp-dxu345-0/Tsim_datasets2/circle/basic/episode_T_circle_obs0_000239.zarr', 'episode_T_circle_obs0_000239'), ('/coc/cedarp-dxu345-0/Tsim_datasets2/circle/basic/episode_T_circle_obs0_000240.zarr', 'episode_T_circle_obs0_000240'), ('/coc/cedarp-dxu345-0/Tsim_datasets2/circle/basic/episode_T_circle_obs0_000241.zarr', 'episode_T_circle_obs0_000241'), ('/coc/cedarp-dxu345-0/Tsim_datasets2/circle/basic/episode_T_circle_obs0_000242.zarr', 'episode_T_circle_obs0_000242'), ('/coc/cedarp-dxu345-0/Tsim_datasets2/circle/basic/episode_T_circle_obs0_000243.zarr', 'episode_T_circle_obs0_000243'), ('/coc/cedarp-dxu345-0/Tsim_datasets2/circle/basic/episode_T_circle_obs0_000244.zarr', 'episode_T_circle_obs0_000244'), ('/coc/cedarp-dxu345-0/Tsim_datasets2/circle/basic/episode_T_circle_obs10_000130.zarr', 'episode_T_circle_obs10_000130'), ('/coc/cedarp-dxu345-0/Tsim_datasets2/circle/basic/episode_T_circle_obs10_000131.zarr', 'episode_T_circle_obs10_000131'), ('/coc/cedarp-dxu345-0/Tsim_datasets2/circle/basic/episode_T_circle_obs10_000132.zarr', 'episode_T_circle_obs10_000132'), ('/coc/cedarp-dxu345-0/Tsim_datasets2/circle/basic/episode_T_circle_obs10_000133.zarr', 'episode_T_circle_obs10_000133'), ('/coc/cedarp-dxu345-0/Tsim_datasets2/circle/basic/episode_T_circle_obs10_000134.zarr', 'episode_T_circle_obs10_000134'), ('/coc/cedarp-dxu345-0/Tsim_datasets2/circle/basic/episode_T_circle_obs10_000145.zarr', 'episode_T_circle_obs10_000145'), ('/coc/cedarp-dxu345-0/Tsim_datasets2/circle/basic/episode_T_circle_obs10_000146.zarr', 'episode_T_circle_obs10_000146'), ('/coc/cedarp-dxu345-0/Tsim_datasets2/circle/basic/episode_T_circle_obs10_000147.zarr', 'episode_T_circle_obs10_000147'), ('/coc/cedarp-dxu345-0/Tsim_datasets2/circle/basic/episode_T_circle_obs10_000148.zarr', 'episode_T_circle_obs10_000148'), ('/coc/cedarp-dxu345-0/Tsim_datasets2/circle/basic/episode_T_circle_obs10_000149.zarr', 'episode_T_circle_obs10_000149'), ('/coc/cedarp-dxu345-0/Tsim_datasets2/circle/basic/episode_T_circle_obs10_000150.zarr', 'episode_T_circle_obs10_000150'), ('/coc/cedarp-dxu345-0/Tsim_datasets2/circle/basic/episode_T_circle_obs10_000151.zarr', 'episode_T_circle_obs10_000151'), ('/coc/cedarp-dxu345-0/Tsim_datasets2/circle/basic/episode_T_circle_obs10_000152.zarr', 'episode_T_circle_obs10_000152'), ('/coc/cedarp-dxu345-0/Tsim_datasets2/circle/basic/episode_T_circle_obs10_000153.zarr', 'episode_T_circle_obs10_000153'), ('/coc/cedarp-dxu345-0/Tsim_datasets2/circle/basic/episode_T_circle_obs10_000154.zarr', 'episode_T_circle_obs10_000154'), ('/coc/cedarp-dxu345-0/Tsim_datasets2/circle/basic/episode_T_circle_obs10_000155.zarr', 'episode_T_circle_obs10_000155'), ('/coc/cedarp-dxu345-0/Tsim_datasets2/circle/basic/episode_T_circle_obs10_000156.zarr', 'episode_T_circle_obs10_000156'), ('/coc/cedarp-dxu345-0/Tsim_datasets2/circle/basic/episode_T_circle_obs11_000157.zarr', 'episode_T_circle_obs11_000157'), ('/coc/cedarp-dxu345-0/Tsim_datasets2/circle/basic/episode_T_circle_obs11_000158.zarr', 'episode_T_circle_obs11_000158'), ('/coc/cedarp-dxu345-0/Tsim_datasets2/circle/basic/episode_T_circle_obs11_000159.zarr', 'episode_T_circle_obs11_000159'), ('/coc/cedarp-dxu345-0/Tsim_datasets2/circle/basic/episode_T_circle_obs11_000160.zarr', 'episode_T_circle_obs11_000160'), ('/coc/cedarp-dxu345-0/Tsim_datasets2/circle/basic/episode_T_circle_obs11_000161.zarr', 'episode_T_circle_obs11_000161'), ('/coc/cedarp-dxu345-0/Tsim_datasets2/circle/basic/episode_T_circle_obs13_000124.zarr', 'episode_T_circle_obs13_000124'), ('/coc/cedarp-dxu345-0/Tsim_datasets2/circle/basic/episode_T_circle_obs13_000125.zarr', 'episode_T_circle_obs13_000125'), ('/coc/cedarp-dxu345-0/Tsim_datasets2/circle/basic/episode_T_circle_obs13_000126.zarr', 'episode_T_circle_obs13_000126'), ('/coc/cedarp-dxu345-0/Tsim_datasets2/circle/basic/episode_T_circle_obs13_000127.zarr', 'episode_T_circle_obs13_000127'), ('/coc/cedarp-dxu345-0/Tsim_datasets2/circle/basic/episode_T_circle_obs13_000128.zarr', 'episode_T_circle_obs13_000128'), ('/coc/cedarp-dxu345-0/Tsim_datasets2/circle/basic/episode_T_circle_obs13_000129.zarr', 'episode_T_circle_obs13_000129'), ('/coc/cedarp-dxu345-0/Tsim_datasets2/circle/basic/episode_T_circle_obs15_000135.zarr', 'episode_T_circle_obs15_000135'), ('/coc/cedarp-dxu345-0/Tsim_datasets2/circle/basic/episode_T_circle_obs15_000136.zarr', 'episode_T_circle_obs15_000136'), ('/coc/cedarp-dxu345-0/Tsim_datasets2/circle/basic/episode_T_circle_obs15_000137.zarr', 'episode_T_circle_obs15_000137'), ('/coc/cedarp-dxu345-0/Tsim_datasets2/circle/basic/episode_T_circle_obs15_000138.zarr', 'episode_T_circle_obs15_000138'), ('/coc/cedarp-dxu345-0/Tsim_datasets2/circle/basic/episode_T_circle_obs15_000139.zarr', 'episode_T_circle_obs15_000139'), ('/coc/cedarp-dxu345-0/Tsim_datasets2/circle/basic/episode_T_circle_obs15_000140.zarr', 'episode_T_circle_obs15_000140'), ('/coc/cedarp-dxu345-0/Tsim_datasets2/circle/basic/episode_T_circle_obs15_000141.zarr', 'episode_T_circle_obs15_000141'), ('/coc/cedarp-dxu345-0/Tsim_datasets2/circle/basic/episode_T_circle_obs15_000142.zarr', 'episode_T_circle_obs15_000142'), ('/coc/cedarp-dxu345-0/Tsim_datasets2/circle/basic/episode_T_circle_obs15_000143.zarr', 'episode_T_circle_obs15_000143'), ('/coc/cedarp-dxu345-0/Tsim_datasets2/circle/basic/episode_T_circle_obs15_000144.zarr', 'episode_T_circle_obs15_000144'), ('/coc/cedarp-dxu345-0/Tsim_datasets2/circle/basic/episode_T_circle_obs1_000010.zarr', 'episode_T_circle_obs1_000010'), ('/coc/cedarp-dxu345-0/Tsim_datasets2/circle/basic/episode_T_circle_obs1_000011.zarr', 'episode_T_circle_obs1_000011'), ('/coc/cedarp-dxu345-0/Tsim_datasets2/circle/basic/episode_T_circle_obs1_000012.zarr', 'episode_T_circle_obs1_000012'), ('/coc/cedarp-dxu345-0/Tsim_datasets2/circle/basic/episode_T_circle_obs1_000013.zarr', 'episode_T_circle_obs1_000013'), ('/coc/cedarp-dxu345-0/Tsim_datasets2/circle/basic/episode_T_circle_obs1_000014.zarr', 'episode_T_circle_obs1_000014'), ('/coc/cedarp-dxu345-0/Tsim_datasets2/circle/basic/episode_T_circle_obs1_000015.zarr', 'episode_T_circle_obs1_000015'), ('/coc/cedarp-dxu345-0/Tsim_datasets2/circle/basic/episode_T_circle_obs1_000016.zarr', 'episode_T_circle_obs1_000016'), ('/coc/cedarp-dxu345-0/Tsim_datasets2/circle/basic/episode_T_circle_obs1_000017.zarr', 'episode_T_circle_obs1_000017'), ('/coc/cedarp-dxu345-0/Tsim_datasets2/circle/basic/episode_T_circle_obs1_000018.zarr', 'episode_T_circle_obs1_000018'), ('/coc/cedarp-dxu345-0/Tsim_datasets2/circle/basic/episode_T_circle_obs1_000019.zarr', 'episode_T_circle_obs1_000019'), ('/coc/cedarp-dxu345-0/Tsim_datasets2/circle/basic/episode_T_circle_obs1_000041.zarr', 'episode_T_circle_obs1_000041'), ('/coc/cedarp-dxu345-0/Tsim_datasets2/circle/basic/episode_T_circle_obs1_000042.zarr', 'episode_T_circle_obs1_000042'), ('/coc/cedarp-dxu345-0/Tsim_datasets2/circle/basic/episode_T_circle_obs1_000043.zarr', 'episode_T_circle_obs1_000043'), ('/coc/cedarp-dxu345-0/Tsim_datasets2/circle/basic/episode_T_circle_obs1_000044.zarr', 'episode_T_circle_obs1_000044'), ('/coc/cedarp-dxu345-0/Tsim_datasets2/circle/basic/episode_T_circle_obs1_000045.zarr', 'episode_T_circle_obs1_000045'), ('/coc/cedarp-dxu345-0/Tsim_datasets2/circle/basic/episode_T_circle_obs1_000046.zarr', 'episode_T_circle_obs1_000046'), ('/coc/cedarp-dxu345-0/Tsim_datasets2/circle/basic/episode_T_circle_obs1_000047.zarr', 'episode_T_circle_obs1_000047'), ('/coc/cedarp-dxu345-0/Tsim_datasets2/circle/basic/episode_T_circle_obs1_000048.zarr', 'episode_T_circle_obs1_000048'), ('/coc/cedarp-dxu345-0/Tsim_datasets2/circle/basic/episode_T_circle_obs1_000049.zarr', 'episode_T_circle_obs1_000049'), ('/coc/cedarp-dxu345-0/Tsim_datasets2/circle/basic/episode_T_circle_obs1_000050.zarr', 'episode_T_circle_obs1_000050'), ('/coc/cedarp-dxu345-0/Tsim_datasets2/circle/basic/episode_T_circle_obs1_000162.zarr', 'episode_T_circle_obs1_000162'), ('/coc/cedarp-dxu345-0/Tsim_datasets2/circle/basic/episode_T_circle_obs1_000163.zarr', 'episode_T_circle_obs1_000163'), ('/coc/cedarp-dxu345-0/Tsim_datasets2/circle/basic/episode_T_circle_obs1_000164.zarr', 'episode_T_circle_obs1_000164'), ('/coc/cedarp-dxu345-0/Tsim_datasets2/circle/basic/episode_T_circle_obs1_000165.zarr', 'episode_T_circle_obs1_000165'), ('/coc/cedarp-dxu345-0/Tsim_datasets2/circle/basic/episode_T_circle_obs1_000166.zarr', 'episode_T_circle_obs1_000166'), ('/coc/cedarp-dxu345-0/Tsim_datasets2/circle/basic/episode_T_circle_obs1_000167.zarr', 'episode_T_circle_obs1_000167'), ('/coc/cedarp-dxu345-0/Tsim_datasets2/circle/basic/episode_T_circle_obs1_000168.zarr', 'episode_T_circle_obs1_000168'), ('/coc/cedarp-dxu345-0/Tsim_datasets2/circle/basic/episode_T_circle_obs1_000169.zarr', 'episode_T_circle_obs1_000169'), ('/coc/cedarp-dxu345-0/Tsim_datasets2/circle/basic/episode_T_circle_obs1_000170.zarr', 'episode_T_circle_obs1_000170'), ('/coc/cedarp-dxu345-0/Tsim_datasets2/circle/basic/episode_T_circle_obs1_000171.zarr', 'episode_T_circle_obs1_000171'), ('/coc/cedarp-dxu345-0/Tsim_datasets2/circle/basic/episode_T_circle_obs1_000172.zarr', 'episode_T_circle_obs1_000172'), ('/coc/cedarp-dxu345-0/Tsim_datasets2/circle/basic/episode_T_circle_obs1_000173.zarr', 'episode_T_circle_obs1_000173'), ('/coc/cedarp-dxu345-0/Tsim_datasets2/circle/basic/episode_T_circle_obs1_000174.zarr', 'episode_T_circle_obs1_000174'), ('/coc/cedarp-dxu345-0/Tsim_datasets2/circle/basic/episode_T_circle_obs1_000245.zarr', 'episode_T_circle_obs1_000245'), ('/coc/cedarp-dxu345-0/Tsim_datasets2/circle/basic/episode_T_circle_obs1_000246.zarr', 'episode_T_circle_obs1_000246'), ('/coc/cedarp-dxu345-0/Tsim_datasets2/circle/basic/episode_T_circle_obs1_000247.zarr', 'episode_T_circle_obs1_000247'), ('/coc/cedarp-dxu345-0/Tsim_datasets2/circle/basic/episode_T_circle_obs1_000248.zarr', 'episode_T_circle_obs1_000248'), ('/coc/cedarp-dxu345-0/Tsim_datasets2/circle/basic/episode_T_circle_obs1_000249.zarr', 'episode_T_circle_obs1_000249'), ('/coc/cedarp-dxu345-0/Tsim_datasets2/circle/basic/episode_T_circle_obs1_000250.zarr', 'episode_T_circle_obs1_000250'), ('/coc/cedarp-dxu345-0/Tsim_datasets2/circle/basic/episode_T_circle_obs1_000251.zarr', 'episode_T_circle_obs1_000251'), ('/coc/cedarp-dxu345-0/Tsim_datasets2/circle/basic/episode_T_circle_obs1_000252.zarr', 'episode_T_circle_obs1_000252'), ('/coc/cedarp-dxu345-0/Tsim_datasets2/circle/basic/episode_T_circle_obs1_000253.zarr', 'episode_T_circle_obs1_000253'), ('/coc/cedarp-dxu345-0/Tsim_datasets2/circle/basic/episode_T_circle_obs1_000254.zarr', 'episode_T_circle_obs1_000254'), ('/coc/cedarp-dxu345-0/Tsim_datasets2/circle/basic/episode_T_circle_obs1_000255.zarr', 'episode_T_circle_obs1_000255'), ('/coc/cedarp-dxu345-0/Tsim_datasets2/circle/basic/episode_T_circle_obs1_000256.zarr', 'episode_T_circle_obs1_000256'), ('/coc/cedarp-dxu345-0/Tsim_datasets2/circle/basic/episode_T_circle_obs1_000257.zarr', 'episode_T_circle_obs1_000257'), ('/coc/cedarp-dxu345-0/Tsim_datasets2/circle/basic/episode_T_circle_obs1_000258.zarr', 'episode_T_circle_obs1_000258'), ('/coc/cedarp-dxu345-0/Tsim_datasets2/circle/basic/episode_T_circle_obs1_000259.zarr', 'episode_T_circle_obs1_000259'), ('/coc/cedarp-dxu345-0/Tsim_datasets2/circle/basic/episode_T_circle_obs1_000260.zarr', 'episode_T_circle_obs1_000260'), ('/coc/cedarp-dxu345-0/Tsim_datasets2/circle/basic/episode_T_circle_obs1_000261.zarr', 'episode_T_circle_obs1_000261'), ('/coc/cedarp-dxu345-0/Tsim_datasets2/circle/basic/episode_T_circle_obs2_000020.zarr', 'episode_T_circle_obs2_000020'), ('/coc/cedarp-dxu345-0/Tsim_datasets2/circle/basic/episode_T_circle_obs2_000021.zarr', 'episode_T_circle_obs2_000021'), ('/coc/cedarp-dxu345-0/Tsim_datasets2/circle/basic/episode_T_circle_obs2_000022.zarr', 'episode_T_circle_obs2_000022'), ('/coc/cedarp-dxu345-0/Tsim_datasets2/circle/basic/episode_T_circle_obs2_000023.zarr', 'episode_T_circle_obs2_000023'), ('/coc/cedarp-dxu345-0/Tsim_datasets2/circle/basic/episode_T_circle_obs2_000024.zarr', 'episode_T_circle_obs2_000024'), ('/coc/cedarp-dxu345-0/Tsim_datasets2/circle/basic/episode_T_circle_obs2_000025.zarr', 'episode_T_circle_obs2_000025'), ('/coc/cedarp-dxu345-0/Tsim_datasets2/circle/basic/episode_T_circle_obs2_000026.zarr', 'episode_T_circle_obs2_000026'), ('/coc/cedarp-dxu345-0/Tsim_datasets2/circle/basic/episode_T_circle_obs2_000027.zarr', 'episode_T_circle_obs2_000027'), ('/coc/cedarp-dxu345-0/Tsim_datasets2/circle/basic/episode_T_circle_obs2_000028.zarr', 'episode_T_circle_obs2_000028'), ('/coc/cedarp-dxu345-0/Tsim_datasets2/circle/basic/episode_T_circle_obs2_000029.zarr', 'episode_T_circle_obs2_000029'), ('/coc/cedarp-dxu345-0/Tsim_datasets2/circle/basic/episode_T_circle_obs2_000030.zarr', 'episode_T_circle_obs2_000030'), ('/coc/cedarp-dxu345-0/Tsim_datasets2/circle/basic/episode_T_circle_obs2_000051.zarr', 'episode_T_circle_obs2_000051'), ('/coc/cedarp-dxu345-0/Tsim_datasets2/circle/basic/episode_T_circle_obs2_000052.zarr', 'episode_T_circle_obs2_000052'), ('/coc/cedarp-dxu345-0/Tsim_datasets2/circle/basic/episode_T_circle_obs2_000053.zarr', 'episode_T_circle_obs2_000053'), ('/coc/cedarp-dxu345-0/Tsim_datasets2/circle/basic/episode_T_circle_obs2_000054.zarr', 'episode_T_circle_obs2_000054'), ('/coc/cedarp-dxu345-0/Tsim_datasets2/circle/basic/episode_T_circle_obs2_000055.zarr', 'episode_T_circle_obs2_000055'), ('/coc/cedarp-dxu345-0/Tsim_datasets2/circle/basic/episode_T_circle_obs2_000056.zarr', 'episode_T_circle_obs2_000056'), ('/coc/cedarp-dxu345-0/Tsim_datasets2/circle/basic/episode_T_circle_obs2_000057.zarr', 'episode_T_circle_obs2_000057'), ('/coc/cedarp-dxu345-0/Tsim_datasets2/circle/basic/episode_T_circle_obs2_000058.zarr', 'episode_T_circle_obs2_000058'), ('/coc/cedarp-dxu345-0/Tsim_datasets2/circle/basic/episode_T_circle_obs2_000059.zarr', 'episode_T_circle_obs2_000059'), ('/coc/cedarp-dxu345-0/Tsim_datasets2/circle/basic/episode_T_circle_obs2_000060.zarr', 'episode_T_circle_obs2_000060'), ('/coc/cedarp-dxu345-0/Tsim_datasets2/circle/basic/episode_T_circle_obs2_000262.zarr', 'episode_T_circle_obs2_000262'), ('/coc/cedarp-dxu345-0/Tsim_datasets2/circle/basic/episode_T_circle_obs2_000263.zarr', 'episode_T_circle_obs2_000263'), ('/coc/cedarp-dxu345-0/Tsim_datasets2/circle/basic/episode_T_circle_obs2_000264.zarr', 'episode_T_circle_obs2_000264'), ('/coc/cedarp-dxu345-0/Tsim_datasets2/circle/basic/episode_T_circle_obs2_000265.zarr', 'episode_T_circle_obs2_000265'), ('/coc/cedarp-dxu345-0/Tsim_datasets2/circle/basic/episode_T_circle_obs2_000266.zarr', 'episode_T_circle_obs2_000266'), ('/coc/cedarp-dxu345-0/Tsim_datasets2/circle/basic/episode_T_circle_obs2_000267.zarr', 'episode_T_circle_obs2_000267'), ('/coc/cedarp-dxu345-0/Tsim_datasets2/circle/basic/episode_T_circle_obs2_000268.zarr', 'episode_T_circle_obs2_000268'), ('/coc/cedarp-dxu345-0/Tsim_datasets2/circle/basic/episode_T_circle_obs2_000269.zarr', 'episode_T_circle_obs2_000269'), ('/coc/cedarp-dxu345-0/Tsim_datasets2/circle/basic/episode_T_circle_obs2_000270.zarr', 'episode_T_circle_obs2_000270'), ('/coc/cedarp-dxu345-0/Tsim_datasets2/circle/basic/episode_T_circle_obs2_000271.zarr', 'episode_T_circle_obs2_000271'), ('/coc/cedarp-dxu345-0/Tsim_datasets2/circle/basic/episode_T_circle_obs2_000272.zarr', 'episode_T_circle_obs2_000272'), ('/coc/cedarp-dxu345-0/Tsim_datasets2/circle/basic/episode_T_circle_obs2_000273.zarr', 'episode_T_circle_obs2_000273'), ('/coc/cedarp-dxu345-0/Tsim_datasets2/circle/basic/episode_T_circle_obs2_000274.zarr', 'episode_T_circle_obs2_000274'), ('/coc/cedarp-dxu345-0/Tsim_datasets2/circle/basic/episode_T_circle_obs2_000275.zarr', 'episode_T_circle_obs2_000275'), ('/coc/cedarp-dxu345-0/Tsim_datasets2/circle/basic/episode_T_circle_obs2_000276.zarr', 'episode_T_circle_obs2_000276'), ('/coc/cedarp-dxu345-0/Tsim_datasets2/circle/basic/episode_T_circle_obs2_000277.zarr', 'episode_T_circle_obs2_000277'), ('/coc/cedarp-dxu345-0/Tsim_datasets2/circle/basic/episode_T_circle_obs2_000278.zarr', 'episode_T_circle_obs2_000278'), ('/coc/cedarp-dxu345-0/Tsim_datasets2/circle/basic/episode_T_circle_obs2_000279.zarr', 'episode_T_circle_obs2_000279'), ('/coc/cedarp-dxu345-0/Tsim_datasets2/circle/basic/episode_T_circle_obs2_000280.zarr', 'episode_T_circle_obs2_000280'), ('/coc/cedarp-dxu345-0/Tsim_datasets2/circle/basic/episode_T_circle_obs2_000281.zarr', 'episode_T_circle_obs2_000281'), ('/coc/cedarp-dxu345-0/Tsim_datasets2/circle/basic/episode_T_circle_obs2_000282.zarr', 'episode_T_circle_obs2_000282'), ('/coc/cedarp-dxu345-0/Tsim_datasets2/circle/basic/episode_T_circle_obs2_000283.zarr', 'episode_T_circle_obs2_000283'), ('/coc/cedarp-dxu345-0/Tsim_datasets2/circle/basic/episode_T_circle_obs2_000284.zarr', 'episode_T_circle_obs2_000284'), ('/coc/cedarp-dxu345-0/Tsim_datasets2/circle/basic/episode_T_circle_obs2_000285.zarr', 'episode_T_circle_obs2_000285'), ('/coc/cedarp-dxu345-0/Tsim_datasets2/circle/basic/episode_T_circle_obs2_000286.zarr', 'episode_T_circle_obs2_000286'), ('/coc/cedarp-dxu345-0/Tsim_datasets2/circle/basic/episode_T_circle_obs2_000287.zarr', 'episode_T_circle_obs2_000287'), ('/coc/cedarp-dxu345-0/Tsim_datasets2/circle/basic/episode_T_circle_obs2_000288.zarr', 'episode_T_circle_obs2_000288'), ('/coc/cedarp-dxu345-0/Tsim_datasets2/circle/basic/episode_T_circle_obs2_000289.zarr', 'episode_T_circle_obs2_000289'), ('/coc/cedarp-dxu345-0/Tsim_datasets2/circle/basic/episode_T_circle_obs2_000290.zarr', 'episode_T_circle_obs2_000290'), ('/coc/cedarp-dxu345-0/Tsim_datasets2/circle/basic/episode_T_circle_obs3_000000.zarr', 'episode_T_circle_obs3_000000'), ('/coc/cedarp-dxu345-0/Tsim_datasets2/circle/basic/episode_T_circle_obs3_000001.zarr', 'episode_T_circle_obs3_000001'), ('/coc/cedarp-dxu345-0/Tsim_datasets2/circle/basic/episode_T_circle_obs3_000002.zarr', 'episode_T_circle_obs3_000002'), ('/coc/cedarp-dxu345-0/Tsim_datasets2/circle/basic/episode_T_circle_obs3_000003.zarr', 'episode_T_circle_obs3_000003'), ('/coc/cedarp-dxu345-0/Tsim_datasets2/circle/basic/episode_T_circle_obs3_000004.zarr', 'episode_T_circle_obs3_000004'), ('/coc/cedarp-dxu345-0/Tsim_datasets2/circle/basic/episode_T_circle_obs3_000005.zarr', 'episode_T_circle_obs3_000005'), ('/coc/cedarp-dxu345-0/Tsim_datasets2/circle/basic/episode_T_circle_obs3_000006.zarr', 'episode_T_circle_obs3_000006'), ('/coc/cedarp-dxu345-0/Tsim_datasets2/circle/basic/episode_T_circle_obs3_000007.zarr', 'episode_T_circle_obs3_000007'), ('/coc/cedarp-dxu345-0/Tsim_datasets2/circle/basic/episode_T_circle_obs3_000008.zarr', 'episode_T_circle_obs3_000008'), ('/coc/cedarp-dxu345-0/Tsim_datasets2/circle/basic/episode_T_circle_obs3_000009.zarr', 'episode_T_circle_obs3_000009'), ('/coc/cedarp-dxu345-0/Tsim_datasets2/circle/basic/episode_T_circle_obs4_000061.zarr', 'episode_T_circle_obs4_000061'), ('/coc/cedarp-dxu345-0/Tsim_datasets2/circle/basic/episode_T_circle_obs4_000062.zarr', 'episode_T_circle_obs4_000062'), ('/coc/cedarp-dxu345-0/Tsim_datasets2/circle/basic/episode_T_circle_obs4_000063.zarr', 'episode_T_circle_obs4_000063'), ('/coc/cedarp-dxu345-0/Tsim_datasets2/circle/basic/episode_T_circle_obs4_000064.zarr', 'episode_T_circle_obs4_000064'), ('/coc/cedarp-dxu345-0/Tsim_datasets2/circle/basic/episode_T_circle_obs4_000065.zarr', 'episode_T_circle_obs4_000065'), ('/coc/cedarp-dxu345-0/Tsim_datasets2/circle/basic/episode_T_circle_obs4_000066.zarr', 'episode_T_circle_obs4_000066'), ('/coc/cedarp-dxu345-0/Tsim_datasets2/circle/basic/episode_T_circle_obs4_000067.zarr', 'episode_T_circle_obs4_000067'), ('/coc/cedarp-dxu345-0/Tsim_datasets2/circle/basic/episode_T_circle_obs4_000068.zarr', 'episode_T_circle_obs4_000068'), ('/coc/cedarp-dxu345-0/Tsim_datasets2/circle/basic/episode_T_circle_obs4_000069.zarr', 'episode_T_circle_obs4_000069'), ('/coc/cedarp-dxu345-0/Tsim_datasets2/circle/basic/episode_T_circle_obs4_000070.zarr', 'episode_T_circle_obs4_000070'), ('/coc/cedarp-dxu345-0/Tsim_datasets2/circle/basic/episode_T_circle_obs5_000071.zarr', 'episode_T_circle_obs5_000071'), ('/coc/cedarp-dxu345-0/Tsim_datasets2/circle/basic/episode_T_circle_obs5_000072.zarr', 'episode_T_circle_obs5_000072'), ('/coc/cedarp-dxu345-0/Tsim_datasets2/circle/basic/episode_T_circle_obs5_000073.zarr', 'episode_T_circle_obs5_000073'), ('/coc/cedarp-dxu345-0/Tsim_datasets2/circle/basic/episode_T_circle_obs5_000074.zarr', 'episode_T_circle_obs5_000074'), ('/coc/cedarp-dxu345-0/Tsim_datasets2/circle/basic/episode_T_circle_obs5_000075.zarr', 'episode_T_circle_obs5_000075'), ('/coc/cedarp-dxu345-0/Tsim_datasets2/circle/basic/episode_T_circle_obs5_000076.zarr', 'episode_T_circle_obs5_000076'), ('/coc/cedarp-dxu345-0/Tsim_datasets2/circle/basic/episode_T_circle_obs5_000077.zarr', 'episode_T_circle_obs5_000077'), ('/coc/cedarp-dxu345-0/Tsim_datasets2/circle/basic/episode_T_circle_obs5_000078.zarr', 'episode_T_circle_obs5_000078'), ('/coc/cedarp-dxu345-0/Tsim_datasets2/circle/basic/episode_T_circle_obs5_000079.zarr', 'episode_T_circle_obs5_000079'), ('/coc/cedarp-dxu345-0/Tsim_datasets2/circle/basic/episode_T_circle_obs5_000080.zarr', 'episode_T_circle_obs5_000080'), ('/coc/cedarp-dxu345-0/Tsim_datasets2/circle/basic/episode_T_circle_obs5_000081.zarr', 'episode_T_circle_obs5_000081'), ('/coc/cedarp-dxu345-0/Tsim_datasets2/circle/basic/episode_T_circle_obs5_000082.zarr', 'episode_T_circle_obs5_000082'), ('/coc/cedarp-dxu345-0/Tsim_datasets2/circle/basic/episode_T_circle_obs5_000083.zarr', 'episode_T_circle_obs5_000083'), ('/coc/cedarp-dxu345-0/Tsim_datasets2/circle/basic/episode_T_circle_obs6_000084.zarr', 'episode_T_circle_obs6_000084'), ('/coc/cedarp-dxu345-0/Tsim_datasets2/circle/basic/episode_T_circle_obs6_000085.zarr', 'episode_T_circle_obs6_000085'), ('/coc/cedarp-dxu345-0/Tsim_datasets2/circle/basic/episode_T_circle_obs6_000086.zarr', 'episode_T_circle_obs6_000086'), ('/coc/cedarp-dxu345-0/Tsim_datasets2/circle/basic/episode_T_circle_obs6_000087.zarr', 'episode_T_circle_obs6_000087'), ('/coc/cedarp-dxu345-0/Tsim_datasets2/circle/basic/episode_T_circle_obs6_000088.zarr', 'episode_T_circle_obs6_000088'), ('/coc/cedarp-dxu345-0/Tsim_datasets2/circle/basic/episode_T_circle_obs6_000089.zarr', 'episode_T_circle_obs6_000089'), ('/coc/cedarp-dxu345-0/Tsim_datasets2/circle/basic/episode_T_circle_obs6_000090.zarr', 'episode_T_circle_obs6_000090'), ('/coc/cedarp-dxu345-0/Tsim_datasets2/circle/basic/episode_T_circle_obs6_000091.zarr', 'episode_T_circle_obs6_000091'), ('/coc/cedarp-dxu345-0/Tsim_datasets2/circle/basic/episode_T_circle_obs6_000092.zarr', 'episode_T_circle_obs6_000092'), ('/coc/cedarp-dxu345-0/Tsim_datasets2/circle/basic/episode_T_circle_obs6_000093.zarr', 'episode_T_circle_obs6_000093'), ('/coc/cedarp-dxu345-0/Tsim_datasets2/circle/basic/episode_T_circle_obs7_000094.zarr', 'episode_T_circle_obs7_000094'), ('/coc/cedarp-dxu345-0/Tsim_datasets2/circle/basic/episode_T_circle_obs7_000095.zarr', 'episode_T_circle_obs7_000095'), ('/coc/cedarp-dxu345-0/Tsim_datasets2/circle/basic/episode_T_circle_obs7_000096.zarr', 'episode_T_circle_obs7_000096'), ('/coc/cedarp-dxu345-0/Tsim_datasets2/circle/basic/episode_T_circle_obs7_000097.zarr', 'episode_T_circle_obs7_000097'), ('/coc/cedarp-dxu345-0/Tsim_datasets2/circle/basic/episode_T_circle_obs7_000098.zarr', 'episode_T_circle_obs7_000098'), ('/coc/cedarp-dxu345-0/Tsim_datasets2/circle/basic/episode_T_circle_obs7_000099.zarr', 'episode_T_circle_obs7_000099'), ('/coc/cedarp-dxu345-0/Tsim_datasets2/circle/basic/episode_T_circle_obs7_000100.zarr', 'episode_T_circle_obs7_000100'), ('/coc/cedarp-dxu345-0/Tsim_datasets2/circle/basic/episode_T_circle_obs7_000101.zarr', 'episode_T_circle_obs7_000101'), ('/coc/cedarp-dxu345-0/Tsim_datasets2/circle/basic/episode_T_circle_obs7_000102.zarr', 'episode_T_circle_obs7_000102'), ('/coc/cedarp-dxu345-0/Tsim_datasets2/circle/basic/episode_T_circle_obs7_000103.zarr', 'episode_T_circle_obs7_000103'), ('/coc/cedarp-dxu345-0/Tsim_datasets2/circle/basic/episode_T_circle_obs8_000104.zarr', 'episode_T_circle_obs8_000104'), ('/coc/cedarp-dxu345-0/Tsim_datasets2/circle/basic/episode_T_circle_obs8_000105.zarr', 'episode_T_circle_obs8_000105'), ('/coc/cedarp-dxu345-0/Tsim_datasets2/circle/basic/episode_T_circle_obs8_000106.zarr', 'episode_T_circle_obs8_000106'), ('/coc/cedarp-dxu345-0/Tsim_datasets2/circle/basic/episode_T_circle_obs8_000107.zarr', 'episode_T_circle_obs8_000107'), ('/coc/cedarp-dxu345-0/Tsim_datasets2/circle/basic/episode_T_circle_obs8_000108.zarr', 'episode_T_circle_obs8_000108'), ('/coc/cedarp-dxu345-0/Tsim_datasets2/circle/basic/episode_T_circle_obs8_000109.zarr', 'episode_T_circle_obs8_000109'), ('/coc/cedarp-dxu345-0/Tsim_datasets2/circle/basic/episode_T_circle_obs8_000110.zarr', 'episode_T_circle_obs8_000110'), ('/coc/cedarp-dxu345-0/Tsim_datasets2/circle/basic/episode_T_circle_obs8_000111.zarr', 'episode_T_circle_obs8_000111'), ('/coc/cedarp-dxu345-0/Tsim_datasets2/circle/basic/episode_T_circle_obs8_000112.zarr', 'episode_T_circle_obs8_000112'), ('/coc/cedarp-dxu345-0/Tsim_datasets2/circle/basic/episode_T_circle_obs8_000113.zarr', 'episode_T_circle_obs8_000113'), ('/coc/cedarp-dxu345-0/Tsim_datasets2/circle/basic/episode_T_circle_obs9_000114.zarr', 'episode_T_circle_obs9_000114'), ('/coc/cedarp-dxu345-0/Tsim_datasets2/circle/basic/episode_T_circle_obs9_000115.zarr', 'episode_T_circle_obs9_000115'), ('/coc/cedarp-dxu345-0/Tsim_datasets2/circle/basic/episode_T_circle_obs9_000116.zarr', 'episode_T_circle_obs9_000116'), ('/coc/cedarp-dxu345-0/Tsim_datasets2/circle/basic/episode_T_circle_obs9_000117.zarr', 'episode_T_circle_obs9_000117'), ('/coc/cedarp-dxu345-0/Tsim_datasets2/circle/basic/episode_T_circle_obs9_000118.zarr', 'episode_T_circle_obs9_000118'), ('/coc/cedarp-dxu345-0/Tsim_datasets2/circle/basic/episode_T_circle_obs9_000119.zarr', 'episode_T_circle_obs9_000119'), ('/coc/cedarp-dxu345-0/Tsim_datasets2/circle/basic/episode_T_circle_obs9_000120.zarr', 'episode_T_circle_obs9_000120'), ('/coc/cedarp-dxu345-0/Tsim_datasets2/circle/basic/episode_T_circle_obs9_000121.zarr', 'episode_T_circle_obs9_000121'), ('/coc/cedarp-dxu345-0/Tsim_datasets2/circle/basic/episode_T_circle_obs9_000122.zarr', 'episode_T_circle_obs9_000122'), ('/coc/cedarp-dxu345-0/Tsim_datasets2/circle/basic/episode_T_circle_obs9_000123.zarr', 'episode_T_circle_obs9_000123')]
[2026-06-16 03:53:18,771][egomimic.rldb.zarr.zarr_dataset_multi][INFO] - Valid folder names: {'episode_T_circle_obs0_000194', 'episode_T_circle_obs2_000274', 'episode_T_circle_obs2_000056', 'episode_T_circle_obs1_000045', 'episode_T_circle_obs1_000050', 'episode_T_circle_obs7_000102', 'episode_T_circle_obs1_000017', 'episode_T_circle_obs1_000261', 'episode_T_circle_obs0_000204', 'episode_T_circle_obs0_000011', 'episode_T_circle_obs5_000082', 'episode_T_circle_obs1_000255', 'episode_T_circle_obs0_000203', 'episode_T_circle_obs10_000155', 'episode_T_circle_obs0_000232', 'episode_T_circle_obs10_000149', 'episode_T_circle_obs0_000040', 'episode_T_circle_obs1_000046', 'episode_T_circle_obs1_000047', 'episode_T_circle_obs2_000290', 'episode_T_circle_obs1_000044', 'episode_T_circle_obs0_000012', 'episode_T_circle_obs11_000161', 'episode_T_circle_obs2_000028', 'episode_T_circle_obs0_000210', 'episode_T_circle_obs0_000211', 'episode_T_circle_obs0_000242', 'episode_T_circle_obs4_000065', 'episode_T_circle_obs0_000006', 'episode_T_circle_obs15_000143', 'episode_T_circle_obs15_000141', 'episode_T_circle_obs1_000171', 'episode_T_circle_obs1_000257', 'episode_T_circle_obs0_000034', 'episode_T_circle_obs2_000271', 'episode_T_circle_obs5_000077', 'episode_T_circle_obs10_000151', 'episode_T_circle_obs2_000289', 'episode_T_circle_obs2_000264', 'episode_T_circle_obs1_000172', 'episode_T_circle_obs2_000023', 'episode_T_circle_obs3_000003', 'episode_T_circle_obs0_000241', 'episode_T_circle_obs10_000150', 'episode_T_circle_obs15_000136', 'episode_T_circle_obs1_000048', 'episode_T_circle_obs8_000106', 'episode_T_circle_obs2_000060', 'episode_T_circle_obs2_000052', 'episode_T_circle_obs10_000154', 'episode_T_circle_obs7_000095', 'episode_T_circle_obs1_000253', 'episode_T_circle_obs2_000057', 'episode_T_circle_obs8_000104', 'episode_T_circle_obs1_000164', 'episode_T_circle_obs3_000007', 'episode_T_circle_obs0_000228', 'episode_T_circle_obs0_000193', 'episode_T_circle_obs15_000135', 'episode_T_circle_obs1_000010', 'episode_T_circle_obs2_000286', 'episode_T_circle_obs11_000159', 'episode_T_circle_obs1_000166', 'episode_T_circle_obs0_000221', 'episode_T_circle_obs4_000063', 'episode_T_circle_obs8_000112', 'episode_T_circle_obs0_000185', 'episode_T_circle_obs9_000120', 'episode_T_circle_obs0_000230', 'episode_T_circle_obs6_000092', 'episode_T_circle_obs2_000030', 'episode_T_circle_obs0_000039', 'episode_T_circle_obs2_000266', 'episode_T_circle_obs0_000013', 'episode_T_circle_obs0_000183', 'episode_T_circle_obs11_000157', 'episode_T_circle_obs2_000273', 'episode_T_circle_obs1_000169', 'episode_T_circle_obs2_000263', 'episode_T_circle_obs2_000269', 'episode_T_circle_obs13_000128', 'episode_T_circle_obs6_000084', 'episode_T_circle_obs2_000281', 'episode_T_circle_obs7_000096', 'episode_T_circle_obs2_000268', 'episode_T_circle_obs5_000080', 'episode_T_circle_obs5_000083', 'episode_T_circle_obs2_000020', 'episode_T_circle_obs2_000021', 'episode_T_circle_obs10_000156', 'episode_T_circle_obs4_000064', 'episode_T_circle_obs5_000081', 'episode_T_circle_obs0_000184', 'episode_T_circle_obs1_000012', 'episode_T_circle_obs7_000100', 'episode_T_circle_obs0_000187', 'episode_T_circle_obs8_000111', 'episode_T_circle_obs2_000272', 'episode_T_circle_obs4_000068', 'episode_T_circle_obs0_000195', 'episode_T_circle_obs0_000015', 'episode_T_circle_obs5_000075', 'episode_T_circle_obs8_000113', 'episode_T_circle_obs15_000139', 'episode_T_circle_obs3_000006', 'episode_T_circle_obs3_000004', 'episode_T_circle_obs0_000227', 'episode_T_circle_obs0_000181', 'episode_T_circle_obs0_000218', 'episode_T_circle_obs0_000225', 'episode_T_circle_obs0_000234', 'episode_T_circle_obs4_000067', 'episode_T_circle_obs2_000025', 'episode_T_circle_obs5_000072', 'episode_T_circle_obs5_000078', 'episode_T_circle_obs0_000224', 'episode_T_circle_obs13_000124', 'episode_T_circle_obs1_000259', 'episode_T_circle_obs4_000069', 'episode_T_circle_obs0_000188', 'episode_T_circle_obs2_000054', 'episode_T_circle_obs0_000219', 'episode_T_circle_obs2_000275', 'episode_T_circle_obs3_000005', 'episode_T_circle_obs2_000022', 'episode_T_circle_obs2_000265', 'episode_T_circle_obs0_000189', 'episode_T_circle_obs6_000086', 'episode_T_circle_obs0_000209', 'episode_T_circle_obs5_000076', 'episode_T_circle_obs2_000287', 'episode_T_circle_obs0_000019', 'episode_T_circle_obs1_000019', 'episode_T_circle_obs7_000097', 'episode_T_circle_obs2_000288', 'episode_T_circle_obs1_000015', 'episode_T_circle_obs2_000267', 'episode_T_circle_obs0_000237', 'episode_T_circle_obs1_000014', 'episode_T_circle_obs15_000138', 'episode_T_circle_obs0_000018', 'episode_T_circle_obs2_000283', 'episode_T_circle_obs5_000071', 'episode_T_circle_obs10_000131', 'episode_T_circle_obs7_000099', 'episode_T_circle_obs7_000103', 'episode_T_circle_obs4_000066', 'episode_T_circle_obs1_000168', 'episode_T_circle_obs0_000238', 'episode_T_circle_obs2_000059', 'episode_T_circle_obs0_000017', 'episode_T_circle_obs0_000205', 'episode_T_circle_obs10_000134', 'episode_T_circle_obs9_000114', 'episode_T_circle_obs0_000208', 'episode_T_circle_obs1_000249', 'episode_T_circle_obs1_000170', 'episode_T_circle_obs0_000239', 'episode_T_circle_obs1_000246', 'episode_T_circle_obs9_000118', 'episode_T_circle_obs0_000007', 'episode_T_circle_obs10_000148', 'episode_T_circle_obs0_000186', 'episode_T_circle_obs1_000252', 'episode_T_circle_obs0_000201', 'episode_T_circle_obs2_000282', 'episode_T_circle_obs9_000116', 'episode_T_circle_obs8_000110', 'episode_T_circle_obs7_000101', 'episode_T_circle_obs1_000254', 'episode_T_circle_obs0_000240', 'episode_T_circle_obs2_000029', 'episode_T_circle_obs6_000085', 'episode_T_circle_obs6_000091', 'episode_T_circle_obs9_000121', 'episode_T_circle_obs0_000215', 'episode_T_circle_obs0_000033', 'episode_T_circle_obs2_000262', 'episode_T_circle_obs5_000079', 'episode_T_circle_obs13_000127', 'episode_T_circle_obs0_000175', 'episode_T_circle_obs0_000036', 'episode_T_circle_obs5_000074', 'episode_T_circle_obs0_000192', 'episode_T_circle_obs11_000158', 'episode_T_circle_obs0_000177', 'episode_T_circle_obs2_000276', 'episode_T_circle_obs4_000062', 'episode_T_circle_obs2_000279', 'episode_T_circle_obs9_000117', 'episode_T_circle_obs0_000037', 'episode_T_circle_obs2_000270', 'episode_T_circle_obs1_000162', 'episode_T_circle_obs0_000236', 'episode_T_circle_obs0_000197', 'episode_T_circle_obs0_000031', 'episode_T_circle_obs0_000179', 'episode_T_circle_obs1_000258', 'episode_T_circle_obs15_000142', 'episode_T_circle_obs0_000206', 'episode_T_circle_obs9_000119', 'episode_T_circle_obs0_000207', 'episode_T_circle_obs0_000214', 'episode_T_circle_obs1_000250', 'episode_T_circle_obs0_000212', 'episode_T_circle_obs6_000093', 'episode_T_circle_obs9_000115', 'episode_T_circle_obs0_000008', 'episode_T_circle_obs0_000178', 'episode_T_circle_obs0_000217', 'episode_T_circle_obs15_000144', 'episode_T_circle_obs15_000137', 'episode_T_circle_obs0_000243', 'episode_T_circle_obs6_000089', 'episode_T_circle_obs1_000260', 'episode_T_circle_obs2_000280', 'episode_T_circle_obs0_000032', 'episode_T_circle_obs13_000126', 'episode_T_circle_obs0_000002', 'episode_T_circle_obs9_000123', 'episode_T_circle_obs0_000005', 'episode_T_circle_obs0_000235', 'episode_T_circle_obs2_000277', 'episode_T_circle_obs2_000027', 'episode_T_circle_obs1_000248', 'episode_T_circle_obs9_000122', 'episode_T_circle_obs0_000244', 'episode_T_circle_obs4_000070', 'episode_T_circle_obs0_000231', 'episode_T_circle_obs0_000213', 'episode_T_circle_obs1_000251', 'episode_T_circle_obs0_000182', 'episode_T_circle_obs0_000038', 'episode_T_circle_obs0_000216', 'episode_T_circle_obs2_000051', 'episode_T_circle_obs5_000073', 'episode_T_circle_obs6_000087', 'episode_T_circle_obs10_000147', 'episode_T_circle_obs0_000233', 'episode_T_circle_obs0_000190', 'episode_T_circle_obs6_000090', 'episode_T_circle_obs0_000003', 'episode_T_circle_obs4_000061', 'episode_T_circle_obs0_000200', 'episode_T_circle_obs8_000108', 'episode_T_circle_obs1_000049', 'episode_T_circle_obs0_000199', 'episode_T_circle_obs13_000125', 'episode_T_circle_obs3_000001', 'episode_T_circle_obs0_000035', 'episode_T_circle_obs2_000278', 'episode_T_circle_obs2_000284', 'episode_T_circle_obs10_000130', 'episode_T_circle_obs8_000105', 'episode_T_circle_obs10_000133', 'episode_T_circle_obs13_000129', 'episode_T_circle_obs0_000000', 'episode_T_circle_obs0_000010', 'episode_T_circle_obs1_000247', 'episode_T_circle_obs10_000153', 'episode_T_circle_obs1_000163', 'episode_T_circle_obs3_000008', 'episode_T_circle_obs2_000024', 'episode_T_circle_obs10_000145', 'episode_T_circle_obs2_000026', 'episode_T_circle_obs1_000245', 'episode_T_circle_obs1_000042', 'episode_T_circle_obs1_000041', 'episode_T_circle_obs0_000220', 'episode_T_circle_obs8_000109', 'episode_T_circle_obs10_000152', 'episode_T_circle_obs0_000176', 'episode_T_circle_obs2_000053', 'episode_T_circle_obs1_000256', 'episode_T_circle_obs0_000191', 'episode_T_circle_obs0_000014', 'episode_T_circle_obs0_000004', 'episode_T_circle_obs0_000222', 'episode_T_circle_obs0_000001', 'episode_T_circle_obs1_000173', 'episode_T_circle_obs0_000198', 'episode_T_circle_obs0_000196', 'episode_T_circle_obs10_000146', 'episode_T_circle_obs2_000285', 'episode_T_circle_obs0_000009', 'episode_T_circle_obs0_000226', 'episode_T_circle_obs1_000013', 'episode_T_circle_obs0_000229', 'episode_T_circle_obs0_000223', 'episode_T_circle_obs1_000165', 'episode_T_circle_obs1_000018', 'episode_T_circle_obs1_000016', 'episode_T_circle_obs11_000160', 'episode_T_circle_obs2_000055', 'episode_T_circle_obs8_000107', 'episode_T_circle_obs0_000016', 'episode_T_circle_obs2_000058', 'episode_T_circle_obs15_000140', 'episode_T_circle_obs6_000088', 'episode_T_circle_obs7_000098', 'episode_T_circle_obs10_000132', 'episode_T_circle_obs3_000002', 'episode_T_circle_obs3_000000', 'episode_T_circle_obs7_000094', 'episode_T_circle_obs1_000043', 'episode_T_circle_obs0_000202', 'episode_T_circle_obs1_000011', 'episode_T_circle_obs3_000009', 'episode_T_circle_obs1_000167', 'episode_T_circle_obs0_000180', 'episode_T_circle_obs1_000174'}
[2026-06-16 03:53:19,510][__main__][INFO] - [rank: 0] Instantiating datamodule <egomimic.pl_utils.pl_data_utils.MultiDataModuleWrapper>
[2026-06-16 03:53:21,816][__main__][INFO] - [rank: 0] Inferring shapes for dataset <pushshapes_sim>
[2026-06-16 03:53:24,789][egomimic.rldb.zarr.zarr_dataset_multi][INFO] - Local filtered paths: [('/coc/cedarp-dxu345-0/Tsim_datasets2/circle/basic/episode_T_circle_obs0_000000.zarr', 'episode_T_circle_obs0_000000'), ('/coc/cedarp-dxu345-0/Tsim_datasets2/circle/basic/episode_T_circle_obs0_000001.zarr', 'episode_T_circle_obs0_000001'), ('/coc/cedarp-dxu345-0/Tsim_datasets2/circle/basic/episode_T_circle_obs0_000002.zarr', 'episode_T_circle_obs0_000002'), ('/coc/cedarp-dxu345-0/Tsim_datasets2/circle/basic/episode_T_circle_obs0_000003.zarr', 'episode_T_circle_obs0_000003'), ('/coc/cedarp-dxu345-0/Tsim_datasets2/circle/basic/episode_T_circle_obs0_000004.zarr', 'episode_T_circle_obs0_000004'), ('/coc/cedarp-dxu345-0/Tsim_datasets2/circle/basic/episode_T_circle_obs0_000005.zarr', 'episode_T_circle_obs0_000005'), ('/coc/cedarp-dxu345-0/Tsim_datasets2/circle/basic/episode_T_circle_obs0_000006.zarr', 'episode_T_circle_obs0_000006'), ('/coc/cedarp-dxu345-0/Tsim_datasets2/circle/basic/episode_T_circle_obs0_000007.zarr', 'episode_T_circle_obs0_000007'), ('/coc/cedarp-dxu345-0/Tsim_datasets2/circle/basic/episode_T_circle_obs0_000008.zarr', 'episode_T_circle_obs0_000008'), ('/coc/cedarp-dxu345-0/Tsim_datasets2/circle/basic/episode_T_circle_obs0_000009.zarr', 'episode_T_circle_obs0_000009'), ('/coc/cedarp-dxu345-0/Tsim_datasets2/circle/basic/episode_T_circle_obs0_000010.zarr', 'episode_T_circle_obs0_000010'), ('/coc/cedarp-dxu345-0/Tsim_datasets2/circle/basic/episode_T_circle_obs0_000011.zarr', 'episode_T_circle_obs0_000011'), ('/coc/cedarp-dxu345-0/Tsim_datasets2/circle/basic/episode_T_circle_obs0_000012.zarr', 'episode_T_circle_obs0_000012'), ('/coc/cedarp-dxu345-0/Tsim_datasets2/circle/basic/episode_T_circle_obs0_000013.zarr', 'episode_T_circle_obs0_000013'), ('/coc/cedarp-dxu345-0/Tsim_datasets2/circle/basic/episode_T_circle_obs0_000014.zarr', 'episode_T_circle_obs0_000014'), ('/coc/cedarp-dxu345-0/Tsim_datasets2/circle/basic/episode_T_circle_obs0_000015.zarr', 'episode_T_circle_obs0_000015'), ('/coc/cedarp-dxu345-0/Tsim_datasets2/circle/basic/episode_T_circle_obs0_000016.zarr', 'episode_T_circle_obs0_000016'), ('/coc/cedarp-dxu345-0/Tsim_datasets2/circle/basic/episode_T_circle_obs0_000017.zarr', 'episode_T_circle_obs0_000017'), ('/coc/cedarp-dxu345-0/Tsim_datasets2/circle/basic/episode_T_circle_obs0_000018.zarr', 'episode_T_circle_obs0_000018'), ('/coc/cedarp-dxu345-0/Tsim_datasets2/circle/basic/episode_T_circle_obs0_000019.zarr', 'episode_T_circle_obs0_000019'), ('/coc/cedarp-dxu345-0/Tsim_datasets2/circle/basic/episode_T_circle_obs0_000031.zarr', 'episode_T_circle_obs0_000031'), ('/coc/cedarp-dxu345-0/Tsim_datasets2/circle/basic/episode_T_circle_obs0_000032.zarr', 'episode_T_circle_obs0_000032'), ('/coc/cedarp-dxu345-0/Tsim_datasets2/circle/basic/episode_T_circle_obs0_000033.zarr', 'episode_T_circle_obs0_000033'), ('/coc/cedarp-dxu345-0/Tsim_datasets2/circle/basic/episode_T_circle_obs0_000034.zarr', 'episode_T_circle_obs0_000034'), ('/coc/cedarp-dxu345-0/Tsim_datasets2/circle/basic/episode_T_circle_obs0_000035.zarr', 'episode_T_circle_obs0_000035'), ('/coc/cedarp-dxu345-0/Tsim_datasets2/circle/basic/episode_T_circle_obs0_000036.zarr', 'episode_T_circle_obs0_000036'), ('/coc/cedarp-dxu345-0/Tsim_datasets2/circle/basic/episode_T_circle_obs0_000037.zarr', 'episode_T_circle_obs0_000037'), ('/coc/cedarp-dxu345-0/Tsim_datasets2/circle/basic/episode_T_circle_obs0_000038.zarr', 'episode_T_circle_obs0_000038'), ('/coc/cedarp-dxu345-0/Tsim_datasets2/circle/basic/episode_T_circle_obs0_000039.zarr', 'episode_T_circle_obs0_000039'), ('/coc/cedarp-dxu345-0/Tsim_datasets2/circle/basic/episode_T_circle_obs0_000040.zarr', 'episode_T_circle_obs0_000040'), ('/coc/cedarp-dxu345-0/Tsim_datasets2/circle/basic/episode_T_circle_obs0_000175.zarr', 'episode_T_circle_obs0_000175'), ('/coc/cedarp-dxu345-0/Tsim_datasets2/circle/basic/episode_T_circle_obs0_000176.zarr', 'episode_T_circle_obs0_000176'), ('/coc/cedarp-dxu345-0/Tsim_datasets2/circle/basic/episode_T_circle_obs0_000177.zarr', 'episode_T_circle_obs0_000177'), ('/coc/cedarp-dxu345-0/Tsim_datasets2/circle/basic/episode_T_circle_obs0_000178.zarr', 'episode_T_circle_obs0_000178'), ('/coc/cedarp-dxu345-0/Tsim_datasets2/circle/basic/episode_T_circle_obs0_000179.zarr', 'episode_T_circle_obs0_000179'), ('/coc/cedarp-dxu345-0/Tsim_datasets2/circle/basic/episode_T_circle_obs0_000180.zarr', 'episode_T_circle_obs0_000180'), ('/coc/cedarp-dxu345-0/Tsim_datasets2/circle/basic/episode_T_circle_obs0_000181.zarr', 'episode_T_circle_obs0_000181'), ('/coc/cedarp-dxu345-0/Tsim_datasets2/circle/basic/episode_T_circle_obs0_000182.zarr', 'episode_T_circle_obs0_000182'), ('/coc/cedarp-dxu345-0/Tsim_datasets2/circle/basic/episode_T_circle_obs0_000183.zarr', 'episode_T_circle_obs0_000183'), ('/coc/cedarp-dxu345-0/Tsim_datasets2/circle/basic/episode_T_circle_obs0_000184.zarr', 'episode_T_circle_obs0_000184'), ('/coc/cedarp-dxu345-0/Tsim_datasets2/circle/basic/episode_T_circle_obs0_000185.zarr', 'episode_T_circle_obs0_000185'), ('/coc/cedarp-dxu345-0/Tsim_datasets2/circle/basic/episode_T_circle_obs0_000186.zarr', 'episode_T_circle_obs0_000186'), ('/coc/cedarp-dxu345-0/Tsim_datasets2/circle/basic/episode_T_circle_obs0_000187.zarr', 'episode_T_circle_obs0_000187'), ('/coc/cedarp-dxu345-0/Tsim_datasets2/circle/basic/episode_T_circle_obs0_000188.zarr', 'episode_T_circle_obs0_000188'), ('/coc/cedarp-dxu345-0/Tsim_datasets2/circle/basic/episode_T_circle_obs0_000189.zarr', 'episode_T_circle_obs0_000189'), ('/coc/cedarp-dxu345-0/Tsim_datasets2/circle/basic/episode_T_circle_obs0_000190.zarr', 'episode_T_circle_obs0_000190'), ('/coc/cedarp-dxu345-0/Tsim_datasets2/circle/basic/episode_T_circle_obs0_000191.zarr', 'episode_T_circle_obs0_000191'), ('/coc/cedarp-dxu345-0/Tsim_datasets2/circle/basic/episode_T_circle_obs0_000192.zarr', 'episode_T_circle_obs0_000192'), ('/coc/cedarp-dxu345-0/Tsim_datasets2/circle/basic/episode_T_circle_obs0_000193.zarr', 'episode_T_circle_obs0_000193'), ('/coc/cedarp-dxu345-0/Tsim_datasets2/circle/basic/episode_T_circle_obs0_000194.zarr', 'episode_T_circle_obs0_000194'), ('/coc/cedarp-dxu345-0/Tsim_datasets2/circle/basic/episode_T_circle_obs0_000195.zarr', 'episode_T_circle_obs0_000195'), ('/coc/cedarp-dxu345-0/Tsim_datasets2/circle/basic/episode_T_circle_obs0_000196.zarr', 'episode_T_circle_obs0_000196'), ('/coc/cedarp-dxu345-0/Tsim_datasets2/circle/basic/episode_T_circle_obs0_000197.zarr', 'episode_T_circle_obs0_000197'), ('/coc/cedarp-dxu345-0/Tsim_datasets2/circle/basic/episode_T_circle_obs0_000198.zarr', 'episode_T_circle_obs0_000198'), ('/coc/cedarp-dxu345-0/Tsim_datasets2/circle/basic/episode_T_circle_obs0_000199.zarr', 'episode_T_circle_obs0_000199'), ('/coc/cedarp-dxu345-0/Tsim_datasets2/circle/basic/episode_T_circle_obs0_000200.zarr', 'episode_T_circle_obs0_000200'), ('/coc/cedarp-dxu345-0/Tsim_datasets2/circle/basic/episode_T_circle_obs0_000201.zarr', 'episode_T_circle_obs0_000201'), ('/coc/cedarp-dxu345-0/Tsim_datasets2/circle/basic/episode_T_circle_obs0_000202.zarr', 'episode_T_circle_obs0_000202'), ('/coc/cedarp-dxu345-0/Tsim_datasets2/circle/basic/episode_T_circle_obs0_000203.zarr', 'episode_T_circle_obs0_000203'), ('/coc/cedarp-dxu345-0/Tsim_datasets2/circle/basic/episode_T_circle_obs0_000204.zarr', 'episode_T_circle_obs0_000204'), ('/coc/cedarp-dxu345-0/Tsim_datasets2/circle/basic/episode_T_circle_obs0_000205.zarr', 'episode_T_circle_obs0_000205'), ('/coc/cedarp-dxu345-0/Tsim_datasets2/circle/basic/episode_T_circle_obs0_000206.zarr', 'episode_T_circle_obs0_000206'), ('/coc/cedarp-dxu345-0/Tsim_datasets2/circle/basic/episode_T_circle_obs0_000207.zarr', 'episode_T_circle_obs0_000207'), ('/coc/cedarp-dxu345-0/Tsim_datasets2/circle/basic/episode_T_circle_obs0_000208.zarr', 'episode_T_circle_obs0_000208'), ('/coc/cedarp-dxu345-0/Tsim_datasets2/circle/basic/episode_T_circle_obs0_000209.zarr', 'episode_T_circle_obs0_000209'), ('/coc/cedarp-dxu345-0/Tsim_datasets2/circle/basic/episode_T_circle_obs0_000210.zarr', 'episode_T_circle_obs0_000210'), ('/coc/cedarp-dxu345-0/Tsim_datasets2/circle/basic/episode_T_circle_obs0_000211.zarr', 'episode_T_circle_obs0_000211'), ('/coc/cedarp-dxu345-0/Tsim_datasets2/circle/basic/episode_T_circle_obs0_000212.zarr', 'episode_T_circle_obs0_000212'), ('/coc/cedarp-dxu345-0/Tsim_datasets2/circle/basic/episode_T_circle_obs0_000213.zarr', 'episode_T_circle_obs0_000213'), ('/coc/cedarp-dxu345-0/Tsim_datasets2/circle/basic/episode_T_circle_obs0_000214.zarr', 'episode_T_circle_obs0_000214'), ('/coc/cedarp-dxu345-0/Tsim_datasets2/circle/basic/episode_T_circle_obs0_000215.zarr', 'episode_T_circle_obs0_000215'), ('/coc/cedarp-dxu345-0/Tsim_datasets2/circle/basic/episode_T_circle_obs0_000216.zarr', 'episode_T_circle_obs0_000216'), ('/coc/cedarp-dxu345-0/Tsim_datasets2/circle/basic/episode_T_circle_obs0_000217.zarr', 'episode_T_circle_obs0_000217'), ('/coc/cedarp-dxu345-0/Tsim_datasets2/circle/basic/episode_T_circle_obs0_000218.zarr', 'episode_T_circle_obs0_000218'), ('/coc/cedarp-dxu345-0/Tsim_datasets2/circle/basic/episode_T_circle_obs0_000219.zarr', 'episode_T_circle_obs0_000219'), ('/coc/cedarp-dxu345-0/Tsim_datasets2/circle/basic/episode_T_circle_obs0_000220.zarr', 'episode_T_circle_obs0_000220'), ('/coc/cedarp-dxu345-0/Tsim_datasets2/circle/basic/episode_T_circle_obs0_000221.zarr', 'episode_T_circle_obs0_000221'), ('/coc/cedarp-dxu345-0/Tsim_datasets2/circle/basic/episode_T_circle_obs0_000222.zarr', 'episode_T_circle_obs0_000222'), ('/coc/cedarp-dxu345-0/Tsim_datasets2/circle/basic/episode_T_circle_obs0_000223.zarr', 'episode_T_circle_obs0_000223'), ('/coc/cedarp-dxu345-0/Tsim_datasets2/circle/basic/episode_T_circle_obs0_000224.zarr', 'episode_T_circle_obs0_000224'), ('/coc/cedarp-dxu345-0/Tsim_datasets2/circle/basic/episode_T_circle_obs0_000225.zarr', 'episode_T_circle_obs0_000225'), ('/coc/cedarp-dxu345-0/Tsim_datasets2/circle/basic/episode_T_circle_obs0_000226.zarr', 'episode_T_circle_obs0_000226'), ('/coc/cedarp-dxu345-0/Tsim_datasets2/circle/basic/episode_T_circle_obs0_000227.zarr', 'episode_T_circle_obs0_000227'), ('/coc/cedarp-dxu345-0/Tsim_datasets2/circle/basic/episode_T_circle_obs0_000228.zarr', 'episode_T_circle_obs0_000228'), ('/coc/cedarp-dxu345-0/Tsim_datasets2/circle/basic/episode_T_circle_obs0_000229.zarr', 'episode_T_circle_obs0_000229'), ('/coc/cedarp-dxu345-0/Tsim_datasets2/circle/basic/episode_T_circle_obs0_000230.zarr', 'episode_T_circle_obs0_000230'), ('/coc/cedarp-dxu345-0/Tsim_datasets2/circle/basic/episode_T_circle_obs0_000231.zarr', 'episode_T_circle_obs0_000231'), ('/coc/cedarp-dxu345-0/Tsim_datasets2/circle/basic/episode_T_circle_obs0_000232.zarr', 'episode_T_circle_obs0_000232'), ('/coc/cedarp-dxu345-0/Tsim_datasets2/circle/basic/episode_T_circle_obs0_000233.zarr', 'episode_T_circle_obs0_000233'), ('/coc/cedarp-dxu345-0/Tsim_datasets2/circle/basic/episode_T_circle_obs0_000234.zarr', 'episode_T_circle_obs0_000234'), ('/coc/cedarp-dxu345-0/Tsim_datasets2/circle/basic/episode_T_circle_obs0_000235.zarr', 'episode_T_circle_obs0_000235'), ('/coc/cedarp-dxu345-0/Tsim_datasets2/circle/basic/episode_T_circle_obs0_000236.zarr', 'episode_T_circle_obs0_000236'), ('/coc/cedarp-dxu345-0/Tsim_datasets2/circle/basic/episode_T_circle_obs0_000237.zarr', 'episode_T_circle_obs0_000237'), ('/coc/cedarp-dxu345-0/Tsim_datasets2/circle/basic/episode_T_circle_obs0_000238.zarr', 'episode_T_circle_obs0_000238'), ('/coc/cedarp-dxu345-0/Tsim_datasets2/circle/basic/episode_T_circle_obs0_000239.zarr', 'episode_T_circle_obs0_000239'), ('/coc/cedarp-dxu345-0/Tsim_datasets2/circle/basic/episode_T_circle_obs0_000240.zarr', 'episode_T_circle_obs0_000240'), ('/coc/cedarp-dxu345-0/Tsim_datasets2/circle/basic/episode_T_circle_obs0_000241.zarr', 'episode_T_circle_obs0_000241'), ('/coc/cedarp-dxu345-0/Tsim_datasets2/circle/basic/episode_T_circle_obs0_000242.zarr', 'episode_T_circle_obs0_000242'), ('/coc/cedarp-dxu345-0/Tsim_datasets2/circle/basic/episode_T_circle_obs0_000243.zarr', 'episode_T_circle_obs0_000243'), ('/coc/cedarp-dxu345-0/Tsim_datasets2/circle/basic/episode_T_circle_obs0_000244.zarr', 'episode_T_circle_obs0_000244'), ('/coc/cedarp-dxu345-0/Tsim_datasets2/circle/basic/episode_T_circle_obs10_000130.zarr', 'episode_T_circle_obs10_000130'), ('/coc/cedarp-dxu345-0/Tsim_datasets2/circle/basic/episode_T_circle_obs10_000131.zarr', 'episode_T_circle_obs10_000131'), ('/coc/cedarp-dxu345-0/Tsim_datasets2/circle/basic/episode_T_circle_obs10_000132.zarr', 'episode_T_circle_obs10_000132'), ('/coc/cedarp-dxu345-0/Tsim_datasets2/circle/basic/episode_T_circle_obs10_000133.zarr', 'episode_T_circle_obs10_000133'), ('/coc/cedarp-dxu345-0/Tsim_datasets2/circle/basic/episode_T_circle_obs10_000134.zarr', 'episode_T_circle_obs10_000134'), ('/coc/cedarp-dxu345-0/Tsim_datasets2/circle/basic/episode_T_circle_obs10_000145.zarr', 'episode_T_circle_obs10_000145'), ('/coc/cedarp-dxu345-0/Tsim_datasets2/circle/basic/episode_T_circle_obs10_000146.zarr', 'episode_T_circle_obs10_000146'), ('/coc/cedarp-dxu345-0/Tsim_datasets2/circle/basic/episode_T_circle_obs10_000147.zarr', 'episode_T_circle_obs10_000147'), ('/coc/cedarp-dxu345-0/Tsim_datasets2/circle/basic/episode_T_circle_obs10_000148.zarr', 'episode_T_circle_obs10_000148'), ('/coc/cedarp-dxu345-0/Tsim_datasets2/circle/basic/episode_T_circle_obs10_000149.zarr', 'episode_T_circle_obs10_000149'), ('/coc/cedarp-dxu345-0/Tsim_datasets2/circle/basic/episode_T_circle_obs10_000150.zarr', 'episode_T_circle_obs10_000150'), ('/coc/cedarp-dxu345-0/Tsim_datasets2/circle/basic/episode_T_circle_obs10_000151.zarr', 'episode_T_circle_obs10_000151'), ('/coc/cedarp-dxu345-0/Tsim_datasets2/circle/basic/episode_T_circle_obs10_000152.zarr', 'episode_T_circle_obs10_000152'), ('/coc/cedarp-dxu345-0/Tsim_datasets2/circle/basic/episode_T_circle_obs10_000153.zarr', 'episode_T_circle_obs10_000153'), ('/coc/cedarp-dxu345-0/Tsim_datasets2/circle/basic/episode_T_circle_obs10_000154.zarr', 'episode_T_circle_obs10_000154'), ('/coc/cedarp-dxu345-0/Tsim_datasets2/circle/basic/episode_T_circle_obs10_000155.zarr', 'episode_T_circle_obs10_000155'), ('/coc/cedarp-dxu345-0/Tsim_datasets2/circle/basic/episode_T_circle_obs10_000156.zarr', 'episode_T_circle_obs10_000156'), ('/coc/cedarp-dxu345-0/Tsim_datasets2/circle/basic/episode_T_circle_obs11_000157.zarr', 'episode_T_circle_obs11_000157'), ('/coc/cedarp-dxu345-0/Tsim_datasets2/circle/basic/episode_T_circle_obs11_000158.zarr', 'episode_T_circle_obs11_000158'), ('/coc/cedarp-dxu345-0/Tsim_datasets2/circle/basic/episode_T_circle_obs11_000159.zarr', 'episode_T_circle_obs11_000159'), ('/coc/cedarp-dxu345-0/Tsim_datasets2/circle/basic/episode_T_circle_obs11_000160.zarr', 'episode_T_circle_obs11_000160'), ('/coc/cedarp-dxu345-0/Tsim_datasets2/circle/basic/episode_T_circle_obs11_000161.zarr', 'episode_T_circle_obs11_000161'), ('/coc/cedarp-dxu345-0/Tsim_datasets2/circle/basic/episode_T_circle_obs13_000124.zarr', 'episode_T_circle_obs13_000124'), ('/coc/cedarp-dxu345-0/Tsim_datasets2/circle/basic/episode_T_circle_obs13_000125.zarr', 'episode_T_circle_obs13_000125'), ('/coc/cedarp-dxu345-0/Tsim_datasets2/circle/basic/episode_T_circle_obs13_000126.zarr', 'episode_T_circle_obs13_000126'), ('/coc/cedarp-dxu345-0/Tsim_datasets2/circle/basic/episode_T_circle_obs13_000127.zarr', 'episode_T_circle_obs13_000127'), ('/coc/cedarp-dxu345-0/Tsim_datasets2/circle/basic/episode_T_circle_obs13_000128.zarr', 'episode_T_circle_obs13_000128'), ('/coc/cedarp-dxu345-0/Tsim_datasets2/circle/basic/episode_T_circle_obs13_000129.zarr', 'episode_T_circle_obs13_000129'), ('/coc/cedarp-dxu345-0/Tsim_datasets2/circle/basic/episode_T_circle_obs15_000135.zarr', 'episode_T_circle_obs15_000135'), ('/coc/cedarp-dxu345-0/Tsim_datasets2/circle/basic/episode_T_circle_obs15_000136.zarr', 'episode_T_circle_obs15_000136'), ('/coc/cedarp-dxu345-0/Tsim_datasets2/circle/basic/episode_T_circle_obs15_000137.zarr', 'episode_T_circle_obs15_000137'), ('/coc/cedarp-dxu345-0/Tsim_datasets2/circle/basic/episode_T_circle_obs15_000138.zarr', 'episode_T_circle_obs15_000138'), ('/coc/cedarp-dxu345-0/Tsim_datasets2/circle/basic/episode_T_circle_obs15_000139.zarr', 'episode_T_circle_obs15_000139'), ('/coc/cedarp-dxu345-0/Tsim_datasets2/circle/basic/episode_T_circle_obs15_000140.zarr', 'episode_T_circle_obs15_000140'), ('/coc/cedarp-dxu345-0/Tsim_datasets2/circle/basic/episode_T_circle_obs15_000141.zarr', 'episode_T_circle_obs15_000141'), ('/coc/cedarp-dxu345-0/Tsim_datasets2/circle/basic/episode_T_circle_obs15_000142.zarr', 'episode_T_circle_obs15_000142'), ('/coc/cedarp-dxu345-0/Tsim_datasets2/circle/basic/episode_T_circle_obs15_000143.zarr', 'episode_T_circle_obs15_000143'), ('/coc/cedarp-dxu345-0/Tsim_datasets2/circle/basic/episode_T_circle_obs15_000144.zarr', 'episode_T_circle_obs15_000144'), ('/coc/cedarp-dxu345-0/Tsim_datasets2/circle/basic/episode_T_circle_obs1_000010.zarr', 'episode_T_circle_obs1_000010'), ('/coc/cedarp-dxu345-0/Tsim_datasets2/circle/basic/episode_T_circle_obs1_000011.zarr', 'episode_T_circle_obs1_000011'), ('/coc/cedarp-dxu345-0/Tsim_datasets2/circle/basic/episode_T_circle_obs1_000012.zarr', 'episode_T_circle_obs1_000012'), ('/coc/cedarp-dxu345-0/Tsim_datasets2/circle/basic/episode_T_circle_obs1_000013.zarr', 'episode_T_circle_obs1_000013'), ('/coc/cedarp-dxu345-0/Tsim_datasets2/circle/basic/episode_T_circle_obs1_000014.zarr', 'episode_T_circle_obs1_000014'), ('/coc/cedarp-dxu345-0/Tsim_datasets2/circle/basic/episode_T_circle_obs1_000015.zarr', 'episode_T_circle_obs1_000015'), ('/coc/cedarp-dxu345-0/Tsim_datasets2/circle/basic/episode_T_circle_obs1_000016.zarr', 'episode_T_circle_obs1_000016'), ('/coc/cedarp-dxu345-0/Tsim_datasets2/circle/basic/episode_T_circle_obs1_000017.zarr', 'episode_T_circle_obs1_000017'), ('/coc/cedarp-dxu345-0/Tsim_datasets2/circle/basic/episode_T_circle_obs1_000018.zarr', 'episode_T_circle_obs1_000018'), ('/coc/cedarp-dxu345-0/Tsim_datasets2/circle/basic/episode_T_circle_obs1_000019.zarr', 'episode_T_circle_obs1_000019'), ('/coc/cedarp-dxu345-0/Tsim_datasets2/circle/basic/episode_T_circle_obs1_000041.zarr', 'episode_T_circle_obs1_000041'), ('/coc/cedarp-dxu345-0/Tsim_datasets2/circle/basic/episode_T_circle_obs1_000042.zarr', 'episode_T_circle_obs1_000042'), ('/coc/cedarp-dxu345-0/Tsim_datasets2/circle/basic/episode_T_circle_obs1_000043.zarr', 'episode_T_circle_obs1_000043'), ('/coc/cedarp-dxu345-0/Tsim_datasets2/circle/basic/episode_T_circle_obs1_000044.zarr', 'episode_T_circle_obs1_000044'), ('/coc/cedarp-dxu345-0/Tsim_datasets2/circle/basic/episode_T_circle_obs1_000045.zarr', 'episode_T_circle_obs1_000045'), ('/coc/cedarp-dxu345-0/Tsim_datasets2/circle/basic/episode_T_circle_obs1_000046.zarr', 'episode_T_circle_obs1_000046'), ('/coc/cedarp-dxu345-0/Tsim_datasets2/circle/basic/episode_T_circle_obs1_000047.zarr', 'episode_T_circle_obs1_000047'), ('/coc/cedarp-dxu345-0/Tsim_datasets2/circle/basic/episode_T_circle_obs1_000048.zarr', 'episode_T_circle_obs1_000048'), ('/coc/cedarp-dxu345-0/Tsim_datasets2/circle/basic/episode_T_circle_obs1_000049.zarr', 'episode_T_circle_obs1_000049'), ('/coc/cedarp-dxu345-0/Tsim_datasets2/circle/basic/episode_T_circle_obs1_000050.zarr', 'episode_T_circle_obs1_000050'), ('/coc/cedarp-dxu345-0/Tsim_datasets2/circle/basic/episode_T_circle_obs1_000162.zarr', 'episode_T_circle_obs1_000162'), ('/coc/cedarp-dxu345-0/Tsim_datasets2/circle/basic/episode_T_circle_obs1_000163.zarr', 'episode_T_circle_obs1_000163'), ('/coc/cedarp-dxu345-0/Tsim_datasets2/circle/basic/episode_T_circle_obs1_000164.zarr', 'episode_T_circle_obs1_000164'), ('/coc/cedarp-dxu345-0/Tsim_datasets2/circle/basic/episode_T_circle_obs1_000165.zarr', 'episode_T_circle_obs1_000165'), ('/coc/cedarp-dxu345-0/Tsim_datasets2/circle/basic/episode_T_circle_obs1_000166.zarr', 'episode_T_circle_obs1_000166'), ('/coc/cedarp-dxu345-0/Tsim_datasets2/circle/basic/episode_T_circle_obs1_000167.zarr', 'episode_T_circle_obs1_000167'), ('/coc/cedarp-dxu345-0/Tsim_datasets2/circle/basic/episode_T_circle_obs1_000168.zarr', 'episode_T_circle_obs1_000168'), ('/coc/cedarp-dxu345-0/Tsim_datasets2/circle/basic/episode_T_circle_obs1_000169.zarr', 'episode_T_circle_obs1_000169'), ('/coc/cedarp-dxu345-0/Tsim_datasets2/circle/basic/episode_T_circle_obs1_000170.zarr', 'episode_T_circle_obs1_000170'), ('/coc/cedarp-dxu345-0/Tsim_datasets2/circle/basic/episode_T_circle_obs1_000171.zarr', 'episode_T_circle_obs1_000171'), ('/coc/cedarp-dxu345-0/Tsim_datasets2/circle/basic/episode_T_circle_obs1_000172.zarr', 'episode_T_circle_obs1_000172'), ('/coc/cedarp-dxu345-0/Tsim_datasets2/circle/basic/episode_T_circle_obs1_000173.zarr', 'episode_T_circle_obs1_000173'), ('/coc/cedarp-dxu345-0/Tsim_datasets2/circle/basic/episode_T_circle_obs1_000174.zarr', 'episode_T_circle_obs1_000174'), ('/coc/cedarp-dxu345-0/Tsim_datasets2/circle/basic/episode_T_circle_obs1_000245.zarr', 'episode_T_circle_obs1_000245'), ('/coc/cedarp-dxu345-0/Tsim_datasets2/circle/basic/episode_T_circle_obs1_000246.zarr', 'episode_T_circle_obs1_000246'), ('/coc/cedarp-dxu345-0/Tsim_datasets2/circle/basic/episode_T_circle_obs1_000247.zarr', 'episode_T_circle_obs1_000247'), ('/coc/cedarp-dxu345-0/Tsim_datasets2/circle/basic/episode_T_circle_obs1_000248.zarr', 'episode_T_circle_obs1_000248'), ('/coc/cedarp-dxu345-0/Tsim_datasets2/circle/basic/episode_T_circle_obs1_000249.zarr', 'episode_T_circle_obs1_000249'), ('/coc/cedarp-dxu345-0/Tsim_datasets2/circle/basic/episode_T_circle_obs1_000250.zarr', 'episode_T_circle_obs1_000250'), ('/coc/cedarp-dxu345-0/Tsim_datasets2/circle/basic/episode_T_circle_obs1_000251.zarr', 'episode_T_circle_obs1_000251'), ('/coc/cedarp-dxu345-0/Tsim_datasets2/circle/basic/episode_T_circle_obs1_000252.zarr', 'episode_T_circle_obs1_000252'), ('/coc/cedarp-dxu345-0/Tsim_datasets2/circle/basic/episode_T_circle_obs1_000253.zarr', 'episode_T_circle_obs1_000253'), ('/coc/cedarp-dxu345-0/Tsim_datasets2/circle/basic/episode_T_circle_obs1_000254.zarr', 'episode_T_circle_obs1_000254'), ('/coc/cedarp-dxu345-0/Tsim_datasets2/circle/basic/episode_T_circle_obs1_000255.zarr', 'episode_T_circle_obs1_000255'), ('/coc/cedarp-dxu345-0/Tsim_datasets2/circle/basic/episode_T_circle_obs1_000256.zarr', 'episode_T_circle_obs1_000256'), ('/coc/cedarp-dxu345-0/Tsim_datasets2/circle/basic/episode_T_circle_obs1_000257.zarr', 'episode_T_circle_obs1_000257'), ('/coc/cedarp-dxu345-0/Tsim_datasets2/circle/basic/episode_T_circle_obs1_000258.zarr', 'episode_T_circle_obs1_000258'), ('/coc/cedarp-dxu345-0/Tsim_datasets2/circle/basic/episode_T_circle_obs1_000259.zarr', 'episode_T_circle_obs1_000259'), ('/coc/cedarp-dxu345-0/Tsim_datasets2/circle/basic/episode_T_circle_obs1_000260.zarr', 'episode_T_circle_obs1_000260'), ('/coc/cedarp-dxu345-0/Tsim_datasets2/circle/basic/episode_T_circle_obs1_000261.zarr', 'episode_T_circle_obs1_000261'), ('/coc/cedarp-dxu345-0/Tsim_datasets2/circle/basic/episode_T_circle_obs2_000020.zarr', 'episode_T_circle_obs2_000020'), ('/coc/cedarp-dxu345-0/Tsim_datasets2/circle/basic/episode_T_circle_obs2_000021.zarr', 'episode_T_circle_obs2_000021'), ('/coc/cedarp-dxu345-0/Tsim_datasets2/circle/basic/episode_T_circle_obs2_000022.zarr', 'episode_T_circle_obs2_000022'), ('/coc/cedarp-dxu345-0/Tsim_datasets2/circle/basic/episode_T_circle_obs2_000023.zarr', 'episode_T_circle_obs2_000023'), ('/coc/cedarp-dxu345-0/Tsim_datasets2/circle/basic/episode_T_circle_obs2_000024.zarr', 'episode_T_circle_obs2_000024'), ('/coc/cedarp-dxu345-0/Tsim_datasets2/circle/basic/episode_T_circle_obs2_000025.zarr', 'episode_T_circle_obs2_000025'), ('/coc/cedarp-dxu345-0/Tsim_datasets2/circle/basic/episode_T_circle_obs2_000026.zarr', 'episode_T_circle_obs2_000026'), ('/coc/cedarp-dxu345-0/Tsim_datasets2/circle/basic/episode_T_circle_obs2_000027.zarr', 'episode_T_circle_obs2_000027'), ('/coc/cedarp-dxu345-0/Tsim_datasets2/circle/basic/episode_T_circle_obs2_000028.zarr', 'episode_T_circle_obs2_000028'), ('/coc/cedarp-dxu345-0/Tsim_datasets2/circle/basic/episode_T_circle_obs2_000029.zarr', 'episode_T_circle_obs2_000029'), ('/coc/cedarp-dxu345-0/Tsim_datasets2/circle/basic/episode_T_circle_obs2_000030.zarr', 'episode_T_circle_obs2_000030'), ('/coc/cedarp-dxu345-0/Tsim_datasets2/circle/basic/episode_T_circle_obs2_000051.zarr', 'episode_T_circle_obs2_000051'), ('/coc/cedarp-dxu345-0/Tsim_datasets2/circle/basic/episode_T_circle_obs2_000052.zarr', 'episode_T_circle_obs2_000052'), ('/coc/cedarp-dxu345-0/Tsim_datasets2/circle/basic/episode_T_circle_obs2_000053.zarr', 'episode_T_circle_obs2_000053'), ('/coc/cedarp-dxu345-0/Tsim_datasets2/circle/basic/episode_T_circle_obs2_000054.zarr', 'episode_T_circle_obs2_000054'), ('/coc/cedarp-dxu345-0/Tsim_datasets2/circle/basic/episode_T_circle_obs2_000055.zarr', 'episode_T_circle_obs2_000055'), ('/coc/cedarp-dxu345-0/Tsim_datasets2/circle/basic/episode_T_circle_obs2_000056.zarr', 'episode_T_circle_obs2_000056'), ('/coc/cedarp-dxu345-0/Tsim_datasets2/circle/basic/episode_T_circle_obs2_000057.zarr', 'episode_T_circle_obs2_000057'), ('/coc/cedarp-dxu345-0/Tsim_datasets2/circle/basic/episode_T_circle_obs2_000058.zarr', 'episode_T_circle_obs2_000058'), ('/coc/cedarp-dxu345-0/Tsim_datasets2/circle/basic/episode_T_circle_obs2_000059.zarr', 'episode_T_circle_obs2_000059'), ('/coc/cedarp-dxu345-0/Tsim_datasets2/circle/basic/episode_T_circle_obs2_000060.zarr', 'episode_T_circle_obs2_000060'), ('/coc/cedarp-dxu345-0/Tsim_datasets2/circle/basic/episode_T_circle_obs2_000262.zarr', 'episode_T_circle_obs2_000262'), ('/coc/cedarp-dxu345-0/Tsim_datasets2/circle/basic/episode_T_circle_obs2_000263.zarr', 'episode_T_circle_obs2_000263'), ('/coc/cedarp-dxu345-0/Tsim_datasets2/circle/basic/episode_T_circle_obs2_000264.zarr', 'episode_T_circle_obs2_000264'), ('/coc/cedarp-dxu345-0/Tsim_datasets2/circle/basic/episode_T_circle_obs2_000265.zarr', 'episode_T_circle_obs2_000265'), ('/coc/cedarp-dxu345-0/Tsim_datasets2/circle/basic/episode_T_circle_obs2_000266.zarr', 'episode_T_circle_obs2_000266'), ('/coc/cedarp-dxu345-0/Tsim_datasets2/circle/basic/episode_T_circle_obs2_000267.zarr', 'episode_T_circle_obs2_000267'), ('/coc/cedarp-dxu345-0/Tsim_datasets2/circle/basic/episode_T_circle_obs2_000268.zarr', 'episode_T_circle_obs2_000268'), ('/coc/cedarp-dxu345-0/Tsim_datasets2/circle/basic/episode_T_circle_obs2_000269.zarr', 'episode_T_circle_obs2_000269'), ('/coc/cedarp-dxu345-0/Tsim_datasets2/circle/basic/episode_T_circle_obs2_000270.zarr', 'episode_T_circle_obs2_000270'), ('/coc/cedarp-dxu345-0/Tsim_datasets2/circle/basic/episode_T_circle_obs2_000271.zarr', 'episode_T_circle_obs2_000271'), ('/coc/cedarp-dxu345-0/Tsim_datasets2/circle/basic/episode_T_circle_obs2_000272.zarr', 'episode_T_circle_obs2_000272'), ('/coc/cedarp-dxu345-0/Tsim_datasets2/circle/basic/episode_T_circle_obs2_000273.zarr', 'episode_T_circle_obs2_000273'), ('/coc/cedarp-dxu345-0/Tsim_datasets2/circle/basic/episode_T_circle_obs2_000274.zarr', 'episode_T_circle_obs2_000274'), ('/coc/cedarp-dxu345-0/Tsim_datasets2/circle/basic/episode_T_circle_obs2_000275.zarr', 'episode_T_circle_obs2_000275'), ('/coc/cedarp-dxu345-0/Tsim_datasets2/circle/basic/episode_T_circle_obs2_000276.zarr', 'episode_T_circle_obs2_000276'), ('/coc/cedarp-dxu345-0/Tsim_datasets2/circle/basic/episode_T_circle_obs2_000277.zarr', 'episode_T_circle_obs2_000277'), ('/coc/cedarp-dxu345-0/Tsim_datasets2/circle/basic/episode_T_circle_obs2_000278.zarr', 'episode_T_circle_obs2_000278'), ('/coc/cedarp-dxu345-0/Tsim_datasets2/circle/basic/episode_T_circle_obs2_000279.zarr', 'episode_T_circle_obs2_000279'), ('/coc/cedarp-dxu345-0/Tsim_datasets2/circle/basic/episode_T_circle_obs2_000280.zarr', 'episode_T_circle_obs2_000280'), ('/coc/cedarp-dxu345-0/Tsim_datasets2/circle/basic/episode_T_circle_obs2_000281.zarr', 'episode_T_circle_obs2_000281'), ('/coc/cedarp-dxu345-0/Tsim_datasets2/circle/basic/episode_T_circle_obs2_000282.zarr', 'episode_T_circle_obs2_000282'), ('/coc/cedarp-dxu345-0/Tsim_datasets2/circle/basic/episode_T_circle_obs2_000283.zarr', 'episode_T_circle_obs2_000283'), ('/coc/cedarp-dxu345-0/Tsim_datasets2/circle/basic/episode_T_circle_obs2_000284.zarr', 'episode_T_circle_obs2_000284'), ('/coc/cedarp-dxu345-0/Tsim_datasets2/circle/basic/episode_T_circle_obs2_000285.zarr', 'episode_T_circle_obs2_000285'), ('/coc/cedarp-dxu345-0/Tsim_datasets2/circle/basic/episode_T_circle_obs2_000286.zarr', 'episode_T_circle_obs2_000286'), ('/coc/cedarp-dxu345-0/Tsim_datasets2/circle/basic/episode_T_circle_obs2_000287.zarr', 'episode_T_circle_obs2_000287'), ('/coc/cedarp-dxu345-0/Tsim_datasets2/circle/basic/episode_T_circle_obs2_000288.zarr', 'episode_T_circle_obs2_000288'), ('/coc/cedarp-dxu345-0/Tsim_datasets2/circle/basic/episode_T_circle_obs2_000289.zarr', 'episode_T_circle_obs2_000289'), ('/coc/cedarp-dxu345-0/Tsim_datasets2/circle/basic/episode_T_circle_obs2_000290.zarr', 'episode_T_circle_obs2_000290'), ('/coc/cedarp-dxu345-0/Tsim_datasets2/circle/basic/episode_T_circle_obs3_000000.zarr', 'episode_T_circle_obs3_000000'), ('/coc/cedarp-dxu345-0/Tsim_datasets2/circle/basic/episode_T_circle_obs3_000001.zarr', 'episode_T_circle_obs3_000001'), ('/coc/cedarp-dxu345-0/Tsim_datasets2/circle/basic/episode_T_circle_obs3_000002.zarr', 'episode_T_circle_obs3_000002'), ('/coc/cedarp-dxu345-0/Tsim_datasets2/circle/basic/episode_T_circle_obs3_000003.zarr', 'episode_T_circle_obs3_000003'), ('/coc/cedarp-dxu345-0/Tsim_datasets2/circle/basic/episode_T_circle_obs3_000004.zarr', 'episode_T_circle_obs3_000004'), ('/coc/cedarp-dxu345-0/Tsim_datasets2/circle/basic/episode_T_circle_obs3_000005.zarr', 'episode_T_circle_obs3_000005'), ('/coc/cedarp-dxu345-0/Tsim_datasets2/circle/basic/episode_T_circle_obs3_000006.zarr', 'episode_T_circle_obs3_000006'), ('/coc/cedarp-dxu345-0/Tsim_datasets2/circle/basic/episode_T_circle_obs3_000007.zarr', 'episode_T_circle_obs3_000007'), ('/coc/cedarp-dxu345-0/Tsim_datasets2/circle/basic/episode_T_circle_obs3_000008.zarr', 'episode_T_circle_obs3_000008'), ('/coc/cedarp-dxu345-0/Tsim_datasets2/circle/basic/episode_T_circle_obs3_000009.zarr', 'episode_T_circle_obs3_000009'), ('/coc/cedarp-dxu345-0/Tsim_datasets2/circle/basic/episode_T_circle_obs4_000061.zarr', 'episode_T_circle_obs4_000061'), ('/coc/cedarp-dxu345-0/Tsim_datasets2/circle/basic/episode_T_circle_obs4_000062.zarr', 'episode_T_circle_obs4_000062'), ('/coc/cedarp-dxu345-0/Tsim_datasets2/circle/basic/episode_T_circle_obs4_000063.zarr', 'episode_T_circle_obs4_000063'), ('/coc/cedarp-dxu345-0/Tsim_datasets2/circle/basic/episode_T_circle_obs4_000064.zarr', 'episode_T_circle_obs4_000064'), ('/coc/cedarp-dxu345-0/Tsim_datasets2/circle/basic/episode_T_circle_obs4_000065.zarr', 'episode_T_circle_obs4_000065'), ('/coc/cedarp-dxu345-0/Tsim_datasets2/circle/basic/episode_T_circle_obs4_000066.zarr', 'episode_T_circle_obs4_000066'), ('/coc/cedarp-dxu345-0/Tsim_datasets2/circle/basic/episode_T_circle_obs4_000067.zarr', 'episode_T_circle_obs4_000067'), ('/coc/cedarp-dxu345-0/Tsim_datasets2/circle/basic/episode_T_circle_obs4_000068.zarr', 'episode_T_circle_obs4_000068'), ('/coc/cedarp-dxu345-0/Tsim_datasets2/circle/basic/episode_T_circle_obs4_000069.zarr', 'episode_T_circle_obs4_000069'), ('/coc/cedarp-dxu345-0/Tsim_datasets2/circle/basic/episode_T_circle_obs4_000070.zarr', 'episode_T_circle_obs4_000070'), ('/coc/cedarp-dxu345-0/Tsim_datasets2/circle/basic/episode_T_circle_obs5_000071.zarr', 'episode_T_circle_obs5_000071'), ('/coc/cedarp-dxu345-0/Tsim_datasets2/circle/basic/episode_T_circle_obs5_000072.zarr', 'episode_T_circle_obs5_000072'), ('/coc/cedarp-dxu345-0/Tsim_datasets2/circle/basic/episode_T_circle_obs5_000073.zarr', 'episode_T_circle_obs5_000073'), ('/coc/cedarp-dxu345-0/Tsim_datasets2/circle/basic/episode_T_circle_obs5_000074.zarr', 'episode_T_circle_obs5_000074'), ('/coc/cedarp-dxu345-0/Tsim_datasets2/circle/basic/episode_T_circle_obs5_000075.zarr', 'episode_T_circle_obs5_000075'), ('/coc/cedarp-dxu345-0/Tsim_datasets2/circle/basic/episode_T_circle_obs5_000076.zarr', 'episode_T_circle_obs5_000076'), ('/coc/cedarp-dxu345-0/Tsim_datasets2/circle/basic/episode_T_circle_obs5_000077.zarr', 'episode_T_circle_obs5_000077'), ('/coc/cedarp-dxu345-0/Tsim_datasets2/circle/basic/episode_T_circle_obs5_000078.zarr', 'episode_T_circle_obs5_000078'), ('/coc/cedarp-dxu345-0/Tsim_datasets2/circle/basic/episode_T_circle_obs5_000079.zarr', 'episode_T_circle_obs5_000079'), ('/coc/cedarp-dxu345-0/Tsim_datasets2/circle/basic/episode_T_circle_obs5_000080.zarr', 'episode_T_circle_obs5_000080'), ('/coc/cedarp-dxu345-0/Tsim_datasets2/circle/basic/episode_T_circle_obs5_000081.zarr', 'episode_T_circle_obs5_000081'), ('/coc/cedarp-dxu345-0/Tsim_datasets2/circle/basic/episode_T_circle_obs5_000082.zarr', 'episode_T_circle_obs5_000082'), ('/coc/cedarp-dxu345-0/Tsim_datasets2/circle/basic/episode_T_circle_obs5_000083.zarr', 'episode_T_circle_obs5_000083'), ('/coc/cedarp-dxu345-0/Tsim_datasets2/circle/basic/episode_T_circle_obs6_000084.zarr', 'episode_T_circle_obs6_000084'), ('/coc/cedarp-dxu345-0/Tsim_datasets2/circle/basic/episode_T_circle_obs6_000085.zarr', 'episode_T_circle_obs6_000085'), ('/coc/cedarp-dxu345-0/Tsim_datasets2/circle/basic/episode_T_circle_obs6_000086.zarr', 'episode_T_circle_obs6_000086'), ('/coc/cedarp-dxu345-0/Tsim_datasets2/circle/basic/episode_T_circle_obs6_000087.zarr', 'episode_T_circle_obs6_000087'), ('/coc/cedarp-dxu345-0/Tsim_datasets2/circle/basic/episode_T_circle_obs6_000088.zarr', 'episode_T_circle_obs6_000088'), ('/coc/cedarp-dxu345-0/Tsim_datasets2/circle/basic/episode_T_circle_obs6_000089.zarr', 'episode_T_circle_obs6_000089'), ('/coc/cedarp-dxu345-0/Tsim_datasets2/circle/basic/episode_T_circle_obs6_000090.zarr', 'episode_T_circle_obs6_000090'), ('/coc/cedarp-dxu345-0/Tsim_datasets2/circle/basic/episode_T_circle_obs6_000091.zarr', 'episode_T_circle_obs6_000091'), ('/coc/cedarp-dxu345-0/Tsim_datasets2/circle/basic/episode_T_circle_obs6_000092.zarr', 'episode_T_circle_obs6_000092'), ('/coc/cedarp-dxu345-0/Tsim_datasets2/circle/basic/episode_T_circle_obs6_000093.zarr', 'episode_T_circle_obs6_000093'), ('/coc/cedarp-dxu345-0/Tsim_datasets2/circle/basic/episode_T_circle_obs7_000094.zarr', 'episode_T_circle_obs7_000094'), ('/coc/cedarp-dxu345-0/Tsim_datasets2/circle/basic/episode_T_circle_obs7_000095.zarr', 'episode_T_circle_obs7_000095'), ('/coc/cedarp-dxu345-0/Tsim_datasets2/circle/basic/episode_T_circle_obs7_000096.zarr', 'episode_T_circle_obs7_000096'), ('/coc/cedarp-dxu345-0/Tsim_datasets2/circle/basic/episode_T_circle_obs7_000097.zarr', 'episode_T_circle_obs7_000097'), ('/coc/cedarp-dxu345-0/Tsim_datasets2/circle/basic/episode_T_circle_obs7_000098.zarr', 'episode_T_circle_obs7_000098'), ('/coc/cedarp-dxu345-0/Tsim_datasets2/circle/basic/episode_T_circle_obs7_000099.zarr', 'episode_T_circle_obs7_000099'), ('/coc/cedarp-dxu345-0/Tsim_datasets2/circle/basic/episode_T_circle_obs7_000100.zarr', 'episode_T_circle_obs7_000100'), ('/coc/cedarp-dxu345-0/Tsim_datasets2/circle/basic/episode_T_circle_obs7_000101.zarr', 'episode_T_circle_obs7_000101'), ('/coc/cedarp-dxu345-0/Tsim_datasets2/circle/basic/episode_T_circle_obs7_000102.zarr', 'episode_T_circle_obs7_000102'), ('/coc/cedarp-dxu345-0/Tsim_datasets2/circle/basic/episode_T_circle_obs7_000103.zarr', 'episode_T_circle_obs7_000103'), ('/coc/cedarp-dxu345-0/Tsim_datasets2/circle/basic/episode_T_circle_obs8_000104.zarr', 'episode_T_circle_obs8_000104'), ('/coc/cedarp-dxu345-0/Tsim_datasets2/circle/basic/episode_T_circle_obs8_000105.zarr', 'episode_T_circle_obs8_000105'), ('/coc/cedarp-dxu345-0/Tsim_datasets2/circle/basic/episode_T_circle_obs8_000106.zarr', 'episode_T_circle_obs8_000106'), ('/coc/cedarp-dxu345-0/Tsim_datasets2/circle/basic/episode_T_circle_obs8_000107.zarr', 'episode_T_circle_obs8_000107'), ('/coc/cedarp-dxu345-0/Tsim_datasets2/circle/basic/episode_T_circle_obs8_000108.zarr', 'episode_T_circle_obs8_000108'), ('/coc/cedarp-dxu345-0/Tsim_datasets2/circle/basic/episode_T_circle_obs8_000109.zarr', 'episode_T_circle_obs8_000109'), ('/coc/cedarp-dxu345-0/Tsim_datasets2/circle/basic/episode_T_circle_obs8_000110.zarr', 'episode_T_circle_obs8_000110'), ('/coc/cedarp-dxu345-0/Tsim_datasets2/circle/basic/episode_T_circle_obs8_000111.zarr', 'episode_T_circle_obs8_000111'), ('/coc/cedarp-dxu345-0/Tsim_datasets2/circle/basic/episode_T_circle_obs8_000112.zarr', 'episode_T_circle_obs8_000112'), ('/coc/cedarp-dxu345-0/Tsim_datasets2/circle/basic/episode_T_circle_obs8_000113.zarr', 'episode_T_circle_obs8_000113'), ('/coc/cedarp-dxu345-0/Tsim_datasets2/circle/basic/episode_T_circle_obs9_000114.zarr', 'episode_T_circle_obs9_000114'), ('/coc/cedarp-dxu345-0/Tsim_datasets2/circle/basic/episode_T_circle_obs9_000115.zarr', 'episode_T_circle_obs9_000115'), ('/coc/cedarp-dxu345-0/Tsim_datasets2/circle/basic/episode_T_circle_obs9_000116.zarr', 'episode_T_circle_obs9_000116'), ('/coc/cedarp-dxu345-0/Tsim_datasets2/circle/basic/episode_T_circle_obs9_000117.zarr', 'episode_T_circle_obs9_000117'), ('/coc/cedarp-dxu345-0/Tsim_datasets2/circle/basic/episode_T_circle_obs9_000118.zarr', 'episode_T_circle_obs9_000118'), ('/coc/cedarp-dxu345-0/Tsim_datasets2/circle/basic/episode_T_circle_obs9_000119.zarr', 'episode_T_circle_obs9_000119'), ('/coc/cedarp-dxu345-0/Tsim_datasets2/circle/basic/episode_T_circle_obs9_000120.zarr', 'episode_T_circle_obs9_000120'), ('/coc/cedarp-dxu345-0/Tsim_datasets2/circle/basic/episode_T_circle_obs9_000121.zarr', 'episode_T_circle_obs9_000121'), ('/coc/cedarp-dxu345-0/Tsim_datasets2/circle/basic/episode_T_circle_obs9_000122.zarr', 'episode_T_circle_obs9_000122'), ('/coc/cedarp-dxu345-0/Tsim_datasets2/circle/basic/episode_T_circle_obs9_000123.zarr', 'episode_T_circle_obs9_000123')]
[2026-06-16 03:53:24,790][egomimic.rldb.zarr.zarr_dataset_multi][INFO] - Valid folder names: {'episode_T_circle_obs0_000194', 'episode_T_circle_obs2_000274', 'episode_T_circle_obs2_000056', 'episode_T_circle_obs1_000045', 'episode_T_circle_obs1_000050', 'episode_T_circle_obs7_000102', 'episode_T_circle_obs1_000017', 'episode_T_circle_obs1_000261', 'episode_T_circle_obs0_000204', 'episode_T_circle_obs0_000011', 'episode_T_circle_obs5_000082', 'episode_T_circle_obs1_000255', 'episode_T_circle_obs0_000203', 'episode_T_circle_obs10_000155', 'episode_T_circle_obs0_000232', 'episode_T_circle_obs10_000149', 'episode_T_circle_obs0_000040', 'episode_T_circle_obs1_000046', 'episode_T_circle_obs1_000047', 'episode_T_circle_obs2_000290', 'episode_T_circle_obs1_000044', 'episode_T_circle_obs0_000012', 'episode_T_circle_obs11_000161', 'episode_T_circle_obs2_000028', 'episode_T_circle_obs0_000210', 'episode_T_circle_obs0_000211', 'episode_T_circle_obs0_000242', 'episode_T_circle_obs4_000065', 'episode_T_circle_obs0_000006', 'episode_T_circle_obs15_000143', 'episode_T_circle_obs15_000141', 'episode_T_circle_obs1_000171', 'episode_T_circle_obs1_000257', 'episode_T_circle_obs0_000034', 'episode_T_circle_obs2_000271', 'episode_T_circle_obs5_000077', 'episode_T_circle_obs10_000151', 'episode_T_circle_obs2_000289', 'episode_T_circle_obs2_000264', 'episode_T_circle_obs1_000172', 'episode_T_circle_obs2_000023', 'episode_T_circle_obs3_000003', 'episode_T_circle_obs0_000241', 'episode_T_circle_obs10_000150', 'episode_T_circle_obs15_000136', 'episode_T_circle_obs1_000048', 'episode_T_circle_obs8_000106', 'episode_T_circle_obs2_000060', 'episode_T_circle_obs2_000052', 'episode_T_circle_obs10_000154', 'episode_T_circle_obs7_000095', 'episode_T_circle_obs1_000253', 'episode_T_circle_obs2_000057', 'episode_T_circle_obs8_000104', 'episode_T_circle_obs1_000164', 'episode_T_circle_obs3_000007', 'episode_T_circle_obs0_000228', 'episode_T_circle_obs0_000193', 'episode_T_circle_obs15_000135', 'episode_T_circle_obs1_000010', 'episode_T_circle_obs2_000286', 'episode_T_circle_obs11_000159', 'episode_T_circle_obs1_000166', 'episode_T_circle_obs0_000221', 'episode_T_circle_obs4_000063', 'episode_T_circle_obs8_000112', 'episode_T_circle_obs0_000185', 'episode_T_circle_obs9_000120', 'episode_T_circle_obs0_000230', 'episode_T_circle_obs6_000092', 'episode_T_circle_obs2_000030', 'episode_T_circle_obs0_000039', 'episode_T_circle_obs2_000266', 'episode_T_circle_obs0_000013', 'episode_T_circle_obs0_000183', 'episode_T_circle_obs11_000157', 'episode_T_circle_obs2_000273', 'episode_T_circle_obs1_000169', 'episode_T_circle_obs2_000263', 'episode_T_circle_obs2_000269', 'episode_T_circle_obs13_000128', 'episode_T_circle_obs6_000084', 'episode_T_circle_obs2_000281', 'episode_T_circle_obs7_000096', 'episode_T_circle_obs2_000268', 'episode_T_circle_obs5_000080', 'episode_T_circle_obs5_000083', 'episode_T_circle_obs2_000020', 'episode_T_circle_obs2_000021', 'episode_T_circle_obs10_000156', 'episode_T_circle_obs4_000064', 'episode_T_circle_obs5_000081', 'episode_T_circle_obs0_000184', 'episode_T_circle_obs1_000012', 'episode_T_circle_obs7_000100', 'episode_T_circle_obs0_000187', 'episode_T_circle_obs8_000111', 'episode_T_circle_obs2_000272', 'episode_T_circle_obs4_000068', 'episode_T_circle_obs0_000195', 'episode_T_circle_obs0_000015', 'episode_T_circle_obs5_000075', 'episode_T_circle_obs8_000113', 'episode_T_circle_obs15_000139', 'episode_T_circle_obs3_000006', 'episode_T_circle_obs3_000004', 'episode_T_circle_obs0_000227', 'episode_T_circle_obs0_000181', 'episode_T_circle_obs0_000218', 'episode_T_circle_obs0_000225', 'episode_T_circle_obs0_000234', 'episode_T_circle_obs4_000067', 'episode_T_circle_obs2_000025', 'episode_T_circle_obs5_000072', 'episode_T_circle_obs5_000078', 'episode_T_circle_obs0_000224', 'episode_T_circle_obs13_000124', 'episode_T_circle_obs1_000259', 'episode_T_circle_obs4_000069', 'episode_T_circle_obs0_000188', 'episode_T_circle_obs2_000054', 'episode_T_circle_obs0_000219', 'episode_T_circle_obs2_000275', 'episode_T_circle_obs3_000005', 'episode_T_circle_obs2_000022', 'episode_T_circle_obs2_000265', 'episode_T_circle_obs0_000189', 'episode_T_circle_obs6_000086', 'episode_T_circle_obs0_000209', 'episode_T_circle_obs5_000076', 'episode_T_circle_obs2_000287', 'episode_T_circle_obs0_000019', 'episode_T_circle_obs1_000019', 'episode_T_circle_obs7_000097', 'episode_T_circle_obs2_000288', 'episode_T_circle_obs1_000015', 'episode_T_circle_obs2_000267', 'episode_T_circle_obs0_000237', 'episode_T_circle_obs1_000014', 'episode_T_circle_obs15_000138', 'episode_T_circle_obs0_000018', 'episode_T_circle_obs2_000283', 'episode_T_circle_obs5_000071', 'episode_T_circle_obs10_000131', 'episode_T_circle_obs7_000099', 'episode_T_circle_obs7_000103', 'episode_T_circle_obs4_000066', 'episode_T_circle_obs1_000168', 'episode_T_circle_obs0_000238', 'episode_T_circle_obs2_000059', 'episode_T_circle_obs0_000017', 'episode_T_circle_obs0_000205', 'episode_T_circle_obs10_000134', 'episode_T_circle_obs9_000114', 'episode_T_circle_obs0_000208', 'episode_T_circle_obs1_000249', 'episode_T_circle_obs1_000170', 'episode_T_circle_obs0_000239', 'episode_T_circle_obs1_000246', 'episode_T_circle_obs9_000118', 'episode_T_circle_obs0_000007', 'episode_T_circle_obs10_000148', 'episode_T_circle_obs0_000186', 'episode_T_circle_obs1_000252', 'episode_T_circle_obs0_000201', 'episode_T_circle_obs2_000282', 'episode_T_circle_obs9_000116', 'episode_T_circle_obs8_000110', 'episode_T_circle_obs7_000101', 'episode_T_circle_obs1_000254', 'episode_T_circle_obs0_000240', 'episode_T_circle_obs2_000029', 'episode_T_circle_obs6_000085', 'episode_T_circle_obs6_000091', 'episode_T_circle_obs9_000121', 'episode_T_circle_obs0_000215', 'episode_T_circle_obs0_000033', 'episode_T_circle_obs2_000262', 'episode_T_circle_obs5_000079', 'episode_T_circle_obs13_000127', 'episode_T_circle_obs0_000175', 'episode_T_circle_obs0_000036', 'episode_T_circle_obs5_000074', 'episode_T_circle_obs0_000192', 'episode_T_circle_obs11_000158', 'episode_T_circle_obs0_000177', 'episode_T_circle_obs2_000276', 'episode_T_circle_obs4_000062', 'episode_T_circle_obs2_000279', 'episode_T_circle_obs9_000117', 'episode_T_circle_obs0_000037', 'episode_T_circle_obs2_000270', 'episode_T_circle_obs1_000162', 'episode_T_circle_obs0_000236', 'episode_T_circle_obs0_000197', 'episode_T_circle_obs0_000031', 'episode_T_circle_obs0_000179', 'episode_T_circle_obs1_000258', 'episode_T_circle_obs15_000142', 'episode_T_circle_obs0_000206', 'episode_T_circle_obs9_000119', 'episode_T_circle_obs0_000207', 'episode_T_circle_obs0_000214', 'episode_T_circle_obs1_000250', 'episode_T_circle_obs0_000212', 'episode_T_circle_obs6_000093', 'episode_T_circle_obs9_000115', 'episode_T_circle_obs0_000008', 'episode_T_circle_obs0_000178', 'episode_T_circle_obs0_000217', 'episode_T_circle_obs15_000144', 'episode_T_circle_obs15_000137', 'episode_T_circle_obs0_000243', 'episode_T_circle_obs6_000089', 'episode_T_circle_obs1_000260', 'episode_T_circle_obs2_000280', 'episode_T_circle_obs0_000032', 'episode_T_circle_obs13_000126', 'episode_T_circle_obs0_000002', 'episode_T_circle_obs9_000123', 'episode_T_circle_obs0_000005', 'episode_T_circle_obs0_000235', 'episode_T_circle_obs2_000277', 'episode_T_circle_obs2_000027', 'episode_T_circle_obs1_000248', 'episode_T_circle_obs9_000122', 'episode_T_circle_obs0_000244', 'episode_T_circle_obs4_000070', 'episode_T_circle_obs0_000231', 'episode_T_circle_obs0_000213', 'episode_T_circle_obs1_000251', 'episode_T_circle_obs0_000182', 'episode_T_circle_obs0_000038', 'episode_T_circle_obs0_000216', 'episode_T_circle_obs2_000051', 'episode_T_circle_obs5_000073', 'episode_T_circle_obs6_000087', 'episode_T_circle_obs10_000147', 'episode_T_circle_obs0_000233', 'episode_T_circle_obs0_000190', 'episode_T_circle_obs6_000090', 'episode_T_circle_obs0_000003', 'episode_T_circle_obs4_000061', 'episode_T_circle_obs0_000200', 'episode_T_circle_obs8_000108', 'episode_T_circle_obs1_000049', 'episode_T_circle_obs0_000199', 'episode_T_circle_obs13_000125', 'episode_T_circle_obs3_000001', 'episode_T_circle_obs0_000035', 'episode_T_circle_obs2_000278', 'episode_T_circle_obs2_000284', 'episode_T_circle_obs10_000130', 'episode_T_circle_obs8_000105', 'episode_T_circle_obs10_000133', 'episode_T_circle_obs13_000129', 'episode_T_circle_obs0_000000', 'episode_T_circle_obs0_000010', 'episode_T_circle_obs1_000247', 'episode_T_circle_obs10_000153', 'episode_T_circle_obs1_000163', 'episode_T_circle_obs3_000008', 'episode_T_circle_obs2_000024', 'episode_T_circle_obs10_000145', 'episode_T_circle_obs2_000026', 'episode_T_circle_obs1_000245', 'episode_T_circle_obs1_000042', 'episode_T_circle_obs1_000041', 'episode_T_circle_obs0_000220', 'episode_T_circle_obs8_000109', 'episode_T_circle_obs10_000152', 'episode_T_circle_obs0_000176', 'episode_T_circle_obs2_000053', 'episode_T_circle_obs1_000256', 'episode_T_circle_obs0_000191', 'episode_T_circle_obs0_000014', 'episode_T_circle_obs0_000004', 'episode_T_circle_obs0_000222', 'episode_T_circle_obs0_000001', 'episode_T_circle_obs1_000173', 'episode_T_circle_obs0_000198', 'episode_T_circle_obs0_000196', 'episode_T_circle_obs10_000146', 'episode_T_circle_obs2_000285', 'episode_T_circle_obs0_000009', 'episode_T_circle_obs0_000226', 'episode_T_circle_obs1_000013', 'episode_T_circle_obs0_000229', 'episode_T_circle_obs0_000223', 'episode_T_circle_obs1_000165', 'episode_T_circle_obs1_000018', 'episode_T_circle_obs1_000016', 'episode_T_circle_obs11_000160', 'episode_T_circle_obs2_000055', 'episode_T_circle_obs8_000107', 'episode_T_circle_obs0_000016', 'episode_T_circle_obs2_000058', 'episode_T_circle_obs15_000140', 'episode_T_circle_obs6_000088', 'episode_T_circle_obs7_000098', 'episode_T_circle_obs10_000132', 'episode_T_circle_obs3_000002', 'episode_T_circle_obs3_000000', 'episode_T_circle_obs7_000094', 'episode_T_circle_obs1_000043', 'episode_T_circle_obs0_000202', 'episode_T_circle_obs1_000011', 'episode_T_circle_obs3_000009', 'episode_T_circle_obs1_000167', 'episode_T_circle_obs0_000180', 'episode_T_circle_obs1_000174'}
[2026-06-16 03:53:25,672][egomimic.rldb.zarr.zarr_dataset_multi][INFO] - [MultiDataset] embodiment=15 norm_keys=['state_agent_obj', 'actions']
[2026-06-16 03:53:25,672][egomimic.rldb.zarr.zarr_dataset_multi][INFO] - [MultiDataset] sampling 1271/127067 frames (~1.0%)
  0%|          | 0/1271 [00:00<?, ?sample/s]