+ cd /coc/flash7/paphiwetsa3/projects/EgoVerse2
+ source /coc/flash7/paphiwetsa3/projects/EgoVerse7/.venv/bin/activate
++ '[' -z '' ']'
++ '[' -n x ']'
++ SCRIPT_PATH=/coc/flash7/paphiwetsa3/projects/EgoVerse7/.venv/bin/activate
++ '[' /coc/flash7/paphiwetsa3/projects/EgoVerse7/.venv/bin/activate = scripts/train_bc_rnn_tx_chunk8q.sh ']'
++ deactivate nondestructive
++ unset -f pydoc
++ '[' -z '' ']'
++ '[' -z '' ']'
++ hash -r
++ '[' -z '' ']'
++ unset VIRTUAL_ENV
++ unset VIRTUAL_ENV_PROMPT
++ '[' '!' nondestructive = nondestructive ']'
++ VIRTUAL_ENV=/coc/flash7/paphiwetsa3/projects/EgoVerse7/.venv
++ '[' linux-gnu = cygwin ']'
++ '[' linux-gnu = msys ']'
++ export VIRTUAL_ENV
++ '[' -z '' ']'
++ unset SCRIPT_PATH
++ _OLD_VIRTUAL_PATH=/usr/local/nvm/versions/node/v22.21.0/bin:/nethome/paphiwetsa3/flash/bin:/nethome/paphiwetsa3/.local/bin:/nethome/paphiwetsa3/bin:/usr/local/sbin:/usr/local/bin:/usr/sbin:/usr/bin:/sbin:/bin:/usr/games:/usr/local/games:/snap/bin:/coc/testnvme/admin/tools/skynet-utilities/:/opt/slurm/Ubuntu-20.04/current/bin
++ PATH=/coc/flash7/paphiwetsa3/projects/EgoVerse7/.venv/bin:/usr/local/nvm/versions/node/v22.21.0/bin:/nethome/paphiwetsa3/flash/bin:/nethome/paphiwetsa3/.local/bin:/nethome/paphiwetsa3/bin:/usr/local/sbin:/usr/local/bin:/usr/sbin:/usr/bin:/sbin:/bin:/usr/games:/usr/local/games:/snap/bin:/coc/testnvme/admin/tools/skynet-utilities/:/opt/slurm/Ubuntu-20.04/current/bin
++ export PATH
++ '[' x '!=' x ']'
+++ basename /coc/flash7/paphiwetsa3/projects/EgoVerse7/.venv
++ VIRTUAL_ENV_PROMPT=.venv
++ export VIRTUAL_ENV_PROMPT
++ '[' -z '' ']'
++ '[' -z '' ']'
++ _OLD_VIRTUAL_PS1=
++ PS1='(.venv) '
++ export PS1
++ alias pydoc
++ true
++ hash -r
+ export PYTHONPATH=. MUJOCO_GL=egl HYDRA_FULL_ERROR=1
+ PYTHONPATH=.
+ MUJOCO_GL=egl
+ HYDRA_FULL_ERROR=1
+ export PACK_COLLATE_MAX_TOTAL_FRAMES=3200
+ PACK_COLLATE_MAX_TOTAL_FRAMES=3200
+ NC3=/coc/flash7/paphiwetsa3/datasets/new_circle_3
+ KM=egomimic.rldb.embodiment.pushshapes.get_keymap_eval
+ SMOKE=1
+ DESC=bc_rnn_tx_chunk8_queries
+ NAME=bcrnnTxC8Q_review_smoke
+ '[' 1 = 1 ']'
+ NAME=bcrnnTxC8Q_smoke
+ EPOCHS=2
+ VALEVERY=2
+ LTB=6
+ LOGGER=csv
+ MAXSTEPS=20
+ SEEDS='evaluator.init_seeds=[0,1]'
+ export WANDB_MODE=disabled
+ WANDB_MODE=disabled
+ srun --kill-on-bad-exit=1 python -m egomimic.trainHydra --config-name=train_zarr_cartesian name=bcrnnTxC8Q_smoke description=bc_rnn_tx_chunk8_queries mode=train data=tsimulation model=bc_rnn_pushshapes_paperexact_tx_chunk8_q evaluator=eval_hnet_sim evaluator.rollout_mode=ar evaluator.max_steps=20 evaluator.coverage_threshold=0.8 'evaluator.init_seeds=[0,1]' callbacks=checkpoints callbacks.model_checkpoint.every_n_epochs=2 trainer=debug trainer.precision=32 trainer.max_epochs=2 trainer.min_epochs=2 trainer.limit_train_batches=6 trainer.limit_val_batches=4 trainer.check_val_every_n_epoch=2 trainer.profiler=null logger=csv data.train_dataloader_params.pushshapes_sim.batch_size=16 data.valid_dataloader_params.pushshapes_sim.batch_size=16 data.train_datasets.pushshapes_sim.resolver.folder_path=/coc/flash7/paphiwetsa3/datasets/new_circle_3 data.train_datasets.pushshapes_sim.resolver.key_map._target_=egomimic.rldb.embodiment.pushshapes.get_keymap_eval data.valid_datasets.pushshapes_sim.resolver.folder_path=/coc/flash7/paphiwetsa3/datasets/new_circle_3 data.valid_datasets.pushshapes_sim.resolver.key_map._target_=egomimic.rldb.embodiment.pushshapes.get_keymap_eval norm_stats.norm_mode=minmax
/coc/flash7/paphiwetsa3/projects/EgoVerse7/.venv/lib/python3.11/site-packages/torch/cuda/__init__.py:61: FutureWarning: The pynvml package is deprecated. Please install nvidia-ml-py instead. If you did not install pynvml directly, please report this to the maintainers of the package that installed pynvml for you.
  import pynvml  # type: ignore[import]
[2026-06-06 05:47:58,864][egomimic.utils.utils][WARNING] - [rank: 0] Extras config not found! <cfg.extras=null>
[rank: 0] Seed set to 42
model:
  _target_: egomimic.pl_utils.pl_model.ModelWrapper
  robomimic_model:
    _target_: egomimic.algo.bc_rnn.BCRNN
    action_dim: 2
    action_horizon: 1024
    rnn_horizon: 10
    max_windows_per_batch: 256
    actor_mlp_dims: []
    pad_mode: repeat_unmasked
    core: transformer
    obs_stride: 8
    chunk_len: 8
    chunk_head: queries
    obs_encoder:
      _target_: egomimic.models.bc_rnn_nets.ObsEncoder
      embed_dim: 66
      paper_exact: true
      obs_specs:
        state_agent_obj:
          input_dim: 2
          input_slice:
          - 0
          - 2
          embed_dim: 64
      img_encoders:
        front_img_1:
          _target_: egomimic.models.hnet_nets.image_encoders.VisualCore
          in_channels: 3
          image_size: 96
          num_kp: 32
          feature_dimension: 64
          pretrained: false
          crop_aug: true
          crop_height: 86
          crop_width: 86
          crop_eval_mode: random
          crop_sample_mode: v02
    lstm:
      _target_: egomimic.models.bc_rnn_nets.TransformerCore
      input_dim: 66
      d_model: 448
      n_layers: 5
      n_heads: 8
      ff_mult: 4
      dropout: 0.0
      max_window: 10
    query_decoder:
      _target_: egomimic.models.bc_rnn_nets.QueryActionDecoder
      d_model: 448
      chunk_len: 8
      per_step: 25
      n_layers: 1
      n_heads: 8
      ff_mult: 4
      dropout: 0.0
      max_window: 10
    gmm_head:
      _target_: egomimic.models.bc_rnn_nets.GMMActionHead
      d_model: 448
      action_dim: 2
      num_modes: 5
      min_std: 0.0001
      std_activation: softplus
      low_noise_eval: true
      chunk_len: 8
    domains:
    - pushshapes_sim
    ac_keys:
      pushshapes_sim: actions
  enable_grad_norm: false
  optimizer:
    _target_: torch.optim.Adam
    _partial_: true
    lr: 0.0001
    weight_decay: 0.0
  scheduler:
    _target_: egomimic.utils.schedulers.warmup_cosine_scheduler
    _partial_: true
    max_steps: 90000
    warmup_steps: 4500
    warmup_start_factor: 0.1
    eta_min: 1.0e-06
paths:
  dataset_dir: /coc/flash7/scratch/egoverseS3ZarrDataset
  log_dir: ${paths.root_dir}/logs/
  output_dir: ${hydra:runtime.output_dir}
  work_dir: ${hydra:runtime.cwd}
trainer:
  _target_: lightning.pytorch.trainer.Trainer
  default_root_dir: ${paths.output_dir}
  max_epochs: 2
  min_epochs: 2
  accelerator: gpu
  devices: ${eval:'${launch_params.gpus_per_node} * ${launch_params.nodes}'}
  precision: 32
  limit_train_batches: 6
  limit_val_batches: 4
  check_val_every_n_epoch: 2
  deterministic: false
  strategy: ddp_find_unused_parameters_true
  num_nodes: ${launch_params.nodes}
  sync_batchnorm: true
  num_sanity_val_steps: 0
  profiler: null
logger:
  csv:
    _target_: lightning.pytorch.loggers.CSVLogger
    save_dir: ${paths.output_dir}/csv_logs
    name: lightning_logs
    version: null
    flush_logs_every_n_steps: 1
data:
  _target_: egomimic.pl_utils.pl_data_utils.MultiDataModuleWrapper
  train_datasets:
    pushshapes_sim:
      _target_: egomimic.rldb.zarr.zarr_dataset_packed.ZarrEpisodePackedDataset.from_resolver
      resolver:
        _target_: egomimic.rldb.zarr.zarr_dataset_multi.LocalEpisodeResolver
        folder_path: /coc/flash7/paphiwetsa3/datasets/new_circle_3
        key_map:
          _target_: egomimic.rldb.embodiment.pushshapes.get_keymap_eval
          action_horizon: 1024
        transform_list: null
      chunking: none
      min_seq_len: 64
      max_seq_len: null
  valid_datasets:
    pushshapes_sim:
      _target_: egomimic.rldb.zarr.zarr_dataset_packed.ZarrEpisodePackedDataset.from_resolver
      resolver:
        _target_: egomimic.rldb.zarr.zarr_dataset_multi.LocalEpisodeResolver
        folder_path: /coc/flash7/paphiwetsa3/datasets/new_circle_3
        key_map:
          _target_: egomimic.rldb.embodiment.pushshapes.get_keymap_eval
          action_horizon: 1024
        transform_list: null
      chunking: none
      min_seq_len: 64
      max_seq_len: null
  train_dataloader_params:
    pushshapes_sim:
      batch_size: 16
      num_workers: 2
  valid_dataloader_params:
    pushshapes_sim:
      batch_size: 16
      num_workers: 2
callbacks:
  wandb_profiler:
    _target_: egomimic.utils.timing_callback.WandbProfilerLogger
    log_every_n_steps: 100
  model_checkpoint:
    _target_: lightning.pytorch.callbacks.ModelCheckpoint
    dirpath: ${paths.output_dir}/checkpoints
    filename: epoch_{epoch}
    save_last: true
    save_top_k: -1
    every_n_epochs: 2
evaluator:
  _target_: egomimic.eval.eval_sim.HNetSimEval
  env_kwargs:
    object_shape: T
    pusher_shape: circle
    obstacle_level: 0
    image_size: 96
  init_mode: seeds
  init_seeds:
  - 0
  - 1
  max_steps: 20
  coverage_threshold: 0.8
  video_fps: 30
  limit_val_batches: 4
  viz_func: null
  transform_lists: null
  delta_action: false
  temporal_ensemble: false
  rollout_mode: ar
  chunk_k: 32
  goal_in_obs: false
name: bcrnnTxC8Q_smoke
description: bc_rnn_tx_chunk8_queries
ckpt_path: null
mode: train
launch_params:
  gpus_per_node: 1
  nodes: 1
seed: 42
norm_stats:
  norm_mode: minmax
  sample_frac: 1.0
  num_workers: 4
  save_cache_dir: ${hydra:runtime.output_dir}
  precomputed_norm_path: null
reject_outliers: true

[2026-06-06 05:48:00,243][egomimic.rldb.zarr.zarr_dataset_multi][WARNING] - Failed to read metadata for /coc/flash7/paphiwetsa3/datasets/new_circle_3/training_logs: No group found in store '/coc/flash7/paphiwetsa3/datasets/new_circle_3/training_logs' at path ''
[2026-06-06 05:48:00,244][egomimic.rldb.zarr.zarr_dataset_multi][INFO] - Local filtered paths: [('/coc/flash7/paphiwetsa3/datasets/new_circle_3/episode_T_circle_obs0_000000.zarr', 'episode_T_circle_obs0_000000'), ('/coc/flash7/paphiwetsa3/datasets/new_circle_3/episode_T_circle_obs0_000001.zarr', 'episode_T_circle_obs0_000001'), ('/coc/flash7/paphiwetsa3/datasets/new_circle_3/episode_T_circle_obs0_000002.zarr', 'episode_T_circle_obs0_000002'), ('/coc/flash7/paphiwetsa3/datasets/new_circle_3/episode_T_circle_obs0_000003.zarr', 'episode_T_circle_obs0_000003'), ('/coc/flash7/paphiwetsa3/datasets/new_circle_3/episode_T_circle_obs0_000004.zarr', 'episode_T_circle_obs0_000004'), ('/coc/flash7/paphiwetsa3/datasets/new_circle_3/episode_T_circle_obs0_000005.zarr', 'episode_T_circle_obs0_000005'), ('/coc/flash7/paphiwetsa3/datasets/new_circle_3/episode_T_circle_obs0_000006.zarr', 'episode_T_circle_obs0_000006'), ('/coc/flash7/paphiwetsa3/datasets/new_circle_3/episode_T_circle_obs0_000007.zarr', 'episode_T_circle_obs0_000007'), ('/coc/flash7/paphiwetsa3/datasets/new_circle_3/episode_T_circle_obs0_000008.zarr', 'episode_T_circle_obs0_000008'), ('/coc/flash7/paphiwetsa3/datasets/new_circle_3/episode_T_circle_obs0_000009.zarr', 'episode_T_circle_obs0_000009'), ('/coc/flash7/paphiwetsa3/datasets/new_circle_3/episode_T_circle_obs0_000010.zarr', 'episode_T_circle_obs0_000010'), ('/coc/flash7/paphiwetsa3/datasets/new_circle_3/episode_T_circle_obs0_000011.zarr', 'episode_T_circle_obs0_000011'), ('/coc/flash7/paphiwetsa3/datasets/new_circle_3/episode_T_circle_obs0_000012.zarr', 'episode_T_circle_obs0_000012'), ('/coc/flash7/paphiwetsa3/datasets/new_circle_3/episode_T_circle_obs0_000013.zarr', 'episode_T_circle_obs0_000013'), ('/coc/flash7/paphiwetsa3/datasets/new_circle_3/episode_T_circle_obs0_000014.zarr', 'episode_T_circle_obs0_000014'), ('/coc/flash7/paphiwetsa3/datasets/new_circle_3/episode_T_circle_obs0_000015.zarr', 'episode_T_circle_obs0_000015'), ('/coc/flash7/paphiwetsa3/datasets/new_circle_3/episode_T_circle_obs0_000016.zarr', 'episode_T_circle_obs0_000016'), ('/coc/flash7/paphiwetsa3/datasets/new_circle_3/episode_T_circle_obs0_000017.zarr', 'episode_T_circle_obs0_000017'), ('/coc/flash7/paphiwetsa3/datasets/new_circle_3/episode_T_circle_obs0_000018.zarr', 'episode_T_circle_obs0_000018'), ('/coc/flash7/paphiwetsa3/datasets/new_circle_3/episode_T_circle_obs0_000019.zarr', 'episode_T_circle_obs0_000019'), ('/coc/flash7/paphiwetsa3/datasets/new_circle_3/episode_T_circle_obs0_000020.zarr', 'episode_T_circle_obs0_000020'), ('/coc/flash7/paphiwetsa3/datasets/new_circle_3/episode_T_circle_obs0_000021.zarr', 'episode_T_circle_obs0_000021'), ('/coc/flash7/paphiwetsa3/datasets/new_circle_3/episode_T_circle_obs0_000022.zarr', 'episode_T_circle_obs0_000022'), ('/coc/flash7/paphiwetsa3/datasets/new_circle_3/episode_T_circle_obs0_000023.zarr', 'episode_T_circle_obs0_000023'), ('/coc/flash7/paphiwetsa3/datasets/new_circle_3/episode_T_circle_obs0_000024.zarr', 'episode_T_circle_obs0_000024'), ('/coc/flash7/paphiwetsa3/datasets/new_circle_3/episode_T_circle_obs0_000025.zarr', 'episode_T_circle_obs0_000025'), ('/coc/flash7/paphiwetsa3/datasets/new_circle_3/episode_T_circle_obs0_000026.zarr', 'episode_T_circle_obs0_000026'), ('/coc/flash7/paphiwetsa3/datasets/new_circle_3/episode_T_circle_obs0_000027.zarr', 'episode_T_circle_obs0_000027'), ('/coc/flash7/paphiwetsa3/datasets/new_circle_3/episode_T_circle_obs0_000028.zarr', 'episode_T_circle_obs0_000028'), ('/coc/flash7/paphiwetsa3/datasets/new_circle_3/episode_T_circle_obs0_000029.zarr', 'episode_T_circle_obs0_000029'), ('/coc/flash7/paphiwetsa3/datasets/new_circle_3/episode_T_circle_obs0_000030.zarr', 'episode_T_circle_obs0_000030'), ('/coc/flash7/paphiwetsa3/datasets/new_circle_3/episode_T_circle_obs0_000031.zarr', 'episode_T_circle_obs0_000031'), ('/coc/flash7/paphiwetsa3/datasets/new_circle_3/episode_T_circle_obs0_000032.zarr', 'episode_T_circle_obs0_000032'), ('/coc/flash7/paphiwetsa3/datasets/new_circle_3/episode_T_circle_obs0_000033.zarr', 'episode_T_circle_obs0_000033'), ('/coc/flash7/paphiwetsa3/datasets/new_circle_3/episode_T_circle_obs0_000034.zarr', 'episode_T_circle_obs0_000034'), ('/coc/flash7/paphiwetsa3/datasets/new_circle_3/episode_T_circle_obs0_000035.zarr', 'episode_T_circle_obs0_000035'), ('/coc/flash7/paphiwetsa3/datasets/new_circle_3/episode_T_circle_obs0_000036.zarr', 'episode_T_circle_obs0_000036'), ('/coc/flash7/paphiwetsa3/datasets/new_circle_3/episode_T_circle_obs0_000037.zarr', 'episode_T_circle_obs0_000037'), ('/coc/flash7/paphiwetsa3/datasets/new_circle_3/episode_T_circle_obs0_000038.zarr', 'episode_T_circle_obs0_000038'), ('/coc/flash7/paphiwetsa3/datasets/new_circle_3/episode_T_circle_obs0_000039.zarr', 'episode_T_circle_obs0_000039'), ('/coc/flash7/paphiwetsa3/datasets/new_circle_3/episode_T_circle_obs0_000040.zarr', 'episode_T_circle_obs0_000040'), ('/coc/flash7/paphiwetsa3/datasets/new_circle_3/episode_T_circle_obs0_000041.zarr', 'episode_T_circle_obs0_000041'), ('/coc/flash7/paphiwetsa3/datasets/new_circle_3/episode_T_circle_obs0_000042.zarr', 'episode_T_circle_obs0_000042'), ('/coc/flash7/paphiwetsa3/datasets/new_circle_3/episode_T_circle_obs0_000043.zarr', 'episode_T_circle_obs0_000043'), ('/coc/flash7/paphiwetsa3/datasets/new_circle_3/episode_T_circle_obs0_000044.zarr', 'episode_T_circle_obs0_000044'), ('/coc/flash7/paphiwetsa3/datasets/new_circle_3/episode_T_circle_obs0_000045.zarr', 'episode_T_circle_obs0_000045'), ('/coc/flash7/paphiwetsa3/datasets/new_circle_3/episode_T_circle_obs0_000046.zarr', 'episode_T_circle_obs0_000046'), ('/coc/flash7/paphiwetsa3/datasets/new_circle_3/episode_T_circle_obs0_000047.zarr', 'episode_T_circle_obs0_000047'), ('/coc/flash7/paphiwetsa3/datasets/new_circle_3/episode_T_circle_obs0_000048.zarr', 'episode_T_circle_obs0_000048'), ('/coc/flash7/paphiwetsa3/datasets/new_circle_3/episode_T_circle_obs0_000049.zarr', 'episode_T_circle_obs0_000049'), ('/coc/flash7/paphiwetsa3/datasets/new_circle_3/episode_T_circle_obs0_000050.zarr', 'episode_T_circle_obs0_000050'), ('/coc/flash7/paphiwetsa3/datasets/new_circle_3/episode_T_circle_obs0_000051.zarr', 'episode_T_circle_obs0_000051'), ('/coc/flash7/paphiwetsa3/datasets/new_circle_3/episode_T_circle_obs0_000052.zarr', 'episode_T_circle_obs0_000052'), ('/coc/flash7/paphiwetsa3/datasets/new_circle_3/episode_T_circle_obs0_000053.zarr', 'episode_T_circle_obs0_000053'), ('/coc/flash7/paphiwetsa3/datasets/new_circle_3/episode_T_circle_obs0_000054.zarr', 'episode_T_circle_obs0_000054'), ('/coc/flash7/paphiwetsa3/datasets/new_circle_3/episode_T_circle_obs0_000055.zarr', 'episode_T_circle_obs0_000055'), ('/coc/flash7/paphiwetsa3/datasets/new_circle_3/episode_T_circle_obs0_000056.zarr', 'episode_T_circle_obs0_000056'), ('/coc/flash7/paphiwetsa3/datasets/new_circle_3/episode_T_circle_obs0_000057.zarr', 'episode_T_circle_obs0_000057'), ('/coc/flash7/paphiwetsa3/datasets/new_circle_3/episode_T_circle_obs0_000058.zarr', 'episode_T_circle_obs0_000058'), ('/coc/flash7/paphiwetsa3/datasets/new_circle_3/episode_T_circle_obs0_000059.zarr', 'episode_T_circle_obs0_000059'), ('/coc/flash7/paphiwetsa3/datasets/new_circle_3/episode_T_circle_obs0_000060.zarr', 'episode_T_circle_obs0_000060'), ('/coc/flash7/paphiwetsa3/datasets/new_circle_3/episode_T_circle_obs0_000061.zarr', 'episode_T_circle_obs0_000061'), ('/coc/flash7/paphiwetsa3/datasets/new_circle_3/episode_T_circle_obs0_000062.zarr', 'episode_T_circle_obs0_000062'), ('/coc/flash7/paphiwetsa3/datasets/new_circle_3/episode_T_circle_obs0_000063.zarr', 'episode_T_circle_obs0_000063'), ('/coc/flash7/paphiwetsa3/datasets/new_circle_3/episode_T_circle_obs0_000064.zarr', 'episode_T_circle_obs0_000064'), ('/coc/flash7/paphiwetsa3/datasets/new_circle_3/episode_T_circle_obs0_000065.zarr', 'episode_T_circle_obs0_000065'), ('/coc/flash7/paphiwetsa3/datasets/new_circle_3/episode_T_circle_obs0_000066.zarr', 'episode_T_circle_obs0_000066'), ('/coc/flash7/paphiwetsa3/datasets/new_circle_3/episode_T_circle_obs0_000067.zarr', 'episode_T_circle_obs0_000067'), ('/coc/flash7/paphiwetsa3/datasets/new_circle_3/episode_T_circle_obs0_000068.zarr', 'episode_T_circle_obs0_000068'), ('/coc/flash7/paphiwetsa3/datasets/new_circle_3/episode_T_circle_obs0_000069.zarr', 'episode_T_circle_obs0_000069'), ('/coc/flash7/paphiwetsa3/datasets/new_circle_3/episode_T_circle_obs0_000070.zarr', 'episode_T_circle_obs0_000070'), ('/coc/flash7/paphiwetsa3/datasets/new_circle_3/episode_T_circle_obs0_000071.zarr', 'episode_T_circle_obs0_000071'), ('/coc/flash7/paphiwetsa3/datasets/new_circle_3/episode_T_circle_obs0_000072.zarr', 'episode_T_circle_obs0_000072'), ('/coc/flash7/paphiwetsa3/datasets/new_circle_3/episode_T_circle_obs0_000073.zarr', 'episode_T_circle_obs0_000073'), ('/coc/flash7/paphiwetsa3/datasets/new_circle_3/episode_T_circle_obs0_000074.zarr', 'episode_T_circle_obs0_000074'), ('/coc/flash7/paphiwetsa3/datasets/new_circle_3/episode_T_circle_obs0_000075.zarr', 'episode_T_circle_obs0_000075'), ('/coc/flash7/paphiwetsa3/datasets/new_circle_3/episode_T_circle_obs0_000076.zarr', 'episode_T_circle_obs0_000076'), ('/coc/flash7/paphiwetsa3/datasets/new_circle_3/episode_T_circle_obs0_000077.zarr', 'episode_T_circle_obs0_000077'), ('/coc/flash7/paphiwetsa3/datasets/new_circle_3/episode_T_circle_obs0_000078.zarr', 'episode_T_circle_obs0_000078'), ('/coc/flash7/paphiwetsa3/datasets/new_circle_3/episode_T_circle_obs0_000079.zarr', 'episode_T_circle_obs0_000079'), ('/coc/flash7/paphiwetsa3/datasets/new_circle_3/episode_T_circle_obs0_000080.zarr', 'episode_T_circle_obs0_000080'), ('/coc/flash7/paphiwetsa3/datasets/new_circle_3/episode_T_circle_obs0_000081.zarr', 'episode_T_circle_obs0_000081'), ('/coc/flash7/paphiwetsa3/datasets/new_circle_3/episode_T_circle_obs0_000082.zarr', 'episode_T_circle_obs0_000082'), ('/coc/flash7/paphiwetsa3/datasets/new_circle_3/episode_T_circle_obs0_000083.zarr', 'episode_T_circle_obs0_000083'), ('/coc/flash7/paphiwetsa3/datasets/new_circle_3/episode_T_circle_obs0_000084.zarr', 'episode_T_circle_obs0_000084'), ('/coc/flash7/paphiwetsa3/datasets/new_circle_3/episode_T_circle_obs0_000085.zarr', 'episode_T_circle_obs0_000085'), ('/coc/flash7/paphiwetsa3/datasets/new_circle_3/episode_T_circle_obs0_000086.zarr', 'episode_T_circle_obs0_000086'), ('/coc/flash7/paphiwetsa3/datasets/new_circle_3/episode_T_circle_obs0_000087.zarr', 'episode_T_circle_obs0_000087'), ('/coc/flash7/paphiwetsa3/datasets/new_circle_3/episode_T_circle_obs0_000088.zarr', 'episode_T_circle_obs0_000088'), ('/coc/flash7/paphiwetsa3/datasets/new_circle_3/episode_T_circle_obs0_000089.zarr', 'episode_T_circle_obs0_000089'), ('/coc/flash7/paphiwetsa3/datasets/new_circle_3/episode_T_circle_obs0_000090.zarr', 'episode_T_circle_obs0_000090'), ('/coc/flash7/paphiwetsa3/datasets/new_circle_3/episode_T_circle_obs0_000091.zarr', 'episode_T_circle_obs0_000091'), ('/coc/flash7/paphiwetsa3/datasets/new_circle_3/episode_T_circle_obs0_000092.zarr', 'episode_T_circle_obs0_000092'), ('/coc/flash7/paphiwetsa3/datasets/new_circle_3/episode_T_circle_obs0_000093.zarr', 'episode_T_circle_obs0_000093'), ('/coc/flash7/paphiwetsa3/datasets/new_circle_3/episode_T_circle_obs0_000094.zarr', 'episode_T_circle_obs0_000094'), ('/coc/flash7/paphiwetsa3/datasets/new_circle_3/episode_T_circle_obs0_000095.zarr', 'episode_T_circle_obs0_000095'), ('/coc/flash7/paphiwetsa3/datasets/new_circle_3/episode_T_circle_obs0_000096.zarr', 'episode_T_circle_obs0_000096'), ('/coc/flash7/paphiwetsa3/datasets/new_circle_3/episode_T_circle_obs0_000097.zarr', 'episode_T_circle_obs0_000097'), ('/coc/flash7/paphiwetsa3/datasets/new_circle_3/episode_T_circle_obs0_000098.zarr', 'episode_T_circle_obs0_000098'), ('/coc/flash7/paphiwetsa3/datasets/new_circle_3/episode_T_circle_obs0_000099.zarr', 'episode_T_circle_obs0_000099'), ('/coc/flash7/paphiwetsa3/datasets/new_circle_3/episode_T_circle_obs0_000100.zarr', 'episode_T_circle_obs0_000100'), ('/coc/flash7/paphiwetsa3/datasets/new_circle_3/episode_T_circle_obs0_000101.zarr', 'episode_T_circle_obs0_000101'), ('/coc/flash7/paphiwetsa3/datasets/new_circle_3/episode_T_circle_obs0_000102.zarr', 'episode_T_circle_obs0_000102'), ('/coc/flash7/paphiwetsa3/datasets/new_circle_3/episode_T_circle_obs0_000103.zarr', 'episode_T_circle_obs0_000103'), ('/coc/flash7/paphiwetsa3/datasets/new_circle_3/episode_T_circle_obs0_000104.zarr', 'episode_T_circle_obs0_000104'), ('/coc/flash7/paphiwetsa3/datasets/new_circle_3/episode_T_circle_obs0_000105.zarr', 'episode_T_circle_obs0_000105'), ('/coc/flash7/paphiwetsa3/datasets/new_circle_3/episode_T_circle_obs0_000106.zarr', 'episode_T_circle_obs0_000106'), ('/coc/flash7/paphiwetsa3/datasets/new_circle_3/episode_T_circle_obs0_000107.zarr', 'episode_T_circle_obs0_000107'), ('/coc/flash7/paphiwetsa3/datasets/new_circle_3/episode_T_circle_obs0_000108.zarr', 'episode_T_circle_obs0_000108'), ('/coc/flash7/paphiwetsa3/datasets/new_circle_3/episode_T_circle_obs0_000109.zarr', 'episode_T_circle_obs0_000109'), ('/coc/flash7/paphiwetsa3/datasets/new_circle_3/episode_T_circle_obs0_000110.zarr', 'episode_T_circle_obs0_000110'), ('/coc/flash7/paphiwetsa3/datasets/new_circle_3/episode_T_circle_obs0_000111.zarr', 'episode_T_circle_obs0_000111'), ('/coc/flash7/paphiwetsa3/datasets/new_circle_3/episode_T_circle_obs0_000112.zarr', 'episode_T_circle_obs0_000112'), ('/coc/flash7/paphiwetsa3/datasets/new_circle_3/episode_T_circle_obs0_000113.zarr', 'episode_T_circle_obs0_000113'), ('/coc/flash7/paphiwetsa3/datasets/new_circle_3/episode_T_circle_obs0_000114.zarr', 'episode_T_circle_obs0_000114'), ('/coc/flash7/paphiwetsa3/datasets/new_circle_3/episode_T_circle_obs0_000115.zarr', 'episode_T_circle_obs0_000115'), ('/coc/flash7/paphiwetsa3/datasets/new_circle_3/episode_T_circle_obs0_000116.zarr', 'episode_T_circle_obs0_000116'), ('/coc/flash7/paphiwetsa3/datasets/new_circle_3/episode_T_circle_obs0_000117.zarr', 'episode_T_circle_obs0_000117'), ('/coc/flash7/paphiwetsa3/datasets/new_circle_3/episode_T_circle_obs0_000118.zarr', 'episode_T_circle_obs0_000118'), ('/coc/flash7/paphiwetsa3/datasets/new_circle_3/episode_T_circle_obs0_000119.zarr', 'episode_T_circle_obs0_000119'), ('/coc/flash7/paphiwetsa3/datasets/new_circle_3/episode_T_circle_obs0_000120.zarr', 'episode_T_circle_obs0_000120'), ('/coc/flash7/paphiwetsa3/datasets/new_circle_3/episode_T_circle_obs0_000121.zarr', 'episode_T_circle_obs0_000121'), ('/coc/flash7/paphiwetsa3/datasets/new_circle_3/episode_T_circle_obs0_000122.zarr', 'episode_T_circle_obs0_000122'), ('/coc/flash7/paphiwetsa3/datasets/new_circle_3/episode_T_circle_obs0_000123.zarr', 'episode_T_circle_obs0_000123'), ('/coc/flash7/paphiwetsa3/datasets/new_circle_3/episode_T_circle_obs0_000124.zarr', 'episode_T_circle_obs0_000124'), ('/coc/flash7/paphiwetsa3/datasets/new_circle_3/episode_T_circle_obs0_000125.zarr', 'episode_T_circle_obs0_000125'), ('/coc/flash7/paphiwetsa3/datasets/new_circle_3/episode_T_circle_obs0_000126.zarr', 'episode_T_circle_obs0_000126'), ('/coc/flash7/paphiwetsa3/datasets/new_circle_3/episode_T_circle_obs0_000127.zarr', 'episode_T_circle_obs0_000127'), ('/coc/flash7/paphiwetsa3/datasets/new_circle_3/episode_T_circle_obs0_000128.zarr', 'episode_T_circle_obs0_000128'), ('/coc/flash7/paphiwetsa3/datasets/new_circle_3/episode_T_circle_obs0_000129.zarr', 'episode_T_circle_obs0_000129'), ('/coc/flash7/paphiwetsa3/datasets/new_circle_3/episode_T_circle_obs0_000130.zarr', 'episode_T_circle_obs0_000130'), ('/coc/flash7/paphiwetsa3/datasets/new_circle_3/episode_T_circle_obs0_000131.zarr', 'episode_T_circle_obs0_000131'), ('/coc/flash7/paphiwetsa3/datasets/new_circle_3/episode_T_circle_obs0_000132.zarr', 'episode_T_circle_obs0_000132'), ('/coc/flash7/paphiwetsa3/datasets/new_circle_3/episode_T_circle_obs0_000133.zarr', 'episode_T_circle_obs0_000133'), ('/coc/flash7/paphiwetsa3/datasets/new_circle_3/episode_T_circle_obs0_000134.zarr', 'episode_T_circle_obs0_000134'), ('/coc/flash7/paphiwetsa3/datasets/new_circle_3/episode_T_circle_obs0_000135.zarr', 'episode_T_circle_obs0_000135'), ('/coc/flash7/paphiwetsa3/datasets/new_circle_3/episode_T_circle_obs0_000136.zarr', 'episode_T_circle_obs0_000136'), ('/coc/flash7/paphiwetsa3/datasets/new_circle_3/episode_T_circle_obs0_000137.zarr', 'episode_T_circle_obs0_000137'), ('/coc/flash7/paphiwetsa3/datasets/new_circle_3/episode_T_circle_obs0_000138.zarr', 'episode_T_circle_obs0_000138'), ('/coc/flash7/paphiwetsa3/datasets/new_circle_3/episode_T_circle_obs0_000139.zarr', 'episode_T_circle_obs0_000139'), ('/coc/flash7/paphiwetsa3/datasets/new_circle_3/episode_T_circle_obs0_000140.zarr', 'episode_T_circle_obs0_000140'), ('/coc/flash7/paphiwetsa3/datasets/new_circle_3/episode_T_circle_obs0_000141.zarr', 'episode_T_circle_obs0_000141'), ('/coc/flash7/paphiwetsa3/datasets/new_circle_3/episode_T_circle_obs0_000142.zarr', 'episode_T_circle_obs0_000142'), ('/coc/flash7/paphiwetsa3/datasets/new_circle_3/episode_T_circle_obs0_000143.zarr', 'episode_T_circle_obs0_000143'), ('/coc/flash7/paphiwetsa3/datasets/new_circle_3/episode_T_circle_obs0_000144.zarr', 'episode_T_circle_obs0_000144'), ('/coc/flash7/paphiwetsa3/datasets/new_circle_3/episode_T_circle_obs0_000145.zarr', 'episode_T_circle_obs0_000145'), ('/coc/flash7/paphiwetsa3/datasets/new_circle_3/episode_T_circle_obs0_000146.zarr', 'episode_T_circle_obs0_000146'), ('/coc/flash7/paphiwetsa3/datasets/new_circle_3/episode_T_circle_obs0_000147.zarr', 'episode_T_circle_obs0_000147'), ('/coc/flash7/paphiwetsa3/datasets/new_circle_3/episode_T_circle_obs0_000148.zarr', 'episode_T_circle_obs0_000148'), ('/coc/flash7/paphiwetsa3/datasets/new_circle_3/episode_T_circle_obs0_000149.zarr', 'episode_T_circle_obs0_000149'), ('/coc/flash7/paphiwetsa3/datasets/new_circle_3/episode_T_circle_obs0_000150.zarr', 'episode_T_circle_obs0_000150'), ('/coc/flash7/paphiwetsa3/datasets/new_circle_3/episode_T_circle_obs0_000151.zarr', 'episode_T_circle_obs0_000151'), ('/coc/flash7/paphiwetsa3/datasets/new_circle_3/episode_T_circle_obs0_000152.zarr', 'episode_T_circle_obs0_000152'), ('/coc/flash7/paphiwetsa3/datasets/new_circle_3/episode_T_circle_obs0_000153.zarr', 'episode_T_circle_obs0_000153'), ('/coc/flash7/paphiwetsa3/datasets/new_circle_3/episode_T_circle_obs0_000154.zarr', 'episode_T_circle_obs0_000154'), ('/coc/flash7/paphiwetsa3/datasets/new_circle_3/episode_T_circle_obs0_000155.zarr', 'episode_T_circle_obs0_000155'), ('/coc/flash7/paphiwetsa3/datasets/new_circle_3/episode_T_circle_obs0_000156.zarr', 'episode_T_circle_obs0_000156'), ('/coc/flash7/paphiwetsa3/datasets/new_circle_3/episode_T_circle_obs0_000157.zarr', 'episode_T_circle_obs0_000157'), ('/coc/flash7/paphiwetsa3/datasets/new_circle_3/episode_T_circle_obs0_000158.zarr', 'episode_T_circle_obs0_000158'), ('/coc/flash7/paphiwetsa3/datasets/new_circle_3/episode_T_circle_obs0_000159.zarr', 'episode_T_circle_obs0_000159'), ('/coc/flash7/paphiwetsa3/datasets/new_circle_3/episode_T_circle_obs0_000160.zarr', 'episode_T_circle_obs0_000160'), ('/coc/flash7/paphiwetsa3/datasets/new_circle_3/episode_T_circle_obs0_000161.zarr', 'episode_T_circle_obs0_000161'), ('/coc/flash7/paphiwetsa3/datasets/new_circle_3/episode_T_circle_obs0_000162.zarr', 'episode_T_circle_obs0_000162'), ('/coc/flash7/paphiwetsa3/datasets/new_circle_3/episode_T_circle_obs0_000163.zarr', 'episode_T_circle_obs0_000163'), ('/coc/flash7/paphiwetsa3/datasets/new_circle_3/episode_T_circle_obs0_000164.zarr', 'episode_T_circle_obs0_000164'), ('/coc/flash7/paphiwetsa3/datasets/new_circle_3/episode_T_circle_obs0_000165.zarr', 'episode_T_circle_obs0_000165'), ('/coc/flash7/paphiwetsa3/datasets/new_circle_3/episode_T_circle_obs0_000166.zarr', 'episode_T_circle_obs0_000166'), ('/coc/flash7/paphiwetsa3/datasets/new_circle_3/episode_T_circle_obs0_000167.zarr', 'episode_T_circle_obs0_000167'), ('/coc/flash7/paphiwetsa3/datasets/new_circle_3/episode_T_circle_obs0_000168.zarr', 'episode_T_circle_obs0_000168'), ('/coc/flash7/paphiwetsa3/datasets/new_circle_3/episode_T_circle_obs0_000169.zarr', 'episode_T_circle_obs0_000169'), ('/coc/flash7/paphiwetsa3/datasets/new_circle_3/episode_T_circle_obs0_000170.zarr', 'episode_T_circle_obs0_000170'), ('/coc/flash7/paphiwetsa3/datasets/new_circle_3/episode_T_circle_obs0_000171.zarr', 'episode_T_circle_obs0_000171'), ('/coc/flash7/paphiwetsa3/datasets/new_circle_3/episode_T_circle_obs0_000172.zarr', 'episode_T_circle_obs0_000172'), ('/coc/flash7/paphiwetsa3/datasets/new_circle_3/episode_T_circle_obs0_000173.zarr', 'episode_T_circle_obs0_000173'), ('/coc/flash7/paphiwetsa3/datasets/new_circle_3/episode_T_circle_obs0_000174.zarr', 'episode_T_circle_obs0_000174'), ('/coc/flash7/paphiwetsa3/datasets/new_circle_3/episode_T_circle_obs0_000175.zarr', 'episode_T_circle_obs0_000175'), ('/coc/flash7/paphiwetsa3/datasets/new_circle_3/episode_T_circle_obs0_000176.zarr', 'episode_T_circle_obs0_000176'), ('/coc/flash7/paphiwetsa3/datasets/new_circle_3/episode_T_circle_obs0_000177.zarr', 'episode_T_circle_obs0_000177'), ('/coc/flash7/paphiwetsa3/datasets/new_circle_3/episode_T_circle_obs0_000178.zarr', 'episode_T_circle_obs0_000178'), ('/coc/flash7/paphiwetsa3/datasets/new_circle_3/episode_T_circle_obs0_000179.zarr', 'episode_T_circle_obs0_000179'), ('/coc/flash7/paphiwetsa3/datasets/new_circle_3/episode_T_circle_obs0_000180.zarr', 'episode_T_circle_obs0_000180'), ('/coc/flash7/paphiwetsa3/datasets/new_circle_3/episode_T_circle_obs0_000181.zarr', 'episode_T_circle_obs0_000181'), ('/coc/flash7/paphiwetsa3/datasets/new_circle_3/episode_T_circle_obs0_000182.zarr', 'episode_T_circle_obs0_000182'), ('/coc/flash7/paphiwetsa3/datasets/new_circle_3/episode_T_circle_obs0_000183.zarr', 'episode_T_circle_obs0_000183'), ('/coc/flash7/paphiwetsa3/datasets/new_circle_3/episode_T_circle_obs0_000184.zarr', 'episode_T_circle_obs0_000184'), ('/coc/flash7/paphiwetsa3/datasets/new_circle_3/episode_T_circle_obs0_000185.zarr', 'episode_T_circle_obs0_000185'), ('/coc/flash7/paphiwetsa3/datasets/new_circle_3/episode_T_circle_obs0_000186.zarr', 'episode_T_circle_obs0_000186'), ('/coc/flash7/paphiwetsa3/datasets/new_circle_3/episode_T_circle_obs0_000187.zarr', 'episode_T_circle_obs0_000187'), ('/coc/flash7/paphiwetsa3/datasets/new_circle_3/episode_T_circle_obs0_000188.zarr', 'episode_T_circle_obs0_000188'), ('/coc/flash7/paphiwetsa3/datasets/new_circle_3/episode_T_circle_obs0_000189.zarr', 'episode_T_circle_obs0_000189'), ('/coc/flash7/paphiwetsa3/datasets/new_circle_3/episode_T_circle_obs0_000190.zarr', 'episode_T_circle_obs0_000190'), ('/coc/flash7/paphiwetsa3/datasets/new_circle_3/episode_T_circle_obs0_000191.zarr', 'episode_T_circle_obs0_000191'), ('/coc/flash7/paphiwetsa3/datasets/new_circle_3/episode_T_circle_obs0_000192.zarr', 'episode_T_circle_obs0_000192'), ('/coc/flash7/paphiwetsa3/datasets/new_circle_3/episode_T_circle_obs0_000193.zarr', 'episode_T_circle_obs0_000193'), ('/coc/flash7/paphiwetsa3/datasets/new_circle_3/episode_T_circle_obs0_000194.zarr', 'episode_T_circle_obs0_000194'), ('/coc/flash7/paphiwetsa3/datasets/new_circle_3/episode_T_circle_obs0_000195.zarr', 'episode_T_circle_obs0_000195'), ('/coc/flash7/paphiwetsa3/datasets/new_circle_3/episode_T_circle_obs0_000196.zarr', 'episode_T_circle_obs0_000196'), ('/coc/flash7/paphiwetsa3/datasets/new_circle_3/episode_T_circle_obs0_000197.zarr', 'episode_T_circle_obs0_000197'), ('/coc/flash7/paphiwetsa3/datasets/new_circle_3/episode_T_circle_obs0_000198.zarr', 'episode_T_circle_obs0_000198'), ('/coc/flash7/paphiwetsa3/datasets/new_circle_3/episode_T_circle_obs0_000199.zarr', 'episode_T_circle_obs0_000199'), ('/coc/flash7/paphiwetsa3/datasets/new_circle_3/episode_T_circle_obs0_000200.zarr', 'episode_T_circle_obs0_000200'), ('/coc/flash7/paphiwetsa3/datasets/new_circle_3/episode_T_circle_obs0_000201.zarr', 'episode_T_circle_obs0_000201'), ('/coc/flash7/paphiwetsa3/datasets/new_circle_3/episode_T_circle_obs0_000202.zarr', 'episode_T_circle_obs0_000202'), ('/coc/flash7/paphiwetsa3/datasets/new_circle_3/episode_T_circle_obs0_000203.zarr', 'episode_T_circle_obs0_000203'), ('/coc/flash7/paphiwetsa3/datasets/new_circle_3/episode_T_circle_obs0_000204.zarr', 'episode_T_circle_obs0_000204'), ('/coc/flash7/paphiwetsa3/datasets/new_circle_3/episode_T_circle_obs0_000205.zarr', 'episode_T_circle_obs0_000205'), ('/coc/flash7/paphiwetsa3/datasets/new_circle_3/episode_T_circle_obs0_000206.zarr', 'episode_T_circle_obs0_000206'), ('/coc/flash7/paphiwetsa3/datasets/new_circle_3/episode_T_circle_obs0_000207.zarr', 'episode_T_circle_obs0_000207'), ('/coc/flash7/paphiwetsa3/datasets/new_circle_3/episode_T_circle_obs0_000208.zarr', 'episode_T_circle_obs0_000208'), ('/coc/flash7/paphiwetsa3/datasets/new_circle_3/episode_T_circle_obs0_000209.zarr', 'episode_T_circle_obs0_000209'), ('/coc/flash7/paphiwetsa3/datasets/new_circle_3/episode_T_circle_obs0_000210.zarr', 'episode_T_circle_obs0_000210'), ('/coc/flash7/paphiwetsa3/datasets/new_circle_3/episode_T_circle_obs0_000211.zarr', 'episode_T_circle_obs0_000211'), ('/coc/flash7/paphiwetsa3/datasets/new_circle_3/episode_T_circle_obs0_000212.zarr', 'episode_T_circle_obs0_000212'), ('/coc/flash7/paphiwetsa3/datasets/new_circle_3/episode_T_circle_obs0_000213.zarr', 'episode_T_circle_obs0_000213'), ('/coc/flash7/paphiwetsa3/datasets/new_circle_3/episode_T_circle_obs0_000214.zarr', 'episode_T_circle_obs0_000214'), ('/coc/flash7/paphiwetsa3/datasets/new_circle_3/episode_T_circle_obs0_000215.zarr', 'episode_T_circle_obs0_000215'), ('/coc/flash7/paphiwetsa3/datasets/new_circle_3/episode_T_circle_obs0_000216.zarr', 'episode_T_circle_obs0_000216'), ('/coc/flash7/paphiwetsa3/datasets/new_circle_3/episode_T_circle_obs0_000217.zarr', 'episode_T_circle_obs0_000217'), ('/coc/flash7/paphiwetsa3/datasets/new_circle_3/episode_T_circle_obs0_000218.zarr', 'episode_T_circle_obs0_000218'), ('/coc/flash7/paphiwetsa3/datasets/new_circle_3/episode_T_circle_obs0_000219.zarr', 'episode_T_circle_obs0_000219'), ('/coc/flash7/paphiwetsa3/datasets/new_circle_3/episode_T_circle_obs0_000220.zarr', 'episode_T_circle_obs0_000220'), ('/coc/flash7/paphiwetsa3/datasets/new_circle_3/episode_T_circle_obs0_000221.zarr', 'episode_T_circle_obs0_000221'), ('/coc/flash7/paphiwetsa3/datasets/new_circle_3/episode_T_circle_obs0_000223.zarr', 'episode_T_circle_obs0_000223'), ('/coc/flash7/paphiwetsa3/datasets/new_circle_3/episode_T_circle_obs0_000224.zarr', 'episode_T_circle_obs0_000224'), ('/coc/flash7/paphiwetsa3/datasets/new_circle_3/episode_T_circle_obs0_000225.zarr', 'episode_T_circle_obs0_000225'), ('/coc/flash7/paphiwetsa3/datasets/new_circle_3/episode_T_circle_obs0_000226.zarr', 'episode_T_circle_obs0_000226'), ('/coc/flash7/paphiwetsa3/datasets/new_circle_3/episode_T_circle_obs0_000227.zarr', 'episode_T_circle_obs0_000227'), ('/coc/flash7/paphiwetsa3/datasets/new_circle_3/episode_T_circle_obs0_000228.zarr', 'episode_T_circle_obs0_000228'), ('/coc/flash7/paphiwetsa3/datasets/new_circle_3/episode_T_circle_obs0_000229.zarr', 'episode_T_circle_obs0_000229'), ('/coc/flash7/paphiwetsa3/datasets/new_circle_3/episode_T_circle_obs0_000230.zarr', 'episode_T_circle_obs0_000230'), ('/coc/flash7/paphiwetsa3/datasets/new_circle_3/episode_T_circle_obs0_000231.zarr', 'episode_T_circle_obs0_000231'), ('/coc/flash7/paphiwetsa3/datasets/new_circle_3/episode_T_circle_obs0_000232.zarr', 'episode_T_circle_obs0_000232'), ('/coc/flash7/paphiwetsa3/datasets/new_circle_3/episode_T_circle_obs0_000233.zarr', 'episode_T_circle_obs0_000233'), ('/coc/flash7/paphiwetsa3/datasets/new_circle_3/episode_T_circle_obs0_000234.zarr', 'episode_T_circle_obs0_000234'), ('/coc/flash7/paphiwetsa3/datasets/new_circle_3/episode_T_circle_obs0_000235.zarr', 'episode_T_circle_obs0_000235'), ('/coc/flash7/paphiwetsa3/datasets/new_circle_3/episode_T_circle_obs0_000236.zarr', 'episode_T_circle_obs0_000236'), ('/coc/flash7/paphiwetsa3/datasets/new_circle_3/episode_T_circle_obs0_000237.zarr', 'episode_T_circle_obs0_000237'), ('/coc/flash7/paphiwetsa3/datasets/new_circle_3/episode_T_circle_obs0_000238.zarr', 'episode_T_circle_obs0_000238'), ('/coc/flash7/paphiwetsa3/datasets/new_circle_3/episode_T_circle_obs0_000239.zarr', 'episode_T_circle_obs0_000239'), ('/coc/flash7/paphiwetsa3/datasets/new_circle_3/episode_T_circle_obs0_000240.zarr', 'episode_T_circle_obs0_000240'), ('/coc/flash7/paphiwetsa3/datasets/new_circle_3/episode_T_circle_obs0_000241.zarr', 'episode_T_circle_obs0_000241'), ('/coc/flash7/paphiwetsa3/datasets/new_circle_3/episode_T_circle_obs0_000242.zarr', 'episode_T_circle_obs0_000242'), ('/coc/flash7/paphiwetsa3/datasets/new_circle_3/episode_T_circle_obs0_000243.zarr', 'episode_T_circle_obs0_000243'), ('/coc/flash7/paphiwetsa3/datasets/new_circle_3/episode_T_circle_obs0_000244.zarr', 'episode_T_circle_obs0_000244'), ('/coc/flash7/paphiwetsa3/datasets/new_circle_3/episode_T_circle_obs0_000245.zarr', 'episode_T_circle_obs0_000245'), ('/coc/flash7/paphiwetsa3/datasets/new_circle_3/episode_T_circle_obs0_000246.zarr', 'episode_T_circle_obs0_000246'), ('/coc/flash7/paphiwetsa3/datasets/new_circle_3/episode_T_circle_obs0_000247.zarr', 'episode_T_circle_obs0_000247'), ('/coc/flash7/paphiwetsa3/datasets/new_circle_3/episode_T_circle_obs0_000248.zarr', 'episode_T_circle_obs0_000248'), ('/coc/flash7/paphiwetsa3/datasets/new_circle_3/episode_T_circle_obs0_000249.zarr', 'episode_T_circle_obs0_000249'), ('/coc/flash7/paphiwetsa3/datasets/new_circle_3/episode_T_circle_obs0_000250.zarr', 'episode_T_circle_obs0_000250'), ('/coc/flash7/paphiwetsa3/datasets/new_circle_3/episode_T_circle_obs0_000251.zarr', 'episode_T_circle_obs0_000251'), ('/coc/flash7/paphiwetsa3/datasets/new_circle_3/episode_T_circle_obs0_000252.zarr', 'episode_T_circle_obs0_000252'), ('/coc/flash7/paphiwetsa3/datasets/new_circle_3/episode_T_circle_obs0_000253.zarr', 'episode_T_circle_obs0_000253'), ('/coc/flash7/paphiwetsa3/datasets/new_circle_3/episode_T_circle_obs0_000254.zarr', 'episode_T_circle_obs0_000254'), ('/coc/flash7/paphiwetsa3/datasets/new_circle_3/episode_T_circle_obs0_000255.zarr', 'episode_T_circle_obs0_000255'), ('/coc/flash7/paphiwetsa3/datasets/new_circle_3/episode_T_circle_obs0_000256.zarr', 'episode_T_circle_obs0_000256'), ('/coc/flash7/paphiwetsa3/datasets/new_circle_3/episode_T_circle_obs0_000257.zarr', 'episode_T_circle_obs0_000257'), ('/coc/flash7/paphiwetsa3/datasets/new_circle_3/episode_T_circle_obs0_000258.zarr', 'episode_T_circle_obs0_000258'), ('/coc/flash7/paphiwetsa3/datasets/new_circle_3/episode_T_circle_obs0_000259.zarr', 'episode_T_circle_obs0_000259'), ('/coc/flash7/paphiwetsa3/datasets/new_circle_3/episode_T_circle_obs0_000260.zarr', 'episode_T_circle_obs0_000260'), ('/coc/flash7/paphiwetsa3/datasets/new_circle_3/episode_T_circle_obs0_000261.zarr', 'episode_T_circle_obs0_000261'), ('/coc/flash7/paphiwetsa3/datasets/new_circle_3/episode_T_circle_obs0_000262.zarr', 'episode_T_circle_obs0_000262'), ('/coc/flash7/paphiwetsa3/datasets/new_circle_3/episode_T_circle_obs0_000263.zarr', 'episode_T_circle_obs0_000263'), ('/coc/flash7/paphiwetsa3/datasets/new_circle_3/episode_T_circle_obs0_000264.zarr', 'episode_T_circle_obs0_000264'), ('/coc/flash7/paphiwetsa3/datasets/new_circle_3/episode_T_circle_obs0_000265.zarr', 'episode_T_circle_obs0_000265'), ('/coc/flash7/paphiwetsa3/datasets/new_circle_3/episode_T_circle_obs0_000266.zarr', 'episode_T_circle_obs0_000266'), ('/coc/flash7/paphiwetsa3/datasets/new_circle_3/episode_T_circle_obs0_000267.zarr', 'episode_T_circle_obs0_000267'), ('/coc/flash7/paphiwetsa3/datasets/new_circle_3/episode_T_circle_obs0_000268.zarr', 'episode_T_circle_obs0_000268'), ('/coc/flash7/paphiwetsa3/datasets/new_circle_3/episode_T_circle_obs0_000269.zarr', 'episode_T_circle_obs0_000269'), ('/coc/flash7/paphiwetsa3/datasets/new_circle_3/episode_T_circle_obs0_000270.zarr', 'episode_T_circle_obs0_000270'), ('/coc/flash7/paphiwetsa3/datasets/new_circle_3/episode_T_circle_obs0_000271.zarr', 'episode_T_circle_obs0_000271'), ('/coc/flash7/paphiwetsa3/datasets/new_circle_3/episode_T_circle_obs0_000272.zarr', 'episode_T_circle_obs0_000272'), ('/coc/flash7/paphiwetsa3/datasets/new_circle_3/episode_T_circle_obs0_000273.zarr', 'episode_T_circle_obs0_000273'), ('/coc/flash7/paphiwetsa3/datasets/new_circle_3/episode_T_circle_obs0_000274.zarr', 'episode_T_circle_obs0_000274'), ('/coc/flash7/paphiwetsa3/datasets/new_circle_3/episode_T_circle_obs0_000275.zarr', 'episode_T_circle_obs0_000275'), ('/coc/flash7/paphiwetsa3/datasets/new_circle_3/episode_T_circle_obs0_000276.zarr', 'episode_T_circle_obs0_000276'), ('/coc/flash7/paphiwetsa3/datasets/new_circle_3/episode_T_circle_obs0_000277.zarr', 'episode_T_circle_obs0_000277'), ('/coc/flash7/paphiwetsa3/datasets/new_circle_3/episode_T_circle_obs0_000278.zarr', 'episode_T_circle_obs0_000278'), ('/coc/flash7/paphiwetsa3/datasets/new_circle_3/episode_T_circle_obs0_000279.zarr', 'episode_T_circle_obs0_000279'), ('/coc/flash7/paphiwetsa3/datasets/new_circle_3/episode_T_circle_obs0_000280.zarr', 'episode_T_circle_obs0_000280'), ('/coc/flash7/paphiwetsa3/datasets/new_circle_3/episode_T_circle_obs0_000281.zarr', 'episode_T_circle_obs0_000281'), ('/coc/flash7/paphiwetsa3/datasets/new_circle_3/episode_T_circle_obs0_000282.zarr', 'episode_T_circle_obs0_000282'), ('/coc/flash7/paphiwetsa3/datasets/new_circle_3/episode_T_circle_obs0_000283.zarr', 'episode_T_circle_obs0_000283'), ('/coc/flash7/paphiwetsa3/datasets/new_circle_3/episode_T_circle_obs0_000284.zarr', 'episode_T_circle_obs0_000284'), ('/coc/flash7/paphiwetsa3/datasets/new_circle_3/episode_T_circle_obs0_000285.zarr', 'episode_T_circle_obs0_000285'), ('/coc/flash7/paphiwetsa3/datasets/new_circle_3/episode_T_circle_obs0_000286.zarr', 'episode_T_circle_obs0_000286'), ('/coc/flash7/paphiwetsa3/datasets/new_circle_3/episode_T_circle_obs0_000287.zarr', 'episode_T_circle_obs0_000287'), ('/coc/flash7/paphiwetsa3/datasets/new_circle_3/episode_T_circle_obs0_000288.zarr', 'episode_T_circle_obs0_000288'), ('/coc/flash7/paphiwetsa3/datasets/new_circle_3/episode_T_circle_obs0_000289.zarr', 'episode_T_circle_obs0_000289'), ('/coc/flash7/paphiwetsa3/datasets/new_circle_3/episode_T_circle_obs0_000290.zarr', 'episode_T_circle_obs0_000290'), ('/coc/flash7/paphiwetsa3/datasets/new_circle_3/episode_T_circle_obs0_000291.zarr', 'episode_T_circle_obs0_000291'), ('/coc/flash7/paphiwetsa3/datasets/new_circle_3/episode_T_circle_obs0_000292.zarr', 'episode_T_circle_obs0_000292'), ('/coc/flash7/paphiwetsa3/datasets/new_circle_3/episode_T_circle_obs0_000293.zarr', 'episode_T_circle_obs0_000293'), ('/coc/flash7/paphiwetsa3/datasets/new_circle_3/episode_T_circle_obs0_000294.zarr', 'episode_T_circle_obs0_000294'), ('/coc/flash7/paphiwetsa3/datasets/new_circle_3/episode_T_circle_obs0_000295.zarr', 'episode_T_circle_obs0_000295'), ('/coc/flash7/paphiwetsa3/datasets/new_circle_3/episode_T_circle_obs0_000296.zarr', 'episode_T_circle_obs0_000296'), ('/coc/flash7/paphiwetsa3/datasets/new_circle_3/episode_T_circle_obs0_000297.zarr', 'episode_T_circle_obs0_000297'), ('/coc/flash7/paphiwetsa3/datasets/new_circle_3/episode_T_circle_obs0_000298.zarr', 'episode_T_circle_obs0_000298'), ('/coc/flash7/paphiwetsa3/datasets/new_circle_3/episode_T_circle_obs0_000299.zarr', 'episode_T_circle_obs0_000299'), ('/coc/flash7/paphiwetsa3/datasets/new_circle_3/episode_T_circle_obs0_000300.zarr', 'episode_T_circle_obs0_000300'), ('/coc/flash7/paphiwetsa3/datasets/new_circle_3/episode_T_circle_obs0_000301.zarr', 'episode_T_circle_obs0_000301'), ('/coc/flash7/paphiwetsa3/datasets/new_circle_3/episode_T_circle_obs0_000302.zarr', 'episode_T_circle_obs0_000302'), ('/coc/flash7/paphiwetsa3/datasets/new_circle_3/episode_T_circle_obs0_000303.zarr', 'episode_T_circle_obs0_000303'), ('/coc/flash7/paphiwetsa3/datasets/new_circle_3/episode_T_circle_obs0_000304.zarr', 'episode_T_circle_obs0_000304'), ('/coc/flash7/paphiwetsa3/datasets/new_circle_3/episode_T_circle_obs0_000305.zarr', 'episode_T_circle_obs0_000305'), ('/coc/flash7/paphiwetsa3/datasets/new_circle_3/episode_T_circle_obs0_000306.zarr', 'episode_T_circle_obs0_000306'), ('/coc/flash7/paphiwetsa3/datasets/new_circle_3/episode_T_circle_obs0_000307.zarr', 'episode_T_circle_obs0_000307'), ('/coc/flash7/paphiwetsa3/datasets/new_circle_3/episode_T_circle_obs0_000308.zarr', 'episode_T_circle_obs0_000308'), ('/coc/flash7/paphiwetsa3/datasets/new_circle_3/episode_T_circle_obs0_000309.zarr', 'episode_T_circle_obs0_000309'), ('/coc/flash7/paphiwetsa3/datasets/new_circle_3/episode_T_circle_obs0_000310.zarr', 'episode_T_circle_obs0_000310'), ('/coc/flash7/paphiwetsa3/datasets/new_circle_3/episode_T_circle_obs0_000311.zarr', 'episode_T_circle_obs0_000311'), ('/coc/flash7/paphiwetsa3/datasets/new_circle_3/episode_T_circle_obs0_000312.zarr', 'episode_T_circle_obs0_000312'), ('/coc/flash7/paphiwetsa3/datasets/new_circle_3/episode_T_circle_obs0_000313.zarr', 'episode_T_circle_obs0_000313'), ('/coc/flash7/paphiwetsa3/datasets/new_circle_3/episode_T_circle_obs0_000314.zarr', 'episode_T_circle_obs0_000314'), ('/coc/flash7/paphiwetsa3/datasets/new_circle_3/episode_T_circle_obs0_000315.zarr', 'episode_T_circle_obs0_000315'), ('/coc/flash7/paphiwetsa3/datasets/new_circle_3/episode_T_circle_obs0_000316.zarr', 'episode_T_circle_obs0_000316'), ('/coc/flash7/paphiwetsa3/datasets/new_circle_3/episode_T_circle_obs0_000317.zarr', 'episode_T_circle_obs0_000317'), ('/coc/flash7/paphiwetsa3/datasets/new_circle_3/episode_T_circle_obs0_000318.zarr', 'episode_T_circle_obs0_000318'), ('/coc/flash7/paphiwetsa3/datasets/new_circle_3/episode_T_circle_obs0_000319.zarr', 'episode_T_circle_obs0_000319'), ('/coc/flash7/paphiwetsa3/datasets/new_circle_3/episode_T_circle_obs0_000320.zarr', 'episode_T_circle_obs0_000320'), ('/coc/flash7/paphiwetsa3/datasets/new_circle_3/episode_T_circle_obs0_000321.zarr', 'episode_T_circle_obs0_000321'), ('/coc/flash7/paphiwetsa3/datasets/new_circle_3/episode_T_circle_obs0_000322.zarr', 'episode_T_circle_obs0_000322'), ('/coc/flash7/paphiwetsa3/datasets/new_circle_3/episode_T_circle_obs0_000323.zarr', 'episode_T_circle_obs0_000323'), ('/coc/flash7/paphiwetsa3/datasets/new_circle_3/episode_T_circle_obs0_000324.zarr', 'episode_T_circle_obs0_000324'), ('/coc/flash7/paphiwetsa3/datasets/new_circle_3/episode_T_circle_obs0_000325.zarr', 'episode_T_circle_obs0_000325'), ('/coc/flash7/paphiwetsa3/datasets/new_circle_3/episode_T_circle_obs0_000326.zarr', 'episode_T_circle_obs0_000326'), ('/coc/flash7/paphiwetsa3/datasets/new_circle_3/episode_T_circle_obs0_000327.zarr', 'episode_T_circle_obs0_000327'), ('/coc/flash7/paphiwetsa3/datasets/new_circle_3/episode_T_circle_obs0_000328.zarr', 'episode_T_circle_obs0_000328'), ('/coc/flash7/paphiwetsa3/datasets/new_circle_3/episode_T_circle_obs0_000329.zarr', 'episode_T_circle_obs0_000329'), ('/coc/flash7/paphiwetsa3/datasets/new_circle_3/episode_T_circle_obs0_000330.zarr', 'episode_T_circle_obs0_000330'), ('/coc/flash7/paphiwetsa3/datasets/new_circle_3/episode_T_circle_obs0_000331.zarr', 'episode_T_circle_obs0_000331'), ('/coc/flash7/paphiwetsa3/datasets/new_circle_3/episode_T_circle_obs0_000332.zarr', 'episode_T_circle_obs0_000332'), ('/coc/flash7/paphiwetsa3/datasets/new_circle_3/episode_T_circle_obs0_000333.zarr', 'episode_T_circle_obs0_000333'), ('/coc/flash7/paphiwetsa3/datasets/new_circle_3/episode_T_circle_obs0_000334.zarr', 'episode_T_circle_obs0_000334'), ('/coc/flash7/paphiwetsa3/datasets/new_circle_3/episode_T_circle_obs0_000335.zarr', 'episode_T_circle_obs0_000335'), ('/coc/flash7/paphiwetsa3/datasets/new_circle_3/episode_T_circle_obs0_000336.zarr', 'episode_T_circle_obs0_000336'), ('/coc/flash7/paphiwetsa3/datasets/new_circle_3/episode_T_circle_obs0_000337.zarr', 'episode_T_circle_obs0_000337'), ('/coc/flash7/paphiwetsa3/datasets/new_circle_3/episode_T_circle_obs0_000338.zarr', 'episode_T_circle_obs0_000338'), ('/coc/flash7/paphiwetsa3/datasets/new_circle_3/episode_T_circle_obs0_000339.zarr', 'episode_T_circle_obs0_000339'), ('/coc/flash7/paphiwetsa3/datasets/new_circle_3/episode_T_circle_obs0_000340.zarr', 'episode_T_circle_obs0_000340'), ('/coc/flash7/paphiwetsa3/datasets/new_circle_3/episode_T_circle_obs0_000341.zarr', 'episode_T_circle_obs0_000341'), ('/coc/flash7/paphiwetsa3/datasets/new_circle_3/episode_T_circle_obs0_000342.zarr', 'episode_T_circle_obs0_000342'), ('/coc/flash7/paphiwetsa3/datasets/new_circle_3/episode_T_circle_obs0_000343.zarr', 'episode_T_circle_obs0_000343'), ('/coc/flash7/paphiwetsa3/datasets/new_circle_3/episode_T_circle_obs0_000344.zarr', 'episode_T_circle_obs0_000344'), ('/coc/flash7/paphiwetsa3/datasets/new_circle_3/episode_T_circle_obs0_000345.zarr', 'episode_T_circle_obs0_000345'), ('/coc/flash7/paphiwetsa3/datasets/new_circle_3/episode_T_circle_obs0_000346.zarr', 'episode_T_circle_obs0_000346'), ('/coc/flash7/paphiwetsa3/datasets/new_circle_3/episode_T_circle_obs0_000347.zarr', 'episode_T_circle_obs0_000347'), ('/coc/flash7/paphiwetsa3/datasets/new_circle_3/episode_T_circle_obs0_000348.zarr', 'episode_T_circle_obs0_000348'), ('/coc/flash7/paphiwetsa3/datasets/new_circle_3/episode_T_circle_obs0_000349.zarr', 'episode_T_circle_obs0_000349'), ('/coc/flash7/paphiwetsa3/datasets/new_circle_3/episode_T_circle_obs0_000350.zarr', 'episode_T_circle_obs0_000350'), ('/coc/flash7/paphiwetsa3/datasets/new_circle_3/episode_T_circle_obs0_000351.zarr', 'episode_T_circle_obs0_000351'), ('/coc/flash7/paphiwetsa3/datasets/new_circle_3/episode_T_circle_obs0_000352.zarr', 'episode_T_circle_obs0_000352'), ('/coc/flash7/paphiwetsa3/datasets/new_circle_3/episode_T_circle_obs0_000353.zarr', 'episode_T_circle_obs0_000353'), ('/coc/flash7/paphiwetsa3/datasets/new_circle_3/episode_T_circle_obs0_000354.zarr', 'episode_T_circle_obs0_000354'), ('/coc/flash7/paphiwetsa3/datasets/new_circle_3/episode_T_circle_obs0_000355.zarr', 'episode_T_circle_obs0_000355'), ('/coc/flash7/paphiwetsa3/datasets/new_circle_3/episode_T_circle_obs0_000356.zarr', 'episode_T_circle_obs0_000356'), ('/coc/flash7/paphiwetsa3/datasets/new_circle_3/episode_T_circle_obs0_000357.zarr', 'episode_T_circle_obs0_000357'), ('/coc/flash7/paphiwetsa3/datasets/new_circle_3/episode_T_circle_obs0_000358.zarr', 'episode_T_circle_obs0_000358'), ('/coc/flash7/paphiwetsa3/datasets/new_circle_3/episode_T_circle_obs0_000359.zarr', 'episode_T_circle_obs0_000359'), ('/coc/flash7/paphiwetsa3/datasets/new_circle_3/episode_T_circle_obs0_000360.zarr', 'episode_T_circle_obs0_000360'), ('/coc/flash7/paphiwetsa3/datasets/new_circle_3/episode_T_circle_obs0_000361.zarr', 'episode_T_circle_obs0_000361'), ('/coc/flash7/paphiwetsa3/datasets/new_circle_3/episode_T_circle_obs0_000362.zarr', 'episode_T_circle_obs0_000362'), ('/coc/flash7/paphiwetsa3/datasets/new_circle_3/episode_T_circle_obs0_000363.zarr', 'episode_T_circle_obs0_000363'), ('/coc/flash7/paphiwetsa3/datasets/new_circle_3/episode_T_circle_obs0_000364.zarr', 'episode_T_circle_obs0_000364'), ('/coc/flash7/paphiwetsa3/datasets/new_circle_3/episode_T_circle_obs0_000365.zarr', 'episode_T_circle_obs0_000365'), ('/coc/flash7/paphiwetsa3/datasets/new_circle_3/episode_T_circle_obs0_000366.zarr', 'episode_T_circle_obs0_000366'), ('/coc/flash7/paphiwetsa3/datasets/new_circle_3/episode_T_circle_obs0_000367.zarr', 'episode_T_circle_obs0_000367'), ('/coc/flash7/paphiwetsa3/datasets/new_circle_3/episode_T_circle_obs0_000368.zarr', 'episode_T_circle_obs0_000368'), ('/coc/flash7/paphiwetsa3/datasets/new_circle_3/episode_T_circle_obs0_000369.zarr', 'episode_T_circle_obs0_000369'), ('/coc/flash7/paphiwetsa3/datasets/new_circle_3/episode_T_circle_obs0_000370.zarr', 'episode_T_circle_obs0_000370'), ('/coc/flash7/paphiwetsa3/datasets/new_circle_3/episode_T_circle_obs0_000371.zarr', 'episode_T_circle_obs0_000371'), ('/coc/flash7/paphiwetsa3/datasets/new_circle_3/episode_T_circle_obs0_000372.zarr', 'episode_T_circle_obs0_000372'), ('/coc/flash7/paphiwetsa3/datasets/new_circle_3/episode_T_circle_obs0_000373.zarr', 'episode_T_circle_obs0_000373'), ('/coc/flash7/paphiwetsa3/datasets/new_circle_3/episode_T_circle_obs0_000374.zarr', 'episode_T_circle_obs0_000374'), ('/coc/flash7/paphiwetsa3/datasets/new_circle_3/episode_T_circle_obs0_000375.zarr', 'episode_T_circle_obs0_000375'), ('/coc/flash7/paphiwetsa3/datasets/new_circle_3/episode_T_circle_obs0_000376.zarr', 'episode_T_circle_obs0_000376'), ('/coc/flash7/paphiwetsa3/datasets/new_circle_3/episode_T_circle_obs0_000377.zarr', 'episode_T_circle_obs0_000377'), ('/coc/flash7/paphiwetsa3/datasets/new_circle_3/episode_T_circle_obs0_000378.zarr', 'episode_T_circle_obs0_000378'), ('/coc/flash7/paphiwetsa3/datasets/new_circle_3/episode_T_circle_obs0_000379.zarr', 'episode_T_circle_obs0_000379'), ('/coc/flash7/paphiwetsa3/datasets/new_circle_3/episode_T_circle_obs0_000380.zarr', 'episode_T_circle_obs0_000380'), ('/coc/flash7/paphiwetsa3/datasets/new_circle_3/episode_T_circle_obs0_000381.zarr', 'episode_T_circle_obs0_000381'), ('/coc/flash7/paphiwetsa3/datasets/new_circle_3/episode_T_circle_obs0_000382.zarr', 'episode_T_circle_obs0_000382'), ('/coc/flash7/paphiwetsa3/datasets/new_circle_3/episode_T_circle_obs0_000383.zarr', 'episode_T_circle_obs0_000383'), ('/coc/flash7/paphiwetsa3/datasets/new_circle_3/episode_T_circle_obs0_000384.zarr', 'episode_T_circle_obs0_000384'), ('/coc/flash7/paphiwetsa3/datasets/new_circle_3/episode_T_circle_obs0_000385.zarr', 'episode_T_circle_obs0_000385'), ('/coc/flash7/paphiwetsa3/datasets/new_circle_3/episode_T_circle_obs0_000386.zarr', 'episode_T_circle_obs0_000386'), ('/coc/flash7/paphiwetsa3/datasets/new_circle_3/episode_T_circle_obs0_000387.zarr', 'episode_T_circle_obs0_000387'), ('/coc/flash7/paphiwetsa3/datasets/new_circle_3/episode_T_circle_obs0_000388.zarr', 'episode_T_circle_obs0_000388'), ('/coc/flash7/paphiwetsa3/datasets/new_circle_3/episode_T_circle_obs0_000389.zarr', 'episode_T_circle_obs0_000389'), ('/coc/flash7/paphiwetsa3/datasets/new_circle_3/episode_T_circle_obs0_000390.zarr', 'episode_T_circle_obs0_000390'), ('/coc/flash7/paphiwetsa3/datasets/new_circle_3/episode_T_circle_obs0_000391.zarr', 'episode_T_circle_obs0_000391'), ('/coc/flash7/paphiwetsa3/datasets/new_circle_3/episode_T_circle_obs0_000392.zarr', 'episode_T_circle_obs0_000392'), ('/coc/flash7/paphiwetsa3/datasets/new_circle_3/episode_T_circle_obs0_000393.zarr', 'episode_T_circle_obs0_000393'), ('/coc/flash7/paphiwetsa3/datasets/new_circle_3/episode_T_circle_obs0_000394.zarr', 'episode_T_circle_obs0_000394'), ('/coc/flash7/paphiwetsa3/datasets/new_circle_3/episode_T_circle_obs0_000395.zarr', 'episode_T_circle_obs0_000395'), ('/coc/flash7/paphiwetsa3/datasets/new_circle_3/episode_T_circle_obs0_000396.zarr', 'episode_T_circle_obs0_000396'), ('/coc/flash7/paphiwetsa3/datasets/new_circle_3/episode_T_circle_obs0_000397.zarr', 'episode_T_circle_obs0_000397'), ('/coc/flash7/paphiwetsa3/datasets/new_circle_3/episode_T_circle_obs0_000398.zarr', 'episode_T_circle_obs0_000398'), ('/coc/flash7/paphiwetsa3/datasets/new_circle_3/episode_T_circle_obs0_000399.zarr', 'episode_T_circle_obs0_000399'), ('/coc/flash7/paphiwetsa3/datasets/new_circle_3/episode_T_circle_obs0_000400.zarr', 'episode_T_circle_obs0_000400'), ('/coc/flash7/paphiwetsa3/datasets/new_circle_3/episode_T_circle_obs0_000401.zarr', 'episode_T_circle_obs0_000401'), ('/coc/flash7/paphiwetsa3/datasets/new_circle_3/episode_T_circle_obs0_000402.zarr', 'episode_T_circle_obs0_000402'), ('/coc/flash7/paphiwetsa3/datasets/new_circle_3/episode_T_circle_obs0_000403.zarr', 'episode_T_circle_obs0_000403'), ('/coc/flash7/paphiwetsa3/datasets/new_circle_3/episode_T_circle_obs0_000404.zarr', 'episode_T_circle_obs0_000404'), ('/coc/flash7/paphiwetsa3/datasets/new_circle_3/episode_T_circle_obs0_000405.zarr', 'episode_T_circle_obs0_000405'), ('/coc/flash7/paphiwetsa3/datasets/new_circle_3/episode_T_circle_obs0_000406.zarr', 'episode_T_circle_obs0_000406'), ('/coc/flash7/paphiwetsa3/datasets/new_circle_3/episode_T_circle_obs0_000407.zarr', 'episode_T_circle_obs0_000407'), ('/coc/flash7/paphiwetsa3/datasets/new_circle_3/episode_T_circle_obs0_000408.zarr', 'episode_T_circle_obs0_000408'), ('/coc/flash7/paphiwetsa3/datasets/new_circle_3/episode_T_circle_obs0_000409.zarr', 'episode_T_circle_obs0_000409'), ('/coc/flash7/paphiwetsa3/datasets/new_circle_3/episode_T_circle_obs0_000410.zarr', 'episode_T_circle_obs0_000410'), ('/coc/flash7/paphiwetsa3/datasets/new_circle_3/episode_T_circle_obs0_000411.zarr', 'episode_T_circle_obs0_000411'), ('/coc/flash7/paphiwetsa3/datasets/new_circle_3/episode_T_circle_obs0_000412.zarr', 'episode_T_circle_obs0_000412'), ('/coc/flash7/paphiwetsa3/datasets/new_circle_3/episode_T_circle_obs0_000413.zarr', 'episode_T_circle_obs0_000413'), ('/coc/flash7/paphiwetsa3/datasets/new_circle_3/episode_T_circle_obs0_000414.zarr', 'episode_T_circle_obs0_000414'), ('/coc/flash7/paphiwetsa3/datasets/new_circle_3/episode_T_circle_obs0_000415.zarr', 'episode_T_circle_obs0_000415'), ('/coc/flash7/paphiwetsa3/datasets/new_circle_3/episode_T_circle_obs0_000416.zarr', 'episode_T_circle_obs0_000416'), ('/coc/flash7/paphiwetsa3/datasets/new_circle_3/episode_T_circle_obs0_000417.zarr', 'episode_T_circle_obs0_000417'), ('/coc/flash7/paphiwetsa3/datasets/new_circle_3/episode_T_circle_obs0_000418.zarr', 'episode_T_circle_obs0_000418'), ('/coc/flash7/paphiwetsa3/datasets/new_circle_3/episode_T_circle_obs0_000419.zarr', 'episode_T_circle_obs0_000419'), ('/coc/flash7/paphiwetsa3/datasets/new_circle_3/episode_T_circle_obs0_000420.zarr', 'episode_T_circle_obs0_000420'), ('/coc/flash7/paphiwetsa3/datasets/new_circle_3/episode_T_circle_obs0_000421.zarr', 'episode_T_circle_obs0_000421'), ('/coc/flash7/paphiwetsa3/datasets/new_circle_3/episode_T_circle_obs0_000422.zarr', 'episode_T_circle_obs0_000422'), ('/coc/flash7/paphiwetsa3/datasets/new_circle_3/episode_T_circle_obs0_000423.zarr', 'episode_T_circle_obs0_000423'), ('/coc/flash7/paphiwetsa3/datasets/new_circle_3/episode_T_circle_obs0_000424.zarr', 'episode_T_circle_obs0_000424'), ('/coc/flash7/paphiwetsa3/datasets/new_circle_3/episode_T_circle_obs0_000425.zarr', 'episode_T_circle_obs0_000425'), ('/coc/flash7/paphiwetsa3/datasets/new_circle_3/episode_T_circle_obs0_000426.zarr', 'episode_T_circle_obs0_000426'), ('/coc/flash7/paphiwetsa3/datasets/new_circle_3/episode_T_circle_obs0_000427.zarr', 'episode_T_circle_obs0_000427'), ('/coc/flash7/paphiwetsa3/datasets/new_circle_3/episode_T_circle_obs0_000428.zarr', 'episode_T_circle_obs0_000428'), ('/coc/flash7/paphiwetsa3/datasets/new_circle_3/episode_T_circle_obs0_000429.zarr', 'episode_T_circle_obs0_000429'), ('/coc/flash7/paphiwetsa3/datasets/new_circle_3/episode_T_circle_obs0_000430.zarr', 'episode_T_circle_obs0_000430'), ('/coc/flash7/paphiwetsa3/datasets/new_circle_3/episode_T_circle_obs0_000431.zarr', 'episode_T_circle_obs0_000431'), ('/coc/flash7/paphiwetsa3/datasets/new_circle_3/episode_T_circle_obs0_000432.zarr', 'episode_T_circle_obs0_000432'), ('/coc/flash7/paphiwetsa3/datasets/new_circle_3/episode_T_circle_obs0_000433.zarr', 'episode_T_circle_obs0_000433'), ('/coc/flash7/paphiwetsa3/datasets/new_circle_3/episode_T_circle_obs0_000434.zarr', 'episode_T_circle_obs0_000434'), ('/coc/flash7/paphiwetsa3/datasets/new_circle_3/episode_T_circle_obs0_000435.zarr', 'episode_T_circle_obs0_000435'), ('/coc/flash7/paphiwetsa3/datasets/new_circle_3/episode_T_circle_obs0_000436.zarr', 'episode_T_circle_obs0_000436'), ('/coc/flash7/paphiwetsa3/datasets/new_circle_3/episode_T_circle_obs0_000437.zarr', 'episode_T_circle_obs0_000437'), ('/coc/flash7/paphiwetsa3/datasets/new_circle_3/episode_T_circle_obs0_000438.zarr', 'episode_T_circle_obs0_000438'), ('/coc/flash7/paphiwetsa3/datasets/new_circle_3/episode_T_circle_obs0_000439.zarr', 'episode_T_circle_obs0_000439'), ('/coc/flash7/paphiwetsa3/datasets/new_circle_3/episode_T_circle_obs0_000440.zarr', 'episode_T_circle_obs0_000440'), ('/coc/flash7/paphiwetsa3/datasets/new_circle_3/episode_T_circle_obs0_000441.zarr', 'episode_T_circle_obs0_000441'), ('/coc/flash7/paphiwetsa3/datasets/new_circle_3/episode_T_circle_obs0_000442.zarr', 'episode_T_circle_obs0_000442'), ('/coc/flash7/paphiwetsa3/datasets/new_circle_3/episode_T_circle_obs0_000443.zarr', 'episode_T_circle_obs0_000443'), ('/coc/flash7/paphiwetsa3/datasets/new_circle_3/episode_T_circle_obs0_000444.zarr', 'episode_T_circle_obs0_000444'), ('/coc/flash7/paphiwetsa3/datasets/new_circle_3/episode_T_circle_obs0_000445.zarr', 'episode_T_circle_obs0_000445'), ('/coc/flash7/paphiwetsa3/datasets/new_circle_3/episode_T_circle_obs0_000446.zarr', 'episode_T_circle_obs0_000446'), ('/coc/flash7/paphiwetsa3/datasets/new_circle_3/episode_T_circle_obs0_000447.zarr', 'episode_T_circle_obs0_000447'), ('/coc/flash7/paphiwetsa3/datasets/new_circle_3/episode_T_circle_obs0_000448.zarr', 'episode_T_circle_obs0_000448'), ('/coc/flash7/paphiwetsa3/datasets/new_circle_3/episode_T_circle_obs0_000449.zarr', 'episode_T_circle_obs0_000449'), ('/coc/flash7/paphiwetsa3/datasets/new_circle_3/episode_T_circle_obs0_000450.zarr', 'episode_T_circle_obs0_000450'), ('/coc/flash7/paphiwetsa3/datasets/new_circle_3/episode_T_circle_obs0_000451.zarr', 'episode_T_circle_obs0_000451'), ('/coc/flash7/paphiwetsa3/datasets/new_circle_3/episode_T_circle_obs0_000452.zarr', 'episode_T_circle_obs0_000452'), ('/coc/flash7/paphiwetsa3/datasets/new_circle_3/episode_T_circle_obs0_000453.zarr', 'episode_T_circle_obs0_000453'), ('/coc/flash7/paphiwetsa3/datasets/new_circle_3/episode_T_circle_obs0_000454.zarr', 'episode_T_circle_obs0_000454'), ('/coc/flash7/paphiwetsa3/datasets/new_circle_3/episode_T_circle_obs0_000455.zarr', 'episode_T_circle_obs0_000455'), ('/coc/flash7/paphiwetsa3/datasets/new_circle_3/episode_T_circle_obs0_000456.zarr', 'episode_T_circle_obs0_000456'), ('/coc/flash7/paphiwetsa3/datasets/new_circle_3/episode_T_circle_obs0_000457.zarr', 'episode_T_circle_obs0_000457'), ('/coc/flash7/paphiwetsa3/datasets/new_circle_3/episode_T_circle_obs0_000458.zarr', 'episode_T_circle_obs0_000458'), ('/coc/flash7/paphiwetsa3/datasets/new_circle_3/episode_T_circle_obs0_000459.zarr', 'episode_T_circle_obs0_000459'), ('/coc/flash7/paphiwetsa3/datasets/new_circle_3/episode_T_circle_obs0_000460.zarr', 'episode_T_circle_obs0_000460'), ('/coc/flash7/paphiwetsa3/datasets/new_circle_3/episode_T_circle_obs0_000461.zarr', 'episode_T_circle_obs0_000461'), ('/coc/flash7/paphiwetsa3/datasets/new_circle_3/episode_T_circle_obs0_000462.zarr', 'episode_T_circle_obs0_000462'), ('/coc/flash7/paphiwetsa3/datasets/new_circle_3/episode_T_circle_obs0_000463.zarr', 'episode_T_circle_obs0_000463'), ('/coc/flash7/paphiwetsa3/datasets/new_circle_3/episode_T_circle_obs0_000464.zarr', 'episode_T_circle_obs0_000464'), ('/coc/flash7/paphiwetsa3/datasets/new_circle_3/episode_T_circle_obs0_000465.zarr', 'episode_T_circle_obs0_000465'), ('/coc/flash7/paphiwetsa3/datasets/new_circle_3/episode_T_circle_obs0_000466.zarr', 'episode_T_circle_obs0_000466'), ('/coc/flash7/paphiwetsa3/datasets/new_circle_3/episode_T_circle_obs0_000467.zarr', 'episode_T_circle_obs0_000467'), ('/coc/flash7/paphiwetsa3/datasets/new_circle_3/episode_T_circle_obs0_000468.zarr', 'episode_T_circle_obs0_000468'), ('/coc/flash7/paphiwetsa3/datasets/new_circle_3/episode_T_circle_obs0_000469.zarr', 'episode_T_circle_obs0_000469'), ('/coc/flash7/paphiwetsa3/datasets/new_circle_3/episode_T_circle_obs0_000470.zarr', 'episode_T_circle_obs0_000470'), ('/coc/flash7/paphiwetsa3/datasets/new_circle_3/episode_T_circle_obs0_000471.zarr', 'episode_T_circle_obs0_000471'), ('/coc/flash7/paphiwetsa3/datasets/new_circle_3/episode_T_circle_obs0_000472.zarr', 'episode_T_circle_obs0_000472'), ('/coc/flash7/paphiwetsa3/datasets/new_circle_3/episode_T_circle_obs0_000473.zarr', 'episode_T_circle_obs0_000473'), ('/coc/flash7/paphiwetsa3/datasets/new_circle_3/episode_T_circle_obs0_000474.zarr', 'episode_T_circle_obs0_000474'), ('/coc/flash7/paphiwetsa3/datasets/new_circle_3/episode_T_circle_obs0_000475.zarr', 'episode_T_circle_obs0_000475'), ('/coc/flash7/paphiwetsa3/datasets/new_circle_3/episode_T_circle_obs0_000476.zarr', 'episode_T_circle_obs0_000476'), ('/coc/flash7/paphiwetsa3/datasets/new_circle_3/episode_T_circle_obs0_000477.zarr', 'episode_T_circle_obs0_000477'), ('/coc/flash7/paphiwetsa3/datasets/new_circle_3/episode_T_circle_obs0_000478.zarr', 'episode_T_circle_obs0_000478'), ('/coc/flash7/paphiwetsa3/datasets/new_circle_3/episode_T_circle_obs0_000479.zarr', 'episode_T_circle_obs0_000479'), ('/coc/flash7/paphiwetsa3/datasets/new_circle_3/episode_T_circle_obs0_000480.zarr', 'episode_T_circle_obs0_000480'), ('/coc/flash7/paphiwetsa3/datasets/new_circle_3/episode_T_circle_obs0_000481.zarr', 'episode_T_circle_obs0_000481'), ('/coc/flash7/paphiwetsa3/datasets/new_circle_3/episode_T_circle_obs0_000482.zarr', 'episode_T_circle_obs0_000482'), ('/coc/flash7/paphiwetsa3/datasets/new_circle_3/episode_T_circle_obs0_000483.zarr', 'episode_T_circle_obs0_000483'), ('/coc/flash7/paphiwetsa3/datasets/new_circle_3/episode_T_circle_obs0_000484.zarr', 'episode_T_circle_obs0_000484'), ('/coc/flash7/paphiwetsa3/datasets/new_circle_3/episode_T_circle_obs0_000485.zarr', 'episode_T_circle_obs0_000485'), ('/coc/flash7/paphiwetsa3/datasets/new_circle_3/episode_T_circle_obs0_000487.zarr', 'episode_T_circle_obs0_000487'), ('/coc/flash7/paphiwetsa3/datasets/new_circle_3/episode_T_circle_obs0_000488.zarr', 'episode_T_circle_obs0_000488'), ('/coc/flash7/paphiwetsa3/datasets/new_circle_3/episode_T_circle_obs0_000489.zarr', 'episode_T_circle_obs0_000489'), ('/coc/flash7/paphiwetsa3/datasets/new_circle_3/episode_T_circle_obs0_000490.zarr', 'episode_T_circle_obs0_000490'), ('/coc/flash7/paphiwetsa3/datasets/new_circle_3/episode_T_circle_obs0_000491.zarr', 'episode_T_circle_obs0_000491'), ('/coc/flash7/paphiwetsa3/datasets/new_circle_3/episode_T_circle_obs0_000492.zarr', 'episode_T_circle_obs0_000492'), ('/coc/flash7/paphiwetsa3/datasets/new_circle_3/episode_T_circle_obs0_000493.zarr', 'episode_T_circle_obs0_000493'), ('/coc/flash7/paphiwetsa3/datasets/new_circle_3/episode_T_circle_obs0_000494.zarr', 'episode_T_circle_obs0_000494'), ('/coc/flash7/paphiwetsa3/datasets/new_circle_3/episode_T_circle_obs0_000495.zarr', 'episode_T_circle_obs0_000495'), ('/coc/flash7/paphiwetsa3/datasets/new_circle_3/episode_T_circle_obs0_000496.zarr', 'episode_T_circle_obs0_000496'), ('/coc/flash7/paphiwetsa3/datasets/new_circle_3/episode_T_circle_obs0_000497.zarr', 'episode_T_circle_obs0_000497'), ('/coc/flash7/paphiwetsa3/datasets/new_circle_3/episode_T_circle_obs0_000498.zarr', 'episode_T_circle_obs0_000498'), ('/coc/flash7/paphiwetsa3/datasets/new_circle_3/episode_T_circle_obs0_000499.zarr', 'episode_T_circle_obs0_000499'), ('/coc/flash7/paphiwetsa3/datasets/new_circle_3/episode_T_circle_obs0_000500.zarr', 'episode_T_circle_obs0_000500'), ('/coc/flash7/paphiwetsa3/datasets/new_circle_3/episode_T_circle_obs0_000501.zarr', 'episode_T_circle_obs0_000501'), ('/coc/flash7/paphiwetsa3/datasets/new_circle_3/episode_T_circle_obs0_000502.zarr', 'episode_T_circle_obs0_000502'), ('/coc/flash7/paphiwetsa3/datasets/new_circle_3/episode_T_circle_obs0_000503.zarr', 'episode_T_circle_obs0_000503'), ('/coc/flash7/paphiwetsa3/datasets/new_circle_3/episode_T_circle_obs0_000504.zarr', 'episode_T_circle_obs0_000504'), ('/coc/flash7/paphiwetsa3/datasets/new_circle_3/episode_T_circle_obs0_000505.zarr', 'episode_T_circle_obs0_000505'), ('/coc/flash7/paphiwetsa3/datasets/new_circle_3/episode_T_circle_obs0_000506.zarr', 'episode_T_circle_obs0_000506'), ('/coc/flash7/paphiwetsa3/datasets/new_circle_3/episode_T_circle_obs0_000507.zarr', 'episode_T_circle_obs0_000507'), ('/coc/flash7/paphiwetsa3/datasets/new_circle_3/episode_T_circle_obs0_000508.zarr', 'episode_T_circle_obs0_000508'), ('/coc/flash7/paphiwetsa3/datasets/new_circle_3/episode_T_circle_obs0_000509.zarr', 'episode_T_circle_obs0_000509'), ('/coc/flash7/paphiwetsa3/datasets/new_circle_3/episode_T_circle_obs0_000510.zarr', 'episode_T_circle_obs0_000510'), ('/coc/flash7/paphiwetsa3/datasets/new_circle_3/episode_T_circle_obs0_000511.zarr', 'episode_T_circle_obs0_000511'), ('/coc/flash7/paphiwetsa3/datasets/new_circle_3/episode_T_circle_obs0_000512.zarr', 'episode_T_circle_obs0_000512'), ('/coc/flash7/paphiwetsa3/datasets/new_circle_3/episode_T_circle_obs0_000513.zarr', 'episode_T_circle_obs0_000513'), ('/coc/flash7/paphiwetsa3/datasets/new_circle_3/episode_T_circle_obs0_000514.zarr', 'episode_T_circle_obs0_000514'), ('/coc/flash7/paphiwetsa3/datasets/new_circle_3/episode_T_circle_obs0_000515.zarr', 'episode_T_circle_obs0_000515'), ('/coc/flash7/paphiwetsa3/datasets/new_circle_3/episode_T_circle_obs0_000516.zarr', 'episode_T_circle_obs0_000516'), ('/coc/flash7/paphiwetsa3/datasets/new_circle_3/episode_T_circle_obs0_000517.zarr', 'episode_T_circle_obs0_000517'), ('/coc/flash7/paphiwetsa3/datasets/new_circle_3/episode_T_circle_obs0_000518.zarr', 'episode_T_circle_obs0_000518'), ('/coc/flash7/paphiwetsa3/datasets/new_circle_3/episode_T_circle_obs0_000519.zarr', 'episode_T_circle_obs0_000519'), ('/coc/flash7/paphiwetsa3/datasets/new_circle_3/episode_T_circle_obs0_000520.zarr', 'episode_T_circle_obs0_000520'), ('/coc/flash7/paphiwetsa3/datasets/new_circle_3/episode_T_circle_obs0_000521.zarr', 'episode_T_circle_obs0_000521'), ('/coc/flash7/paphiwetsa3/datasets/new_circle_3/episode_T_circle_obs0_000522.zarr', 'episode_T_circle_obs0_000522'), ('/coc/flash7/paphiwetsa3/datasets/new_circle_3/episode_T_circle_obs0_000523.zarr', 'episode_T_circle_obs0_000523'), ('/coc/flash7/paphiwetsa3/datasets/new_circle_3/episode_T_circle_obs0_000524.zarr', 'episode_T_circle_obs0_000524'), ('/coc/flash7/paphiwetsa3/datasets/new_circle_3/episode_T_circle_obs0_000525.zarr', 'episode_T_circle_obs0_000525'), ('/coc/flash7/paphiwetsa3/datasets/new_circle_3/episode_T_circle_obs0_000526.zarr', 'episode_T_circle_obs0_000526'), ('/coc/flash7/paphiwetsa3/datasets/new_circle_3/episode_T_circle_obs0_000527.zarr', 'episode_T_circle_obs0_000527'), ('/coc/flash7/paphiwetsa3/datasets/new_circle_3/episode_T_circle_obs0_000528.zarr', 'episode_T_circle_obs0_000528'), ('/coc/flash7/paphiwetsa3/datasets/new_circle_3/episode_T_circle_obs0_000529.zarr', 'episode_T_circle_obs0_000529'), ('/coc/flash7/paphiwetsa3/datasets/new_circle_3/episode_T_circle_obs0_000530.zarr', 'episode_T_circle_obs0_000530'), ('/coc/flash7/paphiwetsa3/datasets/new_circle_3/episode_T_circle_obs0_000531.zarr', 'episode_T_circle_obs0_000531'), ('/coc/flash7/paphiwetsa3/datasets/new_circle_3/episode_T_circle_obs0_000532.zarr', 'episode_T_circle_obs0_000532'), ('/coc/flash7/paphiwetsa3/datasets/new_circle_3/episode_T_circle_obs0_000533.zarr', 'episode_T_circle_obs0_000533'), ('/coc/flash7/paphiwetsa3/datasets/new_circle_3/episode_T_circle_obs0_000534.zarr', 'episode_T_circle_obs0_000534'), ('/coc/flash7/paphiwetsa3/datasets/new_circle_3/episode_T_circle_obs0_000535.zarr', 'episode_T_circle_obs0_000535'), ('/coc/flash7/paphiwetsa3/datasets/new_circle_3/episode_T_circle_obs0_000536.zarr', 'episode_T_circle_obs0_000536'), ('/coc/flash7/paphiwetsa3/datasets/new_circle_3/episode_T_circle_obs0_000537.zarr', 'episode_T_circle_obs0_000537'), ('/coc/flash7/paphiwetsa3/datasets/new_circle_3/episode_T_circle_obs0_000538.zarr', 'episode_T_circle_obs0_000538'), ('/coc/flash7/paphiwetsa3/datasets/new_circle_3/episode_T_circle_obs0_000539.zarr', 'episode_T_circle_obs0_000539'), ('/coc/flash7/paphiwetsa3/datasets/new_circle_3/episode_T_circle_obs0_000540.zarr', 'episode_T_circle_obs0_000540'), ('/coc/flash7/paphiwetsa3/datasets/new_circle_3/episode_T_circle_obs0_000541.zarr', 'episode_T_circle_obs0_000541'), ('/coc/flash7/paphiwetsa3/datasets/new_circle_3/episode_T_circle_obs0_000542.zarr', 'episode_T_circle_obs0_000542'), ('/coc/flash7/paphiwetsa3/datasets/new_circle_3/episode_T_circle_obs0_000543.zarr', 'episode_T_circle_obs0_000543'), ('/coc/flash7/paphiwetsa3/datasets/new_circle_3/episode_T_circle_obs0_000544.zarr', 'episode_T_circle_obs0_000544'), ('/coc/flash7/paphiwetsa3/datasets/new_circle_3/episode_T_circle_obs0_000545.zarr', 'episode_T_circle_obs0_000545'), ('/coc/flash7/paphiwetsa3/datasets/new_circle_3/episode_T_circle_obs0_000546.zarr', 'episode_T_circle_obs0_000546'), ('/coc/flash7/paphiwetsa3/datasets/new_circle_3/episode_T_circle_obs0_000547.zarr', 'episode_T_circle_obs0_000547'), ('/coc/flash7/paphiwetsa3/datasets/new_circle_3/episode_T_circle_obs0_000548.zarr', 'episode_T_circle_obs0_000548'), ('/coc/flash7/paphiwetsa3/datasets/new_circle_3/episode_T_circle_obs0_000549.zarr', 'episode_T_circle_obs0_000549'), ('/coc/flash7/paphiwetsa3/datasets/new_circle_3/episode_T_circle_obs0_000550.zarr', 'episode_T_circle_obs0_000550'), ('/coc/flash7/paphiwetsa3/datasets/new_circle_3/episode_T_circle_obs0_000551.zarr', 'episode_T_circle_obs0_000551'), ('/coc/flash7/paphiwetsa3/datasets/new_circle_3/episode_T_circle_obs0_000552.zarr', 'episode_T_circle_obs0_000552'), ('/coc/flash7/paphiwetsa3/datasets/new_circle_3/episode_T_circle_obs0_000553.zarr', 'episode_T_circle_obs0_000553'), ('/coc/flash7/paphiwetsa3/datasets/new_circle_3/episode_T_circle_obs0_000554.zarr', 'episode_T_circle_obs0_000554'), ('/coc/flash7/paphiwetsa3/datasets/new_circle_3/episode_T_circle_obs0_000555.zarr', 'episode_T_circle_obs0_000555'), ('/coc/flash7/paphiwetsa3/datasets/new_circle_3/episode_T_circle_obs0_000556.zarr', 'episode_T_circle_obs0_000556'), ('/coc/flash7/paphiwetsa3/datasets/new_circle_3/episode_T_circle_obs0_000557.zarr', 'episode_T_circle_obs0_000557'), ('/coc/flash7/paphiwetsa3/datasets/new_circle_3/episode_T_circle_obs0_000558.zarr', 'episode_T_circle_obs0_000558'), ('/coc/flash7/paphiwetsa3/datasets/new_circle_3/episode_T_circle_obs0_000559.zarr', 'episode_T_circle_obs0_000559'), ('/coc/flash7/paphiwetsa3/datasets/new_circle_3/episode_T_circle_obs0_000560.zarr', 'episode_T_circle_obs0_000560'), ('/coc/flash7/paphiwetsa3/datasets/new_circle_3/episode_T_circle_obs0_000561.zarr', 'episode_T_circle_obs0_000561'), ('/coc/flash7/paphiwetsa3/datasets/new_circle_3/episode_T_circle_obs0_000562.zarr', 'episode_T_circle_obs0_000562'), ('/coc/flash7/paphiwetsa3/datasets/new_circle_3/episode_T_circle_obs0_000563.zarr', 'episode_T_circle_obs0_000563'), ('/coc/flash7/paphiwetsa3/datasets/new_circle_3/episode_T_circle_obs0_000564.zarr', 'episode_T_circle_obs0_000564'), ('/coc/flash7/paphiwetsa3/datasets/new_circle_3/episode_T_circle_obs0_000565.zarr', 'episode_T_circle_obs0_000565'), ('/coc/flash7/paphiwetsa3/datasets/new_circle_3/episode_T_circle_obs0_000566.zarr', 'episode_T_circle_obs0_000566'), ('/coc/flash7/paphiwetsa3/datasets/new_circle_3/episode_T_circle_obs0_000567.zarr', 'episode_T_circle_obs0_000567'), ('/coc/flash7/paphiwetsa3/datasets/new_circle_3/episode_T_circle_obs0_000568.zarr', 'episode_T_circle_obs0_000568'), ('/coc/flash7/paphiwetsa3/datasets/new_circle_3/episode_T_circle_obs0_000569.zarr', 'episode_T_circle_obs0_000569'), ('/coc/flash7/paphiwetsa3/datasets/new_circle_3/episode_T_circle_obs0_000570.zarr', 'episode_T_circle_obs0_000570'), ('/coc/flash7/paphiwetsa3/datasets/new_circle_3/episode_T_circle_obs0_000571.zarr', 'episode_T_circle_obs0_000571'), ('/coc/flash7/paphiwetsa3/datasets/new_circle_3/episode_T_circle_obs0_000572.zarr', 'episode_T_circle_obs0_000572'), ('/coc/flash7/paphiwetsa3/datasets/new_circle_3/episode_T_circle_obs0_000573.zarr', 'episode_T_circle_obs0_000573'), ('/coc/flash7/paphiwetsa3/datasets/new_circle_3/episode_T_circle_obs0_000574.zarr', 'episode_T_circle_obs0_000574'), ('/coc/flash7/paphiwetsa3/datasets/new_circle_3/episode_T_circle_obs0_000575.zarr', 'episode_T_circle_obs0_000575'), ('/coc/flash7/paphiwetsa3/datasets/new_circle_3/episode_T_circle_obs0_000576.zarr', 'episode_T_circle_obs0_000576'), ('/coc/flash7/paphiwetsa3/datasets/new_circle_3/episode_T_circle_obs0_000577.zarr', 'episode_T_circle_obs0_000577'), ('/coc/flash7/paphiwetsa3/datasets/new_circle_3/episode_T_circle_obs0_000578.zarr', 'episode_T_circle_obs0_000578'), ('/coc/flash7/paphiwetsa3/datasets/new_circle_3/episode_T_circle_obs0_000579.zarr', 'episode_T_circle_obs0_000579'), ('/coc/flash7/paphiwetsa3/datasets/new_circle_3/episode_T_circle_obs0_000580.zarr', 'episode_T_circle_obs0_000580'), ('/coc/flash7/paphiwetsa3/datasets/new_circle_3/episode_T_circle_obs0_000581.zarr', 'episode_T_circle_obs0_000581'), ('/coc/flash7/paphiwetsa3/datasets/new_circle_3/episode_T_circle_obs0_000582.zarr', 'episode_T_circle_obs0_000582'), ('/coc/flash7/paphiwetsa3/datasets/new_circle_3/episode_T_circle_obs0_000583.zarr', 'episode_T_circle_obs0_000583'), ('/coc/flash7/paphiwetsa3/datasets/new_circle_3/episode_T_circle_obs0_000584.zarr', 'episode_T_circle_obs0_000584'), ('/coc/flash7/paphiwetsa3/datasets/new_circle_3/episode_T_circle_obs0_000585.zarr', 'episode_T_circle_obs0_000585'), ('/coc/flash7/paphiwetsa3/datasets/new_circle_3/episode_T_circle_obs0_000586.zarr', 'episode_T_circle_obs0_000586'), ('/coc/flash7/paphiwetsa3/datasets/new_circle_3/episode_T_circle_obs0_000587.zarr', 'episode_T_circle_obs0_000587'), ('/coc/flash7/paphiwetsa3/datasets/new_circle_3/episode_T_circle_obs0_000588.zarr', 'episode_T_circle_obs0_000588'), ('/coc/flash7/paphiwetsa3/datasets/new_circle_3/episode_T_circle_obs0_000589.zarr', 'episode_T_circle_obs0_000589'), ('/coc/flash7/paphiwetsa3/datasets/new_circle_3/episode_T_circle_obs0_000590.zarr', 'episode_T_circle_obs0_000590'), ('/coc/flash7/paphiwetsa3/datasets/new_circle_3/episode_T_circle_obs0_000591.zarr', 'episode_T_circle_obs0_000591'), ('/coc/flash7/paphiwetsa3/datasets/new_circle_3/episode_T_circle_obs0_000592.zarr', 'episode_T_circle_obs0_000592'), ('/coc/flash7/paphiwetsa3/datasets/new_circle_3/episode_T_circle_obs0_000593.zarr', 'episode_T_circle_obs0_000593'), ('/coc/flash7/paphiwetsa3/datasets/new_circle_3/episode_T_circle_obs0_000594.zarr', 'episode_T_circle_obs0_000594'), ('/coc/flash7/paphiwetsa3/datasets/new_circle_3/episode_T_circle_obs0_000595.zarr', 'episode_T_circle_obs0_000595'), ('/coc/flash7/paphiwetsa3/datasets/new_circle_3/episode_T_circle_obs0_000596.zarr', 'episode_T_circle_obs0_000596'), ('/coc/flash7/paphiwetsa3/datasets/new_circle_3/episode_T_circle_obs0_000597.zarr', 'episode_T_circle_obs0_000597'), ('/coc/flash7/paphiwetsa3/datasets/new_circle_3/episode_T_circle_obs0_000598.zarr', 'episode_T_circle_obs0_000598'), ('/coc/flash7/paphiwetsa3/datasets/new_circle_3/episode_T_circle_obs0_000599.zarr', 'episode_T_circle_obs0_000599'), ('/coc/flash7/paphiwetsa3/datasets/new_circle_3/episode_T_circle_obs0_000600.zarr', 'episode_T_circle_obs0_000600'), ('/coc/flash7/paphiwetsa3/datasets/new_circle_3/episode_T_circle_obs0_000601.zarr', 'episode_T_circle_obs0_000601'), ('/coc/flash7/paphiwetsa3/datasets/new_circle_3/episode_T_circle_obs0_000602.zarr', 'episode_T_circle_obs0_000602'), ('/coc/flash7/paphiwetsa3/datasets/new_circle_3/episode_T_circle_obs0_000603.zarr', 'episode_T_circle_obs0_000603'), ('/coc/flash7/paphiwetsa3/datasets/new_circle_3/episode_T_circle_obs0_000604.zarr', 'episode_T_circle_obs0_000604'), ('/coc/flash7/paphiwetsa3/datasets/new_circle_3/episode_T_circle_obs0_000605.zarr', 'episode_T_circle_obs0_000605'), ('/coc/flash7/paphiwetsa3/datasets/new_circle_3/episode_T_circle_obs0_000606.zarr', 'episode_T_circle_obs0_000606'), ('/coc/flash7/paphiwetsa3/datasets/new_circle_3/episode_T_circle_obs0_000607.zarr', 'episode_T_circle_obs0_000607'), ('/coc/flash7/paphiwetsa3/datasets/new_circle_3/episode_T_circle_obs0_000608.zarr', 'episode_T_circle_obs0_000608'), ('/coc/flash7/paphiwetsa3/datasets/new_circle_3/episode_T_circle_obs0_000609.zarr', 'episode_T_circle_obs0_000609'), ('/coc/flash7/paphiwetsa3/datasets/new_circle_3/episode_T_circle_obs0_000610.zarr', 'episode_T_circle_obs0_000610'), ('/coc/flash7/paphiwetsa3/datasets/new_circle_3/episode_T_circle_obs0_000611.zarr', 'episode_T_circle_obs0_000611'), ('/coc/flash7/paphiwetsa3/datasets/new_circle_3/episode_T_circle_obs0_000612.zarr', 'episode_T_circle_obs0_000612'), ('/coc/flash7/paphiwetsa3/datasets/new_circle_3/episode_T_circle_obs0_000613.zarr', 'episode_T_circle_obs0_000613'), ('/coc/flash7/paphiwetsa3/datasets/new_circle_3/episode_T_circle_obs0_000614.zarr', 'episode_T_circle_obs0_000614'), ('/coc/flash7/paphiwetsa3/datasets/new_circle_3/episode_T_circle_obs0_000615.zarr', 'episode_T_circle_obs0_000615'), ('/coc/flash7/paphiwetsa3/datasets/new_circle_3/episode_T_circle_obs0_000616.zarr', 'episode_T_circle_obs0_000616'), ('/coc/flash7/paphiwetsa3/datasets/new_circle_3/episode_T_circle_obs0_000617.zarr', 'episode_T_circle_obs0_000617'), ('/coc/flash7/paphiwetsa3/datasets/new_circle_3/episode_T_circle_obs0_000618.zarr', 'episode_T_circle_obs0_000618'), ('/coc/flash7/paphiwetsa3/datasets/new_circle_3/episode_T_circle_obs0_000619.zarr', 'episode_T_circle_obs0_000619'), ('/coc/flash7/paphiwetsa3/datasets/new_circle_3/episode_T_circle_obs0_000620.zarr', 'episode_T_circle_obs0_000620'), ('/coc/flash7/paphiwetsa3/datasets/new_circle_3/episode_T_circle_obs0_000621.zarr', 'episode_T_circle_obs0_000621'), ('/coc/flash7/paphiwetsa3/datasets/new_circle_3/episode_T_circle_obs0_000622.zarr', 'episode_T_circle_obs0_000622'), ('/coc/flash7/paphiwetsa3/datasets/new_circle_3/episode_T_circle_obs0_000623.zarr', 'episode_T_circle_obs0_000623'), ('/coc/flash7/paphiwetsa3/datasets/new_circle_3/episode_T_circle_obs0_000624.zarr', 'episode_T_circle_obs0_000624'), ('/coc/flash7/paphiwetsa3/datasets/new_circle_3/episode_T_circle_obs0_000625.zarr', 'episode_T_circle_obs0_000625'), ('/coc/flash7/paphiwetsa3/datasets/new_circle_3/episode_T_circle_obs0_000626.zarr', 'episode_T_circle_obs0_000626'), ('/coc/flash7/paphiwetsa3/datasets/new_circle_3/episode_T_circle_obs0_000627.zarr', 'episode_T_circle_obs0_000627'), ('/coc/flash7/paphiwetsa3/datasets/new_circle_3/episode_T_circle_obs0_000628.zarr', 'episode_T_circle_obs0_000628'), ('/coc/flash7/paphiwetsa3/datasets/new_circle_3/episode_T_circle_obs0_000629.zarr', 'episode_T_circle_obs0_000629'), ('/coc/flash7/paphiwetsa3/datasets/new_circle_3/episode_T_circle_obs0_000630.zarr', 'episode_T_circle_obs0_000630'), ('/coc/flash7/paphiwetsa3/datasets/new_circle_3/episode_T_circle_obs0_000631.zarr', 'episode_T_circle_obs0_000631'), ('/coc/flash7/paphiwetsa3/datasets/new_circle_3/episode_T_circle_obs0_000632.zarr', 'episode_T_circle_obs0_000632'), ('/coc/flash7/paphiwetsa3/datasets/new_circle_3/episode_T_circle_obs0_000633.zarr', 'episode_T_circle_obs0_000633'), ('/coc/flash7/paphiwetsa3/datasets/new_circle_3/episode_T_circle_obs0_000634.zarr', 'episode_T_circle_obs0_000634'), ('/coc/flash7/paphiwetsa3/datasets/new_circle_3/episode_T_circle_obs0_000636.zarr', 'episode_T_circle_obs0_000636'), ('/coc/flash7/paphiwetsa3/datasets/new_circle_3/episode_T_circle_obs0_000637.zarr', 'episode_T_circle_obs0_000637'), ('/coc/flash7/paphiwetsa3/datasets/new_circle_3/episode_T_circle_obs0_000638.zarr', 'episode_T_circle_obs0_000638'), ('/coc/flash7/paphiwetsa3/datasets/new_circle_3/episode_T_circle_obs0_000639.zarr', 'episode_T_circle_obs0_000639'), ('/coc/flash7/paphiwetsa3/datasets/new_circle_3/episode_T_circle_obs0_000640.zarr', 'episode_T_circle_obs0_000640'), ('/coc/flash7/paphiwetsa3/datasets/new_circle_3/episode_T_circle_obs0_000641.zarr', 'episode_T_circle_obs0_000641'), ('/coc/flash7/paphiwetsa3/datasets/new_circle_3/episode_T_circle_obs0_000642.zarr', 'episode_T_circle_obs0_000642'), ('/coc/flash7/paphiwetsa3/datasets/new_circle_3/episode_T_circle_obs0_000643.zarr', 'episode_T_circle_obs0_000643'), ('/coc/flash7/paphiwetsa3/datasets/new_circle_3/episode_T_circle_obs0_000644.zarr', 'episode_T_circle_obs0_000644'), ('/coc/flash7/paphiwetsa3/datasets/new_circle_3/episode_T_circle_obs0_000645.zarr', 'episode_T_circle_obs0_000645'), ('/coc/flash7/paphiwetsa3/datasets/new_circle_3/episode_T_circle_obs0_000646.zarr', 'episode_T_circle_obs0_000646'), ('/coc/flash7/paphiwetsa3/datasets/new_circle_3/episode_T_circle_obs0_000647.zarr', 'episode_T_circle_obs0_000647'), ('/coc/flash7/paphiwetsa3/datasets/new_circle_3/episode_T_circle_obs0_000648.zarr', 'episode_T_circle_obs0_000648'), ('/coc/flash7/paphiwetsa3/datasets/new_circle_3/episode_T_circle_obs0_000649.zarr', 'episode_T_circle_obs0_000649'), ('/coc/flash7/paphiwetsa3/datasets/new_circle_3/episode_T_circle_obs0_000650.zarr', 'episode_T_circle_obs0_000650'), ('/coc/flash7/paphiwetsa3/datasets/new_circle_3/episode_T_circle_obs0_000651.zarr', 'episode_T_circle_obs0_000651'), ('/coc/flash7/paphiwetsa3/datasets/new_circle_3/episode_T_circle_obs0_000652.zarr', 'episode_T_circle_obs0_000652'), ('/coc/flash7/paphiwetsa3/datasets/new_circle_3/episode_T_circle_obs0_000653.zarr', 'episode_T_circle_obs0_000653'), ('/coc/flash7/paphiwetsa3/datasets/new_circle_3/episode_T_circle_obs0_000654.zarr', 'episode_T_circle_obs0_000654'), ('/coc/flash7/paphiwetsa3/datasets/new_circle_3/episode_T_circle_obs0_000655.zarr', 'episode_T_circle_obs0_000655'), ('/coc/flash7/paphiwetsa3/datasets/new_circle_3/episode_T_circle_obs0_000656.zarr', 'episode_T_circle_obs0_000656'), ('/coc/flash7/paphiwetsa3/datasets/new_circle_3/episode_T_circle_obs0_000657.zarr', 'episode_T_circle_obs0_000657'), ('/coc/flash7/paphiwetsa3/datasets/new_circle_3/episode_T_circle_obs0_000658.zarr', 'episode_T_circle_obs0_000658'), ('/coc/flash7/paphiwetsa3/datasets/new_circle_3/episode_T_circle_obs0_000659.zarr', 'episode_T_circle_obs0_000659'), ('/coc/flash7/paphiwetsa3/datasets/new_circle_3/episode_T_circle_obs0_000660.zarr', 'episode_T_circle_obs0_000660'), ('/coc/flash7/paphiwetsa3/datasets/new_circle_3/episode_T_circle_obs0_000661.zarr', 'episode_T_circle_obs0_000661'), ('/coc/flash7/paphiwetsa3/datasets/new_circle_3/episode_T_circle_obs0_000662.zarr', 'episode_T_circle_obs0_000662'), ('/coc/flash7/paphiwetsa3/datasets/new_circle_3/episode_T_circle_obs0_000663.zarr', 'episode_T_circle_obs0_000663'), ('/coc/flash7/paphiwetsa3/datasets/new_circle_3/episode_T_circle_obs0_000664.zarr', 'episode_T_circle_obs0_000664'), ('/coc/flash7/paphiwetsa3/datasets/new_circle_3/episode_T_circle_obs0_000665.zarr', 'episode_T_circle_obs0_000665'), ('/coc/flash7/paphiwetsa3/datasets/new_circle_3/episode_T_circle_obs0_000666.zarr', 'episode_T_circle_obs0_000666'), ('/coc/flash7/paphiwetsa3/datasets/new_circle_3/episode_T_circle_obs0_000667.zarr', 'episode_T_circle_obs0_000667'), ('/coc/flash7/paphiwetsa3/datasets/new_circle_3/episode_T_circle_obs0_000668.zarr', 'episode_T_circle_obs0_000668'), ('/coc/flash7/paphiwetsa3/datasets/new_circle_3/episode_T_circle_obs0_000669.zarr', 'episode_T_circle_obs0_000669'), ('/coc/flash7/paphiwetsa3/datasets/new_circle_3/episode_T_circle_obs0_000670.zarr', 'episode_T_circle_obs0_000670'), ('/coc/flash7/paphiwetsa3/datasets/new_circle_3/episode_T_circle_obs0_000671.zarr', 'episode_T_circle_obs0_000671'), ('/coc/flash7/paphiwetsa3/datasets/new_circle_3/episode_T_circle_obs0_000672.zarr', 'episode_T_circle_obs0_000672'), ('/coc/flash7/paphiwetsa3/datasets/new_circle_3/episode_T_circle_obs0_000673.zarr', 'episode_T_circle_obs0_000673'), ('/coc/flash7/paphiwetsa3/datasets/new_circle_3/episode_T_circle_obs0_000674.zarr', 'episode_T_circle_obs0_000674'), ('/coc/flash7/paphiwetsa3/datasets/new_circle_3/episode_T_circle_obs0_000675.zarr', 'episode_T_circle_obs0_000675'), ('/coc/flash7/paphiwetsa3/datasets/new_circle_3/episode_T_circle_obs0_000676.zarr', 'episode_T_circle_obs0_000676'), ('/coc/flash7/paphiwetsa3/datasets/new_circle_3/episode_T_circle_obs0_000677.zarr', 'episode_T_circle_obs0_000677'), ('/coc/flash7/paphiwetsa3/datasets/new_circle_3/episode_T_circle_obs0_000678.zarr', 'episode_T_circle_obs0_000678'), ('/coc/flash7/paphiwetsa3/datasets/new_circle_3/episode_T_circle_obs0_000679.zarr', 'episode_T_circle_obs0_000679'), ('/coc/flash7/paphiwetsa3/datasets/new_circle_3/episode_T_circle_obs0_000680.zarr', 'episode_T_circle_obs0_000680'), ('/coc/flash7/paphiwetsa3/datasets/new_circle_3/episode_T_circle_obs0_000681.zarr', 'episode_T_circle_obs0_000681'), ('/coc/flash7/paphiwetsa3/datasets/new_circle_3/episode_T_circle_obs0_000682.zarr', 'episode_T_circle_obs0_000682'), ('/coc/flash7/paphiwetsa3/datasets/new_circle_3/episode_T_circle_obs0_000683.zarr', 'episode_T_circle_obs0_000683'), ('/coc/flash7/paphiwetsa3/datasets/new_circle_3/episode_T_circle_obs0_000684.zarr', 'episode_T_circle_obs0_000684'), ('/coc/flash7/paphiwetsa3/datasets/new_circle_3/episode_T_circle_obs0_000685.zarr', 'episode_T_circle_obs0_000685'), ('/coc/flash7/paphiwetsa3/datasets/new_circle_3/episode_T_circle_obs0_000686.zarr', 'episode_T_circle_obs0_000686'), ('/coc/flash7/paphiwetsa3/datasets/new_circle_3/episode_T_circle_obs0_000687.zarr', 'episode_T_circle_obs0_000687'), ('/coc/flash7/paphiwetsa3/datasets/new_circle_3/episode_T_circle_obs0_000688.zarr', 'episode_T_circle_obs0_000688'), ('/coc/flash7/paphiwetsa3/datasets/new_circle_3/episode_T_circle_obs0_000689.zarr', 'episode_T_circle_obs0_000689'), ('/coc/flash7/paphiwetsa3/datasets/new_circle_3/episode_T_circle_obs0_000690.zarr', 'episode_T_circle_obs0_000690'), ('/coc/flash7/paphiwetsa3/datasets/new_circle_3/episode_T_circle_obs0_000691.zarr', 'episode_T_circle_obs0_000691'), ('/coc/flash7/paphiwetsa3/datasets/new_circle_3/episode_T_circle_obs0_000692.zarr', 'episode_T_circle_obs0_000692'), ('/coc/flash7/paphiwetsa3/datasets/new_circle_3/episode_T_circle_obs0_000693.zarr', 'episode_T_circle_obs0_000693'), ('/coc/flash7/paphiwetsa3/datasets/new_circle_3/episode_T_circle_obs0_000694.zarr', 'episode_T_circle_obs0_000694'), ('/coc/flash7/paphiwetsa3/datasets/new_circle_3/episode_T_circle_obs0_000695.zarr', 'episode_T_circle_obs0_000695'), ('/coc/flash7/paphiwetsa3/datasets/new_circle_3/episode_T_circle_obs0_000696.zarr', 'episode_T_circle_obs0_000696'), ('/coc/flash7/paphiwetsa3/datasets/new_circle_3/episode_T_circle_obs0_000697.zarr', 'episode_T_circle_obs0_000697'), ('/coc/flash7/paphiwetsa3/datasets/new_circle_3/episode_T_circle_obs0_000698.zarr', 'episode_T_circle_obs0_000698'), ('/coc/flash7/paphiwetsa3/datasets/new_circle_3/episode_T_circle_obs0_000699.zarr', 'episode_T_circle_obs0_000699'), ('/coc/flash7/paphiwetsa3/datasets/new_circle_3/episode_T_circle_obs0_000700.zarr', 'episode_T_circle_obs0_000700'), ('/coc/flash7/paphiwetsa3/datasets/new_circle_3/episode_T_circle_obs0_000701.zarr', 'episode_T_circle_obs0_000701'), ('/coc/flash7/paphiwetsa3/datasets/new_circle_3/episode_T_circle_obs0_000702.zarr', 'episode_T_circle_obs0_000702'), ('/coc/flash7/paphiwetsa3/datasets/new_circle_3/episode_T_circle_obs0_000703.zarr', 'episode_T_circle_obs0_000703'), ('/coc/flash7/paphiwetsa3/datasets/new_circle_3/episode_T_circle_obs0_000704.zarr', 'episode_T_circle_obs0_000704'), ('/coc/flash7/paphiwetsa3/datasets/new_circle_3/episode_T_circle_obs0_000705.zarr', 'episode_T_circle_obs0_000705'), ('/coc/flash7/paphiwetsa3/datasets/new_circle_3/episode_T_circle_obs0_000706.zarr', 'episode_T_circle_obs0_000706'), ('/coc/flash7/paphiwetsa3/datasets/new_circle_3/episode_T_circle_obs0_000707.zarr', 'episode_T_circle_obs0_000707'), ('/coc/flash7/paphiwetsa3/datasets/new_circle_3/episode_T_circle_obs0_000708.zarr', 'episode_T_circle_obs0_000708'), ('/coc/flash7/paphiwetsa3/datasets/new_circle_3/episode_T_circle_obs0_000709.zarr', 'episode_T_circle_obs0_000709'), ('/coc/flash7/paphiwetsa3/datasets/new_circle_3/episode_T_circle_obs0_000710.zarr', 'episode_T_circle_obs0_000710'), ('/coc/flash7/paphiwetsa3/datasets/new_circle_3/episode_T_circle_obs0_000711.zarr', 'episode_T_circle_obs0_000711'), ('/coc/flash7/paphiwetsa3/datasets/new_circle_3/episode_T_circle_obs0_000712.zarr', 'episode_T_circle_obs0_000712'), ('/coc/flash7/paphiwetsa3/datasets/new_circle_3/episode_T_circle_obs0_000713.zarr', 'episode_T_circle_obs0_000713'), ('/coc/flash7/paphiwetsa3/datasets/new_circle_3/episode_T_circle_obs0_000714.zarr', 'episode_T_circle_obs0_000714'), ('/coc/flash7/paphiwetsa3/datasets/new_circle_3/episode_T_circle_obs0_000715.zarr', 'episode_T_circle_obs0_000715'), ('/coc/flash7/paphiwetsa3/datasets/new_circle_3/episode_T_circle_obs0_000716.zarr', 'episode_T_circle_obs0_000716'), ('/coc/flash7/paphiwetsa3/datasets/new_circle_3/episode_T_circle_obs0_000717.zarr', 'episode_T_circle_obs0_000717'), ('/coc/flash7/paphiwetsa3/datasets/new_circle_3/episode_T_circle_obs0_000718.zarr', 'episode_T_circle_obs0_000718'), ('/coc/flash7/paphiwetsa3/datasets/new_circle_3/episode_T_circle_obs0_000719.zarr', 'episode_T_circle_obs0_000719'), ('/coc/flash7/paphiwetsa3/datasets/new_circle_3/episode_T_circle_obs0_000720.zarr', 'episode_T_circle_obs0_000720'), ('/coc/flash7/paphiwetsa3/datasets/new_circle_3/episode_T_circle_obs0_ontarget_000000.zarr', 'episode_T_circle_obs0_ontarget_000000'), ('/coc/flash7/paphiwetsa3/datasets/new_circle_3/episode_T_circle_obs0_ontarget_000001.zarr', 'episode_T_circle_obs0_ontarget_000001'), ('/coc/flash7/paphiwetsa3/datasets/new_circle_3/episode_T_circle_obs0_ontarget_000002.zarr', 'episode_T_circle_obs0_ontarget_000002'), ('/coc/flash7/paphiwetsa3/datasets/new_circle_3/episode_T_circle_obs0_ontarget_000003.zarr', 'episode_T_circle_obs0_ontarget_000003'), ('/coc/flash7/paphiwetsa3/datasets/new_circle_3/episode_T_circle_obs0_ontarget_000004.zarr', 'episode_T_circle_obs0_ontarget_000004'), ('/coc/flash7/paphiwetsa3/datasets/new_circle_3/episode_T_circle_obs0_ontarget_000005.zarr', 'episode_T_circle_obs0_ontarget_000005'), ('/coc/flash7/paphiwetsa3/datasets/new_circle_3/episode_T_circle_obs0_ontarget_000006.zarr', 'episode_T_circle_obs0_ontarget_000006'), ('/coc/flash7/paphiwetsa3/datasets/new_circle_3/episode_T_circle_obs0_ontarget_000007.zarr', 'episode_T_circle_obs0_ontarget_000007'), ('/coc/flash7/paphiwetsa3/datasets/new_circle_3/episode_T_circle_obs0_ontarget_000008.zarr', 'episode_T_circle_obs0_ontarget_000008'), ('/coc/flash7/paphiwetsa3/datasets/new_circle_3/episode_T_circle_obs0_ontarget_000009.zarr', 'episode_T_circle_obs0_ontarget_000009'), ('/coc/flash7/paphiwetsa3/datasets/new_circle_3/episode_T_circle_obs0_ontarget_000010.zarr', 'episode_T_circle_obs0_ontarget_000010'), ('/coc/flash7/paphiwetsa3/datasets/new_circle_3/episode_T_circle_obs0_ontarget_000011.zarr', 'episode_T_circle_obs0_ontarget_000011'), ('/coc/flash7/paphiwetsa3/datasets/new_circle_3/episode_T_circle_obs0_ontarget_000012.zarr', 'episode_T_circle_obs0_ontarget_000012'), ('/coc/flash7/paphiwetsa3/datasets/new_circle_3/episode_T_circle_obs0_ontarget_000013.zarr', 'episode_T_circle_obs0_ontarget_000013'), ('/coc/flash7/paphiwetsa3/datasets/new_circle_3/episode_T_circle_obs0_ontarget_000014.zarr', 'episode_T_circle_obs0_ontarget_000014'), ('/coc/flash7/paphiwetsa3/datasets/new_circle_3/episode_T_circle_obs0_ontarget_000015.zarr', 'episode_T_circle_obs0_ontarget_000015'), ('/coc/flash7/paphiwetsa3/datasets/new_circle_3/episode_T_circle_obs0_ontarget_000016.zarr', 'episode_T_circle_obs0_ontarget_000016'), ('/coc/flash7/paphiwetsa3/datasets/new_circle_3/episode_T_circle_obs0_ontarget_000017.zarr', 'episode_T_circle_obs0_ontarget_000017'), ('/coc/flash7/paphiwetsa3/datasets/new_circle_3/episode_T_circle_obs0_ontarget_000018.zarr', 'episode_T_circle_obs0_ontarget_000018'), ('/coc/flash7/paphiwetsa3/datasets/new_circle_3/episode_T_circle_obs0_ontarget_000019.zarr', 'episode_T_circle_obs0_ontarget_000019'), ('/coc/flash7/paphiwetsa3/datasets/new_circle_3/episode_T_circle_obs0_ontarget_000020.zarr', 'episode_T_circle_obs0_ontarget_000020'), ('/coc/flash7/paphiwetsa3/datasets/new_circle_3/episode_T_circle_obs0_ontarget_000021.zarr', 'episode_T_circle_obs0_ontarget_000021'), ('/coc/flash7/paphiwetsa3/datasets/new_circle_3/episode_T_circle_obs0_ontarget_000022.zarr', 'episode_T_circle_obs0_ontarget_000022'), ('/coc/flash7/paphiwetsa3/datasets/new_circle_3/episode_T_circle_obs0_ontarget_000023.zarr', 'episode_T_circle_obs0_ontarget_000023'), ('/coc/flash7/paphiwetsa3/datasets/new_circle_3/episode_T_circle_obs0_ontarget_000024.zarr', 'episode_T_circle_obs0_ontarget_000024'), ('/coc/flash7/paphiwetsa3/datasets/new_circle_3/episode_T_circle_obs0_ontarget_000025.zarr', 'episode_T_circle_obs0_ontarget_000025'), ('/coc/flash7/paphiwetsa3/datasets/new_circle_3/episode_T_circle_obs0_ontarget_000026.zarr', 'episode_T_circle_obs0_ontarget_000026'), ('/coc/flash7/paphiwetsa3/datasets/new_circle_3/episode_T_circle_obs0_ontarget_000027.zarr', 'episode_T_circle_obs0_ontarget_000027'), ('/coc/flash7/paphiwetsa3/datasets/new_circle_3/episode_T_circle_obs0_ontarget_000028.zarr', 'episode_T_circle_obs0_ontarget_000028'), ('/coc/flash7/paphiwetsa3/datasets/new_circle_3/episode_T_circle_obs0_ontarget_000029.zarr', 'episode_T_circle_obs0_ontarget_000029'), ('/coc/flash7/paphiwetsa3/datasets/new_circle_3/episode_T_circle_obs0_ontarget_000030.zarr', 'episode_T_circle_obs0_ontarget_000030'), ('/coc/flash7/paphiwetsa3/datasets/new_circle_3/episode_T_circle_obs0_ontarget_000031.zarr', 'episode_T_circle_obs0_ontarget_000031'), ('/coc/flash7/paphiwetsa3/datasets/new_circle_3/episode_T_circle_obs0_ontarget_000032.zarr', 'episode_T_circle_obs0_ontarget_000032'), ('/coc/flash7/paphiwetsa3/datasets/new_circle_3/episode_T_circle_obs0_ontarget_000033.zarr', 'episode_T_circle_obs0_ontarget_000033'), ('/coc/flash7/paphiwetsa3/datasets/new_circle_3/episode_T_circle_obs0_ontarget_000034.zarr', 'episode_T_circle_obs0_ontarget_000034'), ('/coc/flash7/paphiwetsa3/datasets/new_circle_3/episode_T_circle_obs0_ontarget_000035.zarr', 'episode_T_circle_obs0_ontarget_000035'), ('/coc/flash7/paphiwetsa3/datasets/new_circle_3/episode_T_circle_obs0_ontarget_000036.zarr', 'episode_T_circle_obs0_ontarget_000036'), ('/coc/flash7/paphiwetsa3/datasets/new_circle_3/episode_T_circle_obs0_ontarget_000037.zarr', 'episode_T_circle_obs0_ontarget_000037'), ('/coc/flash7/paphiwetsa3/datasets/new_circle_3/episode_T_circle_obs0_ontarget_000038.zarr', 'episode_T_circle_obs0_ontarget_000038'), ('/coc/flash7/paphiwetsa3/datasets/new_circle_3/episode_T_circle_obs0_ontarget_000039.zarr', 'episode_T_circle_obs0_ontarget_000039'), ('/coc/flash7/paphiwetsa3/datasets/new_circle_3/episode_T_circle_obs0_ontarget_000040.zarr', 'episode_T_circle_obs0_ontarget_000040'), ('/coc/flash7/paphiwetsa3/datasets/new_circle_3/episode_T_circle_obs0_ontarget_000041.zarr', 'episode_T_circle_obs0_ontarget_000041'), ('/coc/flash7/paphiwetsa3/datasets/new_circle_3/episode_T_circle_obs0_ontarget_000042.zarr', 'episode_T_circle_obs0_ontarget_000042'), ('/coc/flash7/paphiwetsa3/datasets/new_circle_3/episode_T_circle_obs0_ontarget_000043.zarr', 'episode_T_circle_obs0_ontarget_000043'), ('/coc/flash7/paphiwetsa3/datasets/new_circle_3/episode_T_circle_obs0_ontarget_000044.zarr', 'episode_T_circle_obs0_ontarget_000044'), ('/coc/flash7/paphiwetsa3/datasets/new_circle_3/episode_T_circle_obs0_ontarget_000045.zarr', 'episode_T_circle_obs0_ontarget_000045'), ('/coc/flash7/paphiwetsa3/datasets/new_circle_3/episode_T_circle_obs0_ontarget_000046.zarr', 'episode_T_circle_obs0_ontarget_000046'), ('/coc/flash7/paphiwetsa3/datasets/new_circle_3/episode_T_circle_obs0_ontarget_000047.zarr', 'episode_T_circle_obs0_ontarget_000047'), ('/coc/flash7/paphiwetsa3/datasets/new_circle_3/episode_T_circle_obs10_000000.zarr', 'episode_T_circle_obs10_000000'), ('/coc/flash7/paphiwetsa3/datasets/new_circle_3/episode_T_circle_obs10_000001.zarr', 'episode_T_circle_obs10_000001'), ('/coc/flash7/paphiwetsa3/datasets/new_circle_3/episode_T_circle_obs10_000002.zarr', 'episode_T_circle_obs10_000002'), ('/coc/flash7/paphiwetsa3/datasets/new_circle_3/episode_T_circle_obs10_000003.zarr', 'episode_T_circle_obs10_000003'), ('/coc/flash7/paphiwetsa3/datasets/new_circle_3/episode_T_circle_obs10_000004.zarr', 'episode_T_circle_obs10_000004'), ('/coc/flash7/paphiwetsa3/datasets/new_circle_3/episode_T_circle_obs10_000005.zarr', 'episode_T_circle_obs10_000005'), ('/coc/flash7/paphiwetsa3/datasets/new_circle_3/episode_T_circle_obs10_000006.zarr', 'episode_T_circle_obs10_000006'), ('/coc/flash7/paphiwetsa3/datasets/new_circle_3/episode_T_circle_obs10_000007.zarr', 'episode_T_circle_obs10_000007'), ('/coc/flash7/paphiwetsa3/datasets/new_circle_3/episode_T_circle_obs10_000008.zarr', 'episode_T_circle_obs10_000008'), ('/coc/flash7/paphiwetsa3/datasets/new_circle_3/episode_T_circle_obs10_000009.zarr', 'episode_T_circle_obs10_000009'), ('/coc/flash7/paphiwetsa3/datasets/new_circle_3/episode_T_circle_obs10_000010.zarr', 'episode_T_circle_obs10_000010'), ('/coc/flash7/paphiwetsa3/datasets/new_circle_3/episode_T_circle_obs10_000011.zarr', 'episode_T_circle_obs10_000011'), ('/coc/flash7/paphiwetsa3/datasets/new_circle_3/episode_T_circle_obs10_000012.zarr', 'episode_T_circle_obs10_000012'), ('/coc/flash7/paphiwetsa3/datasets/new_circle_3/episode_T_circle_obs10_000013.zarr', 'episode_T_circle_obs10_000013'), ('/coc/flash7/paphiwetsa3/datasets/new_circle_3/episode_T_circle_obs10_000014.zarr', 'episode_T_circle_obs10_000014'), ('/coc/flash7/paphiwetsa3/datasets/new_circle_3/episode_T_circle_obs10_000015.zarr', 'episode_T_circle_obs10_000015'), ('/coc/flash7/paphiwetsa3/datasets/new_circle_3/episode_T_circle_obs11_000000.zarr', 'episode_T_circle_obs11_000000'), ('/coc/flash7/paphiwetsa3/datasets/new_circle_3/episode_T_circle_obs11_000001.zarr', 'episode_T_circle_obs11_000001'), ('/coc/flash7/paphiwetsa3/datasets/new_circle_3/episode_T_circle_obs11_000002.zarr', 'episode_T_circle_obs11_000002'), ('/coc/flash7/paphiwetsa3/datasets/new_circle_3/episode_T_circle_obs11_000003.zarr', 'episode_T_circle_obs11_000003'), ('/coc/flash7/paphiwetsa3/datasets/new_circle_3/episode_T_circle_obs11_000004.zarr', 'episode_T_circle_obs11_000004'), ('/coc/flash7/paphiwetsa3/datasets/new_circle_3/episode_T_circle_obs11_000005.zarr', 'episode_T_circle_obs11_000005'), ('/coc/flash7/paphiwetsa3/datasets/new_circle_3/episode_T_circle_obs11_000006.zarr', 'episode_T_circle_obs11_000006'), ('/coc/flash7/paphiwetsa3/datasets/new_circle_3/episode_T_circle_obs11_000007.zarr', 'episode_T_circle_obs11_000007'), ('/coc/flash7/paphiwetsa3/datasets/new_circle_3/episode_T_circle_obs11_000008.zarr', 'episode_T_circle_obs11_000008'), ('/coc/flash7/paphiwetsa3/datasets/new_circle_3/episode_T_circle_obs11_000009.zarr', 'episode_T_circle_obs11_000009'), ('/coc/flash7/paphiwetsa3/datasets/new_circle_3/episode_T_circle_obs11_000010.zarr', 'episode_T_circle_obs11_000010'), ('/coc/flash7/paphiwetsa3/datasets/new_circle_3/episode_T_circle_obs11_000011.zarr', 'episode_T_circle_obs11_000011'), ('/coc/flash7/paphiwetsa3/datasets/new_circle_3/episode_T_circle_obs11_000012.zarr', 'episode_T_circle_obs11_000012'), ('/coc/flash7/paphiwetsa3/datasets/new_circle_3/episode_T_circle_obs11_000013.zarr', 'episode_T_circle_obs11_000013'), ('/coc/flash7/paphiwetsa3/datasets/new_circle_3/episode_T_circle_obs11_000014.zarr', 'episode_T_circle_obs11_000014'), ('/coc/flash7/paphiwetsa3/datasets/new_circle_3/episode_T_circle_obs11_000015.zarr', 'episode_T_circle_obs11_000015'), ('/coc/flash7/paphiwetsa3/datasets/new_circle_3/episode_T_circle_obs12_000000.zarr', 'episode_T_circle_obs12_000000'), ('/coc/flash7/paphiwetsa3/datasets/new_circle_3/episode_T_circle_obs12_000001.zarr', 'episode_T_circle_obs12_000001'), ('/coc/flash7/paphiwetsa3/datasets/new_circle_3/episode_T_circle_obs12_000002.zarr', 'episode_T_circle_obs12_000002'), ('/coc/flash7/paphiwetsa3/datasets/new_circle_3/episode_T_circle_obs12_000003.zarr', 'episode_T_circle_obs12_000003'), ('/coc/flash7/paphiwetsa3/datasets/new_circle_3/episode_T_circle_obs12_000004.zarr', 'episode_T_circle_obs12_000004'), ('/coc/flash7/paphiwetsa3/datasets/new_circle_3/episode_T_circle_obs12_000006.zarr', 'episode_T_circle_obs12_000006'), ('/coc/flash7/paphiwetsa3/datasets/new_circle_3/episode_T_circle_obs12_000007.zarr', 'episode_T_circle_obs12_000007'), ('/coc/flash7/paphiwetsa3/datasets/new_circle_3/episode_T_circle_obs12_000008.zarr', 'episode_T_circle_obs12_000008'), ('/coc/flash7/paphiwetsa3/datasets/new_circle_3/episode_T_circle_obs12_000009.zarr', 'episode_T_circle_obs12_000009'), ('/coc/flash7/paphiwetsa3/datasets/new_circle_3/episode_T_circle_obs12_000010.zarr', 'episode_T_circle_obs12_000010'), ('/coc/flash7/paphiwetsa3/datasets/new_circle_3/episode_T_circle_obs12_000011.zarr', 'episode_T_circle_obs12_000011'), ('/coc/flash7/paphiwetsa3/datasets/new_circle_3/episode_T_circle_obs12_000012.zarr', 'episode_T_circle_obs12_000012'), ('/coc/flash7/paphiwetsa3/datasets/new_circle_3/episode_T_circle_obs12_000013.zarr', 'episode_T_circle_obs12_000013'), ('/coc/flash7/paphiwetsa3/datasets/new_circle_3/episode_T_circle_obs12_000014.zarr', 'episode_T_circle_obs12_000014'), ('/coc/flash7/paphiwetsa3/datasets/new_circle_3/episode_T_circle_obs12_000015.zarr', 'episode_T_circle_obs12_000015'), ('/coc/flash7/paphiwetsa3/datasets/new_circle_3/episode_T_circle_obs1_000000.zarr', 'episode_T_circle_obs1_000000'), ('/coc/flash7/paphiwetsa3/datasets/new_circle_3/episode_T_circle_obs1_000001.zarr', 'episode_T_circle_obs1_000001'), ('/coc/flash7/paphiwetsa3/datasets/new_circle_3/episode_T_circle_obs1_000002.zarr', 'episode_T_circle_obs1_000002'), ('/coc/flash7/paphiwetsa3/datasets/new_circle_3/episode_T_circle_obs1_000003.zarr', 'episode_T_circle_obs1_000003'), ('/coc/flash7/paphiwetsa3/datasets/new_circle_3/episode_T_circle_obs1_000004.zarr', 'episode_T_circle_obs1_000004'), ('/coc/flash7/paphiwetsa3/datasets/new_circle_3/episode_T_circle_obs1_000005.zarr', 'episode_T_circle_obs1_000005'), ('/coc/flash7/paphiwetsa3/datasets/new_circle_3/episode_T_circle_obs1_000006.zarr', 'episode_T_circle_obs1_000006'), ('/coc/flash7/paphiwetsa3/datasets/new_circle_3/episode_T_circle_obs1_000007.zarr', 'episode_T_circle_obs1_000007'), ('/coc/flash7/paphiwetsa3/datasets/new_circle_3/episode_T_circle_obs1_000008.zarr', 'episode_T_circle_obs1_000008'), ('/coc/flash7/paphiwetsa3/datasets/new_circle_3/episode_T_circle_obs1_000009.zarr', 'episode_T_circle_obs1_000009'), ('/coc/flash7/paphiwetsa3/datasets/new_circle_3/episode_T_circle_obs1_000010.zarr', 'episode_T_circle_obs1_000010'), ('/coc/flash7/paphiwetsa3/datasets/new_circle_3/episode_T_circle_obs1_000011.zarr', 'episode_T_circle_obs1_000011'), ('/coc/flash7/paphiwetsa3/datasets/new_circle_3/episode_T_circle_obs1_000012.zarr', 'episode_T_circle_obs1_000012'), ('/coc/flash7/paphiwetsa3/datasets/new_circle_3/episode_T_circle_obs1_000013.zarr', 'episode_T_circle_obs1_000013'), ('/coc/flash7/paphiwetsa3/datasets/new_circle_3/episode_T_circle_obs1_000014.zarr', 'episode_T_circle_obs1_000014'), ('/coc/flash7/paphiwetsa3/datasets/new_circle_3/episode_T_circle_obs1_000015.zarr', 'episode_T_circle_obs1_000015'), ('/coc/flash7/paphiwetsa3/datasets/new_circle_3/episode_T_circle_obs2_000000.zarr', 'episode_T_circle_obs2_000000'), ('/coc/flash7/paphiwetsa3/datasets/new_circle_3/episode_T_circle_obs2_000001.zarr', 'episode_T_circle_obs2_000001'), ('/coc/flash7/paphiwetsa3/datasets/new_circle_3/episode_T_circle_obs2_000002.zarr', 'episode_T_circle_obs2_000002'), ('/coc/flash7/paphiwetsa3/datasets/new_circle_3/episode_T_circle_obs2_000003.zarr', 'episode_T_circle_obs2_000003'), ('/coc/flash7/paphiwetsa3/datasets/new_circle_3/episode_T_circle_obs2_000004.zarr', 'episode_T_circle_obs2_000004'), ('/coc/flash7/paphiwetsa3/datasets/new_circle_3/episode_T_circle_obs2_000005.zarr', 'episode_T_circle_obs2_000005'), ('/coc/flash7/paphiwetsa3/datasets/new_circle_3/episode_T_circle_obs2_000006.zarr', 'episode_T_circle_obs2_000006'), ('/coc/flash7/paphiwetsa3/datasets/new_circle_3/episode_T_circle_obs2_000007.zarr', 'episode_T_circle_obs2_000007'), ('/coc/flash7/paphiwetsa3/datasets/new_circle_3/episode_T_circle_obs2_000008.zarr', 'episode_T_circle_obs2_000008'), ('/coc/flash7/paphiwetsa3/datasets/new_circle_3/episode_T_circle_obs2_000009.zarr', 'episode_T_circle_obs2_000009'), ('/coc/flash7/paphiwetsa3/datasets/new_circle_3/episode_T_circle_obs2_000010.zarr', 'episode_T_circle_obs2_000010'), ('/coc/flash7/paphiwetsa3/datasets/new_circle_3/episode_T_circle_obs2_000011.zarr', 'episode_T_circle_obs2_000011'), ('/coc/flash7/paphiwetsa3/datasets/new_circle_3/episode_T_circle_obs2_000012.zarr', 'episode_T_circle_obs2_000012'), ('/coc/flash7/paphiwetsa3/datasets/new_circle_3/episode_T_circle_obs2_000013.zarr', 'episode_T_circle_obs2_000013'), ('/coc/flash7/paphiwetsa3/datasets/new_circle_3/episode_T_circle_obs2_000014.zarr', 'episode_T_circle_obs2_000014'), ('/coc/flash7/paphiwetsa3/datasets/new_circle_3/episode_T_circle_obs2_000015.zarr', 'episode_T_circle_obs2_000015'), ('/coc/flash7/paphiwetsa3/datasets/new_circle_3/episode_T_circle_obs3_000000.zarr', 'episode_T_circle_obs3_000000'), ('/coc/flash7/paphiwetsa3/datasets/new_circle_3/episode_T_circle_obs3_000001.zarr', 'episode_T_circle_obs3_000001'), ('/coc/flash7/paphiwetsa3/datasets/new_circle_3/episode_T_circle_obs3_000002.zarr', 'episode_T_circle_obs3_000002'), ('/coc/flash7/paphiwetsa3/datasets/new_circle_3/episode_T_circle_obs3_000003.zarr', 'episode_T_circle_obs3_000003'), ('/coc/flash7/paphiwetsa3/datasets/new_circle_3/episode_T_circle_obs3_000004.zarr', 'episode_T_circle_obs3_000004'), ('/coc/flash7/paphiwetsa3/datasets/new_circle_3/episode_T_circle_obs3_000005.zarr', 'episode_T_circle_obs3_000005'), ('/coc/flash7/paphiwetsa3/datasets/new_circle_3/episode_T_circle_obs3_000006.zarr', 'episode_T_circle_obs3_000006'), ('/coc/flash7/paphiwetsa3/datasets/new_circle_3/episode_T_circle_obs3_000007.zarr', 'episode_T_circle_obs3_000007'), ('/coc/flash7/paphiwetsa3/datasets/new_circle_3/episode_T_circle_obs3_000008.zarr', 'episode_T_circle_obs3_000008'), ('/coc/flash7/paphiwetsa3/datasets/new_circle_3/episode_T_circle_obs3_000009.zarr', 'episode_T_circle_obs3_000009'), ('/coc/flash7/paphiwetsa3/datasets/new_circle_3/episode_T_circle_obs3_000010.zarr', 'episode_T_circle_obs3_000010'), ('/coc/flash7/paphiwetsa3/datasets/new_circle_3/episode_T_circle_obs3_000011.zarr', 'episode_T_circle_obs3_000011'), ('/coc/flash7/paphiwetsa3/datasets/new_circle_3/episode_T_circle_obs3_000012.zarr', 'episode_T_circle_obs3_000012'), ('/coc/flash7/paphiwetsa3/datasets/new_circle_3/episode_T_circle_obs3_000013.zarr', 'episode_T_circle_obs3_000013'), ('/coc/flash7/paphiwetsa3/datasets/new_circle_3/episode_T_circle_obs3_000014.zarr', 'episode_T_circle_obs3_000014'), ('/coc/flash7/paphiwetsa3/datasets/new_circle_3/episode_T_circle_obs3_000015.zarr', 'episode_T_circle_obs3_000015'), ('/coc/flash7/paphiwetsa3/datasets/new_circle_3/episode_T_circle_obs3_000016.zarr', 'episode_T_circle_obs3_000016'), ('/coc/flash7/paphiwetsa3/datasets/new_circle_3/episode_T_circle_obs4_000000.zarr', 'episode_T_circle_obs4_000000'), ('/coc/flash7/paphiwetsa3/datasets/new_circle_3/episode_T_circle_obs4_000001.zarr', 'episode_T_circle_obs4_000001'), ('/coc/flash7/paphiwetsa3/datasets/new_circle_3/episode_T_circle_obs4_000002.zarr', 'episode_T_circle_obs4_000002'), ('/coc/flash7/paphiwetsa3/datasets/new_circle_3/episode_T_circle_obs4_000003.zarr', 'episode_T_circle_obs4_000003'), ('/coc/flash7/paphiwetsa3/datasets/new_circle_3/episode_T_circle_obs4_000004.zarr', 'episode_T_circle_obs4_000004'), ('/coc/flash7/paphiwetsa3/datasets/new_circle_3/episode_T_circle_obs4_000005.zarr', 'episode_T_circle_obs4_000005'), ('/coc/flash7/paphiwetsa3/datasets/new_circle_3/episode_T_circle_obs4_000006.zarr', 'episode_T_circle_obs4_000006'), ('/coc/flash7/paphiwetsa3/datasets/new_circle_3/episode_T_circle_obs4_000007.zarr', 'episode_T_circle_obs4_000007'), ('/coc/flash7/paphiwetsa3/datasets/new_circle_3/episode_T_circle_obs4_000008.zarr', 'episode_T_circle_obs4_000008'), ('/coc/flash7/paphiwetsa3/datasets/new_circle_3/episode_T_circle_obs4_000009.zarr', 'episode_T_circle_obs4_000009'), ('/coc/flash7/paphiwetsa3/datasets/new_circle_3/episode_T_circle_obs4_000010.zarr', 'episode_T_circle_obs4_000010'), ('/coc/flash7/paphiwetsa3/datasets/new_circle_3/episode_T_circle_obs4_000011.zarr', 'episode_T_circle_obs4_000011'), ('/coc/flash7/paphiwetsa3/datasets/new_circle_3/episode_T_circle_obs4_000012.zarr', 'episode_T_circle_obs4_000012'), ('/coc/flash7/paphiwetsa3/datasets/new_circle_3/episode_T_circle_obs4_000013.zarr', 'episode_T_circle_obs4_000013'), ('/coc/flash7/paphiwetsa3/datasets/new_circle_3/episode_T_circle_obs4_000014.zarr', 'episode_T_circle_obs4_000014'), ('/coc/flash7/paphiwetsa3/datasets/new_circle_3/episode_T_circle_obs4_000015.zarr', 'episode_T_circle_obs4_000015'), ('/coc/flash7/paphiwetsa3/datasets/new_circle_3/episode_T_circle_obs5_000000.zarr', 'episode_T_circle_obs5_000000'), ('/coc/flash7/paphiwetsa3/datasets/new_circle_3/episode_T_circle_obs5_000001.zarr', 'episode_T_circle_obs5_000001'), ('/coc/flash7/paphiwetsa3/datasets/new_circle_3/episode_T_circle_obs5_000002.zarr', 'episode_T_circle_obs5_000002'), ('/coc/flash7/paphiwetsa3/datasets/new_circle_3/episode_T_circle_obs5_000003.zarr', 'episode_T_circle_obs5_000003'), ('/coc/flash7/paphiwetsa3/datasets/new_circle_3/episode_T_circle_obs5_000004.zarr', 'episode_T_circle_obs5_000004'), ('/coc/flash7/paphiwetsa3/datasets/new_circle_3/episode_T_circle_obs5_000005.zarr', 'episode_T_circle_obs5_000005'), ('/coc/flash7/paphiwetsa3/datasets/new_circle_3/episode_T_circle_obs5_000006.zarr', 'episode_T_circle_obs5_000006'), ('/coc/flash7/paphiwetsa3/datasets/new_circle_3/episode_T_circle_obs5_000008.zarr', 'episode_T_circle_obs5_000008'), ('/coc/flash7/paphiwetsa3/datasets/new_circle_3/episode_T_circle_obs5_000009.zarr', 'episode_T_circle_obs5_000009'), ('/coc/flash7/paphiwetsa3/datasets/new_circle_3/episode_T_circle_obs5_000010.zarr', 'episode_T_circle_obs5_000010'), ('/coc/flash7/paphiwetsa3/datasets/new_circle_3/episode_T_circle_obs5_000011.zarr', 'episode_T_circle_obs5_000011'), ('/coc/flash7/paphiwetsa3/datasets/new_circle_3/episode_T_circle_obs5_000012.zarr', 'episode_T_circle_obs5_000012'), ('/coc/flash7/paphiwetsa3/datasets/new_circle_3/episode_T_circle_obs5_000013.zarr', 'episode_T_circle_obs5_000013'), ('/coc/flash7/paphiwetsa3/datasets/new_circle_3/episode_T_circle_obs5_000014.zarr', 'episode_T_circle_obs5_000014'), ('/coc/flash7/paphiwetsa3/datasets/new_circle_3/episode_T_circle_obs5_000015.zarr', 'episode_T_circle_obs5_000015'), ('/coc/flash7/paphiwetsa3/datasets/new_circle_3/episode_T_circle_obs6_000000.zarr', 'episode_T_circle_obs6_000000'), ('/coc/flash7/paphiwetsa3/datasets/new_circle_3/episode_T_circle_obs6_000001.zarr', 'episode_T_circle_obs6_000001'), ('/coc/flash7/paphiwetsa3/datasets/new_circle_3/episode_T_circle_obs6_000002.zarr', 'episode_T_circle_obs6_000002'), ('/coc/flash7/paphiwetsa3/datasets/new_circle_3/episode_T_circle_obs6_000003.zarr', 'episode_T_circle_obs6_000003'), ('/coc/flash7/paphiwetsa3/datasets/new_circle_3/episode_T_circle_obs6_000004.zarr', 'episode_T_circle_obs6_000004'), ('/coc/flash7/paphiwetsa3/datasets/new_circle_3/episode_T_circle_obs6_000005.zarr', 'episode_T_circle_obs6_000005'), ('/coc/flash7/paphiwetsa3/datasets/new_circle_3/episode_T_circle_obs6_000006.zarr', 'episode_T_circle_obs6_000006'), ('/coc/flash7/paphiwetsa3/datasets/new_circle_3/episode_T_circle_obs6_000007.zarr', 'episode_T_circle_obs6_000007'), ('/coc/flash7/paphiwetsa3/datasets/new_circle_3/episode_T_circle_obs6_000008.zarr', 'episode_T_circle_obs6_000008'), ('/coc/flash7/paphiwetsa3/datasets/new_circle_3/episode_T_circle_obs6_000009.zarr', 'episode_T_circle_obs6_000009'), ('/coc/flash7/paphiwetsa3/datasets/new_circle_3/episode_T_circle_obs6_000010.zarr', 'episode_T_circle_obs6_000010'), ('/coc/flash7/paphiwetsa3/datasets/new_circle_3/episode_T_circle_obs6_000011.zarr', 'episode_T_circle_obs6_000011'), ('/coc/flash7/paphiwetsa3/datasets/new_circle_3/episode_T_circle_obs6_000012.zarr', 'episode_T_circle_obs6_000012'), ('/coc/flash7/paphiwetsa3/datasets/new_circle_3/episode_T_circle_obs6_000013.zarr', 'episode_T_circle_obs6_000013'), ('/coc/flash7/paphiwetsa3/datasets/new_circle_3/episode_T_circle_obs6_000014.zarr', 'episode_T_circle_obs6_000014'), ('/coc/flash7/paphiwetsa3/datasets/new_circle_3/episode_T_circle_obs6_000015.zarr', 'episode_T_circle_obs6_000015'), ('/coc/flash7/paphiwetsa3/datasets/new_circle_3/episode_T_circle_obs6_000016.zarr', 'episode_T_circle_obs6_000016'), ('/coc/flash7/paphiwetsa3/datasets/new_circle_3/episode_T_circle_obs7_000000.zarr', 'episode_T_circle_obs7_000000'), ('/coc/flash7/paphiwetsa3/datasets/new_circle_3/episode_T_circle_obs7_000001.zarr', 'episode_T_circle_obs7_000001'), ('/coc/flash7/paphiwetsa3/datasets/new_circle_3/episode_T_circle_obs7_000002.zarr', 'episode_T_circle_obs7_000002'), ('/coc/flash7/paphiwetsa3/datasets/new_circle_3/episode_T_circle_obs7_000003.zarr', 'episode_T_circle_obs7_000003'), ('/coc/flash7/paphiwetsa3/datasets/new_circle_3/episode_T_circle_obs7_000004.zarr', 'episode_T_circle_obs7_000004'), ('/coc/flash7/paphiwetsa3/datasets/new_circle_3/episode_T_circle_obs7_000005.zarr', 'episode_T_circle_obs7_000005'), ('/coc/flash7/paphiwetsa3/datasets/new_circle_3/episode_T_circle_obs7_000006.zarr', 'episode_T_circle_obs7_000006'), ('/coc/flash7/paphiwetsa3/datasets/new_circle_3/episode_T_circle_obs7_000007.zarr', 'episode_T_circle_obs7_000007'), ('/coc/flash7/paphiwetsa3/datasets/new_circle_3/episode_T_circle_obs7_000008.zarr', 'episode_T_circle_obs7_000008'), ('/coc/flash7/paphiwetsa3/datasets/new_circle_3/episode_T_circle_obs7_000009.zarr', 'episode_T_circle_obs7_000009'), ('/coc/flash7/paphiwetsa3/datasets/new_circle_3/episode_T_circle_obs7_000010.zarr', 'episode_T_circle_obs7_000010'), ('/coc/flash7/paphiwetsa3/datasets/new_circle_3/episode_T_circle_obs7_000011.zarr', 'episode_T_circle_obs7_000011'), ('/coc/flash7/paphiwetsa3/datasets/new_circle_3/episode_T_circle_obs7_000012.zarr', 'episode_T_circle_obs7_000012'), ('/coc/flash7/paphiwetsa3/datasets/new_circle_3/episode_T_circle_obs7_000013.zarr', 'episode_T_circle_obs7_000013'), ('/coc/flash7/paphiwetsa3/datasets/new_circle_3/episode_T_circle_obs7_000014.zarr', 'episode_T_circle_obs7_000014'), ('/coc/flash7/paphiwetsa3/datasets/new_circle_3/episode_T_circle_obs7_000015.zarr', 'episode_T_circle_obs7_000015'), ('/coc/flash7/paphiwetsa3/datasets/new_circle_3/episode_T_circle_obs8_000000.zarr', 'episode_T_circle_obs8_000000'), ('/coc/flash7/paphiwetsa3/datasets/new_circle_3/episode_T_circle_obs8_000001.zarr', 'episode_T_circle_obs8_000001'), ('/coc/flash7/paphiwetsa3/datasets/new_circle_3/episode_T_circle_obs8_000003.zarr', 'episode_T_circle_obs8_000003'), ('/coc/flash7/paphiwetsa3/datasets/new_circle_3/episode_T_circle_obs8_000004.zarr', 'episode_T_circle_obs8_000004'), ('/coc/flash7/paphiwetsa3/datasets/new_circle_3/episode_T_circle_obs8_000005.zarr', 'episode_T_circle_obs8_000005'), ('/coc/flash7/paphiwetsa3/datasets/new_circle_3/episode_T_circle_obs8_000006.zarr', 'episode_T_circle_obs8_000006'), ('/coc/flash7/paphiwetsa3/datasets/new_circle_3/episode_T_circle_obs8_000007.zarr', 'episode_T_circle_obs8_000007'), ('/coc/flash7/paphiwetsa3/datasets/new_circle_3/episode_T_circle_obs8_000008.zarr', 'episode_T_circle_obs8_000008'), ('/coc/flash7/paphiwetsa3/datasets/new_circle_3/episode_T_circle_obs8_000009.zarr', 'episode_T_circle_obs8_000009'), ('/coc/flash7/paphiwetsa3/datasets/new_circle_3/episode_T_circle_obs8_000010.zarr', 'episode_T_circle_obs8_000010'), ('/coc/flash7/paphiwetsa3/datasets/new_circle_3/episode_T_circle_obs8_000011.zarr', 'episode_T_circle_obs8_000011'), ('/coc/flash7/paphiwetsa3/datasets/new_circle_3/episode_T_circle_obs8_000014.zarr', 'episode_T_circle_obs8_000014'), ('/coc/flash7/paphiwetsa3/datasets/new_circle_3/episode_T_circle_obs8_000015.zarr', 'episode_T_circle_obs8_000015'), ('/coc/flash7/paphiwetsa3/datasets/new_circle_3/episode_T_circle_obs8_000016.zarr', 'episode_T_circle_obs8_000016'), ('/coc/flash7/paphiwetsa3/datasets/new_circle_3/episode_T_circle_obs8_000017.zarr', 'episode_T_circle_obs8_000017'), ('/coc/flash7/paphiwetsa3/datasets/new_circle_3/episode_T_circle_obs9_000000.zarr', 'episode_T_circle_obs9_000000'), ('/coc/flash7/paphiwetsa3/datasets/new_circle_3/episode_T_circle_obs9_000001.zarr', 'episode_T_circle_obs9_000001'), ('/coc/flash7/paphiwetsa3/datasets/new_circle_3/episode_T_circle_obs9_000002.zarr', 'episode_T_circle_obs9_000002'), ('/coc/flash7/paphiwetsa3/datasets/new_circle_3/episode_T_circle_obs9_000003.zarr', 'episode_T_circle_obs9_000003'), ('/coc/flash7/paphiwetsa3/datasets/new_circle_3/episode_T_circle_obs9_000007.zarr', 'episode_T_circle_obs9_000007'), ('/coc/flash7/paphiwetsa3/datasets/new_circle_3/episode_T_circle_obs9_000008.zarr', 'episode_T_circle_obs9_000008'), ('/coc/flash7/paphiwetsa3/datasets/new_circle_3/episode_T_circle_obs9_000009.zarr', 'episode_T_circle_obs9_000009'), ('/coc/flash7/paphiwetsa3/datasets/new_circle_3/episode_T_circle_obs9_000010.zarr', 'episode_T_circle_obs9_000010'), ('/coc/flash7/paphiwetsa3/datasets/new_circle_3/episode_T_circle_obs9_000011.zarr', 'episode_T_circle_obs9_000011'), ('/coc/flash7/paphiwetsa3/datasets/new_circle_3/episode_T_circle_obs9_000012.zarr', 'episode_T_circle_obs9_000012'), ('/coc/flash7/paphiwetsa3/datasets/new_circle_3/episode_T_circle_obs9_000013.zarr', 'episode_T_circle_obs9_000013'), ('/coc/flash7/paphiwetsa3/datasets/new_circle_3/episode_T_circle_obs9_000014.zarr', 'episode_T_circle_obs9_000014')]
[2026-06-06 05:48:00,246][egomimic.rldb.zarr.zarr_dataset_multi][INFO] - Valid folder names: {'episode_T_circle_obs0_000021', 'episode_T_circle_obs0_000306', 'episode_T_circle_obs0_000600', 'episode_T_circle_obs0_000356', 'episode_T_circle_obs0_000677', 'episode_T_circle_obs0_000475', 'episode_T_circle_obs0_000300', 'episode_T_circle_obs0_000339', 'episode_T_circle_obs0_000193', 'episode_T_circle_obs0_000546', 'episode_T_circle_obs0_000310', 'episode_T_circle_obs0_000200', 'episode_T_circle_obs0_000531', 'episode_T_circle_obs0_000543', 'episode_T_circle_obs0_000613', 'episode_T_circle_obs2_000011', 'episode_T_circle_obs4_000015', 'episode_T_circle_obs0_000288', 'episode_T_circle_obs0_000629', 'episode_T_circle_obs0_000332', 'episode_T_circle_obs0_000181', 'episode_T_circle_obs0_000287', 'episode_T_circle_obs0_000386', 'episode_T_circle_obs0_000570', 'episode_T_circle_obs0_000094', 'episode_T_circle_obs0_000060', 'episode_T_circle_obs0_000399', 'episode_T_circle_obs0_ontarget_000014', 'episode_T_circle_obs0_000528', 'episode_T_circle_obs0_000158', 'episode_T_circle_obs12_000001', 'episode_T_circle_obs0_000634', 'episode_T_circle_obs9_000008', 'episode_T_circle_obs3_000012', 'episode_T_circle_obs0_000262', 'episode_T_circle_obs0_000499', 'episode_T_circle_obs0_000565', 'episode_T_circle_obs0_000492', 'episode_T_circle_obs0_000720', 'episode_T_circle_obs0_000242', 'episode_T_circle_obs0_ontarget_000031', 'episode_T_circle_obs0_000432', 'episode_T_circle_obs0_000410', 'episode_T_circle_obs0_000359', 'episode_T_circle_obs6_000015', 'episode_T_circle_obs0_000605', 'episode_T_circle_obs0_000114', 'episode_T_circle_obs0_000194', 'episode_T_circle_obs0_000015', 'episode_T_circle_obs5_000006', 'episode_T_circle_obs6_000013', 'episode_T_circle_obs4_000003', 'episode_T_circle_obs0_000685', 'episode_T_circle_obs0_000437', 'episode_T_circle_obs0_000028', 'episode_T_circle_obs12_000003', 'episode_T_circle_obs0_000247', 'episode_T_circle_obs0_000676', 'episode_T_circle_obs0_ontarget_000026', 'episode_T_circle_obs2_000014', 'episode_T_circle_obs0_000081', 'episode_T_circle_obs0_000159', 'episode_T_circle_obs0_000277', 'episode_T_circle_obs0_000674', 'episode_T_circle_obs0_000236', 'episode_T_circle_obs0_000191', 'episode_T_circle_obs0_000137', 'episode_T_circle_obs0_000148', 'episode_T_circle_obs0_000251', 'episode_T_circle_obs3_000010', 'episode_T_circle_obs0_000696', 'episode_T_circle_obs4_000011', 'episode_T_circle_obs7_000002', 'episode_T_circle_obs8_000017', 'episode_T_circle_obs0_000002', 'episode_T_circle_obs0_ontarget_000028', 'episode_T_circle_obs5_000001', 'episode_T_circle_obs7_000009', 'episode_T_circle_obs0_000586', 'episode_T_circle_obs0_000212', 'episode_T_circle_obs0_000641', 'episode_T_circle_obs0_000075', 'episode_T_circle_obs0_000389', 'episode_T_circle_obs0_000157', 'episode_T_circle_obs11_000002', 'episode_T_circle_obs11_000014', 'episode_T_circle_obs0_000419', 'episode_T_circle_obs1_000004', 'episode_T_circle_obs0_000067', 'episode_T_circle_obs0_ontarget_000035', 'episode_T_circle_obs0_000454', 'episode_T_circle_obs0_000274', 'episode_T_circle_obs0_000609', 'episode_T_circle_obs0_000645', 'episode_T_circle_obs0_000483', 'episode_T_circle_obs10_000004', 'episode_T_circle_obs0_000500', 'episode_T_circle_obs0_000281', 'episode_T_circle_obs1_000009', 'episode_T_circle_obs3_000001', 'episode_T_circle_obs0_000582', 'episode_T_circle_obs11_000011', 'episode_T_circle_obs0_000699', 'episode_T_circle_obs0_000527', 'episode_T_circle_obs0_000693', 'episode_T_circle_obs0_000170', 'episode_T_circle_obs0_ontarget_000041', 'episode_T_circle_obs0_000358', 'episode_T_circle_obs0_000073', 'episode_T_circle_obs10_000009', 'episode_T_circle_obs0_000230', 'episode_T_circle_obs6_000010', 'episode_T_circle_obs0_000592', 'episode_T_circle_obs0_000647', 'episode_T_circle_obs9_000012', 'episode_T_circle_obs0_000702', 'episode_T_circle_obs0_000367', 'episode_T_circle_obs7_000008', 'episode_T_circle_obs2_000001', 'episode_T_circle_obs0_000517', 'episode_T_circle_obs2_000003', 'episode_T_circle_obs2_000013', 'episode_T_circle_obs0_000434', 'episode_T_circle_obs8_000010', 'episode_T_circle_obs0_000476', 'episode_T_circle_obs0_000653', 'episode_T_circle_obs0_000583', 'episode_T_circle_obs2_000007', 'episode_T_circle_obs0_000027', 'episode_T_circle_obs0_000403', 'episode_T_circle_obs9_000011', 'episode_T_circle_obs0_000336', 'episode_T_circle_obs0_000282', 'episode_T_circle_obs0_ontarget_000044', 'episode_T_circle_obs2_000009', 'episode_T_circle_obs0_000576', 'episode_T_circle_obs0_000034', 'episode_T_circle_obs0_000233', 'episode_T_circle_obs0_000414', 'episode_T_circle_obs0_000225', 'episode_T_circle_obs0_000708', 'episode_T_circle_obs10_000012', 'episode_T_circle_obs0_000138', 'episode_T_circle_obs0_000455', 'episode_T_circle_obs2_000008', 'episode_T_circle_obs0_000553', 'episode_T_circle_obs0_000008', 'episode_T_circle_obs0_000266', 'episode_T_circle_obs3_000009', 'episode_T_circle_obs0_000250', 'episode_T_circle_obs0_000459', 'episode_T_circle_obs0_000504', 'episode_T_circle_obs0_000471', 'episode_T_circle_obs11_000003', 'episode_T_circle_obs0_000467', 'episode_T_circle_obs0_000016', 'episode_T_circle_obs0_000119', 'episode_T_circle_obs0_000226', 'episode_T_circle_obs0_000479', 'episode_T_circle_obs0_000638', 'episode_T_circle_obs0_000273', 'episode_T_circle_obs0_000469', 'episode_T_circle_obs2_000002', 'episode_T_circle_obs0_000511', 'episode_T_circle_obs0_000295', 'episode_T_circle_obs0_000581', 'episode_T_circle_obs0_000470', 'episode_T_circle_obs5_000005', 'episode_T_circle_obs0_000680', 'episode_T_circle_obs0_000098', 'episode_T_circle_obs0_000595', 'episode_T_circle_obs0_000228', 'episode_T_circle_obs0_000329', 'episode_T_circle_obs0_000192', 'episode_T_circle_obs10_000008', 'episode_T_circle_obs0_000069', 'episode_T_circle_obs0_000518', 'episode_T_circle_obs0_000628', 'episode_T_circle_obs0_000452', 'episode_T_circle_obs0_000453', 'episode_T_circle_obs0_000651', 'episode_T_circle_obs10_000011', 'episode_T_circle_obs0_000587', 'episode_T_circle_obs0_ontarget_000027', 'episode_T_circle_obs11_000005', 'episode_T_circle_obs0_000338', 'episode_T_circle_obs0_000198', 'episode_T_circle_obs11_000008', 'episode_T_circle_obs8_000014', 'episode_T_circle_obs0_000590', 'episode_T_circle_obs0_000097', 'episode_T_circle_obs0_000687', 'episode_T_circle_obs0_000299', 'episode_T_circle_obs0_000460', 'episode_T_circle_obs7_000005', 'episode_T_circle_obs0_000238', 'episode_T_circle_obs0_000035', 'episode_T_circle_obs3_000014', 'episode_T_circle_obs0_000086', 'episode_T_circle_obs0_000688', 'episode_T_circle_obs0_000529', 'episode_T_circle_obs0_000513', 'episode_T_circle_obs0_000278', 'episode_T_circle_obs0_000235', 'episode_T_circle_obs0_000279', 'episode_T_circle_obs0_000213', 'episode_T_circle_obs0_000413', 'episode_T_circle_obs8_000009', 'episode_T_circle_obs0_000707', 'episode_T_circle_obs0_000456', 'episode_T_circle_obs5_000002', 'episode_T_circle_obs0_000596', 'episode_T_circle_obs0_000505', 'episode_T_circle_obs0_000232', 'episode_T_circle_obs0_000163', 'episode_T_circle_obs1_000006', 'episode_T_circle_obs0_000043', 'episode_T_circle_obs0_000591', 'episode_T_circle_obs0_000072', 'episode_T_circle_obs0_000369', 'episode_T_circle_obs0_000046', 'episode_T_circle_obs0_ontarget_000004', 'episode_T_circle_obs0_000185', 'episode_T_circle_obs0_000344', 'episode_T_circle_obs0_000362', 'episode_T_circle_obs0_000106', 'episode_T_circle_obs0_000071', 'episode_T_circle_obs0_000523', 'episode_T_circle_obs0_000662', 'episode_T_circle_obs0_000549', 'episode_T_circle_obs11_000007', 'episode_T_circle_obs12_000000', 'episode_T_circle_obs0_000018', 'episode_T_circle_obs0_000030', 'episode_T_circle_obs0_000485', 'episode_T_circle_obs0_000428', 'episode_T_circle_obs12_000015', 'episode_T_circle_obs0_ontarget_000021', 'episode_T_circle_obs0_000268', 'episode_T_circle_obs0_000512', 'episode_T_circle_obs0_000229', 'episode_T_circle_obs3_000015', 'episode_T_circle_obs0_ontarget_000038', 'episode_T_circle_obs9_000007', 'episode_T_circle_obs0_000532', 'episode_T_circle_obs0_000560', 'episode_T_circle_obs0_000632', 'episode_T_circle_obs12_000012', 'episode_T_circle_obs0_ontarget_000033', 'episode_T_circle_obs0_000152', 'episode_T_circle_obs0_000441', 'episode_T_circle_obs0_000433', 'episode_T_circle_obs0_000464', 'episode_T_circle_obs0_000146', 'episode_T_circle_obs0_000062', 'episode_T_circle_obs0_000164', 'episode_T_circle_obs0_000350', 'episode_T_circle_obs11_000015', 'episode_T_circle_obs0_000059', 'episode_T_circle_obs0_000478', 'episode_T_circle_obs0_000297', 'episode_T_circle_obs0_000593', 'episode_T_circle_obs8_000000', 'episode_T_circle_obs0_000654', 'episode_T_circle_obs0_000535', 'episode_T_circle_obs0_000711', 'episode_T_circle_obs0_000006', 'episode_T_circle_obs5_000003', 'episode_T_circle_obs0_ontarget_000040', 'episode_T_circle_obs0_000103', 'episode_T_circle_obs0_000392', 'episode_T_circle_obs0_000698', 'episode_T_circle_obs0_000646', 'episode_T_circle_obs0_000387', 'episode_T_circle_obs3_000002', 'episode_T_circle_obs0_000061', 'episode_T_circle_obs0_000509', 'episode_T_circle_obs0_000353', 'episode_T_circle_obs0_000207', 'episode_T_circle_obs0_ontarget_000022', 'episode_T_circle_obs12_000010', 'episode_T_circle_obs5_000008', 'episode_T_circle_obs10_000001', 'episode_T_circle_obs0_000244', 'episode_T_circle_obs0_000256', 'episode_T_circle_obs0_000047', 'episode_T_circle_obs0_000422', 'episode_T_circle_obs0_000679', 'episode_T_circle_obs0_000561', 'episode_T_circle_obs0_000524', 'episode_T_circle_obs0_000254', 'episode_T_circle_obs0_000144', 'episode_T_circle_obs0_000012', 'episode_T_circle_obs0_000580', 'episode_T_circle_obs0_000606', 'episode_T_circle_obs0_000417', 'episode_T_circle_obs0_000690', 'episode_T_circle_obs0_000718', 'episode_T_circle_obs1_000013', 'episode_T_circle_obs0_000552', 'episode_T_circle_obs0_000321', 'episode_T_circle_obs0_000488', 'episode_T_circle_obs0_000394', 'episode_T_circle_obs11_000001', 'episode_T_circle_obs1_000005', 'episode_T_circle_obs0_000365', 'episode_T_circle_obs3_000000', 'episode_T_circle_obs0_000042', 'episode_T_circle_obs0_000457', 'episode_T_circle_obs0_000393', 'episode_T_circle_obs0_000395', 'episode_T_circle_obs0_000503', 'episode_T_circle_obs0_000444', 'episode_T_circle_obs1_000007', 'episode_T_circle_obs2_000010', 'episode_T_circle_obs11_000012', 'episode_T_circle_obs0_000450', 'episode_T_circle_obs4_000007', 'episode_T_circle_obs0_000211', 'episode_T_circle_obs7_000000', 'episode_T_circle_obs0_000574', 'episode_T_circle_obs3_000013', 'episode_T_circle_obs0_000111', 'episode_T_circle_obs0_000000', 'episode_T_circle_obs0_000179', 'episode_T_circle_obs0_000312', 'episode_T_circle_obs0_000390', 'episode_T_circle_obs0_000704', 'episode_T_circle_obs0_000519', 'episode_T_circle_obs0_000078', 'episode_T_circle_obs0_000589', 'episode_T_circle_obs0_000064', 'episode_T_circle_obs0_000294', 'episode_T_circle_obs10_000003', 'episode_T_circle_obs9_000014', 'episode_T_circle_obs0_000124', 'episode_T_circle_obs0_000134', 'episode_T_circle_obs0_000341', 'episode_T_circle_obs0_000584', 'episode_T_circle_obs3_000004', 'episode_T_circle_obs0_000202', 'episode_T_circle_obs0_000360', 'episode_T_circle_obs0_000439', 'episode_T_circle_obs0_000555', 'episode_T_circle_obs0_000101', 'episode_T_circle_obs0_000112', 'episode_T_circle_obs0_000498', 'episode_T_circle_obs11_000013', 'episode_T_circle_obs0_000326', 'episode_T_circle_obs2_000000', 'episode_T_circle_obs0_000102', 'episode_T_circle_obs0_000382', 'episode_T_circle_obs0_000346', 'episode_T_circle_obs0_000361', 'episode_T_circle_obs5_000013', 'episode_T_circle_obs0_000022', 'episode_T_circle_obs0_000272', 'episode_T_circle_obs0_000383', 'episode_T_circle_obs0_000643', 'episode_T_circle_obs0_000658', 'episode_T_circle_obs0_000296', 'episode_T_circle_obs0_000624', 'episode_T_circle_obs0_000442', 'episode_T_circle_obs0_000691', 'episode_T_circle_obs0_000391', 'episode_T_circle_obs0_000665', 'episode_T_circle_obs0_000692', 'episode_T_circle_obs0_000040', 'episode_T_circle_obs0_000567', 'episode_T_circle_obs0_000429', 'episode_T_circle_obs0_ontarget_000020', 'episode_T_circle_obs0_000126', 'episode_T_circle_obs7_000006', 'episode_T_circle_obs7_000013', 'episode_T_circle_obs3_000007', 'episode_T_circle_obs0_000659', 'episode_T_circle_obs12_000013', 'episode_T_circle_obs10_000000', 'episode_T_circle_obs4_000005', 'episode_T_circle_obs0_ontarget_000024', 'episode_T_circle_obs0_000402', 'episode_T_circle_obs0_000663', 'episode_T_circle_obs0_000224', 'episode_T_circle_obs6_000005', 'episode_T_circle_obs12_000011', 'episode_T_circle_obs0_000113', 'episode_T_circle_obs0_000107', 'episode_T_circle_obs0_000381', 'episode_T_circle_obs0_000671', 'episode_T_circle_obs0_000196', 'episode_T_circle_obs0_000208', 'episode_T_circle_obs0_000544', 'episode_T_circle_obs0_ontarget_000005', 'episode_T_circle_obs0_000664', 'episode_T_circle_obs0_000116', 'episode_T_circle_obs0_000604', 'episode_T_circle_obs0_000717', 'episode_T_circle_obs0_000547', 'episode_T_circle_obs0_000695', 'episode_T_circle_obs0_000009', 'episode_T_circle_obs0_000090', 'episode_T_circle_obs0_000109', 'episode_T_circle_obs0_000128', 'episode_T_circle_obs0_000132', 'episode_T_circle_obs4_000000', 'episode_T_circle_obs0_000253', 'episode_T_circle_obs0_000115', 'episode_T_circle_obs0_000537', 'episode_T_circle_obs0_000001', 'episode_T_circle_obs0_000615', 'episode_T_circle_obs0_000165', 'episode_T_circle_obs0_000139', 'episode_T_circle_obs0_000135', 'episode_T_circle_obs0_000259', 'episode_T_circle_obs0_ontarget_000006', 'episode_T_circle_obs0_ontarget_000010', 'episode_T_circle_obs0_ontarget_000046', 'episode_T_circle_obs1_000015', 'episode_T_circle_obs0_000388', 'episode_T_circle_obs0_000420', 'episode_T_circle_obs0_ontarget_000009', 'episode_T_circle_obs0_000270', 'episode_T_circle_obs0_000594', 'episode_T_circle_obs0_000077', 'episode_T_circle_obs0_000375', 'episode_T_circle_obs0_000085', 'episode_T_circle_obs0_000666', 'episode_T_circle_obs0_000068', 'episode_T_circle_obs0_000380', 'episode_T_circle_obs0_000597', 'episode_T_circle_obs0_000052', 'episode_T_circle_obs0_000366', 'episode_T_circle_obs0_000140', 'episode_T_circle_obs0_000038', 'episode_T_circle_obs0_000493', 'episode_T_circle_obs0_000031', 'episode_T_circle_obs1_000014', 'episode_T_circle_obs0_000633', 'episode_T_circle_obs0_000530', 'episode_T_circle_obs0_000508', 'episode_T_circle_obs0_000187', 'episode_T_circle_obs0_000249', 'episode_T_circle_obs0_000308', 'episode_T_circle_obs0_000670', 'episode_T_circle_obs0_000620', 'episode_T_circle_obs0_000481', 'episode_T_circle_obs0_000129', 'episode_T_circle_obs0_000449', 'episode_T_circle_obs0_000614', 'episode_T_circle_obs0_ontarget_000012', 'episode_T_circle_obs0_000239', 'episode_T_circle_obs0_000522', 'episode_T_circle_obs0_000220', 'episode_T_circle_obs0_000396', 'episode_T_circle_obs0_000526', 'episode_T_circle_obs0_000573', 'episode_T_circle_obs0_000291', 'episode_T_circle_obs0_000100', 'episode_T_circle_obs0_000293', 'episode_T_circle_obs0_000385', 'episode_T_circle_obs10_000002', 'episode_T_circle_obs0_000477', 'episode_T_circle_obs0_ontarget_000034', 'episode_T_circle_obs0_000045', 'episode_T_circle_obs0_000331', 'episode_T_circle_obs0_000020', 'episode_T_circle_obs0_000637', 'episode_T_circle_obs0_000172', 'episode_T_circle_obs0_000612', 'episode_T_circle_obs0_000023', 'episode_T_circle_obs0_ontarget_000019', 'episode_T_circle_obs0_000554', 'episode_T_circle_obs0_000426', 'episode_T_circle_obs6_000006', 'episode_T_circle_obs0_000601', 'episode_T_circle_obs0_000161', 'episode_T_circle_obs12_000014', 'episode_T_circle_obs0_000501', 'episode_T_circle_obs4_000004', 'episode_T_circle_obs0_000301', 'episode_T_circle_obs0_000063', 'episode_T_circle_obs0_000275', 'episode_T_circle_obs0_000373', 'episode_T_circle_obs0_000104', 'episode_T_circle_obs6_000016', 'episode_T_circle_obs0_000257', 'episode_T_circle_obs0_000318', 'episode_T_circle_obs12_000004', 'episode_T_circle_obs10_000006', 'episode_T_circle_obs11_000010', 'episode_T_circle_obs7_000007', 'episode_T_circle_obs0_000540', 'episode_T_circle_obs0_000241', 'episode_T_circle_obs3_000006', 'episode_T_circle_obs0_000480', 'episode_T_circle_obs4_000002', 'episode_T_circle_obs0_000357', 'episode_T_circle_obs0_000314', 'episode_T_circle_obs6_000004', 'episode_T_circle_obs0_000431', 'episode_T_circle_obs9_000013', 'episode_T_circle_obs0_000640', 'episode_T_circle_obs0_000351', 'episode_T_circle_obs0_000328', 'episode_T_circle_obs0_000379', 'episode_T_circle_obs0_000245', 'episode_T_circle_obs0_000406', 'episode_T_circle_obs0_000036', 'episode_T_circle_obs0_000474', 'episode_T_circle_obs0_000011', 'episode_T_circle_obs0_000014', 'episode_T_circle_obs0_000315', 'episode_T_circle_obs0_000105', 'episode_T_circle_obs0_000436', 'episode_T_circle_obs0_000619', 'episode_T_circle_obs0_000210', 'episode_T_circle_obs0_000622', 'episode_T_circle_obs9_000002', 'episode_T_circle_obs0_000657', 'episode_T_circle_obs0_000243', 'episode_T_circle_obs0_000162', 'episode_T_circle_obs0_000487', 'episode_T_circle_obs0_000673', 'episode_T_circle_obs0_000712', 'episode_T_circle_obs0_ontarget_000001', 'episode_T_circle_obs0_000195', 'episode_T_circle_obs0_000150', 'episode_T_circle_obs0_000617', 'episode_T_circle_obs0_000125', 'episode_T_circle_obs0_000280', 'episode_T_circle_obs0_000130', 'episode_T_circle_obs0_000168', 'episode_T_circle_obs6_000012', 'episode_T_circle_obs3_000008', 'episode_T_circle_obs0_000684', 'episode_T_circle_obs8_000003', 'episode_T_circle_obs0_000285', 'episode_T_circle_obs0_000171', 'episode_T_circle_obs0_000566', 'episode_T_circle_obs0_000598', 'episode_T_circle_obs0_000644', 'episode_T_circle_obs0_000716', 'episode_T_circle_obs0_ontarget_000000', 'episode_T_circle_obs0_000610', 'episode_T_circle_obs0_000621', 'episode_T_circle_obs0_000689', 'episode_T_circle_obs0_000041', 'episode_T_circle_obs0_000686', 'episode_T_circle_obs0_000536', 'episode_T_circle_obs0_000507', 'episode_T_circle_obs0_000169', 'episode_T_circle_obs0_000652', 'episode_T_circle_obs0_000108', 'episode_T_circle_obs4_000013', 'episode_T_circle_obs0_000490', 'episode_T_circle_obs0_000660', 'episode_T_circle_obs0_000400', 'episode_T_circle_obs0_000559', 'episode_T_circle_obs0_000368', 'episode_T_circle_obs0_000319', 'episode_T_circle_obs0_ontarget_000037', 'episode_T_circle_obs2_000015', 'episode_T_circle_obs0_000127', 'episode_T_circle_obs0_000495', 'episode_T_circle_obs0_000215', 'episode_T_circle_obs0_000267', 'episode_T_circle_obs0_000706', 'episode_T_circle_obs0_000076', 'episode_T_circle_obs0_000616', 'episode_T_circle_obs0_000627', 'episode_T_circle_obs0_000669', 'episode_T_circle_obs0_000218', 'episode_T_circle_obs0_000697', 'episode_T_circle_obs0_000093', 'episode_T_circle_obs0_ontarget_000032', 'episode_T_circle_obs0_000423', 'episode_T_circle_obs0_000320', 'episode_T_circle_obs0_000556', 'episode_T_circle_obs12_000008', 'episode_T_circle_obs0_000370', 'episode_T_circle_obs0_ontarget_000043', 'episode_T_circle_obs0_000156', 'episode_T_circle_obs0_000316', 'episode_T_circle_obs8_000001', 'episode_T_circle_obs0_000602', 'episode_T_circle_obs0_000131', 'episode_T_circle_obs0_000445', 'episode_T_circle_obs10_000013', 'episode_T_circle_obs0_000713', 'episode_T_circle_obs0_000407', 'episode_T_circle_obs0_000607', 'episode_T_circle_obs3_000016', 'episode_T_circle_obs0_000678', 'episode_T_circle_obs0_000714', 'episode_T_circle_obs0_000323', 'episode_T_circle_obs0_ontarget_000030', 'episode_T_circle_obs0_000415', 'episode_T_circle_obs0_ontarget_000047', 'episode_T_circle_obs10_000007', 'episode_T_circle_obs0_000167', 'episode_T_circle_obs6_000011', 'episode_T_circle_obs0_000017', 'episode_T_circle_obs0_000562', 'episode_T_circle_obs0_000611', 'episode_T_circle_obs0_000173', 'episode_T_circle_obs0_000110', 'episode_T_circle_obs0_000143', 'episode_T_circle_obs0_000265', 'episode_T_circle_obs12_000007', 'episode_T_circle_obs1_000011', 'episode_T_circle_obs0_000055', 'episode_T_circle_obs0_ontarget_000042', 'episode_T_circle_obs1_000010', 'episode_T_circle_obs0_000575', 'episode_T_circle_obs0_000374', 'episode_T_circle_obs0_000542', 'episode_T_circle_obs0_000650', 'episode_T_circle_obs0_000521', 'episode_T_circle_obs0_000025', 'episode_T_circle_obs0_000037', 'episode_T_circle_obs0_000325', 'episode_T_circle_obs0_000465', 'episode_T_circle_obs0_000309', 'episode_T_circle_obs0_000462', 'episode_T_circle_obs0_000180', 'episode_T_circle_obs0_000219', 'episode_T_circle_obs0_000054', 'episode_T_circle_obs0_000672', 'episode_T_circle_obs0_000694', 'episode_T_circle_obs8_000008', 'episode_T_circle_obs0_000700', 'episode_T_circle_obs0_000120', 'episode_T_circle_obs0_000472', 'episode_T_circle_obs0_000440', 'episode_T_circle_obs3_000005', 'episode_T_circle_obs0_000682', 'episode_T_circle_obs0_000408', 'episode_T_circle_obs0_000070', 'episode_T_circle_obs0_000080', 'episode_T_circle_obs0_000317', 'episode_T_circle_obs0_000354', 'episode_T_circle_obs9_000010', 'episode_T_circle_obs0_000335', 'episode_T_circle_obs1_000001', 'episode_T_circle_obs0_000174', 'episode_T_circle_obs0_000435', 'episode_T_circle_obs0_000186', 'episode_T_circle_obs0_000122', 'episode_T_circle_obs0_000056', 'episode_T_circle_obs0_ontarget_000018', 'episode_T_circle_obs0_000089', 'episode_T_circle_obs6_000007', 'episode_T_circle_obs0_000324', 'episode_T_circle_obs0_000333', 'episode_T_circle_obs11_000004', 'episode_T_circle_obs9_000001', 'episode_T_circle_obs0_000175', 'episode_T_circle_obs0_000497', 'episode_T_circle_obs0_000424', 'episode_T_circle_obs0_000371', 'episode_T_circle_obs0_000118', 'episode_T_circle_obs0_000133', 'episode_T_circle_obs0_000384', 'episode_T_circle_obs0_000451', 'episode_T_circle_obs0_000572', 'episode_T_circle_obs0_000661', 'episode_T_circle_obs0_000438', 'episode_T_circle_obs0_000033', 'episode_T_circle_obs12_000002', 'episode_T_circle_obs2_000005', 'episode_T_circle_obs5_000011', 'episode_T_circle_obs0_000337', 'episode_T_circle_obs0_000252', 'episode_T_circle_obs0_ontarget_000016', 'episode_T_circle_obs0_000141', 'episode_T_circle_obs0_000149', 'episode_T_circle_obs0_000183', 'episode_T_circle_obs0_000352', 'episode_T_circle_obs0_ontarget_000002', 'episode_T_circle_obs0_000625', 'episode_T_circle_obs0_000630', 'episode_T_circle_obs0_ontarget_000003', 'episode_T_circle_obs0_ontarget_000017', 'episode_T_circle_obs4_000014', 'episode_T_circle_obs5_000009', 'episode_T_circle_obs0_000639', 'episode_T_circle_obs0_000411', 'episode_T_circle_obs0_ontarget_000015', 'episode_T_circle_obs3_000011', 'episode_T_circle_obs0_000214', 'episode_T_circle_obs8_000005', 'episode_T_circle_obs0_000378', 'episode_T_circle_obs0_000151', 'episode_T_circle_obs0_000044', 'episode_T_circle_obs0_000349', 'episode_T_circle_obs0_000421', 'episode_T_circle_obs0_000248', 'episode_T_circle_obs0_ontarget_000007', 'episode_T_circle_obs0_000425', 'episode_T_circle_obs0_000541', 'episode_T_circle_obs12_000006', 'episode_T_circle_obs0_000618', 'episode_T_circle_obs0_000568', 'episode_T_circle_obs0_000551', 'episode_T_circle_obs0_000083', 'episode_T_circle_obs0_000626', 'episode_T_circle_obs0_000563', 'episode_T_circle_obs11_000006', 'episode_T_circle_obs0_000603', 'episode_T_circle_obs4_000006', 'episode_T_circle_obs0_000585', 'episode_T_circle_obs0_000147', 'episode_T_circle_obs0_000313', 'episode_T_circle_obs0_000286', 'episode_T_circle_obs0_000667', 'episode_T_circle_obs0_000004', 'episode_T_circle_obs9_000000', 'episode_T_circle_obs0_000355', 'episode_T_circle_obs0_000260', 'episode_T_circle_obs0_000538', 'episode_T_circle_obs0_000409', 'episode_T_circle_obs0_000648', 'episode_T_circle_obs0_ontarget_000029', 'episode_T_circle_obs0_000271', 'episode_T_circle_obs1_000000', 'episode_T_circle_obs0_000516', 'episode_T_circle_obs0_000631', 'episode_T_circle_obs0_ontarget_000036', 'episode_T_circle_obs0_000608', 'episode_T_circle_obs0_000024', 'episode_T_circle_obs9_000003', 'episode_T_circle_obs0_000520', 'episode_T_circle_obs0_000491', 'episode_T_circle_obs0_000705', 'episode_T_circle_obs1_000012', 'episode_T_circle_obs0_000510', 'episode_T_circle_obs0_000343', 'episode_T_circle_obs4_000010', 'episode_T_circle_obs0_000184', 'episode_T_circle_obs0_000088', 'episode_T_circle_obs0_000019', 'episode_T_circle_obs9_000009', 'episode_T_circle_obs5_000012', 'episode_T_circle_obs0_000204', 'episode_T_circle_obs0_000364', 'episode_T_circle_obs1_000008', 'episode_T_circle_obs0_000074', 'episode_T_circle_obs0_000255', 'episode_T_circle_obs0_000188', 'episode_T_circle_obs0_ontarget_000023', 'episode_T_circle_obs0_000178', 'episode_T_circle_obs0_000246', 'episode_T_circle_obs4_000008', 'episode_T_circle_obs0_000514', 'episode_T_circle_obs2_000012', 'episode_T_circle_obs0_000710', 'episode_T_circle_obs0_000053', 'episode_T_circle_obs0_000550', 'episode_T_circle_obs0_000190', 'episode_T_circle_obs0_ontarget_000039', 'episode_T_circle_obs11_000000', 'episode_T_circle_obs0_000506', 'episode_T_circle_obs0_000376', 'episode_T_circle_obs0_000458', 'episode_T_circle_obs0_000579', 'episode_T_circle_obs0_000539', 'episode_T_circle_obs6_000002', 'episode_T_circle_obs7_000003', 'episode_T_circle_obs0_000311', 'episode_T_circle_obs0_000003', 'episode_T_circle_obs0_000571', 'episode_T_circle_obs0_000322', 'episode_T_circle_obs0_000005', 'episode_T_circle_obs0_000007', 'episode_T_circle_obs0_000701', 'episode_T_circle_obs0_000026', 'episode_T_circle_obs0_000578', 'episode_T_circle_obs0_000082', 'episode_T_circle_obs0_000463', 'episode_T_circle_obs0_000305', 'episode_T_circle_obs6_000009', 'episode_T_circle_obs5_000014', 'episode_T_circle_obs6_000008', 'episode_T_circle_obs5_000004', 'episode_T_circle_obs0_000258', 'episode_T_circle_obs0_000048', 'episode_T_circle_obs0_000154', 'episode_T_circle_obs0_000123', 'episode_T_circle_obs0_000307', 'episode_T_circle_obs0_000206', 'episode_T_circle_obs0_000418', 'episode_T_circle_obs7_000014', 'episode_T_circle_obs4_000001', 'episode_T_circle_obs0_000276', 'episode_T_circle_obs0_000715', 'episode_T_circle_obs0_000334', 'episode_T_circle_obs0_000655', 'episode_T_circle_obs0_000558', 'episode_T_circle_obs11_000009', 'episode_T_circle_obs0_000032', 'episode_T_circle_obs4_000009', 'episode_T_circle_obs0_000136', 'episode_T_circle_obs0_000681', 'episode_T_circle_obs0_000095', 'episode_T_circle_obs0_000473', 'episode_T_circle_obs0_000261', 'episode_T_circle_obs0_000084', 'episode_T_circle_obs0_000468', 'episode_T_circle_obs0_ontarget_000045', 'episode_T_circle_obs0_000292', 'episode_T_circle_obs0_000121', 'episode_T_circle_obs0_000533', 'episode_T_circle_obs6_000000', 'episode_T_circle_obs8_000015', 'episode_T_circle_obs7_000010', 'episode_T_circle_obs0_000642', 'episode_T_circle_obs8_000004', 'episode_T_circle_obs0_000427', 'episode_T_circle_obs0_000234', 'episode_T_circle_obs0_000223', 'episode_T_circle_obs0_000482', 'episode_T_circle_obs0_000345', 'episode_T_circle_obs0_000217', 'episode_T_circle_obs0_000283', 'episode_T_circle_obs0_000636', 'episode_T_circle_obs0_000649', 'episode_T_circle_obs0_000091', 'episode_T_circle_obs0_000199', 'episode_T_circle_obs3_000003', 'episode_T_circle_obs7_000012', 'episode_T_circle_obs0_000029', 'episode_T_circle_obs0_000066', 'episode_T_circle_obs0_000494', 'episode_T_circle_obs0_000330', 'episode_T_circle_obs0_000049', 'episode_T_circle_obs0_000430', 'episode_T_circle_obs0_000264', 'episode_T_circle_obs0_000703', 'episode_T_circle_obs0_000177', 'episode_T_circle_obs0_000304', 'episode_T_circle_obs0_000515', 'episode_T_circle_obs0_000709', 'episode_T_circle_obs0_000342', 'episode_T_circle_obs0_000176', 'episode_T_circle_obs1_000002', 'episode_T_circle_obs0_000013', 'episode_T_circle_obs0_000050', 'episode_T_circle_obs0_000269', 'episode_T_circle_obs0_000298', 'episode_T_circle_obs0_000153', 'episode_T_circle_obs0_000443', 'episode_T_circle_obs0_000545', 'episode_T_circle_obs6_000003', 'episode_T_circle_obs0_000221', 'episode_T_circle_obs0_000087', 'episode_T_circle_obs0_000623', 'episode_T_circle_obs0_000683', 'episode_T_circle_obs0_000058', 'episode_T_circle_obs0_000656', 'episode_T_circle_obs0_000719', 'episode_T_circle_obs0_000240', 'episode_T_circle_obs5_000010', 'episode_T_circle_obs12_000009', 'episode_T_circle_obs0_000057', 'episode_T_circle_obs0_000588', 'episode_T_circle_obs0_000347', 'episode_T_circle_obs0_000160', 'episode_T_circle_obs0_000227', 'episode_T_circle_obs10_000014', 'episode_T_circle_obs8_000007', 'episode_T_circle_obs0_000189', 'episode_T_circle_obs0_000363', 'episode_T_circle_obs0_000405', 'episode_T_circle_obs4_000012', 'episode_T_circle_obs0_000099', 'episode_T_circle_obs0_000092', 'episode_T_circle_obs0_000263', 'episode_T_circle_obs0_000284', 'episode_T_circle_obs0_000201', 'episode_T_circle_obs0_000237', 'episode_T_circle_obs1_000003', 'episode_T_circle_obs0_000096', 'episode_T_circle_obs0_000142', 'episode_T_circle_obs0_000534', 'episode_T_circle_obs0_ontarget_000008', 'episode_T_circle_obs8_000006', 'episode_T_circle_obs0_000303', 'episode_T_circle_obs0_000209', 'episode_T_circle_obs0_000447', 'episode_T_circle_obs7_000001', 'episode_T_circle_obs0_000203', 'episode_T_circle_obs0_ontarget_000011', 'episode_T_circle_obs0_000010', 'episode_T_circle_obs0_000197', 'episode_T_circle_obs0_000051', 'episode_T_circle_obs0_000448', 'episode_T_circle_obs0_000569', 'episode_T_circle_obs0_000401', 'episode_T_circle_obs0_000302', 'episode_T_circle_obs0_000039', 'episode_T_circle_obs0_000231', 'episode_T_circle_obs0_000348', 'episode_T_circle_obs0_000289', 'episode_T_circle_obs6_000001', 'episode_T_circle_obs8_000016', 'episode_T_circle_obs5_000015', 'episode_T_circle_obs0_000525', 'episode_T_circle_obs0_000327', 'episode_T_circle_obs0_000484', 'episode_T_circle_obs0_000145', 'episode_T_circle_obs0_000065', 'episode_T_circle_obs0_000548', 'episode_T_circle_obs7_000015', 'episode_T_circle_obs0_000404', 'episode_T_circle_obs0_000205', 'episode_T_circle_obs10_000005', 'episode_T_circle_obs0_000577', 'episode_T_circle_obs8_000011', 'episode_T_circle_obs0_000166', 'episode_T_circle_obs10_000010', 'episode_T_circle_obs0_000416', 'episode_T_circle_obs0_000466', 'episode_T_circle_obs0_000397', 'episode_T_circle_obs0_000564', 'episode_T_circle_obs0_000182', 'episode_T_circle_obs0_000398', 'episode_T_circle_obs0_ontarget_000013', 'episode_T_circle_obs2_000004', 'episode_T_circle_obs0_000446', 'episode_T_circle_obs0_000412', 'episode_T_circle_obs0_000461', 'episode_T_circle_obs0_000155', 'episode_T_circle_obs0_000372', 'episode_T_circle_obs0_000668', 'episode_T_circle_obs5_000000', 'episode_T_circle_obs2_000006', 'episode_T_circle_obs0_000489', 'episode_T_circle_obs0_000216', 'episode_T_circle_obs0_000496', 'episode_T_circle_obs0_000079', 'episode_T_circle_obs0_000290', 'episode_T_circle_obs0_000557', 'episode_T_circle_obs0_000599', 'episode_T_circle_obs0_000340', 'episode_T_circle_obs0_000675', 'episode_T_circle_obs7_000011', 'episode_T_circle_obs0_000502', 'episode_T_circle_obs7_000004', 'episode_T_circle_obs0_ontarget_000025', 'episode_T_circle_obs0_000117', 'episode_T_circle_obs0_000377', 'episode_T_circle_obs10_000015', 'episode_T_circle_obs6_000014'}
[2026-06-06 05:48:01,107][egomimic.rldb.zarr.zarr_dataset_multi][INFO] - /coc/flash7/paphiwetsa3/datasets/new_circle_3/norm_stats.json is not a valid directory
[2026-06-06 05:48:01,932][egomimic.rldb.zarr.zarr_dataset_multi][WARNING] - Failed to read metadata for /coc/flash7/paphiwetsa3/datasets/new_circle_3/training_logs: No group found in store '/coc/flash7/paphiwetsa3/datasets/new_circle_3/training_logs' at path ''
[2026-06-06 05:48:01,932][egomimic.rldb.zarr.zarr_dataset_multi][INFO] - Local filtered paths: [('/coc/flash7/paphiwetsa3/datasets/new_circle_3/episode_T_circle_obs0_000000.zarr', 'episode_T_circle_obs0_000000'), ('/coc/flash7/paphiwetsa3/datasets/new_circle_3/episode_T_circle_obs0_000001.zarr', 'episode_T_circle_obs0_000001'), ('/coc/flash7/paphiwetsa3/datasets/new_circle_3/episode_T_circle_obs0_000002.zarr', 'episode_T_circle_obs0_000002'), ('/coc/flash7/paphiwetsa3/datasets/new_circle_3/episode_T_circle_obs0_000003.zarr', 'episode_T_circle_obs0_000003'), ('/coc/flash7/paphiwetsa3/datasets/new_circle_3/episode_T_circle_obs0_000004.zarr', 'episode_T_circle_obs0_000004'), ('/coc/flash7/paphiwetsa3/datasets/new_circle_3/episode_T_circle_obs0_000005.zarr', 'episode_T_circle_obs0_000005'), ('/coc/flash7/paphiwetsa3/datasets/new_circle_3/episode_T_circle_obs0_000006.zarr', 'episode_T_circle_obs0_000006'), ('/coc/flash7/paphiwetsa3/datasets/new_circle_3/episode_T_circle_obs0_000007.zarr', 'episode_T_circle_obs0_000007'), ('/coc/flash7/paphiwetsa3/datasets/new_circle_3/episode_T_circle_obs0_000008.zarr', 'episode_T_circle_obs0_000008'), ('/coc/flash7/paphiwetsa3/datasets/new_circle_3/episode_T_circle_obs0_000009.zarr', 'episode_T_circle_obs0_000009'), ('/coc/flash7/paphiwetsa3/datasets/new_circle_3/episode_T_circle_obs0_000010.zarr', 'episode_T_circle_obs0_000010'), ('/coc/flash7/paphiwetsa3/datasets/new_circle_3/episode_T_circle_obs0_000011.zarr', 'episode_T_circle_obs0_000011'), ('/coc/flash7/paphiwetsa3/datasets/new_circle_3/episode_T_circle_obs0_000012.zarr', 'episode_T_circle_obs0_000012'), ('/coc/flash7/paphiwetsa3/datasets/new_circle_3/episode_T_circle_obs0_000013.zarr', 'episode_T_circle_obs0_000013'), ('/coc/flash7/paphiwetsa3/datasets/new_circle_3/episode_T_circle_obs0_000014.zarr', 'episode_T_circle_obs0_000014'), ('/coc/flash7/paphiwetsa3/datasets/new_circle_3/episode_T_circle_obs0_000015.zarr', 'episode_T_circle_obs0_000015'), ('/coc/flash7/paphiwetsa3/datasets/new_circle_3/episode_T_circle_obs0_000016.zarr', 'episode_T_circle_obs0_000016'), ('/coc/flash7/paphiwetsa3/datasets/new_circle_3/episode_T_circle_obs0_000017.zarr', 'episode_T_circle_obs0_000017'), ('/coc/flash7/paphiwetsa3/datasets/new_circle_3/episode_T_circle_obs0_000018.zarr', 'episode_T_circle_obs0_000018'), ('/coc/flash7/paphiwetsa3/datasets/new_circle_3/episode_T_circle_obs0_000019.zarr', 'episode_T_circle_obs0_000019'), ('/coc/flash7/paphiwetsa3/datasets/new_circle_3/episode_T_circle_obs0_000020.zarr', 'episode_T_circle_obs0_000020'), ('/coc/flash7/paphiwetsa3/datasets/new_circle_3/episode_T_circle_obs0_000021.zarr', 'episode_T_circle_obs0_000021'), ('/coc/flash7/paphiwetsa3/datasets/new_circle_3/episode_T_circle_obs0_000022.zarr', 'episode_T_circle_obs0_000022'), ('/coc/flash7/paphiwetsa3/datasets/new_circle_3/episode_T_circle_obs0_000023.zarr', 'episode_T_circle_obs0_000023'), ('/coc/flash7/paphiwetsa3/datasets/new_circle_3/episode_T_circle_obs0_000024.zarr', 'episode_T_circle_obs0_000024'), ('/coc/flash7/paphiwetsa3/datasets/new_circle_3/episode_T_circle_obs0_000025.zarr', 'episode_T_circle_obs0_000025'), ('/coc/flash7/paphiwetsa3/datasets/new_circle_3/episode_T_circle_obs0_000026.zarr', 'episode_T_circle_obs0_000026'), ('/coc/flash7/paphiwetsa3/datasets/new_circle_3/episode_T_circle_obs0_000027.zarr', 'episode_T_circle_obs0_000027'), ('/coc/flash7/paphiwetsa3/datasets/new_circle_3/episode_T_circle_obs0_000028.zarr', 'episode_T_circle_obs0_000028'), ('/coc/flash7/paphiwetsa3/datasets/new_circle_3/episode_T_circle_obs0_000029.zarr', 'episode_T_circle_obs0_000029'), ('/coc/flash7/paphiwetsa3/datasets/new_circle_3/episode_T_circle_obs0_000030.zarr', 'episode_T_circle_obs0_000030'), ('/coc/flash7/paphiwetsa3/datasets/new_circle_3/episode_T_circle_obs0_000031.zarr', 'episode_T_circle_obs0_000031'), ('/coc/flash7/paphiwetsa3/datasets/new_circle_3/episode_T_circle_obs0_000032.zarr', 'episode_T_circle_obs0_000032'), ('/coc/flash7/paphiwetsa3/datasets/new_circle_3/episode_T_circle_obs0_000033.zarr', 'episode_T_circle_obs0_000033'), ('/coc/flash7/paphiwetsa3/datasets/new_circle_3/episode_T_circle_obs0_000034.zarr', 'episode_T_circle_obs0_000034'), ('/coc/flash7/paphiwetsa3/datasets/new_circle_3/episode_T_circle_obs0_000035.zarr', 'episode_T_circle_obs0_000035'), ('/coc/flash7/paphiwetsa3/datasets/new_circle_3/episode_T_circle_obs0_000036.zarr', 'episode_T_circle_obs0_000036'), ('/coc/flash7/paphiwetsa3/datasets/new_circle_3/episode_T_circle_obs0_000037.zarr', 'episode_T_circle_obs0_000037'), ('/coc/flash7/paphiwetsa3/datasets/new_circle_3/episode_T_circle_obs0_000038.zarr', 'episode_T_circle_obs0_000038'), ('/coc/flash7/paphiwetsa3/datasets/new_circle_3/episode_T_circle_obs0_000039.zarr', 'episode_T_circle_obs0_000039'), ('/coc/flash7/paphiwetsa3/datasets/new_circle_3/episode_T_circle_obs0_000040.zarr', 'episode_T_circle_obs0_000040'), ('/coc/flash7/paphiwetsa3/datasets/new_circle_3/episode_T_circle_obs0_000041.zarr', 'episode_T_circle_obs0_000041'), ('/coc/flash7/paphiwetsa3/datasets/new_circle_3/episode_T_circle_obs0_000042.zarr', 'episode_T_circle_obs0_000042'), ('/coc/flash7/paphiwetsa3/datasets/new_circle_3/episode_T_circle_obs0_000043.zarr', 'episode_T_circle_obs0_000043'), ('/coc/flash7/paphiwetsa3/datasets/new_circle_3/episode_T_circle_obs0_000044.zarr', 'episode_T_circle_obs0_000044'), ('/coc/flash7/paphiwetsa3/datasets/new_circle_3/episode_T_circle_obs0_000045.zarr', 'episode_T_circle_obs0_000045'), ('/coc/flash7/paphiwetsa3/datasets/new_circle_3/episode_T_circle_obs0_000046.zarr', 'episode_T_circle_obs0_000046'), ('/coc/flash7/paphiwetsa3/datasets/new_circle_3/episode_T_circle_obs0_000047.zarr', 'episode_T_circle_obs0_000047'), ('/coc/flash7/paphiwetsa3/datasets/new_circle_3/episode_T_circle_obs0_000048.zarr', 'episode_T_circle_obs0_000048'), ('/coc/flash7/paphiwetsa3/datasets/new_circle_3/episode_T_circle_obs0_000049.zarr', 'episode_T_circle_obs0_000049'), ('/coc/flash7/paphiwetsa3/datasets/new_circle_3/episode_T_circle_obs0_000050.zarr', 'episode_T_circle_obs0_000050'), ('/coc/flash7/paphiwetsa3/datasets/new_circle_3/episode_T_circle_obs0_000051.zarr', 'episode_T_circle_obs0_000051'), ('/coc/flash7/paphiwetsa3/datasets/new_circle_3/episode_T_circle_obs0_000052.zarr', 'episode_T_circle_obs0_000052'), ('/coc/flash7/paphiwetsa3/datasets/new_circle_3/episode_T_circle_obs0_000053.zarr', 'episode_T_circle_obs0_000053'), ('/coc/flash7/paphiwetsa3/datasets/new_circle_3/episode_T_circle_obs0_000054.zarr', 'episode_T_circle_obs0_000054'), ('/coc/flash7/paphiwetsa3/datasets/new_circle_3/episode_T_circle_obs0_000055.zarr', 'episode_T_circle_obs0_000055'), ('/coc/flash7/paphiwetsa3/datasets/new_circle_3/episode_T_circle_obs0_000056.zarr', 'episode_T_circle_obs0_000056'), ('/coc/flash7/paphiwetsa3/datasets/new_circle_3/episode_T_circle_obs0_000057.zarr', 'episode_T_circle_obs0_000057'), ('/coc/flash7/paphiwetsa3/datasets/new_circle_3/episode_T_circle_obs0_000058.zarr', 'episode_T_circle_obs0_000058'), ('/coc/flash7/paphiwetsa3/datasets/new_circle_3/episode_T_circle_obs0_000059.zarr', 'episode_T_circle_obs0_000059'), ('/coc/flash7/paphiwetsa3/datasets/new_circle_3/episode_T_circle_obs0_000060.zarr', 'episode_T_circle_obs0_000060'), ('/coc/flash7/paphiwetsa3/datasets/new_circle_3/episode_T_circle_obs0_000061.zarr', 'episode_T_circle_obs0_000061'), ('/coc/flash7/paphiwetsa3/datasets/new_circle_3/episode_T_circle_obs0_000062.zarr', 'episode_T_circle_obs0_000062'), ('/coc/flash7/paphiwetsa3/datasets/new_circle_3/episode_T_circle_obs0_000063.zarr', 'episode_T_circle_obs0_000063'), ('/coc/flash7/paphiwetsa3/datasets/new_circle_3/episode_T_circle_obs0_000064.zarr', 'episode_T_circle_obs0_000064'), ('/coc/flash7/paphiwetsa3/datasets/new_circle_3/episode_T_circle_obs0_000065.zarr', 'episode_T_circle_obs0_000065'), ('/coc/flash7/paphiwetsa3/datasets/new_circle_3/episode_T_circle_obs0_000066.zarr', 'episode_T_circle_obs0_000066'), ('/coc/flash7/paphiwetsa3/datasets/new_circle_3/episode_T_circle_obs0_000067.zarr', 'episode_T_circle_obs0_000067'), ('/coc/flash7/paphiwetsa3/datasets/new_circle_3/episode_T_circle_obs0_000068.zarr', 'episode_T_circle_obs0_000068'), ('/coc/flash7/paphiwetsa3/datasets/new_circle_3/episode_T_circle_obs0_000069.zarr', 'episode_T_circle_obs0_000069'), ('/coc/flash7/paphiwetsa3/datasets/new_circle_3/episode_T_circle_obs0_000070.zarr', 'episode_T_circle_obs0_000070'), ('/coc/flash7/paphiwetsa3/datasets/new_circle_3/episode_T_circle_obs0_000071.zarr', 'episode_T_circle_obs0_000071'), ('/coc/flash7/paphiwetsa3/datasets/new_circle_3/episode_T_circle_obs0_000072.zarr', 'episode_T_circle_obs0_000072'), ('/coc/flash7/paphiwetsa3/datasets/new_circle_3/episode_T_circle_obs0_000073.zarr', 'episode_T_circle_obs0_000073'), ('/coc/flash7/paphiwetsa3/datasets/new_circle_3/episode_T_circle_obs0_000074.zarr', 'episode_T_circle_obs0_000074'), ('/coc/flash7/paphiwetsa3/datasets/new_circle_3/episode_T_circle_obs0_000075.zarr', 'episode_T_circle_obs0_000075'), ('/coc/flash7/paphiwetsa3/datasets/new_circle_3/episode_T_circle_obs0_000076.zarr', 'episode_T_circle_obs0_000076'), ('/coc/flash7/paphiwetsa3/datasets/new_circle_3/episode_T_circle_obs0_000077.zarr', 'episode_T_circle_obs0_000077'), ('/coc/flash7/paphiwetsa3/datasets/new_circle_3/episode_T_circle_obs0_000078.zarr', 'episode_T_circle_obs0_000078'), ('/coc/flash7/paphiwetsa3/datasets/new_circle_3/episode_T_circle_obs0_000079.zarr', 'episode_T_circle_obs0_000079'), ('/coc/flash7/paphiwetsa3/datasets/new_circle_3/episode_T_circle_obs0_000080.zarr', 'episode_T_circle_obs0_000080'), ('/coc/flash7/paphiwetsa3/datasets/new_circle_3/episode_T_circle_obs0_000081.zarr', 'episode_T_circle_obs0_000081'), ('/coc/flash7/paphiwetsa3/datasets/new_circle_3/episode_T_circle_obs0_000082.zarr', 'episode_T_circle_obs0_000082'), ('/coc/flash7/paphiwetsa3/datasets/new_circle_3/episode_T_circle_obs0_000083.zarr', 'episode_T_circle_obs0_000083'), ('/coc/flash7/paphiwetsa3/datasets/new_circle_3/episode_T_circle_obs0_000084.zarr', 'episode_T_circle_obs0_000084'), ('/coc/flash7/paphiwetsa3/datasets/new_circle_3/episode_T_circle_obs0_000085.zarr', 'episode_T_circle_obs0_000085'), ('/coc/flash7/paphiwetsa3/datasets/new_circle_3/episode_T_circle_obs0_000086.zarr', 'episode_T_circle_obs0_000086'), ('/coc/flash7/paphiwetsa3/datasets/new_circle_3/episode_T_circle_obs0_000087.zarr', 'episode_T_circle_obs0_000087'), ('/coc/flash7/paphiwetsa3/datasets/new_circle_3/episode_T_circle_obs0_000088.zarr', 'episode_T_circle_obs0_000088'), ('/coc/flash7/paphiwetsa3/datasets/new_circle_3/episode_T_circle_obs0_000089.zarr', 'episode_T_circle_obs0_000089'), ('/coc/flash7/paphiwetsa3/datasets/new_circle_3/episode_T_circle_obs0_000090.zarr', 'episode_T_circle_obs0_000090'), ('/coc/flash7/paphiwetsa3/datasets/new_circle_3/episode_T_circle_obs0_000091.zarr', 'episode_T_circle_obs0_000091'), ('/coc/flash7/paphiwetsa3/datasets/new_circle_3/episode_T_circle_obs0_000092.zarr', 'episode_T_circle_obs0_000092'), ('/coc/flash7/paphiwetsa3/datasets/new_circle_3/episode_T_circle_obs0_000093.zarr', 'episode_T_circle_obs0_000093'), ('/coc/flash7/paphiwetsa3/datasets/new_circle_3/episode_T_circle_obs0_000094.zarr', 'episode_T_circle_obs0_000094'), ('/coc/flash7/paphiwetsa3/datasets/new_circle_3/episode_T_circle_obs0_000095.zarr', 'episode_T_circle_obs0_000095'), ('/coc/flash7/paphiwetsa3/datasets/new_circle_3/episode_T_circle_obs0_000096.zarr', 'episode_T_circle_obs0_000096'), ('/coc/flash7/paphiwetsa3/datasets/new_circle_3/episode_T_circle_obs0_000097.zarr', 'episode_T_circle_obs0_000097'), ('/coc/flash7/paphiwetsa3/datasets/new_circle_3/episode_T_circle_obs0_000098.zarr', 'episode_T_circle_obs0_000098'), ('/coc/flash7/paphiwetsa3/datasets/new_circle_3/episode_T_circle_obs0_000099.zarr', 'episode_T_circle_obs0_000099'), ('/coc/flash7/paphiwetsa3/datasets/new_circle_3/episode_T_circle_obs0_000100.zarr', 'episode_T_circle_obs0_000100'), ('/coc/flash7/paphiwetsa3/datasets/new_circle_3/episode_T_circle_obs0_000101.zarr', 'episode_T_circle_obs0_000101'), ('/coc/flash7/paphiwetsa3/datasets/new_circle_3/episode_T_circle_obs0_000102.zarr', 'episode_T_circle_obs0_000102'), ('/coc/flash7/paphiwetsa3/datasets/new_circle_3/episode_T_circle_obs0_000103.zarr', 'episode_T_circle_obs0_000103'), ('/coc/flash7/paphiwetsa3/datasets/new_circle_3/episode_T_circle_obs0_000104.zarr', 'episode_T_circle_obs0_000104'), ('/coc/flash7/paphiwetsa3/datasets/new_circle_3/episode_T_circle_obs0_000105.zarr', 'episode_T_circle_obs0_000105'), ('/coc/flash7/paphiwetsa3/datasets/new_circle_3/episode_T_circle_obs0_000106.zarr', 'episode_T_circle_obs0_000106'), ('/coc/flash7/paphiwetsa3/datasets/new_circle_3/episode_T_circle_obs0_000107.zarr', 'episode_T_circle_obs0_000107'), ('/coc/flash7/paphiwetsa3/datasets/new_circle_3/episode_T_circle_obs0_000108.zarr', 'episode_T_circle_obs0_000108'), ('/coc/flash7/paphiwetsa3/datasets/new_circle_3/episode_T_circle_obs0_000109.zarr', 'episode_T_circle_obs0_000109'), ('/coc/flash7/paphiwetsa3/datasets/new_circle_3/episode_T_circle_obs0_000110.zarr', 'episode_T_circle_obs0_000110'), ('/coc/flash7/paphiwetsa3/datasets/new_circle_3/episode_T_circle_obs0_000111.zarr', 'episode_T_circle_obs0_000111'), ('/coc/flash7/paphiwetsa3/datasets/new_circle_3/episode_T_circle_obs0_000112.zarr', 'episode_T_circle_obs0_000112'), ('/coc/flash7/paphiwetsa3/datasets/new_circle_3/episode_T_circle_obs0_000113.zarr', 'episode_T_circle_obs0_000113'), ('/coc/flash7/paphiwetsa3/datasets/new_circle_3/episode_T_circle_obs0_000114.zarr', 'episode_T_circle_obs0_000114'), ('/coc/flash7/paphiwetsa3/datasets/new_circle_3/episode_T_circle_obs0_000115.zarr', 'episode_T_circle_obs0_000115'), ('/coc/flash7/paphiwetsa3/datasets/new_circle_3/episode_T_circle_obs0_000116.zarr', 'episode_T_circle_obs0_000116'), ('/coc/flash7/paphiwetsa3/datasets/new_circle_3/episode_T_circle_obs0_000117.zarr', 'episode_T_circle_obs0_000117'), ('/coc/flash7/paphiwetsa3/datasets/new_circle_3/episode_T_circle_obs0_000118.zarr', 'episode_T_circle_obs0_000118'), ('/coc/flash7/paphiwetsa3/datasets/new_circle_3/episode_T_circle_obs0_000119.zarr', 'episode_T_circle_obs0_000119'), ('/coc/flash7/paphiwetsa3/datasets/new_circle_3/episode_T_circle_obs0_000120.zarr', 'episode_T_circle_obs0_000120'), ('/coc/flash7/paphiwetsa3/datasets/new_circle_3/episode_T_circle_obs0_000121.zarr', 'episode_T_circle_obs0_000121'), ('/coc/flash7/paphiwetsa3/datasets/new_circle_3/episode_T_circle_obs0_000122.zarr', 'episode_T_circle_obs0_000122'), ('/coc/flash7/paphiwetsa3/datasets/new_circle_3/episode_T_circle_obs0_000123.zarr', 'episode_T_circle_obs0_000123'), ('/coc/flash7/paphiwetsa3/datasets/new_circle_3/episode_T_circle_obs0_000124.zarr', 'episode_T_circle_obs0_000124'), ('/coc/flash7/paphiwetsa3/datasets/new_circle_3/episode_T_circle_obs0_000125.zarr', 'episode_T_circle_obs0_000125'), ('/coc/flash7/paphiwetsa3/datasets/new_circle_3/episode_T_circle_obs0_000126.zarr', 'episode_T_circle_obs0_000126'), ('/coc/flash7/paphiwetsa3/datasets/new_circle_3/episode_T_circle_obs0_000127.zarr', 'episode_T_circle_obs0_000127'), ('/coc/flash7/paphiwetsa3/datasets/new_circle_3/episode_T_circle_obs0_000128.zarr', 'episode_T_circle_obs0_000128'), ('/coc/flash7/paphiwetsa3/datasets/new_circle_3/episode_T_circle_obs0_000129.zarr', 'episode_T_circle_obs0_000129'), ('/coc/flash7/paphiwetsa3/datasets/new_circle_3/episode_T_circle_obs0_000130.zarr', 'episode_T_circle_obs0_000130'), ('/coc/flash7/paphiwetsa3/datasets/new_circle_3/episode_T_circle_obs0_000131.zarr', 'episode_T_circle_obs0_000131'), ('/coc/flash7/paphiwetsa3/datasets/new_circle_3/episode_T_circle_obs0_000132.zarr', 'episode_T_circle_obs0_000132'), ('/coc/flash7/paphiwetsa3/datasets/new_circle_3/episode_T_circle_obs0_000133.zarr', 'episode_T_circle_obs0_000133'), ('/coc/flash7/paphiwetsa3/datasets/new_circle_3/episode_T_circle_obs0_000134.zarr', 'episode_T_circle_obs0_000134'), ('/coc/flash7/paphiwetsa3/datasets/new_circle_3/episode_T_circle_obs0_000135.zarr', 'episode_T_circle_obs0_000135'), ('/coc/flash7/paphiwetsa3/datasets/new_circle_3/episode_T_circle_obs0_000136.zarr', 'episode_T_circle_obs0_000136'), ('/coc/flash7/paphiwetsa3/datasets/new_circle_3/episode_T_circle_obs0_000137.zarr', 'episode_T_circle_obs0_000137'), ('/coc/flash7/paphiwetsa3/datasets/new_circle_3/episode_T_circle_obs0_000138.zarr', 'episode_T_circle_obs0_000138'), ('/coc/flash7/paphiwetsa3/datasets/new_circle_3/episode_T_circle_obs0_000139.zarr', 'episode_T_circle_obs0_000139'), ('/coc/flash7/paphiwetsa3/datasets/new_circle_3/episode_T_circle_obs0_000140.zarr', 'episode_T_circle_obs0_000140'), ('/coc/flash7/paphiwetsa3/datasets/new_circle_3/episode_T_circle_obs0_000141.zarr', 'episode_T_circle_obs0_000141'), ('/coc/flash7/paphiwetsa3/datasets/new_circle_3/episode_T_circle_obs0_000142.zarr', 'episode_T_circle_obs0_000142'), ('/coc/flash7/paphiwetsa3/datasets/new_circle_3/episode_T_circle_obs0_000143.zarr', 'episode_T_circle_obs0_000143'), ('/coc/flash7/paphiwetsa3/datasets/new_circle_3/episode_T_circle_obs0_000144.zarr', 'episode_T_circle_obs0_000144'), ('/coc/flash7/paphiwetsa3/datasets/new_circle_3/episode_T_circle_obs0_000145.zarr', 'episode_T_circle_obs0_000145'), ('/coc/flash7/paphiwetsa3/datasets/new_circle_3/episode_T_circle_obs0_000146.zarr', 'episode_T_circle_obs0_000146'), ('/coc/flash7/paphiwetsa3/datasets/new_circle_3/episode_T_circle_obs0_000147.zarr', 'episode_T_circle_obs0_000147'), ('/coc/flash7/paphiwetsa3/datasets/new_circle_3/episode_T_circle_obs0_000148.zarr', 'episode_T_circle_obs0_000148'), ('/coc/flash7/paphiwetsa3/datasets/new_circle_3/episode_T_circle_obs0_000149.zarr', 'episode_T_circle_obs0_000149'), ('/coc/flash7/paphiwetsa3/datasets/new_circle_3/episode_T_circle_obs0_000150.zarr', 'episode_T_circle_obs0_000150'), ('/coc/flash7/paphiwetsa3/datasets/new_circle_3/episode_T_circle_obs0_000151.zarr', 'episode_T_circle_obs0_000151'), ('/coc/flash7/paphiwetsa3/datasets/new_circle_3/episode_T_circle_obs0_000152.zarr', 'episode_T_circle_obs0_000152'), ('/coc/flash7/paphiwetsa3/datasets/new_circle_3/episode_T_circle_obs0_000153.zarr', 'episode_T_circle_obs0_000153'), ('/coc/flash7/paphiwetsa3/datasets/new_circle_3/episode_T_circle_obs0_000154.zarr', 'episode_T_circle_obs0_000154'), ('/coc/flash7/paphiwetsa3/datasets/new_circle_3/episode_T_circle_obs0_000155.zarr', 'episode_T_circle_obs0_000155'), ('/coc/flash7/paphiwetsa3/datasets/new_circle_3/episode_T_circle_obs0_000156.zarr', 'episode_T_circle_obs0_000156'), ('/coc/flash7/paphiwetsa3/datasets/new_circle_3/episode_T_circle_obs0_000157.zarr', 'episode_T_circle_obs0_000157'), ('/coc/flash7/paphiwetsa3/datasets/new_circle_3/episode_T_circle_obs0_000158.zarr', 'episode_T_circle_obs0_000158'), ('/coc/flash7/paphiwetsa3/datasets/new_circle_3/episode_T_circle_obs0_000159.zarr', 'episode_T_circle_obs0_000159'), ('/coc/flash7/paphiwetsa3/datasets/new_circle_3/episode_T_circle_obs0_000160.zarr', 'episode_T_circle_obs0_000160'), ('/coc/flash7/paphiwetsa3/datasets/new_circle_3/episode_T_circle_obs0_000161.zarr', 'episode_T_circle_obs0_000161'), ('/coc/flash7/paphiwetsa3/datasets/new_circle_3/episode_T_circle_obs0_000162.zarr', 'episode_T_circle_obs0_000162'), ('/coc/flash7/paphiwetsa3/datasets/new_circle_3/episode_T_circle_obs0_000163.zarr', 'episode_T_circle_obs0_000163'), ('/coc/flash7/paphiwetsa3/datasets/new_circle_3/episode_T_circle_obs0_000164.zarr', 'episode_T_circle_obs0_000164'), ('/coc/flash7/paphiwetsa3/datasets/new_circle_3/episode_T_circle_obs0_000165.zarr', 'episode_T_circle_obs0_000165'), ('/coc/flash7/paphiwetsa3/datasets/new_circle_3/episode_T_circle_obs0_000166.zarr', 'episode_T_circle_obs0_000166'), ('/coc/flash7/paphiwetsa3/datasets/new_circle_3/episode_T_circle_obs0_000167.zarr', 'episode_T_circle_obs0_000167'), ('/coc/flash7/paphiwetsa3/datasets/new_circle_3/episode_T_circle_obs0_000168.zarr', 'episode_T_circle_obs0_000168'), ('/coc/flash7/paphiwetsa3/datasets/new_circle_3/episode_T_circle_obs0_000169.zarr', 'episode_T_circle_obs0_000169'), ('/coc/flash7/paphiwetsa3/datasets/new_circle_3/episode_T_circle_obs0_000170.zarr', 'episode_T_circle_obs0_000170'), ('/coc/flash7/paphiwetsa3/datasets/new_circle_3/episode_T_circle_obs0_000171.zarr', 'episode_T_circle_obs0_000171'), ('/coc/flash7/paphiwetsa3/datasets/new_circle_3/episode_T_circle_obs0_000172.zarr', 'episode_T_circle_obs0_000172'), ('/coc/flash7/paphiwetsa3/datasets/new_circle_3/episode_T_circle_obs0_000173.zarr', 'episode_T_circle_obs0_000173'), ('/coc/flash7/paphiwetsa3/datasets/new_circle_3/episode_T_circle_obs0_000174.zarr', 'episode_T_circle_obs0_000174'), ('/coc/flash7/paphiwetsa3/datasets/new_circle_3/episode_T_circle_obs0_000175.zarr', 'episode_T_circle_obs0_000175'), ('/coc/flash7/paphiwetsa3/datasets/new_circle_3/episode_T_circle_obs0_000176.zarr', 'episode_T_circle_obs0_000176'), ('/coc/flash7/paphiwetsa3/datasets/new_circle_3/episode_T_circle_obs0_000177.zarr', 'episode_T_circle_obs0_000177'), ('/coc/flash7/paphiwetsa3/datasets/new_circle_3/episode_T_circle_obs0_000178.zarr', 'episode_T_circle_obs0_000178'), ('/coc/flash7/paphiwetsa3/datasets/new_circle_3/episode_T_circle_obs0_000179.zarr', 'episode_T_circle_obs0_000179'), ('/coc/flash7/paphiwetsa3/datasets/new_circle_3/episode_T_circle_obs0_000180.zarr', 'episode_T_circle_obs0_000180'), ('/coc/flash7/paphiwetsa3/datasets/new_circle_3/episode_T_circle_obs0_000181.zarr', 'episode_T_circle_obs0_000181'), ('/coc/flash7/paphiwetsa3/datasets/new_circle_3/episode_T_circle_obs0_000182.zarr', 'episode_T_circle_obs0_000182'), ('/coc/flash7/paphiwetsa3/datasets/new_circle_3/episode_T_circle_obs0_000183.zarr', 'episode_T_circle_obs0_000183'), ('/coc/flash7/paphiwetsa3/datasets/new_circle_3/episode_T_circle_obs0_000184.zarr', 'episode_T_circle_obs0_000184'), ('/coc/flash7/paphiwetsa3/datasets/new_circle_3/episode_T_circle_obs0_000185.zarr', 'episode_T_circle_obs0_000185'), ('/coc/flash7/paphiwetsa3/datasets/new_circle_3/episode_T_circle_obs0_000186.zarr', 'episode_T_circle_obs0_000186'), ('/coc/flash7/paphiwetsa3/datasets/new_circle_3/episode_T_circle_obs0_000187.zarr', 'episode_T_circle_obs0_000187'), ('/coc/flash7/paphiwetsa3/datasets/new_circle_3/episode_T_circle_obs0_000188.zarr', 'episode_T_circle_obs0_000188'), ('/coc/flash7/paphiwetsa3/datasets/new_circle_3/episode_T_circle_obs0_000189.zarr', 'episode_T_circle_obs0_000189'), ('/coc/flash7/paphiwetsa3/datasets/new_circle_3/episode_T_circle_obs0_000190.zarr', 'episode_T_circle_obs0_000190'), ('/coc/flash7/paphiwetsa3/datasets/new_circle_3/episode_T_circle_obs0_000191.zarr', 'episode_T_circle_obs0_000191'), ('/coc/flash7/paphiwetsa3/datasets/new_circle_3/episode_T_circle_obs0_000192.zarr', 'episode_T_circle_obs0_000192'), ('/coc/flash7/paphiwetsa3/datasets/new_circle_3/episode_T_circle_obs0_000193.zarr', 'episode_T_circle_obs0_000193'), ('/coc/flash7/paphiwetsa3/datasets/new_circle_3/episode_T_circle_obs0_000194.zarr', 'episode_T_circle_obs0_000194'), ('/coc/flash7/paphiwetsa3/datasets/new_circle_3/episode_T_circle_obs0_000195.zarr', 'episode_T_circle_obs0_000195'), ('/coc/flash7/paphiwetsa3/datasets/new_circle_3/episode_T_circle_obs0_000196.zarr', 'episode_T_circle_obs0_000196'), ('/coc/flash7/paphiwetsa3/datasets/new_circle_3/episode_T_circle_obs0_000197.zarr', 'episode_T_circle_obs0_000197'), ('/coc/flash7/paphiwetsa3/datasets/new_circle_3/episode_T_circle_obs0_000198.zarr', 'episode_T_circle_obs0_000198'), ('/coc/flash7/paphiwetsa3/datasets/new_circle_3/episode_T_circle_obs0_000199.zarr', 'episode_T_circle_obs0_000199'), ('/coc/flash7/paphiwetsa3/datasets/new_circle_3/episode_T_circle_obs0_000200.zarr', 'episode_T_circle_obs0_000200'), ('/coc/flash7/paphiwetsa3/datasets/new_circle_3/episode_T_circle_obs0_000201.zarr', 'episode_T_circle_obs0_000201'), ('/coc/flash7/paphiwetsa3/datasets/new_circle_3/episode_T_circle_obs0_000202.zarr', 'episode_T_circle_obs0_000202'), ('/coc/flash7/paphiwetsa3/datasets/new_circle_3/episode_T_circle_obs0_000203.zarr', 'episode_T_circle_obs0_000203'), ('/coc/flash7/paphiwetsa3/datasets/new_circle_3/episode_T_circle_obs0_000204.zarr', 'episode_T_circle_obs0_000204'), ('/coc/flash7/paphiwetsa3/datasets/new_circle_3/episode_T_circle_obs0_000205.zarr', 'episode_T_circle_obs0_000205'), ('/coc/flash7/paphiwetsa3/datasets/new_circle_3/episode_T_circle_obs0_000206.zarr', 'episode_T_circle_obs0_000206'), ('/coc/flash7/paphiwetsa3/datasets/new_circle_3/episode_T_circle_obs0_000207.zarr', 'episode_T_circle_obs0_000207'), ('/coc/flash7/paphiwetsa3/datasets/new_circle_3/episode_T_circle_obs0_000208.zarr', 'episode_T_circle_obs0_000208'), ('/coc/flash7/paphiwetsa3/datasets/new_circle_3/episode_T_circle_obs0_000209.zarr', 'episode_T_circle_obs0_000209'), ('/coc/flash7/paphiwetsa3/datasets/new_circle_3/episode_T_circle_obs0_000210.zarr', 'episode_T_circle_obs0_000210'), ('/coc/flash7/paphiwetsa3/datasets/new_circle_3/episode_T_circle_obs0_000211.zarr', 'episode_T_circle_obs0_000211'), ('/coc/flash7/paphiwetsa3/datasets/new_circle_3/episode_T_circle_obs0_000212.zarr', 'episode_T_circle_obs0_000212'), ('/coc/flash7/paphiwetsa3/datasets/new_circle_3/episode_T_circle_obs0_000213.zarr', 'episode_T_circle_obs0_000213'), ('/coc/flash7/paphiwetsa3/datasets/new_circle_3/episode_T_circle_obs0_000214.zarr', 'episode_T_circle_obs0_000214'), ('/coc/flash7/paphiwetsa3/datasets/new_circle_3/episode_T_circle_obs0_000215.zarr', 'episode_T_circle_obs0_000215'), ('/coc/flash7/paphiwetsa3/datasets/new_circle_3/episode_T_circle_obs0_000216.zarr', 'episode_T_circle_obs0_000216'), ('/coc/flash7/paphiwetsa3/datasets/new_circle_3/episode_T_circle_obs0_000217.zarr', 'episode_T_circle_obs0_000217'), ('/coc/flash7/paphiwetsa3/datasets/new_circle_3/episode_T_circle_obs0_000218.zarr', 'episode_T_circle_obs0_000218'), ('/coc/flash7/paphiwetsa3/datasets/new_circle_3/episode_T_circle_obs0_000219.zarr', 'episode_T_circle_obs0_000219'), ('/coc/flash7/paphiwetsa3/datasets/new_circle_3/episode_T_circle_obs0_000220.zarr', 'episode_T_circle_obs0_000220'), ('/coc/flash7/paphiwetsa3/datasets/new_circle_3/episode_T_circle_obs0_000221.zarr', 'episode_T_circle_obs0_000221'), ('/coc/flash7/paphiwetsa3/datasets/new_circle_3/episode_T_circle_obs0_000223.zarr', 'episode_T_circle_obs0_000223'), ('/coc/flash7/paphiwetsa3/datasets/new_circle_3/episode_T_circle_obs0_000224.zarr', 'episode_T_circle_obs0_000224'), ('/coc/flash7/paphiwetsa3/datasets/new_circle_3/episode_T_circle_obs0_000225.zarr', 'episode_T_circle_obs0_000225'), ('/coc/flash7/paphiwetsa3/datasets/new_circle_3/episode_T_circle_obs0_000226.zarr', 'episode_T_circle_obs0_000226'), ('/coc/flash7/paphiwetsa3/datasets/new_circle_3/episode_T_circle_obs0_000227.zarr', 'episode_T_circle_obs0_000227'), ('/coc/flash7/paphiwetsa3/datasets/new_circle_3/episode_T_circle_obs0_000228.zarr', 'episode_T_circle_obs0_000228'), ('/coc/flash7/paphiwetsa3/datasets/new_circle_3/episode_T_circle_obs0_000229.zarr', 'episode_T_circle_obs0_000229'), ('/coc/flash7/paphiwetsa3/datasets/new_circle_3/episode_T_circle_obs0_000230.zarr', 'episode_T_circle_obs0_000230'), ('/coc/flash7/paphiwetsa3/datasets/new_circle_3/episode_T_circle_obs0_000231.zarr', 'episode_T_circle_obs0_000231'), ('/coc/flash7/paphiwetsa3/datasets/new_circle_3/episode_T_circle_obs0_000232.zarr', 'episode_T_circle_obs0_000232'), ('/coc/flash7/paphiwetsa3/datasets/new_circle_3/episode_T_circle_obs0_000233.zarr', 'episode_T_circle_obs0_000233'), ('/coc/flash7/paphiwetsa3/datasets/new_circle_3/episode_T_circle_obs0_000234.zarr', 'episode_T_circle_obs0_000234'), ('/coc/flash7/paphiwetsa3/datasets/new_circle_3/episode_T_circle_obs0_000235.zarr', 'episode_T_circle_obs0_000235'), ('/coc/flash7/paphiwetsa3/datasets/new_circle_3/episode_T_circle_obs0_000236.zarr', 'episode_T_circle_obs0_000236'), ('/coc/flash7/paphiwetsa3/datasets/new_circle_3/episode_T_circle_obs0_000237.zarr', 'episode_T_circle_obs0_000237'), ('/coc/flash7/paphiwetsa3/datasets/new_circle_3/episode_T_circle_obs0_000238.zarr', 'episode_T_circle_obs0_000238'), ('/coc/flash7/paphiwetsa3/datasets/new_circle_3/episode_T_circle_obs0_000239.zarr', 'episode_T_circle_obs0_000239'), ('/coc/flash7/paphiwetsa3/datasets/new_circle_3/episode_T_circle_obs0_000240.zarr', 'episode_T_circle_obs0_000240'), ('/coc/flash7/paphiwetsa3/datasets/new_circle_3/episode_T_circle_obs0_000241.zarr', 'episode_T_circle_obs0_000241'), ('/coc/flash7/paphiwetsa3/datasets/new_circle_3/episode_T_circle_obs0_000242.zarr', 'episode_T_circle_obs0_000242'), ('/coc/flash7/paphiwetsa3/datasets/new_circle_3/episode_T_circle_obs0_000243.zarr', 'episode_T_circle_obs0_000243'), ('/coc/flash7/paphiwetsa3/datasets/new_circle_3/episode_T_circle_obs0_000244.zarr', 'episode_T_circle_obs0_000244'), ('/coc/flash7/paphiwetsa3/datasets/new_circle_3/episode_T_circle_obs0_000245.zarr', 'episode_T_circle_obs0_000245'), ('/coc/flash7/paphiwetsa3/datasets/new_circle_3/episode_T_circle_obs0_000246.zarr', 'episode_T_circle_obs0_000246'), ('/coc/flash7/paphiwetsa3/datasets/new_circle_3/episode_T_circle_obs0_000247.zarr', 'episode_T_circle_obs0_000247'), ('/coc/flash7/paphiwetsa3/datasets/new_circle_3/episode_T_circle_obs0_000248.zarr', 'episode_T_circle_obs0_000248'), ('/coc/flash7/paphiwetsa3/datasets/new_circle_3/episode_T_circle_obs0_000249.zarr', 'episode_T_circle_obs0_000249'), ('/coc/flash7/paphiwetsa3/datasets/new_circle_3/episode_T_circle_obs0_000250.zarr', 'episode_T_circle_obs0_000250'), ('/coc/flash7/paphiwetsa3/datasets/new_circle_3/episode_T_circle_obs0_000251.zarr', 'episode_T_circle_obs0_000251'), ('/coc/flash7/paphiwetsa3/datasets/new_circle_3/episode_T_circle_obs0_000252.zarr', 'episode_T_circle_obs0_000252'), ('/coc/flash7/paphiwetsa3/datasets/new_circle_3/episode_T_circle_obs0_000253.zarr', 'episode_T_circle_obs0_000253'), ('/coc/flash7/paphiwetsa3/datasets/new_circle_3/episode_T_circle_obs0_000254.zarr', 'episode_T_circle_obs0_000254'), ('/coc/flash7/paphiwetsa3/datasets/new_circle_3/episode_T_circle_obs0_000255.zarr', 'episode_T_circle_obs0_000255'), ('/coc/flash7/paphiwetsa3/datasets/new_circle_3/episode_T_circle_obs0_000256.zarr', 'episode_T_circle_obs0_000256'), ('/coc/flash7/paphiwetsa3/datasets/new_circle_3/episode_T_circle_obs0_000257.zarr', 'episode_T_circle_obs0_000257'), ('/coc/flash7/paphiwetsa3/datasets/new_circle_3/episode_T_circle_obs0_000258.zarr', 'episode_T_circle_obs0_000258'), ('/coc/flash7/paphiwetsa3/datasets/new_circle_3/episode_T_circle_obs0_000259.zarr', 'episode_T_circle_obs0_000259'), ('/coc/flash7/paphiwetsa3/datasets/new_circle_3/episode_T_circle_obs0_000260.zarr', 'episode_T_circle_obs0_000260'), ('/coc/flash7/paphiwetsa3/datasets/new_circle_3/episode_T_circle_obs0_000261.zarr', 'episode_T_circle_obs0_000261'), ('/coc/flash7/paphiwetsa3/datasets/new_circle_3/episode_T_circle_obs0_000262.zarr', 'episode_T_circle_obs0_000262'), ('/coc/flash7/paphiwetsa3/datasets/new_circle_3/episode_T_circle_obs0_000263.zarr', 'episode_T_circle_obs0_000263'), ('/coc/flash7/paphiwetsa3/datasets/new_circle_3/episode_T_circle_obs0_000264.zarr', 'episode_T_circle_obs0_000264'), ('/coc/flash7/paphiwetsa3/datasets/new_circle_3/episode_T_circle_obs0_000265.zarr', 'episode_T_circle_obs0_000265'), ('/coc/flash7/paphiwetsa3/datasets/new_circle_3/episode_T_circle_obs0_000266.zarr', 'episode_T_circle_obs0_000266'), ('/coc/flash7/paphiwetsa3/datasets/new_circle_3/episode_T_circle_obs0_000267.zarr', 'episode_T_circle_obs0_000267'), ('/coc/flash7/paphiwetsa3/datasets/new_circle_3/episode_T_circle_obs0_000268.zarr', 'episode_T_circle_obs0_000268'), ('/coc/flash7/paphiwetsa3/datasets/new_circle_3/episode_T_circle_obs0_000269.zarr', 'episode_T_circle_obs0_000269'), ('/coc/flash7/paphiwetsa3/datasets/new_circle_3/episode_T_circle_obs0_000270.zarr', 'episode_T_circle_obs0_000270'), ('/coc/flash7/paphiwetsa3/datasets/new_circle_3/episode_T_circle_obs0_000271.zarr', 'episode_T_circle_obs0_000271'), ('/coc/flash7/paphiwetsa3/datasets/new_circle_3/episode_T_circle_obs0_000272.zarr', 'episode_T_circle_obs0_000272'), ('/coc/flash7/paphiwetsa3/datasets/new_circle_3/episode_T_circle_obs0_000273.zarr', 'episode_T_circle_obs0_000273'), ('/coc/flash7/paphiwetsa3/datasets/new_circle_3/episode_T_circle_obs0_000274.zarr', 'episode_T_circle_obs0_000274'), ('/coc/flash7/paphiwetsa3/datasets/new_circle_3/episode_T_circle_obs0_000275.zarr', 'episode_T_circle_obs0_000275'), ('/coc/flash7/paphiwetsa3/datasets/new_circle_3/episode_T_circle_obs0_000276.zarr', 'episode_T_circle_obs0_000276'), ('/coc/flash7/paphiwetsa3/datasets/new_circle_3/episode_T_circle_obs0_000277.zarr', 'episode_T_circle_obs0_000277'), ('/coc/flash7/paphiwetsa3/datasets/new_circle_3/episode_T_circle_obs0_000278.zarr', 'episode_T_circle_obs0_000278'), ('/coc/flash7/paphiwetsa3/datasets/new_circle_3/episode_T_circle_obs0_000279.zarr', 'episode_T_circle_obs0_000279'), ('/coc/flash7/paphiwetsa3/datasets/new_circle_3/episode_T_circle_obs0_000280.zarr', 'episode_T_circle_obs0_000280'), ('/coc/flash7/paphiwetsa3/datasets/new_circle_3/episode_T_circle_obs0_000281.zarr', 'episode_T_circle_obs0_000281'), ('/coc/flash7/paphiwetsa3/datasets/new_circle_3/episode_T_circle_obs0_000282.zarr', 'episode_T_circle_obs0_000282'), ('/coc/flash7/paphiwetsa3/datasets/new_circle_3/episode_T_circle_obs0_000283.zarr', 'episode_T_circle_obs0_000283'), ('/coc/flash7/paphiwetsa3/datasets/new_circle_3/episode_T_circle_obs0_000284.zarr', 'episode_T_circle_obs0_000284'), ('/coc/flash7/paphiwetsa3/datasets/new_circle_3/episode_T_circle_obs0_000285.zarr', 'episode_T_circle_obs0_000285'), ('/coc/flash7/paphiwetsa3/datasets/new_circle_3/episode_T_circle_obs0_000286.zarr', 'episode_T_circle_obs0_000286'), ('/coc/flash7/paphiwetsa3/datasets/new_circle_3/episode_T_circle_obs0_000287.zarr', 'episode_T_circle_obs0_000287'), ('/coc/flash7/paphiwetsa3/datasets/new_circle_3/episode_T_circle_obs0_000288.zarr', 'episode_T_circle_obs0_000288'), ('/coc/flash7/paphiwetsa3/datasets/new_circle_3/episode_T_circle_obs0_000289.zarr', 'episode_T_circle_obs0_000289'), ('/coc/flash7/paphiwetsa3/datasets/new_circle_3/episode_T_circle_obs0_000290.zarr', 'episode_T_circle_obs0_000290'), ('/coc/flash7/paphiwetsa3/datasets/new_circle_3/episode_T_circle_obs0_000291.zarr', 'episode_T_circle_obs0_000291'), ('/coc/flash7/paphiwetsa3/datasets/new_circle_3/episode_T_circle_obs0_000292.zarr', 'episode_T_circle_obs0_000292'), ('/coc/flash7/paphiwetsa3/datasets/new_circle_3/episode_T_circle_obs0_000293.zarr', 'episode_T_circle_obs0_000293'), ('/coc/flash7/paphiwetsa3/datasets/new_circle_3/episode_T_circle_obs0_000294.zarr', 'episode_T_circle_obs0_000294'), ('/coc/flash7/paphiwetsa3/datasets/new_circle_3/episode_T_circle_obs0_000295.zarr', 'episode_T_circle_obs0_000295'), ('/coc/flash7/paphiwetsa3/datasets/new_circle_3/episode_T_circle_obs0_000296.zarr', 'episode_T_circle_obs0_000296'), ('/coc/flash7/paphiwetsa3/datasets/new_circle_3/episode_T_circle_obs0_000297.zarr', 'episode_T_circle_obs0_000297'), ('/coc/flash7/paphiwetsa3/datasets/new_circle_3/episode_T_circle_obs0_000298.zarr', 'episode_T_circle_obs0_000298'), ('/coc/flash7/paphiwetsa3/datasets/new_circle_3/episode_T_circle_obs0_000299.zarr', 'episode_T_circle_obs0_000299'), ('/coc/flash7/paphiwetsa3/datasets/new_circle_3/episode_T_circle_obs0_000300.zarr', 'episode_T_circle_obs0_000300'), ('/coc/flash7/paphiwetsa3/datasets/new_circle_3/episode_T_circle_obs0_000301.zarr', 'episode_T_circle_obs0_000301'), ('/coc/flash7/paphiwetsa3/datasets/new_circle_3/episode_T_circle_obs0_000302.zarr', 'episode_T_circle_obs0_000302'), ('/coc/flash7/paphiwetsa3/datasets/new_circle_3/episode_T_circle_obs0_000303.zarr', 'episode_T_circle_obs0_000303'), ('/coc/flash7/paphiwetsa3/datasets/new_circle_3/episode_T_circle_obs0_000304.zarr', 'episode_T_circle_obs0_000304'), ('/coc/flash7/paphiwetsa3/datasets/new_circle_3/episode_T_circle_obs0_000305.zarr', 'episode_T_circle_obs0_000305'), ('/coc/flash7/paphiwetsa3/datasets/new_circle_3/episode_T_circle_obs0_000306.zarr', 'episode_T_circle_obs0_000306'), ('/coc/flash7/paphiwetsa3/datasets/new_circle_3/episode_T_circle_obs0_000307.zarr', 'episode_T_circle_obs0_000307'), ('/coc/flash7/paphiwetsa3/datasets/new_circle_3/episode_T_circle_obs0_000308.zarr', 'episode_T_circle_obs0_000308'), ('/coc/flash7/paphiwetsa3/datasets/new_circle_3/episode_T_circle_obs0_000309.zarr', 'episode_T_circle_obs0_000309'), ('/coc/flash7/paphiwetsa3/datasets/new_circle_3/episode_T_circle_obs0_000310.zarr', 'episode_T_circle_obs0_000310'), ('/coc/flash7/paphiwetsa3/datasets/new_circle_3/episode_T_circle_obs0_000311.zarr', 'episode_T_circle_obs0_000311'), ('/coc/flash7/paphiwetsa3/datasets/new_circle_3/episode_T_circle_obs0_000312.zarr', 'episode_T_circle_obs0_000312'), ('/coc/flash7/paphiwetsa3/datasets/new_circle_3/episode_T_circle_obs0_000313.zarr', 'episode_T_circle_obs0_000313'), ('/coc/flash7/paphiwetsa3/datasets/new_circle_3/episode_T_circle_obs0_000314.zarr', 'episode_T_circle_obs0_000314'), ('/coc/flash7/paphiwetsa3/datasets/new_circle_3/episode_T_circle_obs0_000315.zarr', 'episode_T_circle_obs0_000315'), ('/coc/flash7/paphiwetsa3/datasets/new_circle_3/episode_T_circle_obs0_000316.zarr', 'episode_T_circle_obs0_000316'), ('/coc/flash7/paphiwetsa3/datasets/new_circle_3/episode_T_circle_obs0_000317.zarr', 'episode_T_circle_obs0_000317'), ('/coc/flash7/paphiwetsa3/datasets/new_circle_3/episode_T_circle_obs0_000318.zarr', 'episode_T_circle_obs0_000318'), ('/coc/flash7/paphiwetsa3/datasets/new_circle_3/episode_T_circle_obs0_000319.zarr', 'episode_T_circle_obs0_000319'), ('/coc/flash7/paphiwetsa3/datasets/new_circle_3/episode_T_circle_obs0_000320.zarr', 'episode_T_circle_obs0_000320'), ('/coc/flash7/paphiwetsa3/datasets/new_circle_3/episode_T_circle_obs0_000321.zarr', 'episode_T_circle_obs0_000321'), ('/coc/flash7/paphiwetsa3/datasets/new_circle_3/episode_T_circle_obs0_000322.zarr', 'episode_T_circle_obs0_000322'), ('/coc/flash7/paphiwetsa3/datasets/new_circle_3/episode_T_circle_obs0_000323.zarr', 'episode_T_circle_obs0_000323'), ('/coc/flash7/paphiwetsa3/datasets/new_circle_3/episode_T_circle_obs0_000324.zarr', 'episode_T_circle_obs0_000324'), ('/coc/flash7/paphiwetsa3/datasets/new_circle_3/episode_T_circle_obs0_000325.zarr', 'episode_T_circle_obs0_000325'), ('/coc/flash7/paphiwetsa3/datasets/new_circle_3/episode_T_circle_obs0_000326.zarr', 'episode_T_circle_obs0_000326'), ('/coc/flash7/paphiwetsa3/datasets/new_circle_3/episode_T_circle_obs0_000327.zarr', 'episode_T_circle_obs0_000327'), ('/coc/flash7/paphiwetsa3/datasets/new_circle_3/episode_T_circle_obs0_000328.zarr', 'episode_T_circle_obs0_000328'), ('/coc/flash7/paphiwetsa3/datasets/new_circle_3/episode_T_circle_obs0_000329.zarr', 'episode_T_circle_obs0_000329'), ('/coc/flash7/paphiwetsa3/datasets/new_circle_3/episode_T_circle_obs0_000330.zarr', 'episode_T_circle_obs0_000330'), ('/coc/flash7/paphiwetsa3/datasets/new_circle_3/episode_T_circle_obs0_000331.zarr', 'episode_T_circle_obs0_000331'), ('/coc/flash7/paphiwetsa3/datasets/new_circle_3/episode_T_circle_obs0_000332.zarr', 'episode_T_circle_obs0_000332'), ('/coc/flash7/paphiwetsa3/datasets/new_circle_3/episode_T_circle_obs0_000333.zarr', 'episode_T_circle_obs0_000333'), ('/coc/flash7/paphiwetsa3/datasets/new_circle_3/episode_T_circle_obs0_000334.zarr', 'episode_T_circle_obs0_000334'), ('/coc/flash7/paphiwetsa3/datasets/new_circle_3/episode_T_circle_obs0_000335.zarr', 'episode_T_circle_obs0_000335'), ('/coc/flash7/paphiwetsa3/datasets/new_circle_3/episode_T_circle_obs0_000336.zarr', 'episode_T_circle_obs0_000336'), ('/coc/flash7/paphiwetsa3/datasets/new_circle_3/episode_T_circle_obs0_000337.zarr', 'episode_T_circle_obs0_000337'), ('/coc/flash7/paphiwetsa3/datasets/new_circle_3/episode_T_circle_obs0_000338.zarr', 'episode_T_circle_obs0_000338'), ('/coc/flash7/paphiwetsa3/datasets/new_circle_3/episode_T_circle_obs0_000339.zarr', 'episode_T_circle_obs0_000339'), ('/coc/flash7/paphiwetsa3/datasets/new_circle_3/episode_T_circle_obs0_000340.zarr', 'episode_T_circle_obs0_000340'), ('/coc/flash7/paphiwetsa3/datasets/new_circle_3/episode_T_circle_obs0_000341.zarr', 'episode_T_circle_obs0_000341'), ('/coc/flash7/paphiwetsa3/datasets/new_circle_3/episode_T_circle_obs0_000342.zarr', 'episode_T_circle_obs0_000342'), ('/coc/flash7/paphiwetsa3/datasets/new_circle_3/episode_T_circle_obs0_000343.zarr', 'episode_T_circle_obs0_000343'), ('/coc/flash7/paphiwetsa3/datasets/new_circle_3/episode_T_circle_obs0_000344.zarr', 'episode_T_circle_obs0_000344'), ('/coc/flash7/paphiwetsa3/datasets/new_circle_3/episode_T_circle_obs0_000345.zarr', 'episode_T_circle_obs0_000345'), ('/coc/flash7/paphiwetsa3/datasets/new_circle_3/episode_T_circle_obs0_000346.zarr', 'episode_T_circle_obs0_000346'), ('/coc/flash7/paphiwetsa3/datasets/new_circle_3/episode_T_circle_obs0_000347.zarr', 'episode_T_circle_obs0_000347'), ('/coc/flash7/paphiwetsa3/datasets/new_circle_3/episode_T_circle_obs0_000348.zarr', 'episode_T_circle_obs0_000348'), ('/coc/flash7/paphiwetsa3/datasets/new_circle_3/episode_T_circle_obs0_000349.zarr', 'episode_T_circle_obs0_000349'), ('/coc/flash7/paphiwetsa3/datasets/new_circle_3/episode_T_circle_obs0_000350.zarr', 'episode_T_circle_obs0_000350'), ('/coc/flash7/paphiwetsa3/datasets/new_circle_3/episode_T_circle_obs0_000351.zarr', 'episode_T_circle_obs0_000351'), ('/coc/flash7/paphiwetsa3/datasets/new_circle_3/episode_T_circle_obs0_000352.zarr', 'episode_T_circle_obs0_000352'), ('/coc/flash7/paphiwetsa3/datasets/new_circle_3/episode_T_circle_obs0_000353.zarr', 'episode_T_circle_obs0_000353'), ('/coc/flash7/paphiwetsa3/datasets/new_circle_3/episode_T_circle_obs0_000354.zarr', 'episode_T_circle_obs0_000354'), ('/coc/flash7/paphiwetsa3/datasets/new_circle_3/episode_T_circle_obs0_000355.zarr', 'episode_T_circle_obs0_000355'), ('/coc/flash7/paphiwetsa3/datasets/new_circle_3/episode_T_circle_obs0_000356.zarr', 'episode_T_circle_obs0_000356'), ('/coc/flash7/paphiwetsa3/datasets/new_circle_3/episode_T_circle_obs0_000357.zarr', 'episode_T_circle_obs0_000357'), ('/coc/flash7/paphiwetsa3/datasets/new_circle_3/episode_T_circle_obs0_000358.zarr', 'episode_T_circle_obs0_000358'), ('/coc/flash7/paphiwetsa3/datasets/new_circle_3/episode_T_circle_obs0_000359.zarr', 'episode_T_circle_obs0_000359'), ('/coc/flash7/paphiwetsa3/datasets/new_circle_3/episode_T_circle_obs0_000360.zarr', 'episode_T_circle_obs0_000360'), ('/coc/flash7/paphiwetsa3/datasets/new_circle_3/episode_T_circle_obs0_000361.zarr', 'episode_T_circle_obs0_000361'), ('/coc/flash7/paphiwetsa3/datasets/new_circle_3/episode_T_circle_obs0_000362.zarr', 'episode_T_circle_obs0_000362'), ('/coc/flash7/paphiwetsa3/datasets/new_circle_3/episode_T_circle_obs0_000363.zarr', 'episode_T_circle_obs0_000363'), ('/coc/flash7/paphiwetsa3/datasets/new_circle_3/episode_T_circle_obs0_000364.zarr', 'episode_T_circle_obs0_000364'), ('/coc/flash7/paphiwetsa3/datasets/new_circle_3/episode_T_circle_obs0_000365.zarr', 'episode_T_circle_obs0_000365'), ('/coc/flash7/paphiwetsa3/datasets/new_circle_3/episode_T_circle_obs0_000366.zarr', 'episode_T_circle_obs0_000366'), ('/coc/flash7/paphiwetsa3/datasets/new_circle_3/episode_T_circle_obs0_000367.zarr', 'episode_T_circle_obs0_000367'), ('/coc/flash7/paphiwetsa3/datasets/new_circle_3/episode_T_circle_obs0_000368.zarr', 'episode_T_circle_obs0_000368'), ('/coc/flash7/paphiwetsa3/datasets/new_circle_3/episode_T_circle_obs0_000369.zarr', 'episode_T_circle_obs0_000369'), ('/coc/flash7/paphiwetsa3/datasets/new_circle_3/episode_T_circle_obs0_000370.zarr', 'episode_T_circle_obs0_000370'), ('/coc/flash7/paphiwetsa3/datasets/new_circle_3/episode_T_circle_obs0_000371.zarr', 'episode_T_circle_obs0_000371'), ('/coc/flash7/paphiwetsa3/datasets/new_circle_3/episode_T_circle_obs0_000372.zarr', 'episode_T_circle_obs0_000372'), ('/coc/flash7/paphiwetsa3/datasets/new_circle_3/episode_T_circle_obs0_000373.zarr', 'episode_T_circle_obs0_000373'), ('/coc/flash7/paphiwetsa3/datasets/new_circle_3/episode_T_circle_obs0_000374.zarr', 'episode_T_circle_obs0_000374'), ('/coc/flash7/paphiwetsa3/datasets/new_circle_3/episode_T_circle_obs0_000375.zarr', 'episode_T_circle_obs0_000375'), ('/coc/flash7/paphiwetsa3/datasets/new_circle_3/episode_T_circle_obs0_000376.zarr', 'episode_T_circle_obs0_000376'), ('/coc/flash7/paphiwetsa3/datasets/new_circle_3/episode_T_circle_obs0_000377.zarr', 'episode_T_circle_obs0_000377'), ('/coc/flash7/paphiwetsa3/datasets/new_circle_3/episode_T_circle_obs0_000378.zarr', 'episode_T_circle_obs0_000378'), ('/coc/flash7/paphiwetsa3/datasets/new_circle_3/episode_T_circle_obs0_000379.zarr', 'episode_T_circle_obs0_000379'), ('/coc/flash7/paphiwetsa3/datasets/new_circle_3/episode_T_circle_obs0_000380.zarr', 'episode_T_circle_obs0_000380'), ('/coc/flash7/paphiwetsa3/datasets/new_circle_3/episode_T_circle_obs0_000381.zarr', 'episode_T_circle_obs0_000381'), ('/coc/flash7/paphiwetsa3/datasets/new_circle_3/episode_T_circle_obs0_000382.zarr', 'episode_T_circle_obs0_000382'), ('/coc/flash7/paphiwetsa3/datasets/new_circle_3/episode_T_circle_obs0_000383.zarr', 'episode_T_circle_obs0_000383'), ('/coc/flash7/paphiwetsa3/datasets/new_circle_3/episode_T_circle_obs0_000384.zarr', 'episode_T_circle_obs0_000384'), ('/coc/flash7/paphiwetsa3/datasets/new_circle_3/episode_T_circle_obs0_000385.zarr', 'episode_T_circle_obs0_000385'), ('/coc/flash7/paphiwetsa3/datasets/new_circle_3/episode_T_circle_obs0_000386.zarr', 'episode_T_circle_obs0_000386'), ('/coc/flash7/paphiwetsa3/datasets/new_circle_3/episode_T_circle_obs0_000387.zarr', 'episode_T_circle_obs0_000387'), ('/coc/flash7/paphiwetsa3/datasets/new_circle_3/episode_T_circle_obs0_000388.zarr', 'episode_T_circle_obs0_000388'), ('/coc/flash7/paphiwetsa3/datasets/new_circle_3/episode_T_circle_obs0_000389.zarr', 'episode_T_circle_obs0_000389'), ('/coc/flash7/paphiwetsa3/datasets/new_circle_3/episode_T_circle_obs0_000390.zarr', 'episode_T_circle_obs0_000390'), ('/coc/flash7/paphiwetsa3/datasets/new_circle_3/episode_T_circle_obs0_000391.zarr', 'episode_T_circle_obs0_000391'), ('/coc/flash7/paphiwetsa3/datasets/new_circle_3/episode_T_circle_obs0_000392.zarr', 'episode_T_circle_obs0_000392'), ('/coc/flash7/paphiwetsa3/datasets/new_circle_3/episode_T_circle_obs0_000393.zarr', 'episode_T_circle_obs0_000393'), ('/coc/flash7/paphiwetsa3/datasets/new_circle_3/episode_T_circle_obs0_000394.zarr', 'episode_T_circle_obs0_000394'), ('/coc/flash7/paphiwetsa3/datasets/new_circle_3/episode_T_circle_obs0_000395.zarr', 'episode_T_circle_obs0_000395'), ('/coc/flash7/paphiwetsa3/datasets/new_circle_3/episode_T_circle_obs0_000396.zarr', 'episode_T_circle_obs0_000396'), ('/coc/flash7/paphiwetsa3/datasets/new_circle_3/episode_T_circle_obs0_000397.zarr', 'episode_T_circle_obs0_000397'), ('/coc/flash7/paphiwetsa3/datasets/new_circle_3/episode_T_circle_obs0_000398.zarr', 'episode_T_circle_obs0_000398'), ('/coc/flash7/paphiwetsa3/datasets/new_circle_3/episode_T_circle_obs0_000399.zarr', 'episode_T_circle_obs0_000399'), ('/coc/flash7/paphiwetsa3/datasets/new_circle_3/episode_T_circle_obs0_000400.zarr', 'episode_T_circle_obs0_000400'), ('/coc/flash7/paphiwetsa3/datasets/new_circle_3/episode_T_circle_obs0_000401.zarr', 'episode_T_circle_obs0_000401'), ('/coc/flash7/paphiwetsa3/datasets/new_circle_3/episode_T_circle_obs0_000402.zarr', 'episode_T_circle_obs0_000402'), ('/coc/flash7/paphiwetsa3/datasets/new_circle_3/episode_T_circle_obs0_000403.zarr', 'episode_T_circle_obs0_000403'), ('/coc/flash7/paphiwetsa3/datasets/new_circle_3/episode_T_circle_obs0_000404.zarr', 'episode_T_circle_obs0_000404'), ('/coc/flash7/paphiwetsa3/datasets/new_circle_3/episode_T_circle_obs0_000405.zarr', 'episode_T_circle_obs0_000405'), ('/coc/flash7/paphiwetsa3/datasets/new_circle_3/episode_T_circle_obs0_000406.zarr', 'episode_T_circle_obs0_000406'), ('/coc/flash7/paphiwetsa3/datasets/new_circle_3/episode_T_circle_obs0_000407.zarr', 'episode_T_circle_obs0_000407'), ('/coc/flash7/paphiwetsa3/datasets/new_circle_3/episode_T_circle_obs0_000408.zarr', 'episode_T_circle_obs0_000408'), ('/coc/flash7/paphiwetsa3/datasets/new_circle_3/episode_T_circle_obs0_000409.zarr', 'episode_T_circle_obs0_000409'), ('/coc/flash7/paphiwetsa3/datasets/new_circle_3/episode_T_circle_obs0_000410.zarr', 'episode_T_circle_obs0_000410'), ('/coc/flash7/paphiwetsa3/datasets/new_circle_3/episode_T_circle_obs0_000411.zarr', 'episode_T_circle_obs0_000411'), ('/coc/flash7/paphiwetsa3/datasets/new_circle_3/episode_T_circle_obs0_000412.zarr', 'episode_T_circle_obs0_000412'), ('/coc/flash7/paphiwetsa3/datasets/new_circle_3/episode_T_circle_obs0_000413.zarr', 'episode_T_circle_obs0_000413'), ('/coc/flash7/paphiwetsa3/datasets/new_circle_3/episode_T_circle_obs0_000414.zarr', 'episode_T_circle_obs0_000414'), ('/coc/flash7/paphiwetsa3/datasets/new_circle_3/episode_T_circle_obs0_000415.zarr', 'episode_T_circle_obs0_000415'), ('/coc/flash7/paphiwetsa3/datasets/new_circle_3/episode_T_circle_obs0_000416.zarr', 'episode_T_circle_obs0_000416'), ('/coc/flash7/paphiwetsa3/datasets/new_circle_3/episode_T_circle_obs0_000417.zarr', 'episode_T_circle_obs0_000417'), ('/coc/flash7/paphiwetsa3/datasets/new_circle_3/episode_T_circle_obs0_000418.zarr', 'episode_T_circle_obs0_000418'), ('/coc/flash7/paphiwetsa3/datasets/new_circle_3/episode_T_circle_obs0_000419.zarr', 'episode_T_circle_obs0_000419'), ('/coc/flash7/paphiwetsa3/datasets/new_circle_3/episode_T_circle_obs0_000420.zarr', 'episode_T_circle_obs0_000420'), ('/coc/flash7/paphiwetsa3/datasets/new_circle_3/episode_T_circle_obs0_000421.zarr', 'episode_T_circle_obs0_000421'), ('/coc/flash7/paphiwetsa3/datasets/new_circle_3/episode_T_circle_obs0_000422.zarr', 'episode_T_circle_obs0_000422'), ('/coc/flash7/paphiwetsa3/datasets/new_circle_3/episode_T_circle_obs0_000423.zarr', 'episode_T_circle_obs0_000423'), ('/coc/flash7/paphiwetsa3/datasets/new_circle_3/episode_T_circle_obs0_000424.zarr', 'episode_T_circle_obs0_000424'), ('/coc/flash7/paphiwetsa3/datasets/new_circle_3/episode_T_circle_obs0_000425.zarr', 'episode_T_circle_obs0_000425'), ('/coc/flash7/paphiwetsa3/datasets/new_circle_3/episode_T_circle_obs0_000426.zarr', 'episode_T_circle_obs0_000426'), ('/coc/flash7/paphiwetsa3/datasets/new_circle_3/episode_T_circle_obs0_000427.zarr', 'episode_T_circle_obs0_000427'), ('/coc/flash7/paphiwetsa3/datasets/new_circle_3/episode_T_circle_obs0_000428.zarr', 'episode_T_circle_obs0_000428'), ('/coc/flash7/paphiwetsa3/datasets/new_circle_3/episode_T_circle_obs0_000429.zarr', 'episode_T_circle_obs0_000429'), ('/coc/flash7/paphiwetsa3/datasets/new_circle_3/episode_T_circle_obs0_000430.zarr', 'episode_T_circle_obs0_000430'), ('/coc/flash7/paphiwetsa3/datasets/new_circle_3/episode_T_circle_obs0_000431.zarr', 'episode_T_circle_obs0_000431'), ('/coc/flash7/paphiwetsa3/datasets/new_circle_3/episode_T_circle_obs0_000432.zarr', 'episode_T_circle_obs0_000432'), ('/coc/flash7/paphiwetsa3/datasets/new_circle_3/episode_T_circle_obs0_000433.zarr', 'episode_T_circle_obs0_000433'), ('/coc/flash7/paphiwetsa3/datasets/new_circle_3/episode_T_circle_obs0_000434.zarr', 'episode_T_circle_obs0_000434'), ('/coc/flash7/paphiwetsa3/datasets/new_circle_3/episode_T_circle_obs0_000435.zarr', 'episode_T_circle_obs0_000435'), ('/coc/flash7/paphiwetsa3/datasets/new_circle_3/episode_T_circle_obs0_000436.zarr', 'episode_T_circle_obs0_000436'), ('/coc/flash7/paphiwetsa3/datasets/new_circle_3/episode_T_circle_obs0_000437.zarr', 'episode_T_circle_obs0_000437'), ('/coc/flash7/paphiwetsa3/datasets/new_circle_3/episode_T_circle_obs0_000438.zarr', 'episode_T_circle_obs0_000438'), ('/coc/flash7/paphiwetsa3/datasets/new_circle_3/episode_T_circle_obs0_000439.zarr', 'episode_T_circle_obs0_000439'), ('/coc/flash7/paphiwetsa3/datasets/new_circle_3/episode_T_circle_obs0_000440.zarr', 'episode_T_circle_obs0_000440'), ('/coc/flash7/paphiwetsa3/datasets/new_circle_3/episode_T_circle_obs0_000441.zarr', 'episode_T_circle_obs0_000441'), ('/coc/flash7/paphiwetsa3/datasets/new_circle_3/episode_T_circle_obs0_000442.zarr', 'episode_T_circle_obs0_000442'), ('/coc/flash7/paphiwetsa3/datasets/new_circle_3/episode_T_circle_obs0_000443.zarr', 'episode_T_circle_obs0_000443'), ('/coc/flash7/paphiwetsa3/datasets/new_circle_3/episode_T_circle_obs0_000444.zarr', 'episode_T_circle_obs0_000444'), ('/coc/flash7/paphiwetsa3/datasets/new_circle_3/episode_T_circle_obs0_000445.zarr', 'episode_T_circle_obs0_000445'), ('/coc/flash7/paphiwetsa3/datasets/new_circle_3/episode_T_circle_obs0_000446.zarr', 'episode_T_circle_obs0_000446'), ('/coc/flash7/paphiwetsa3/datasets/new_circle_3/episode_T_circle_obs0_000447.zarr', 'episode_T_circle_obs0_000447'), ('/coc/flash7/paphiwetsa3/datasets/new_circle_3/episode_T_circle_obs0_000448.zarr', 'episode_T_circle_obs0_000448'), ('/coc/flash7/paphiwetsa3/datasets/new_circle_3/episode_T_circle_obs0_000449.zarr', 'episode_T_circle_obs0_000449'), ('/coc/flash7/paphiwetsa3/datasets/new_circle_3/episode_T_circle_obs0_000450.zarr', 'episode_T_circle_obs0_000450'), ('/coc/flash7/paphiwetsa3/datasets/new_circle_3/episode_T_circle_obs0_000451.zarr', 'episode_T_circle_obs0_000451'), ('/coc/flash7/paphiwetsa3/datasets/new_circle_3/episode_T_circle_obs0_000452.zarr', 'episode_T_circle_obs0_000452'), ('/coc/flash7/paphiwetsa3/datasets/new_circle_3/episode_T_circle_obs0_000453.zarr', 'episode_T_circle_obs0_000453'), ('/coc/flash7/paphiwetsa3/datasets/new_circle_3/episode_T_circle_obs0_000454.zarr', 'episode_T_circle_obs0_000454'), ('/coc/flash7/paphiwetsa3/datasets/new_circle_3/episode_T_circle_obs0_000455.zarr', 'episode_T_circle_obs0_000455'), ('/coc/flash7/paphiwetsa3/datasets/new_circle_3/episode_T_circle_obs0_000456.zarr', 'episode_T_circle_obs0_000456'), ('/coc/flash7/paphiwetsa3/datasets/new_circle_3/episode_T_circle_obs0_000457.zarr', 'episode_T_circle_obs0_000457'), ('/coc/flash7/paphiwetsa3/datasets/new_circle_3/episode_T_circle_obs0_000458.zarr', 'episode_T_circle_obs0_000458'), ('/coc/flash7/paphiwetsa3/datasets/new_circle_3/episode_T_circle_obs0_000459.zarr', 'episode_T_circle_obs0_000459'), ('/coc/flash7/paphiwetsa3/datasets/new_circle_3/episode_T_circle_obs0_000460.zarr', 'episode_T_circle_obs0_000460'), ('/coc/flash7/paphiwetsa3/datasets/new_circle_3/episode_T_circle_obs0_000461.zarr', 'episode_T_circle_obs0_000461'), ('/coc/flash7/paphiwetsa3/datasets/new_circle_3/episode_T_circle_obs0_000462.zarr', 'episode_T_circle_obs0_000462'), ('/coc/flash7/paphiwetsa3/datasets/new_circle_3/episode_T_circle_obs0_000463.zarr', 'episode_T_circle_obs0_000463'), ('/coc/flash7/paphiwetsa3/datasets/new_circle_3/episode_T_circle_obs0_000464.zarr', 'episode_T_circle_obs0_000464'), ('/coc/flash7/paphiwetsa3/datasets/new_circle_3/episode_T_circle_obs0_000465.zarr', 'episode_T_circle_obs0_000465'), ('/coc/flash7/paphiwetsa3/datasets/new_circle_3/episode_T_circle_obs0_000466.zarr', 'episode_T_circle_obs0_000466'), ('/coc/flash7/paphiwetsa3/datasets/new_circle_3/episode_T_circle_obs0_000467.zarr', 'episode_T_circle_obs0_000467'), ('/coc/flash7/paphiwetsa3/datasets/new_circle_3/episode_T_circle_obs0_000468.zarr', 'episode_T_circle_obs0_000468'), ('/coc/flash7/paphiwetsa3/datasets/new_circle_3/episode_T_circle_obs0_000469.zarr', 'episode_T_circle_obs0_000469'), ('/coc/flash7/paphiwetsa3/datasets/new_circle_3/episode_T_circle_obs0_000470.zarr', 'episode_T_circle_obs0_000470'), ('/coc/flash7/paphiwetsa3/datasets/new_circle_3/episode_T_circle_obs0_000471.zarr', 'episode_T_circle_obs0_000471'), ('/coc/flash7/paphiwetsa3/datasets/new_circle_3/episode_T_circle_obs0_000472.zarr', 'episode_T_circle_obs0_000472'), ('/coc/flash7/paphiwetsa3/datasets/new_circle_3/episode_T_circle_obs0_000473.zarr', 'episode_T_circle_obs0_000473'), ('/coc/flash7/paphiwetsa3/datasets/new_circle_3/episode_T_circle_obs0_000474.zarr', 'episode_T_circle_obs0_000474'), ('/coc/flash7/paphiwetsa3/datasets/new_circle_3/episode_T_circle_obs0_000475.zarr', 'episode_T_circle_obs0_000475'), ('/coc/flash7/paphiwetsa3/datasets/new_circle_3/episode_T_circle_obs0_000476.zarr', 'episode_T_circle_obs0_000476'), ('/coc/flash7/paphiwetsa3/datasets/new_circle_3/episode_T_circle_obs0_000477.zarr', 'episode_T_circle_obs0_000477'), ('/coc/flash7/paphiwetsa3/datasets/new_circle_3/episode_T_circle_obs0_000478.zarr', 'episode_T_circle_obs0_000478'), ('/coc/flash7/paphiwetsa3/datasets/new_circle_3/episode_T_circle_obs0_000479.zarr', 'episode_T_circle_obs0_000479'), ('/coc/flash7/paphiwetsa3/datasets/new_circle_3/episode_T_circle_obs0_000480.zarr', 'episode_T_circle_obs0_000480'), ('/coc/flash7/paphiwetsa3/datasets/new_circle_3/episode_T_circle_obs0_000481.zarr', 'episode_T_circle_obs0_000481'), ('/coc/flash7/paphiwetsa3/datasets/new_circle_3/episode_T_circle_obs0_000482.zarr', 'episode_T_circle_obs0_000482'), ('/coc/flash7/paphiwetsa3/datasets/new_circle_3/episode_T_circle_obs0_000483.zarr', 'episode_T_circle_obs0_000483'), ('/coc/flash7/paphiwetsa3/datasets/new_circle_3/episode_T_circle_obs0_000484.zarr', 'episode_T_circle_obs0_000484'), ('/coc/flash7/paphiwetsa3/datasets/new_circle_3/episode_T_circle_obs0_000485.zarr', 'episode_T_circle_obs0_000485'), ('/coc/flash7/paphiwetsa3/datasets/new_circle_3/episode_T_circle_obs0_000487.zarr', 'episode_T_circle_obs0_000487'), ('/coc/flash7/paphiwetsa3/datasets/new_circle_3/episode_T_circle_obs0_000488.zarr', 'episode_T_circle_obs0_000488'), ('/coc/flash7/paphiwetsa3/datasets/new_circle_3/episode_T_circle_obs0_000489.zarr', 'episode_T_circle_obs0_000489'), ('/coc/flash7/paphiwetsa3/datasets/new_circle_3/episode_T_circle_obs0_000490.zarr', 'episode_T_circle_obs0_000490'), ('/coc/flash7/paphiwetsa3/datasets/new_circle_3/episode_T_circle_obs0_000491.zarr', 'episode_T_circle_obs0_000491'), ('/coc/flash7/paphiwetsa3/datasets/new_circle_3/episode_T_circle_obs0_000492.zarr', 'episode_T_circle_obs0_000492'), ('/coc/flash7/paphiwetsa3/datasets/new_circle_3/episode_T_circle_obs0_000493.zarr', 'episode_T_circle_obs0_000493'), ('/coc/flash7/paphiwetsa3/datasets/new_circle_3/episode_T_circle_obs0_000494.zarr', 'episode_T_circle_obs0_000494'), ('/coc/flash7/paphiwetsa3/datasets/new_circle_3/episode_T_circle_obs0_000495.zarr', 'episode_T_circle_obs0_000495'), ('/coc/flash7/paphiwetsa3/datasets/new_circle_3/episode_T_circle_obs0_000496.zarr', 'episode_T_circle_obs0_000496'), ('/coc/flash7/paphiwetsa3/datasets/new_circle_3/episode_T_circle_obs0_000497.zarr', 'episode_T_circle_obs0_000497'), ('/coc/flash7/paphiwetsa3/datasets/new_circle_3/episode_T_circle_obs0_000498.zarr', 'episode_T_circle_obs0_000498'), ('/coc/flash7/paphiwetsa3/datasets/new_circle_3/episode_T_circle_obs0_000499.zarr', 'episode_T_circle_obs0_000499'), ('/coc/flash7/paphiwetsa3/datasets/new_circle_3/episode_T_circle_obs0_000500.zarr', 'episode_T_circle_obs0_000500'), ('/coc/flash7/paphiwetsa3/datasets/new_circle_3/episode_T_circle_obs0_000501.zarr', 'episode_T_circle_obs0_000501'), ('/coc/flash7/paphiwetsa3/datasets/new_circle_3/episode_T_circle_obs0_000502.zarr', 'episode_T_circle_obs0_000502'), ('/coc/flash7/paphiwetsa3/datasets/new_circle_3/episode_T_circle_obs0_000503.zarr', 'episode_T_circle_obs0_000503'), ('/coc/flash7/paphiwetsa3/datasets/new_circle_3/episode_T_circle_obs0_000504.zarr', 'episode_T_circle_obs0_000504'), ('/coc/flash7/paphiwetsa3/datasets/new_circle_3/episode_T_circle_obs0_000505.zarr', 'episode_T_circle_obs0_000505'), ('/coc/flash7/paphiwetsa3/datasets/new_circle_3/episode_T_circle_obs0_000506.zarr', 'episode_T_circle_obs0_000506'), ('/coc/flash7/paphiwetsa3/datasets/new_circle_3/episode_T_circle_obs0_000507.zarr', 'episode_T_circle_obs0_000507'), ('/coc/flash7/paphiwetsa3/datasets/new_circle_3/episode_T_circle_obs0_000508.zarr', 'episode_T_circle_obs0_000508'), ('/coc/flash7/paphiwetsa3/datasets/new_circle_3/episode_T_circle_obs0_000509.zarr', 'episode_T_circle_obs0_000509'), ('/coc/flash7/paphiwetsa3/datasets/new_circle_3/episode_T_circle_obs0_000510.zarr', 'episode_T_circle_obs0_000510'), ('/coc/flash7/paphiwetsa3/datasets/new_circle_3/episode_T_circle_obs0_000511.zarr', 'episode_T_circle_obs0_000511'), ('/coc/flash7/paphiwetsa3/datasets/new_circle_3/episode_T_circle_obs0_000512.zarr', 'episode_T_circle_obs0_000512'), ('/coc/flash7/paphiwetsa3/datasets/new_circle_3/episode_T_circle_obs0_000513.zarr', 'episode_T_circle_obs0_000513'), ('/coc/flash7/paphiwetsa3/datasets/new_circle_3/episode_T_circle_obs0_000514.zarr', 'episode_T_circle_obs0_000514'), ('/coc/flash7/paphiwetsa3/datasets/new_circle_3/episode_T_circle_obs0_000515.zarr', 'episode_T_circle_obs0_000515'), ('/coc/flash7/paphiwetsa3/datasets/new_circle_3/episode_T_circle_obs0_000516.zarr', 'episode_T_circle_obs0_000516'), ('/coc/flash7/paphiwetsa3/datasets/new_circle_3/episode_T_circle_obs0_000517.zarr', 'episode_T_circle_obs0_000517'), ('/coc/flash7/paphiwetsa3/datasets/new_circle_3/episode_T_circle_obs0_000518.zarr', 'episode_T_circle_obs0_000518'), ('/coc/flash7/paphiwetsa3/datasets/new_circle_3/episode_T_circle_obs0_000519.zarr', 'episode_T_circle_obs0_000519'), ('/coc/flash7/paphiwetsa3/datasets/new_circle_3/episode_T_circle_obs0_000520.zarr', 'episode_T_circle_obs0_000520'), ('/coc/flash7/paphiwetsa3/datasets/new_circle_3/episode_T_circle_obs0_000521.zarr', 'episode_T_circle_obs0_000521'), ('/coc/flash7/paphiwetsa3/datasets/new_circle_3/episode_T_circle_obs0_000522.zarr', 'episode_T_circle_obs0_000522'), ('/coc/flash7/paphiwetsa3/datasets/new_circle_3/episode_T_circle_obs0_000523.zarr', 'episode_T_circle_obs0_000523'), ('/coc/flash7/paphiwetsa3/datasets/new_circle_3/episode_T_circle_obs0_000524.zarr', 'episode_T_circle_obs0_000524'), ('/coc/flash7/paphiwetsa3/datasets/new_circle_3/episode_T_circle_obs0_000525.zarr', 'episode_T_circle_obs0_000525'), ('/coc/flash7/paphiwetsa3/datasets/new_circle_3/episode_T_circle_obs0_000526.zarr', 'episode_T_circle_obs0_000526'), ('/coc/flash7/paphiwetsa3/datasets/new_circle_3/episode_T_circle_obs0_000527.zarr', 'episode_T_circle_obs0_000527'), ('/coc/flash7/paphiwetsa3/datasets/new_circle_3/episode_T_circle_obs0_000528.zarr', 'episode_T_circle_obs0_000528'), ('/coc/flash7/paphiwetsa3/datasets/new_circle_3/episode_T_circle_obs0_000529.zarr', 'episode_T_circle_obs0_000529'), ('/coc/flash7/paphiwetsa3/datasets/new_circle_3/episode_T_circle_obs0_000530.zarr', 'episode_T_circle_obs0_000530'), ('/coc/flash7/paphiwetsa3/datasets/new_circle_3/episode_T_circle_obs0_000531.zarr', 'episode_T_circle_obs0_000531'), ('/coc/flash7/paphiwetsa3/datasets/new_circle_3/episode_T_circle_obs0_000532.zarr', 'episode_T_circle_obs0_000532'), ('/coc/flash7/paphiwetsa3/datasets/new_circle_3/episode_T_circle_obs0_000533.zarr', 'episode_T_circle_obs0_000533'), ('/coc/flash7/paphiwetsa3/datasets/new_circle_3/episode_T_circle_obs0_000534.zarr', 'episode_T_circle_obs0_000534'), ('/coc/flash7/paphiwetsa3/datasets/new_circle_3/episode_T_circle_obs0_000535.zarr', 'episode_T_circle_obs0_000535'), ('/coc/flash7/paphiwetsa3/datasets/new_circle_3/episode_T_circle_obs0_000536.zarr', 'episode_T_circle_obs0_000536'), ('/coc/flash7/paphiwetsa3/datasets/new_circle_3/episode_T_circle_obs0_000537.zarr', 'episode_T_circle_obs0_000537'), ('/coc/flash7/paphiwetsa3/datasets/new_circle_3/episode_T_circle_obs0_000538.zarr', 'episode_T_circle_obs0_000538'), ('/coc/flash7/paphiwetsa3/datasets/new_circle_3/episode_T_circle_obs0_000539.zarr', 'episode_T_circle_obs0_000539'), ('/coc/flash7/paphiwetsa3/datasets/new_circle_3/episode_T_circle_obs0_000540.zarr', 'episode_T_circle_obs0_000540'), ('/coc/flash7/paphiwetsa3/datasets/new_circle_3/episode_T_circle_obs0_000541.zarr', 'episode_T_circle_obs0_000541'), ('/coc/flash7/paphiwetsa3/datasets/new_circle_3/episode_T_circle_obs0_000542.zarr', 'episode_T_circle_obs0_000542'), ('/coc/flash7/paphiwetsa3/datasets/new_circle_3/episode_T_circle_obs0_000543.zarr', 'episode_T_circle_obs0_000543'), ('/coc/flash7/paphiwetsa3/datasets/new_circle_3/episode_T_circle_obs0_000544.zarr', 'episode_T_circle_obs0_000544'), ('/coc/flash7/paphiwetsa3/datasets/new_circle_3/episode_T_circle_obs0_000545.zarr', 'episode_T_circle_obs0_000545'), ('/coc/flash7/paphiwetsa3/datasets/new_circle_3/episode_T_circle_obs0_000546.zarr', 'episode_T_circle_obs0_000546'), ('/coc/flash7/paphiwetsa3/datasets/new_circle_3/episode_T_circle_obs0_000547.zarr', 'episode_T_circle_obs0_000547'), ('/coc/flash7/paphiwetsa3/datasets/new_circle_3/episode_T_circle_obs0_000548.zarr', 'episode_T_circle_obs0_000548'), ('/coc/flash7/paphiwetsa3/datasets/new_circle_3/episode_T_circle_obs0_000549.zarr', 'episode_T_circle_obs0_000549'), ('/coc/flash7/paphiwetsa3/datasets/new_circle_3/episode_T_circle_obs0_000550.zarr', 'episode_T_circle_obs0_000550'), ('/coc/flash7/paphiwetsa3/datasets/new_circle_3/episode_T_circle_obs0_000551.zarr', 'episode_T_circle_obs0_000551'), ('/coc/flash7/paphiwetsa3/datasets/new_circle_3/episode_T_circle_obs0_000552.zarr', 'episode_T_circle_obs0_000552'), ('/coc/flash7/paphiwetsa3/datasets/new_circle_3/episode_T_circle_obs0_000553.zarr', 'episode_T_circle_obs0_000553'), ('/coc/flash7/paphiwetsa3/datasets/new_circle_3/episode_T_circle_obs0_000554.zarr', 'episode_T_circle_obs0_000554'), ('/coc/flash7/paphiwetsa3/datasets/new_circle_3/episode_T_circle_obs0_000555.zarr', 'episode_T_circle_obs0_000555'), ('/coc/flash7/paphiwetsa3/datasets/new_circle_3/episode_T_circle_obs0_000556.zarr', 'episode_T_circle_obs0_000556'), ('/coc/flash7/paphiwetsa3/datasets/new_circle_3/episode_T_circle_obs0_000557.zarr', 'episode_T_circle_obs0_000557'), ('/coc/flash7/paphiwetsa3/datasets/new_circle_3/episode_T_circle_obs0_000558.zarr', 'episode_T_circle_obs0_000558'), ('/coc/flash7/paphiwetsa3/datasets/new_circle_3/episode_T_circle_obs0_000559.zarr', 'episode_T_circle_obs0_000559'), ('/coc/flash7/paphiwetsa3/datasets/new_circle_3/episode_T_circle_obs0_000560.zarr', 'episode_T_circle_obs0_000560'), ('/coc/flash7/paphiwetsa3/datasets/new_circle_3/episode_T_circle_obs0_000561.zarr', 'episode_T_circle_obs0_000561'), ('/coc/flash7/paphiwetsa3/datasets/new_circle_3/episode_T_circle_obs0_000562.zarr', 'episode_T_circle_obs0_000562'), ('/coc/flash7/paphiwetsa3/datasets/new_circle_3/episode_T_circle_obs0_000563.zarr', 'episode_T_circle_obs0_000563'), ('/coc/flash7/paphiwetsa3/datasets/new_circle_3/episode_T_circle_obs0_000564.zarr', 'episode_T_circle_obs0_000564'), ('/coc/flash7/paphiwetsa3/datasets/new_circle_3/episode_T_circle_obs0_000565.zarr', 'episode_T_circle_obs0_000565'), ('/coc/flash7/paphiwetsa3/datasets/new_circle_3/episode_T_circle_obs0_000566.zarr', 'episode_T_circle_obs0_000566'), ('/coc/flash7/paphiwetsa3/datasets/new_circle_3/episode_T_circle_obs0_000567.zarr', 'episode_T_circle_obs0_000567'), ('/coc/flash7/paphiwetsa3/datasets/new_circle_3/episode_T_circle_obs0_000568.zarr', 'episode_T_circle_obs0_000568'), ('/coc/flash7/paphiwetsa3/datasets/new_circle_3/episode_T_circle_obs0_000569.zarr', 'episode_T_circle_obs0_000569'), ('/coc/flash7/paphiwetsa3/datasets/new_circle_3/episode_T_circle_obs0_000570.zarr', 'episode_T_circle_obs0_000570'), ('/coc/flash7/paphiwetsa3/datasets/new_circle_3/episode_T_circle_obs0_000571.zarr', 'episode_T_circle_obs0_000571'), ('/coc/flash7/paphiwetsa3/datasets/new_circle_3/episode_T_circle_obs0_000572.zarr', 'episode_T_circle_obs0_000572'), ('/coc/flash7/paphiwetsa3/datasets/new_circle_3/episode_T_circle_obs0_000573.zarr', 'episode_T_circle_obs0_000573'), ('/coc/flash7/paphiwetsa3/datasets/new_circle_3/episode_T_circle_obs0_000574.zarr', 'episode_T_circle_obs0_000574'), ('/coc/flash7/paphiwetsa3/datasets/new_circle_3/episode_T_circle_obs0_000575.zarr', 'episode_T_circle_obs0_000575'), ('/coc/flash7/paphiwetsa3/datasets/new_circle_3/episode_T_circle_obs0_000576.zarr', 'episode_T_circle_obs0_000576'), ('/coc/flash7/paphiwetsa3/datasets/new_circle_3/episode_T_circle_obs0_000577.zarr', 'episode_T_circle_obs0_000577'), ('/coc/flash7/paphiwetsa3/datasets/new_circle_3/episode_T_circle_obs0_000578.zarr', 'episode_T_circle_obs0_000578'), ('/coc/flash7/paphiwetsa3/datasets/new_circle_3/episode_T_circle_obs0_000579.zarr', 'episode_T_circle_obs0_000579'), ('/coc/flash7/paphiwetsa3/datasets/new_circle_3/episode_T_circle_obs0_000580.zarr', 'episode_T_circle_obs0_000580'), ('/coc/flash7/paphiwetsa3/datasets/new_circle_3/episode_T_circle_obs0_000581.zarr', 'episode_T_circle_obs0_000581'), ('/coc/flash7/paphiwetsa3/datasets/new_circle_3/episode_T_circle_obs0_000582.zarr', 'episode_T_circle_obs0_000582'), ('/coc/flash7/paphiwetsa3/datasets/new_circle_3/episode_T_circle_obs0_000583.zarr', 'episode_T_circle_obs0_000583'), ('/coc/flash7/paphiwetsa3/datasets/new_circle_3/episode_T_circle_obs0_000584.zarr', 'episode_T_circle_obs0_000584'), ('/coc/flash7/paphiwetsa3/datasets/new_circle_3/episode_T_circle_obs0_000585.zarr', 'episode_T_circle_obs0_000585'), ('/coc/flash7/paphiwetsa3/datasets/new_circle_3/episode_T_circle_obs0_000586.zarr', 'episode_T_circle_obs0_000586'), ('/coc/flash7/paphiwetsa3/datasets/new_circle_3/episode_T_circle_obs0_000587.zarr', 'episode_T_circle_obs0_000587'), ('/coc/flash7/paphiwetsa3/datasets/new_circle_3/episode_T_circle_obs0_000588.zarr', 'episode_T_circle_obs0_000588'), ('/coc/flash7/paphiwetsa3/datasets/new_circle_3/episode_T_circle_obs0_000589.zarr', 'episode_T_circle_obs0_000589'), ('/coc/flash7/paphiwetsa3/datasets/new_circle_3/episode_T_circle_obs0_000590.zarr', 'episode_T_circle_obs0_000590'), ('/coc/flash7/paphiwetsa3/datasets/new_circle_3/episode_T_circle_obs0_000591.zarr', 'episode_T_circle_obs0_000591'), ('/coc/flash7/paphiwetsa3/datasets/new_circle_3/episode_T_circle_obs0_000592.zarr', 'episode_T_circle_obs0_000592'), ('/coc/flash7/paphiwetsa3/datasets/new_circle_3/episode_T_circle_obs0_000593.zarr', 'episode_T_circle_obs0_000593'), ('/coc/flash7/paphiwetsa3/datasets/new_circle_3/episode_T_circle_obs0_000594.zarr', 'episode_T_circle_obs0_000594'), ('/coc/flash7/paphiwetsa3/datasets/new_circle_3/episode_T_circle_obs0_000595.zarr', 'episode_T_circle_obs0_000595'), ('/coc/flash7/paphiwetsa3/datasets/new_circle_3/episode_T_circle_obs0_000596.zarr', 'episode_T_circle_obs0_000596'), ('/coc/flash7/paphiwetsa3/datasets/new_circle_3/episode_T_circle_obs0_000597.zarr', 'episode_T_circle_obs0_000597'), ('/coc/flash7/paphiwetsa3/datasets/new_circle_3/episode_T_circle_obs0_000598.zarr', 'episode_T_circle_obs0_000598'), ('/coc/flash7/paphiwetsa3/datasets/new_circle_3/episode_T_circle_obs0_000599.zarr', 'episode_T_circle_obs0_000599'), ('/coc/flash7/paphiwetsa3/datasets/new_circle_3/episode_T_circle_obs0_000600.zarr', 'episode_T_circle_obs0_000600'), ('/coc/flash7/paphiwetsa3/datasets/new_circle_3/episode_T_circle_obs0_000601.zarr', 'episode_T_circle_obs0_000601'), ('/coc/flash7/paphiwetsa3/datasets/new_circle_3/episode_T_circle_obs0_000602.zarr', 'episode_T_circle_obs0_000602'), ('/coc/flash7/paphiwetsa3/datasets/new_circle_3/episode_T_circle_obs0_000603.zarr', 'episode_T_circle_obs0_000603'), ('/coc/flash7/paphiwetsa3/datasets/new_circle_3/episode_T_circle_obs0_000604.zarr', 'episode_T_circle_obs0_000604'), ('/coc/flash7/paphiwetsa3/datasets/new_circle_3/episode_T_circle_obs0_000605.zarr', 'episode_T_circle_obs0_000605'), ('/coc/flash7/paphiwetsa3/datasets/new_circle_3/episode_T_circle_obs0_000606.zarr', 'episode_T_circle_obs0_000606'), ('/coc/flash7/paphiwetsa3/datasets/new_circle_3/episode_T_circle_obs0_000607.zarr', 'episode_T_circle_obs0_000607'), ('/coc/flash7/paphiwetsa3/datasets/new_circle_3/episode_T_circle_obs0_000608.zarr', 'episode_T_circle_obs0_000608'), ('/coc/flash7/paphiwetsa3/datasets/new_circle_3/episode_T_circle_obs0_000609.zarr', 'episode_T_circle_obs0_000609'), ('/coc/flash7/paphiwetsa3/datasets/new_circle_3/episode_T_circle_obs0_000610.zarr', 'episode_T_circle_obs0_000610'), ('/coc/flash7/paphiwetsa3/datasets/new_circle_3/episode_T_circle_obs0_000611.zarr', 'episode_T_circle_obs0_000611'), ('/coc/flash7/paphiwetsa3/datasets/new_circle_3/episode_T_circle_obs0_000612.zarr', 'episode_T_circle_obs0_000612'), ('/coc/flash7/paphiwetsa3/datasets/new_circle_3/episode_T_circle_obs0_000613.zarr', 'episode_T_circle_obs0_000613'), ('/coc/flash7/paphiwetsa3/datasets/new_circle_3/episode_T_circle_obs0_000614.zarr', 'episode_T_circle_obs0_000614'), ('/coc/flash7/paphiwetsa3/datasets/new_circle_3/episode_T_circle_obs0_000615.zarr', 'episode_T_circle_obs0_000615'), ('/coc/flash7/paphiwetsa3/datasets/new_circle_3/episode_T_circle_obs0_000616.zarr', 'episode_T_circle_obs0_000616'), ('/coc/flash7/paphiwetsa3/datasets/new_circle_3/episode_T_circle_obs0_000617.zarr', 'episode_T_circle_obs0_000617'), ('/coc/flash7/paphiwetsa3/datasets/new_circle_3/episode_T_circle_obs0_000618.zarr', 'episode_T_circle_obs0_000618'), ('/coc/flash7/paphiwetsa3/datasets/new_circle_3/episode_T_circle_obs0_000619.zarr', 'episode_T_circle_obs0_000619'), ('/coc/flash7/paphiwetsa3/datasets/new_circle_3/episode_T_circle_obs0_000620.zarr', 'episode_T_circle_obs0_000620'), ('/coc/flash7/paphiwetsa3/datasets/new_circle_3/episode_T_circle_obs0_000621.zarr', 'episode_T_circle_obs0_000621'), ('/coc/flash7/paphiwetsa3/datasets/new_circle_3/episode_T_circle_obs0_000622.zarr', 'episode_T_circle_obs0_000622'), ('/coc/flash7/paphiwetsa3/datasets/new_circle_3/episode_T_circle_obs0_000623.zarr', 'episode_T_circle_obs0_000623'), ('/coc/flash7/paphiwetsa3/datasets/new_circle_3/episode_T_circle_obs0_000624.zarr', 'episode_T_circle_obs0_000624'), ('/coc/flash7/paphiwetsa3/datasets/new_circle_3/episode_T_circle_obs0_000625.zarr', 'episode_T_circle_obs0_000625'), ('/coc/flash7/paphiwetsa3/datasets/new_circle_3/episode_T_circle_obs0_000626.zarr', 'episode_T_circle_obs0_000626'), ('/coc/flash7/paphiwetsa3/datasets/new_circle_3/episode_T_circle_obs0_000627.zarr', 'episode_T_circle_obs0_000627'), ('/coc/flash7/paphiwetsa3/datasets/new_circle_3/episode_T_circle_obs0_000628.zarr', 'episode_T_circle_obs0_000628'), ('/coc/flash7/paphiwetsa3/datasets/new_circle_3/episode_T_circle_obs0_000629.zarr', 'episode_T_circle_obs0_000629'), ('/coc/flash7/paphiwetsa3/datasets/new_circle_3/episode_T_circle_obs0_000630.zarr', 'episode_T_circle_obs0_000630'), ('/coc/flash7/paphiwetsa3/datasets/new_circle_3/episode_T_circle_obs0_000631.zarr', 'episode_T_circle_obs0_000631'), ('/coc/flash7/paphiwetsa3/datasets/new_circle_3/episode_T_circle_obs0_000632.zarr', 'episode_T_circle_obs0_000632'), ('/coc/flash7/paphiwetsa3/datasets/new_circle_3/episode_T_circle_obs0_000633.zarr', 'episode_T_circle_obs0_000633'), ('/coc/flash7/paphiwetsa3/datasets/new_circle_3/episode_T_circle_obs0_000634.zarr', 'episode_T_circle_obs0_000634'), ('/coc/flash7/paphiwetsa3/datasets/new_circle_3/episode_T_circle_obs0_000636.zarr', 'episode_T_circle_obs0_000636'), ('/coc/flash7/paphiwetsa3/datasets/new_circle_3/episode_T_circle_obs0_000637.zarr', 'episode_T_circle_obs0_000637'), ('/coc/flash7/paphiwetsa3/datasets/new_circle_3/episode_T_circle_obs0_000638.zarr', 'episode_T_circle_obs0_000638'), ('/coc/flash7/paphiwetsa3/datasets/new_circle_3/episode_T_circle_obs0_000639.zarr', 'episode_T_circle_obs0_000639'), ('/coc/flash7/paphiwetsa3/datasets/new_circle_3/episode_T_circle_obs0_000640.zarr', 'episode_T_circle_obs0_000640'), ('/coc/flash7/paphiwetsa3/datasets/new_circle_3/episode_T_circle_obs0_000641.zarr', 'episode_T_circle_obs0_000641'), ('/coc/flash7/paphiwetsa3/datasets/new_circle_3/episode_T_circle_obs0_000642.zarr', 'episode_T_circle_obs0_000642'), ('/coc/flash7/paphiwetsa3/datasets/new_circle_3/episode_T_circle_obs0_000643.zarr', 'episode_T_circle_obs0_000643'), ('/coc/flash7/paphiwetsa3/datasets/new_circle_3/episode_T_circle_obs0_000644.zarr', 'episode_T_circle_obs0_000644'), ('/coc/flash7/paphiwetsa3/datasets/new_circle_3/episode_T_circle_obs0_000645.zarr', 'episode_T_circle_obs0_000645'), ('/coc/flash7/paphiwetsa3/datasets/new_circle_3/episode_T_circle_obs0_000646.zarr', 'episode_T_circle_obs0_000646'), ('/coc/flash7/paphiwetsa3/datasets/new_circle_3/episode_T_circle_obs0_000647.zarr', 'episode_T_circle_obs0_000647'), ('/coc/flash7/paphiwetsa3/datasets/new_circle_3/episode_T_circle_obs0_000648.zarr', 'episode_T_circle_obs0_000648'), ('/coc/flash7/paphiwetsa3/datasets/new_circle_3/episode_T_circle_obs0_000649.zarr', 'episode_T_circle_obs0_000649'), ('/coc/flash7/paphiwetsa3/datasets/new_circle_3/episode_T_circle_obs0_000650.zarr', 'episode_T_circle_obs0_000650'), ('/coc/flash7/paphiwetsa3/datasets/new_circle_3/episode_T_circle_obs0_000651.zarr', 'episode_T_circle_obs0_000651'), ('/coc/flash7/paphiwetsa3/datasets/new_circle_3/episode_T_circle_obs0_000652.zarr', 'episode_T_circle_obs0_000652'), ('/coc/flash7/paphiwetsa3/datasets/new_circle_3/episode_T_circle_obs0_000653.zarr', 'episode_T_circle_obs0_000653'), ('/coc/flash7/paphiwetsa3/datasets/new_circle_3/episode_T_circle_obs0_000654.zarr', 'episode_T_circle_obs0_000654'), ('/coc/flash7/paphiwetsa3/datasets/new_circle_3/episode_T_circle_obs0_000655.zarr', 'episode_T_circle_obs0_000655'), ('/coc/flash7/paphiwetsa3/datasets/new_circle_3/episode_T_circle_obs0_000656.zarr', 'episode_T_circle_obs0_000656'), ('/coc/flash7/paphiwetsa3/datasets/new_circle_3/episode_T_circle_obs0_000657.zarr', 'episode_T_circle_obs0_000657'), ('/coc/flash7/paphiwetsa3/datasets/new_circle_3/episode_T_circle_obs0_000658.zarr', 'episode_T_circle_obs0_000658'), ('/coc/flash7/paphiwetsa3/datasets/new_circle_3/episode_T_circle_obs0_000659.zarr', 'episode_T_circle_obs0_000659'), ('/coc/flash7/paphiwetsa3/datasets/new_circle_3/episode_T_circle_obs0_000660.zarr', 'episode_T_circle_obs0_000660'), ('/coc/flash7/paphiwetsa3/datasets/new_circle_3/episode_T_circle_obs0_000661.zarr', 'episode_T_circle_obs0_000661'), ('/coc/flash7/paphiwetsa3/datasets/new_circle_3/episode_T_circle_obs0_000662.zarr', 'episode_T_circle_obs0_000662'), ('/coc/flash7/paphiwetsa3/datasets/new_circle_3/episode_T_circle_obs0_000663.zarr', 'episode_T_circle_obs0_000663'), ('/coc/flash7/paphiwetsa3/datasets/new_circle_3/episode_T_circle_obs0_000664.zarr', 'episode_T_circle_obs0_000664'), ('/coc/flash7/paphiwetsa3/datasets/new_circle_3/episode_T_circle_obs0_000665.zarr', 'episode_T_circle_obs0_000665'), ('/coc/flash7/paphiwetsa3/datasets/new_circle_3/episode_T_circle_obs0_000666.zarr', 'episode_T_circle_obs0_000666'), ('/coc/flash7/paphiwetsa3/datasets/new_circle_3/episode_T_circle_obs0_000667.zarr', 'episode_T_circle_obs0_000667'), ('/coc/flash7/paphiwetsa3/datasets/new_circle_3/episode_T_circle_obs0_000668.zarr', 'episode_T_circle_obs0_000668'), ('/coc/flash7/paphiwetsa3/datasets/new_circle_3/episode_T_circle_obs0_000669.zarr', 'episode_T_circle_obs0_000669'), ('/coc/flash7/paphiwetsa3/datasets/new_circle_3/episode_T_circle_obs0_000670.zarr', 'episode_T_circle_obs0_000670'), ('/coc/flash7/paphiwetsa3/datasets/new_circle_3/episode_T_circle_obs0_000671.zarr', 'episode_T_circle_obs0_000671'), ('/coc/flash7/paphiwetsa3/datasets/new_circle_3/episode_T_circle_obs0_000672.zarr', 'episode_T_circle_obs0_000672'), ('/coc/flash7/paphiwetsa3/datasets/new_circle_3/episode_T_circle_obs0_000673.zarr', 'episode_T_circle_obs0_000673'), ('/coc/flash7/paphiwetsa3/datasets/new_circle_3/episode_T_circle_obs0_000674.zarr', 'episode_T_circle_obs0_000674'), ('/coc/flash7/paphiwetsa3/datasets/new_circle_3/episode_T_circle_obs0_000675.zarr', 'episode_T_circle_obs0_000675'), ('/coc/flash7/paphiwetsa3/datasets/new_circle_3/episode_T_circle_obs0_000676.zarr', 'episode_T_circle_obs0_000676'), ('/coc/flash7/paphiwetsa3/datasets/new_circle_3/episode_T_circle_obs0_000677.zarr', 'episode_T_circle_obs0_000677'), ('/coc/flash7/paphiwetsa3/datasets/new_circle_3/episode_T_circle_obs0_000678.zarr', 'episode_T_circle_obs0_000678'), ('/coc/flash7/paphiwetsa3/datasets/new_circle_3/episode_T_circle_obs0_000679.zarr', 'episode_T_circle_obs0_000679'), ('/coc/flash7/paphiwetsa3/datasets/new_circle_3/episode_T_circle_obs0_000680.zarr', 'episode_T_circle_obs0_000680'), ('/coc/flash7/paphiwetsa3/datasets/new_circle_3/episode_T_circle_obs0_000681.zarr', 'episode_T_circle_obs0_000681'), ('/coc/flash7/paphiwetsa3/datasets/new_circle_3/episode_T_circle_obs0_000682.zarr', 'episode_T_circle_obs0_000682'), ('/coc/flash7/paphiwetsa3/datasets/new_circle_3/episode_T_circle_obs0_000683.zarr', 'episode_T_circle_obs0_000683'), ('/coc/flash7/paphiwetsa3/datasets/new_circle_3/episode_T_circle_obs0_000684.zarr', 'episode_T_circle_obs0_000684'), ('/coc/flash7/paphiwetsa3/datasets/new_circle_3/episode_T_circle_obs0_000685.zarr', 'episode_T_circle_obs0_000685'), ('/coc/flash7/paphiwetsa3/datasets/new_circle_3/episode_T_circle_obs0_000686.zarr', 'episode_T_circle_obs0_000686'), ('/coc/flash7/paphiwetsa3/datasets/new_circle_3/episode_T_circle_obs0_000687.zarr', 'episode_T_circle_obs0_000687'), ('/coc/flash7/paphiwetsa3/datasets/new_circle_3/episode_T_circle_obs0_000688.zarr', 'episode_T_circle_obs0_000688'), ('/coc/flash7/paphiwetsa3/datasets/new_circle_3/episode_T_circle_obs0_000689.zarr', 'episode_T_circle_obs0_000689'), ('/coc/flash7/paphiwetsa3/datasets/new_circle_3/episode_T_circle_obs0_000690.zarr', 'episode_T_circle_obs0_000690'), ('/coc/flash7/paphiwetsa3/datasets/new_circle_3/episode_T_circle_obs0_000691.zarr', 'episode_T_circle_obs0_000691'), ('/coc/flash7/paphiwetsa3/datasets/new_circle_3/episode_T_circle_obs0_000692.zarr', 'episode_T_circle_obs0_000692'), ('/coc/flash7/paphiwetsa3/datasets/new_circle_3/episode_T_circle_obs0_000693.zarr', 'episode_T_circle_obs0_000693'), ('/coc/flash7/paphiwetsa3/datasets/new_circle_3/episode_T_circle_obs0_000694.zarr', 'episode_T_circle_obs0_000694'), ('/coc/flash7/paphiwetsa3/datasets/new_circle_3/episode_T_circle_obs0_000695.zarr', 'episode_T_circle_obs0_000695'), ('/coc/flash7/paphiwetsa3/datasets/new_circle_3/episode_T_circle_obs0_000696.zarr', 'episode_T_circle_obs0_000696'), ('/coc/flash7/paphiwetsa3/datasets/new_circle_3/episode_T_circle_obs0_000697.zarr', 'episode_T_circle_obs0_000697'), ('/coc/flash7/paphiwetsa3/datasets/new_circle_3/episode_T_circle_obs0_000698.zarr', 'episode_T_circle_obs0_000698'), ('/coc/flash7/paphiwetsa3/datasets/new_circle_3/episode_T_circle_obs0_000699.zarr', 'episode_T_circle_obs0_000699'), ('/coc/flash7/paphiwetsa3/datasets/new_circle_3/episode_T_circle_obs0_000700.zarr', 'episode_T_circle_obs0_000700'), ('/coc/flash7/paphiwetsa3/datasets/new_circle_3/episode_T_circle_obs0_000701.zarr', 'episode_T_circle_obs0_000701'), ('/coc/flash7/paphiwetsa3/datasets/new_circle_3/episode_T_circle_obs0_000702.zarr', 'episode_T_circle_obs0_000702'), ('/coc/flash7/paphiwetsa3/datasets/new_circle_3/episode_T_circle_obs0_000703.zarr', 'episode_T_circle_obs0_000703'), ('/coc/flash7/paphiwetsa3/datasets/new_circle_3/episode_T_circle_obs0_000704.zarr', 'episode_T_circle_obs0_000704'), ('/coc/flash7/paphiwetsa3/datasets/new_circle_3/episode_T_circle_obs0_000705.zarr', 'episode_T_circle_obs0_000705'), ('/coc/flash7/paphiwetsa3/datasets/new_circle_3/episode_T_circle_obs0_000706.zarr', 'episode_T_circle_obs0_000706'), ('/coc/flash7/paphiwetsa3/datasets/new_circle_3/episode_T_circle_obs0_000707.zarr', 'episode_T_circle_obs0_000707'), ('/coc/flash7/paphiwetsa3/datasets/new_circle_3/episode_T_circle_obs0_000708.zarr', 'episode_T_circle_obs0_000708'), ('/coc/flash7/paphiwetsa3/datasets/new_circle_3/episode_T_circle_obs0_000709.zarr', 'episode_T_circle_obs0_000709'), ('/coc/flash7/paphiwetsa3/datasets/new_circle_3/episode_T_circle_obs0_000710.zarr', 'episode_T_circle_obs0_000710'), ('/coc/flash7/paphiwetsa3/datasets/new_circle_3/episode_T_circle_obs0_000711.zarr', 'episode_T_circle_obs0_000711'), ('/coc/flash7/paphiwetsa3/datasets/new_circle_3/episode_T_circle_obs0_000712.zarr', 'episode_T_circle_obs0_000712'), ('/coc/flash7/paphiwetsa3/datasets/new_circle_3/episode_T_circle_obs0_000713.zarr', 'episode_T_circle_obs0_000713'), ('/coc/flash7/paphiwetsa3/datasets/new_circle_3/episode_T_circle_obs0_000714.zarr', 'episode_T_circle_obs0_000714'), ('/coc/flash7/paphiwetsa3/datasets/new_circle_3/episode_T_circle_obs0_000715.zarr', 'episode_T_circle_obs0_000715'), ('/coc/flash7/paphiwetsa3/datasets/new_circle_3/episode_T_circle_obs0_000716.zarr', 'episode_T_circle_obs0_000716'), ('/coc/flash7/paphiwetsa3/datasets/new_circle_3/episode_T_circle_obs0_000717.zarr', 'episode_T_circle_obs0_000717'), ('/coc/flash7/paphiwetsa3/datasets/new_circle_3/episode_T_circle_obs0_000718.zarr', 'episode_T_circle_obs0_000718'), ('/coc/flash7/paphiwetsa3/datasets/new_circle_3/episode_T_circle_obs0_000719.zarr', 'episode_T_circle_obs0_000719'), ('/coc/flash7/paphiwetsa3/datasets/new_circle_3/episode_T_circle_obs0_000720.zarr', 'episode_T_circle_obs0_000720'), ('/coc/flash7/paphiwetsa3/datasets/new_circle_3/episode_T_circle_obs0_ontarget_000000.zarr', 'episode_T_circle_obs0_ontarget_000000'), ('/coc/flash7/paphiwetsa3/datasets/new_circle_3/episode_T_circle_obs0_ontarget_000001.zarr', 'episode_T_circle_obs0_ontarget_000001'), ('/coc/flash7/paphiwetsa3/datasets/new_circle_3/episode_T_circle_obs0_ontarget_000002.zarr', 'episode_T_circle_obs0_ontarget_000002'), ('/coc/flash7/paphiwetsa3/datasets/new_circle_3/episode_T_circle_obs0_ontarget_000003.zarr', 'episode_T_circle_obs0_ontarget_000003'), ('/coc/flash7/paphiwetsa3/datasets/new_circle_3/episode_T_circle_obs0_ontarget_000004.zarr', 'episode_T_circle_obs0_ontarget_000004'), ('/coc/flash7/paphiwetsa3/datasets/new_circle_3/episode_T_circle_obs0_ontarget_000005.zarr', 'episode_T_circle_obs0_ontarget_000005'), ('/coc/flash7/paphiwetsa3/datasets/new_circle_3/episode_T_circle_obs0_ontarget_000006.zarr', 'episode_T_circle_obs0_ontarget_000006'), ('/coc/flash7/paphiwetsa3/datasets/new_circle_3/episode_T_circle_obs0_ontarget_000007.zarr', 'episode_T_circle_obs0_ontarget_000007'), ('/coc/flash7/paphiwetsa3/datasets/new_circle_3/episode_T_circle_obs0_ontarget_000008.zarr', 'episode_T_circle_obs0_ontarget_000008'), ('/coc/flash7/paphiwetsa3/datasets/new_circle_3/episode_T_circle_obs0_ontarget_000009.zarr', 'episode_T_circle_obs0_ontarget_000009'), ('/coc/flash7/paphiwetsa3/datasets/new_circle_3/episode_T_circle_obs0_ontarget_000010.zarr', 'episode_T_circle_obs0_ontarget_000010'), ('/coc/flash7/paphiwetsa3/datasets/new_circle_3/episode_T_circle_obs0_ontarget_000011.zarr', 'episode_T_circle_obs0_ontarget_000011'), ('/coc/flash7/paphiwetsa3/datasets/new_circle_3/episode_T_circle_obs0_ontarget_000012.zarr', 'episode_T_circle_obs0_ontarget_000012'), ('/coc/flash7/paphiwetsa3/datasets/new_circle_3/episode_T_circle_obs0_ontarget_000013.zarr', 'episode_T_circle_obs0_ontarget_000013'), ('/coc/flash7/paphiwetsa3/datasets/new_circle_3/episode_T_circle_obs0_ontarget_000014.zarr', 'episode_T_circle_obs0_ontarget_000014'), ('/coc/flash7/paphiwetsa3/datasets/new_circle_3/episode_T_circle_obs0_ontarget_000015.zarr', 'episode_T_circle_obs0_ontarget_000015'), ('/coc/flash7/paphiwetsa3/datasets/new_circle_3/episode_T_circle_obs0_ontarget_000016.zarr', 'episode_T_circle_obs0_ontarget_000016'), ('/coc/flash7/paphiwetsa3/datasets/new_circle_3/episode_T_circle_obs0_ontarget_000017.zarr', 'episode_T_circle_obs0_ontarget_000017'), ('/coc/flash7/paphiwetsa3/datasets/new_circle_3/episode_T_circle_obs0_ontarget_000018.zarr', 'episode_T_circle_obs0_ontarget_000018'), ('/coc/flash7/paphiwetsa3/datasets/new_circle_3/episode_T_circle_obs0_ontarget_000019.zarr', 'episode_T_circle_obs0_ontarget_000019'), ('/coc/flash7/paphiwetsa3/datasets/new_circle_3/episode_T_circle_obs0_ontarget_000020.zarr', 'episode_T_circle_obs0_ontarget_000020'), ('/coc/flash7/paphiwetsa3/datasets/new_circle_3/episode_T_circle_obs0_ontarget_000021.zarr', 'episode_T_circle_obs0_ontarget_000021'), ('/coc/flash7/paphiwetsa3/datasets/new_circle_3/episode_T_circle_obs0_ontarget_000022.zarr', 'episode_T_circle_obs0_ontarget_000022'), ('/coc/flash7/paphiwetsa3/datasets/new_circle_3/episode_T_circle_obs0_ontarget_000023.zarr', 'episode_T_circle_obs0_ontarget_000023'), ('/coc/flash7/paphiwetsa3/datasets/new_circle_3/episode_T_circle_obs0_ontarget_000024.zarr', 'episode_T_circle_obs0_ontarget_000024'), ('/coc/flash7/paphiwetsa3/datasets/new_circle_3/episode_T_circle_obs0_ontarget_000025.zarr', 'episode_T_circle_obs0_ontarget_000025'), ('/coc/flash7/paphiwetsa3/datasets/new_circle_3/episode_T_circle_obs0_ontarget_000026.zarr', 'episode_T_circle_obs0_ontarget_000026'), ('/coc/flash7/paphiwetsa3/datasets/new_circle_3/episode_T_circle_obs0_ontarget_000027.zarr', 'episode_T_circle_obs0_ontarget_000027'), ('/coc/flash7/paphiwetsa3/datasets/new_circle_3/episode_T_circle_obs0_ontarget_000028.zarr', 'episode_T_circle_obs0_ontarget_000028'), ('/coc/flash7/paphiwetsa3/datasets/new_circle_3/episode_T_circle_obs0_ontarget_000029.zarr', 'episode_T_circle_obs0_ontarget_000029'), ('/coc/flash7/paphiwetsa3/datasets/new_circle_3/episode_T_circle_obs0_ontarget_000030.zarr', 'episode_T_circle_obs0_ontarget_000030'), ('/coc/flash7/paphiwetsa3/datasets/new_circle_3/episode_T_circle_obs0_ontarget_000031.zarr', 'episode_T_circle_obs0_ontarget_000031'), ('/coc/flash7/paphiwetsa3/datasets/new_circle_3/episode_T_circle_obs0_ontarget_000032.zarr', 'episode_T_circle_obs0_ontarget_000032'), ('/coc/flash7/paphiwetsa3/datasets/new_circle_3/episode_T_circle_obs0_ontarget_000033.zarr', 'episode_T_circle_obs0_ontarget_000033'), ('/coc/flash7/paphiwetsa3/datasets/new_circle_3/episode_T_circle_obs0_ontarget_000034.zarr', 'episode_T_circle_obs0_ontarget_000034'), ('/coc/flash7/paphiwetsa3/datasets/new_circle_3/episode_T_circle_obs0_ontarget_000035.zarr', 'episode_T_circle_obs0_ontarget_000035'), ('/coc/flash7/paphiwetsa3/datasets/new_circle_3/episode_T_circle_obs0_ontarget_000036.zarr', 'episode_T_circle_obs0_ontarget_000036'), ('/coc/flash7/paphiwetsa3/datasets/new_circle_3/episode_T_circle_obs0_ontarget_000037.zarr', 'episode_T_circle_obs0_ontarget_000037'), ('/coc/flash7/paphiwetsa3/datasets/new_circle_3/episode_T_circle_obs0_ontarget_000038.zarr', 'episode_T_circle_obs0_ontarget_000038'), ('/coc/flash7/paphiwetsa3/datasets/new_circle_3/episode_T_circle_obs0_ontarget_000039.zarr', 'episode_T_circle_obs0_ontarget_000039'), ('/coc/flash7/paphiwetsa3/datasets/new_circle_3/episode_T_circle_obs0_ontarget_000040.zarr', 'episode_T_circle_obs0_ontarget_000040'), ('/coc/flash7/paphiwetsa3/datasets/new_circle_3/episode_T_circle_obs0_ontarget_000041.zarr', 'episode_T_circle_obs0_ontarget_000041'), ('/coc/flash7/paphiwetsa3/datasets/new_circle_3/episode_T_circle_obs0_ontarget_000042.zarr', 'episode_T_circle_obs0_ontarget_000042'), ('/coc/flash7/paphiwetsa3/datasets/new_circle_3/episode_T_circle_obs0_ontarget_000043.zarr', 'episode_T_circle_obs0_ontarget_000043'), ('/coc/flash7/paphiwetsa3/datasets/new_circle_3/episode_T_circle_obs0_ontarget_000044.zarr', 'episode_T_circle_obs0_ontarget_000044'), ('/coc/flash7/paphiwetsa3/datasets/new_circle_3/episode_T_circle_obs0_ontarget_000045.zarr', 'episode_T_circle_obs0_ontarget_000045'), ('/coc/flash7/paphiwetsa3/datasets/new_circle_3/episode_T_circle_obs0_ontarget_000046.zarr', 'episode_T_circle_obs0_ontarget_000046'), ('/coc/flash7/paphiwetsa3/datasets/new_circle_3/episode_T_circle_obs0_ontarget_000047.zarr', 'episode_T_circle_obs0_ontarget_000047'), ('/coc/flash7/paphiwetsa3/datasets/new_circle_3/episode_T_circle_obs10_000000.zarr', 'episode_T_circle_obs10_000000'), ('/coc/flash7/paphiwetsa3/datasets/new_circle_3/episode_T_circle_obs10_000001.zarr', 'episode_T_circle_obs10_000001'), ('/coc/flash7/paphiwetsa3/datasets/new_circle_3/episode_T_circle_obs10_000002.zarr', 'episode_T_circle_obs10_000002'), ('/coc/flash7/paphiwetsa3/datasets/new_circle_3/episode_T_circle_obs10_000003.zarr', 'episode_T_circle_obs10_000003'), ('/coc/flash7/paphiwetsa3/datasets/new_circle_3/episode_T_circle_obs10_000004.zarr', 'episode_T_circle_obs10_000004'), ('/coc/flash7/paphiwetsa3/datasets/new_circle_3/episode_T_circle_obs10_000005.zarr', 'episode_T_circle_obs10_000005'), ('/coc/flash7/paphiwetsa3/datasets/new_circle_3/episode_T_circle_obs10_000006.zarr', 'episode_T_circle_obs10_000006'), ('/coc/flash7/paphiwetsa3/datasets/new_circle_3/episode_T_circle_obs10_000007.zarr', 'episode_T_circle_obs10_000007'), ('/coc/flash7/paphiwetsa3/datasets/new_circle_3/episode_T_circle_obs10_000008.zarr', 'episode_T_circle_obs10_000008'), ('/coc/flash7/paphiwetsa3/datasets/new_circle_3/episode_T_circle_obs10_000009.zarr', 'episode_T_circle_obs10_000009'), ('/coc/flash7/paphiwetsa3/datasets/new_circle_3/episode_T_circle_obs10_000010.zarr', 'episode_T_circle_obs10_000010'), ('/coc/flash7/paphiwetsa3/datasets/new_circle_3/episode_T_circle_obs10_000011.zarr', 'episode_T_circle_obs10_000011'), ('/coc/flash7/paphiwetsa3/datasets/new_circle_3/episode_T_circle_obs10_000012.zarr', 'episode_T_circle_obs10_000012'), ('/coc/flash7/paphiwetsa3/datasets/new_circle_3/episode_T_circle_obs10_000013.zarr', 'episode_T_circle_obs10_000013'), ('/coc/flash7/paphiwetsa3/datasets/new_circle_3/episode_T_circle_obs10_000014.zarr', 'episode_T_circle_obs10_000014'), ('/coc/flash7/paphiwetsa3/datasets/new_circle_3/episode_T_circle_obs10_000015.zarr', 'episode_T_circle_obs10_000015'), ('/coc/flash7/paphiwetsa3/datasets/new_circle_3/episode_T_circle_obs11_000000.zarr', 'episode_T_circle_obs11_000000'), ('/coc/flash7/paphiwetsa3/datasets/new_circle_3/episode_T_circle_obs11_000001.zarr', 'episode_T_circle_obs11_000001'), ('/coc/flash7/paphiwetsa3/datasets/new_circle_3/episode_T_circle_obs11_000002.zarr', 'episode_T_circle_obs11_000002'), ('/coc/flash7/paphiwetsa3/datasets/new_circle_3/episode_T_circle_obs11_000003.zarr', 'episode_T_circle_obs11_000003'), ('/coc/flash7/paphiwetsa3/datasets/new_circle_3/episode_T_circle_obs11_000004.zarr', 'episode_T_circle_obs11_000004'), ('/coc/flash7/paphiwetsa3/datasets/new_circle_3/episode_T_circle_obs11_000005.zarr', 'episode_T_circle_obs11_000005'), ('/coc/flash7/paphiwetsa3/datasets/new_circle_3/episode_T_circle_obs11_000006.zarr', 'episode_T_circle_obs11_000006'), ('/coc/flash7/paphiwetsa3/datasets/new_circle_3/episode_T_circle_obs11_000007.zarr', 'episode_T_circle_obs11_000007'), ('/coc/flash7/paphiwetsa3/datasets/new_circle_3/episode_T_circle_obs11_000008.zarr', 'episode_T_circle_obs11_000008'), ('/coc/flash7/paphiwetsa3/datasets/new_circle_3/episode_T_circle_obs11_000009.zarr', 'episode_T_circle_obs11_000009'), ('/coc/flash7/paphiwetsa3/datasets/new_circle_3/episode_T_circle_obs11_000010.zarr', 'episode_T_circle_obs11_000010'), ('/coc/flash7/paphiwetsa3/datasets/new_circle_3/episode_T_circle_obs11_000011.zarr', 'episode_T_circle_obs11_000011'), ('/coc/flash7/paphiwetsa3/datasets/new_circle_3/episode_T_circle_obs11_000012.zarr', 'episode_T_circle_obs11_000012'), ('/coc/flash7/paphiwetsa3/datasets/new_circle_3/episode_T_circle_obs11_000013.zarr', 'episode_T_circle_obs11_000013'), ('/coc/flash7/paphiwetsa3/datasets/new_circle_3/episode_T_circle_obs11_000014.zarr', 'episode_T_circle_obs11_000014'), ('/coc/flash7/paphiwetsa3/datasets/new_circle_3/episode_T_circle_obs11_000015.zarr', 'episode_T_circle_obs11_000015'), ('/coc/flash7/paphiwetsa3/datasets/new_circle_3/episode_T_circle_obs12_000000.zarr', 'episode_T_circle_obs12_000000'), ('/coc/flash7/paphiwetsa3/datasets/new_circle_3/episode_T_circle_obs12_000001.zarr', 'episode_T_circle_obs12_000001'), ('/coc/flash7/paphiwetsa3/datasets/new_circle_3/episode_T_circle_obs12_000002.zarr', 'episode_T_circle_obs12_000002'), ('/coc/flash7/paphiwetsa3/datasets/new_circle_3/episode_T_circle_obs12_000003.zarr', 'episode_T_circle_obs12_000003'), ('/coc/flash7/paphiwetsa3/datasets/new_circle_3/episode_T_circle_obs12_000004.zarr', 'episode_T_circle_obs12_000004'), ('/coc/flash7/paphiwetsa3/datasets/new_circle_3/episode_T_circle_obs12_000006.zarr', 'episode_T_circle_obs12_000006'), ('/coc/flash7/paphiwetsa3/datasets/new_circle_3/episode_T_circle_obs12_000007.zarr', 'episode_T_circle_obs12_000007'), ('/coc/flash7/paphiwetsa3/datasets/new_circle_3/episode_T_circle_obs12_000008.zarr', 'episode_T_circle_obs12_000008'), ('/coc/flash7/paphiwetsa3/datasets/new_circle_3/episode_T_circle_obs12_000009.zarr', 'episode_T_circle_obs12_000009'), ('/coc/flash7/paphiwetsa3/datasets/new_circle_3/episode_T_circle_obs12_000010.zarr', 'episode_T_circle_obs12_000010'), ('/coc/flash7/paphiwetsa3/datasets/new_circle_3/episode_T_circle_obs12_000011.zarr', 'episode_T_circle_obs12_000011'), ('/coc/flash7/paphiwetsa3/datasets/new_circle_3/episode_T_circle_obs12_000012.zarr', 'episode_T_circle_obs12_000012'), ('/coc/flash7/paphiwetsa3/datasets/new_circle_3/episode_T_circle_obs12_000013.zarr', 'episode_T_circle_obs12_000013'), ('/coc/flash7/paphiwetsa3/datasets/new_circle_3/episode_T_circle_obs12_000014.zarr', 'episode_T_circle_obs12_000014'), ('/coc/flash7/paphiwetsa3/datasets/new_circle_3/episode_T_circle_obs12_000015.zarr', 'episode_T_circle_obs12_000015'), ('/coc/flash7/paphiwetsa3/datasets/new_circle_3/episode_T_circle_obs1_000000.zarr', 'episode_T_circle_obs1_000000'), ('/coc/flash7/paphiwetsa3/datasets/new_circle_3/episode_T_circle_obs1_000001.zarr', 'episode_T_circle_obs1_000001'), ('/coc/flash7/paphiwetsa3/datasets/new_circle_3/episode_T_circle_obs1_000002.zarr', 'episode_T_circle_obs1_000002'), ('/coc/flash7/paphiwetsa3/datasets/new_circle_3/episode_T_circle_obs1_000003.zarr', 'episode_T_circle_obs1_000003'), ('/coc/flash7/paphiwetsa3/datasets/new_circle_3/episode_T_circle_obs1_000004.zarr', 'episode_T_circle_obs1_000004'), ('/coc/flash7/paphiwetsa3/datasets/new_circle_3/episode_T_circle_obs1_000005.zarr', 'episode_T_circle_obs1_000005'), ('/coc/flash7/paphiwetsa3/datasets/new_circle_3/episode_T_circle_obs1_000006.zarr', 'episode_T_circle_obs1_000006'), ('/coc/flash7/paphiwetsa3/datasets/new_circle_3/episode_T_circle_obs1_000007.zarr', 'episode_T_circle_obs1_000007'), ('/coc/flash7/paphiwetsa3/datasets/new_circle_3/episode_T_circle_obs1_000008.zarr', 'episode_T_circle_obs1_000008'), ('/coc/flash7/paphiwetsa3/datasets/new_circle_3/episode_T_circle_obs1_000009.zarr', 'episode_T_circle_obs1_000009'), ('/coc/flash7/paphiwetsa3/datasets/new_circle_3/episode_T_circle_obs1_000010.zarr', 'episode_T_circle_obs1_000010'), ('/coc/flash7/paphiwetsa3/datasets/new_circle_3/episode_T_circle_obs1_000011.zarr', 'episode_T_circle_obs1_000011'), ('/coc/flash7/paphiwetsa3/datasets/new_circle_3/episode_T_circle_obs1_000012.zarr', 'episode_T_circle_obs1_000012'), ('/coc/flash7/paphiwetsa3/datasets/new_circle_3/episode_T_circle_obs1_000013.zarr', 'episode_T_circle_obs1_000013'), ('/coc/flash7/paphiwetsa3/datasets/new_circle_3/episode_T_circle_obs1_000014.zarr', 'episode_T_circle_obs1_000014'), ('/coc/flash7/paphiwetsa3/datasets/new_circle_3/episode_T_circle_obs1_000015.zarr', 'episode_T_circle_obs1_000015'), ('/coc/flash7/paphiwetsa3/datasets/new_circle_3/episode_T_circle_obs2_000000.zarr', 'episode_T_circle_obs2_000000'), ('/coc/flash7/paphiwetsa3/datasets/new_circle_3/episode_T_circle_obs2_000001.zarr', 'episode_T_circle_obs2_000001'), ('/coc/flash7/paphiwetsa3/datasets/new_circle_3/episode_T_circle_obs2_000002.zarr', 'episode_T_circle_obs2_000002'), ('/coc/flash7/paphiwetsa3/datasets/new_circle_3/episode_T_circle_obs2_000003.zarr', 'episode_T_circle_obs2_000003'), ('/coc/flash7/paphiwetsa3/datasets/new_circle_3/episode_T_circle_obs2_000004.zarr', 'episode_T_circle_obs2_000004'), ('/coc/flash7/paphiwetsa3/datasets/new_circle_3/episode_T_circle_obs2_000005.zarr', 'episode_T_circle_obs2_000005'), ('/coc/flash7/paphiwetsa3/datasets/new_circle_3/episode_T_circle_obs2_000006.zarr', 'episode_T_circle_obs2_000006'), ('/coc/flash7/paphiwetsa3/datasets/new_circle_3/episode_T_circle_obs2_000007.zarr', 'episode_T_circle_obs2_000007'), ('/coc/flash7/paphiwetsa3/datasets/new_circle_3/episode_T_circle_obs2_000008.zarr', 'episode_T_circle_obs2_000008'), ('/coc/flash7/paphiwetsa3/datasets/new_circle_3/episode_T_circle_obs2_000009.zarr', 'episode_T_circle_obs2_000009'), ('/coc/flash7/paphiwetsa3/datasets/new_circle_3/episode_T_circle_obs2_000010.zarr', 'episode_T_circle_obs2_000010'), ('/coc/flash7/paphiwetsa3/datasets/new_circle_3/episode_T_circle_obs2_000011.zarr', 'episode_T_circle_obs2_000011'), ('/coc/flash7/paphiwetsa3/datasets/new_circle_3/episode_T_circle_obs2_000012.zarr', 'episode_T_circle_obs2_000012'), ('/coc/flash7/paphiwetsa3/datasets/new_circle_3/episode_T_circle_obs2_000013.zarr', 'episode_T_circle_obs2_000013'), ('/coc/flash7/paphiwetsa3/datasets/new_circle_3/episode_T_circle_obs2_000014.zarr', 'episode_T_circle_obs2_000014'), ('/coc/flash7/paphiwetsa3/datasets/new_circle_3/episode_T_circle_obs2_000015.zarr', 'episode_T_circle_obs2_000015'), ('/coc/flash7/paphiwetsa3/datasets/new_circle_3/episode_T_circle_obs3_000000.zarr', 'episode_T_circle_obs3_000000'), ('/coc/flash7/paphiwetsa3/datasets/new_circle_3/episode_T_circle_obs3_000001.zarr', 'episode_T_circle_obs3_000001'), ('/coc/flash7/paphiwetsa3/datasets/new_circle_3/episode_T_circle_obs3_000002.zarr', 'episode_T_circle_obs3_000002'), ('/coc/flash7/paphiwetsa3/datasets/new_circle_3/episode_T_circle_obs3_000003.zarr', 'episode_T_circle_obs3_000003'), ('/coc/flash7/paphiwetsa3/datasets/new_circle_3/episode_T_circle_obs3_000004.zarr', 'episode_T_circle_obs3_000004'), ('/coc/flash7/paphiwetsa3/datasets/new_circle_3/episode_T_circle_obs3_000005.zarr', 'episode_T_circle_obs3_000005'), ('/coc/flash7/paphiwetsa3/datasets/new_circle_3/episode_T_circle_obs3_000006.zarr', 'episode_T_circle_obs3_000006'), ('/coc/flash7/paphiwetsa3/datasets/new_circle_3/episode_T_circle_obs3_000007.zarr', 'episode_T_circle_obs3_000007'), ('/coc/flash7/paphiwetsa3/datasets/new_circle_3/episode_T_circle_obs3_000008.zarr', 'episode_T_circle_obs3_000008'), ('/coc/flash7/paphiwetsa3/datasets/new_circle_3/episode_T_circle_obs3_000009.zarr', 'episode_T_circle_obs3_000009'), ('/coc/flash7/paphiwetsa3/datasets/new_circle_3/episode_T_circle_obs3_000010.zarr', 'episode_T_circle_obs3_000010'), ('/coc/flash7/paphiwetsa3/datasets/new_circle_3/episode_T_circle_obs3_000011.zarr', 'episode_T_circle_obs3_000011'), ('/coc/flash7/paphiwetsa3/datasets/new_circle_3/episode_T_circle_obs3_000012.zarr', 'episode_T_circle_obs3_000012'), ('/coc/flash7/paphiwetsa3/datasets/new_circle_3/episode_T_circle_obs3_000013.zarr', 'episode_T_circle_obs3_000013'), ('/coc/flash7/paphiwetsa3/datasets/new_circle_3/episode_T_circle_obs3_000014.zarr', 'episode_T_circle_obs3_000014'), ('/coc/flash7/paphiwetsa3/datasets/new_circle_3/episode_T_circle_obs3_000015.zarr', 'episode_T_circle_obs3_000015'), ('/coc/flash7/paphiwetsa3/datasets/new_circle_3/episode_T_circle_obs3_000016.zarr', 'episode_T_circle_obs3_000016'), ('/coc/flash7/paphiwetsa3/datasets/new_circle_3/episode_T_circle_obs4_000000.zarr', 'episode_T_circle_obs4_000000'), ('/coc/flash7/paphiwetsa3/datasets/new_circle_3/episode_T_circle_obs4_000001.zarr', 'episode_T_circle_obs4_000001'), ('/coc/flash7/paphiwetsa3/datasets/new_circle_3/episode_T_circle_obs4_000002.zarr', 'episode_T_circle_obs4_000002'), ('/coc/flash7/paphiwetsa3/datasets/new_circle_3/episode_T_circle_obs4_000003.zarr', 'episode_T_circle_obs4_000003'), ('/coc/flash7/paphiwetsa3/datasets/new_circle_3/episode_T_circle_obs4_000004.zarr', 'episode_T_circle_obs4_000004'), ('/coc/flash7/paphiwetsa3/datasets/new_circle_3/episode_T_circle_obs4_000005.zarr', 'episode_T_circle_obs4_000005'), ('/coc/flash7/paphiwetsa3/datasets/new_circle_3/episode_T_circle_obs4_000006.zarr', 'episode_T_circle_obs4_000006'), ('/coc/flash7/paphiwetsa3/datasets/new_circle_3/episode_T_circle_obs4_000007.zarr', 'episode_T_circle_obs4_000007'), ('/coc/flash7/paphiwetsa3/datasets/new_circle_3/episode_T_circle_obs4_000008.zarr', 'episode_T_circle_obs4_000008'), ('/coc/flash7/paphiwetsa3/datasets/new_circle_3/episode_T_circle_obs4_000009.zarr', 'episode_T_circle_obs4_000009'), ('/coc/flash7/paphiwetsa3/datasets/new_circle_3/episode_T_circle_obs4_000010.zarr', 'episode_T_circle_obs4_000010'), ('/coc/flash7/paphiwetsa3/datasets/new_circle_3/episode_T_circle_obs4_000011.zarr', 'episode_T_circle_obs4_000011'), ('/coc/flash7/paphiwetsa3/datasets/new_circle_3/episode_T_circle_obs4_000012.zarr', 'episode_T_circle_obs4_000012'), ('/coc/flash7/paphiwetsa3/datasets/new_circle_3/episode_T_circle_obs4_000013.zarr', 'episode_T_circle_obs4_000013'), ('/coc/flash7/paphiwetsa3/datasets/new_circle_3/episode_T_circle_obs4_000014.zarr', 'episode_T_circle_obs4_000014'), ('/coc/flash7/paphiwetsa3/datasets/new_circle_3/episode_T_circle_obs4_000015.zarr', 'episode_T_circle_obs4_000015'), ('/coc/flash7/paphiwetsa3/datasets/new_circle_3/episode_T_circle_obs5_000000.zarr', 'episode_T_circle_obs5_000000'), ('/coc/flash7/paphiwetsa3/datasets/new_circle_3/episode_T_circle_obs5_000001.zarr', 'episode_T_circle_obs5_000001'), ('/coc/flash7/paphiwetsa3/datasets/new_circle_3/episode_T_circle_obs5_000002.zarr', 'episode_T_circle_obs5_000002'), ('/coc/flash7/paphiwetsa3/datasets/new_circle_3/episode_T_circle_obs5_000003.zarr', 'episode_T_circle_obs5_000003'), ('/coc/flash7/paphiwetsa3/datasets/new_circle_3/episode_T_circle_obs5_000004.zarr', 'episode_T_circle_obs5_000004'), ('/coc/flash7/paphiwetsa3/datasets/new_circle_3/episode_T_circle_obs5_000005.zarr', 'episode_T_circle_obs5_000005'), ('/coc/flash7/paphiwetsa3/datasets/new_circle_3/episode_T_circle_obs5_000006.zarr', 'episode_T_circle_obs5_000006'), ('/coc/flash7/paphiwetsa3/datasets/new_circle_3/episode_T_circle_obs5_000008.zarr', 'episode_T_circle_obs5_000008'), ('/coc/flash7/paphiwetsa3/datasets/new_circle_3/episode_T_circle_obs5_000009.zarr', 'episode_T_circle_obs5_000009'), ('/coc/flash7/paphiwetsa3/datasets/new_circle_3/episode_T_circle_obs5_000010.zarr', 'episode_T_circle_obs5_000010'), ('/coc/flash7/paphiwetsa3/datasets/new_circle_3/episode_T_circle_obs5_000011.zarr', 'episode_T_circle_obs5_000011'), ('/coc/flash7/paphiwetsa3/datasets/new_circle_3/episode_T_circle_obs5_000012.zarr', 'episode_T_circle_obs5_000012'), ('/coc/flash7/paphiwetsa3/datasets/new_circle_3/episode_T_circle_obs5_000013.zarr', 'episode_T_circle_obs5_000013'), ('/coc/flash7/paphiwetsa3/datasets/new_circle_3/episode_T_circle_obs5_000014.zarr', 'episode_T_circle_obs5_000014'), ('/coc/flash7/paphiwetsa3/datasets/new_circle_3/episode_T_circle_obs5_000015.zarr', 'episode_T_circle_obs5_000015'), ('/coc/flash7/paphiwetsa3/datasets/new_circle_3/episode_T_circle_obs6_000000.zarr', 'episode_T_circle_obs6_000000'), ('/coc/flash7/paphiwetsa3/datasets/new_circle_3/episode_T_circle_obs6_000001.zarr', 'episode_T_circle_obs6_000001'), ('/coc/flash7/paphiwetsa3/datasets/new_circle_3/episode_T_circle_obs6_000002.zarr', 'episode_T_circle_obs6_000002'), ('/coc/flash7/paphiwetsa3/datasets/new_circle_3/episode_T_circle_obs6_000003.zarr', 'episode_T_circle_obs6_000003'), ('/coc/flash7/paphiwetsa3/datasets/new_circle_3/episode_T_circle_obs6_000004.zarr', 'episode_T_circle_obs6_000004'), ('/coc/flash7/paphiwetsa3/datasets/new_circle_3/episode_T_circle_obs6_000005.zarr', 'episode_T_circle_obs6_000005'), ('/coc/flash7/paphiwetsa3/datasets/new_circle_3/episode_T_circle_obs6_000006.zarr', 'episode_T_circle_obs6_000006'), ('/coc/flash7/paphiwetsa3/datasets/new_circle_3/episode_T_circle_obs6_000007.zarr', 'episode_T_circle_obs6_000007'), ('/coc/flash7/paphiwetsa3/datasets/new_circle_3/episode_T_circle_obs6_000008.zarr', 'episode_T_circle_obs6_000008'), ('/coc/flash7/paphiwetsa3/datasets/new_circle_3/episode_T_circle_obs6_000009.zarr', 'episode_T_circle_obs6_000009'), ('/coc/flash7/paphiwetsa3/datasets/new_circle_3/episode_T_circle_obs6_000010.zarr', 'episode_T_circle_obs6_000010'), ('/coc/flash7/paphiwetsa3/datasets/new_circle_3/episode_T_circle_obs6_000011.zarr', 'episode_T_circle_obs6_000011'), ('/coc/flash7/paphiwetsa3/datasets/new_circle_3/episode_T_circle_obs6_000012.zarr', 'episode_T_circle_obs6_000012'), ('/coc/flash7/paphiwetsa3/datasets/new_circle_3/episode_T_circle_obs6_000013.zarr', 'episode_T_circle_obs6_000013'), ('/coc/flash7/paphiwetsa3/datasets/new_circle_3/episode_T_circle_obs6_000014.zarr', 'episode_T_circle_obs6_000014'), ('/coc/flash7/paphiwetsa3/datasets/new_circle_3/episode_T_circle_obs6_000015.zarr', 'episode_T_circle_obs6_000015'), ('/coc/flash7/paphiwetsa3/datasets/new_circle_3/episode_T_circle_obs6_000016.zarr', 'episode_T_circle_obs6_000016'), ('/coc/flash7/paphiwetsa3/datasets/new_circle_3/episode_T_circle_obs7_000000.zarr', 'episode_T_circle_obs7_000000'), ('/coc/flash7/paphiwetsa3/datasets/new_circle_3/episode_T_circle_obs7_000001.zarr', 'episode_T_circle_obs7_000001'), ('/coc/flash7/paphiwetsa3/datasets/new_circle_3/episode_T_circle_obs7_000002.zarr', 'episode_T_circle_obs7_000002'), ('/coc/flash7/paphiwetsa3/datasets/new_circle_3/episode_T_circle_obs7_000003.zarr', 'episode_T_circle_obs7_000003'), ('/coc/flash7/paphiwetsa3/datasets/new_circle_3/episode_T_circle_obs7_000004.zarr', 'episode_T_circle_obs7_000004'), ('/coc/flash7/paphiwetsa3/datasets/new_circle_3/episode_T_circle_obs7_000005.zarr', 'episode_T_circle_obs7_000005'), ('/coc/flash7/paphiwetsa3/datasets/new_circle_3/episode_T_circle_obs7_000006.zarr', 'episode_T_circle_obs7_000006'), ('/coc/flash7/paphiwetsa3/datasets/new_circle_3/episode_T_circle_obs7_000007.zarr', 'episode_T_circle_obs7_000007'), ('/coc/flash7/paphiwetsa3/datasets/new_circle_3/episode_T_circle_obs7_000008.zarr', 'episode_T_circle_obs7_000008'), ('/coc/flash7/paphiwetsa3/datasets/new_circle_3/episode_T_circle_obs7_000009.zarr', 'episode_T_circle_obs7_000009'), ('/coc/flash7/paphiwetsa3/datasets/new_circle_3/episode_T_circle_obs7_000010.zarr', 'episode_T_circle_obs7_000010'), ('/coc/flash7/paphiwetsa3/datasets/new_circle_3/episode_T_circle_obs7_000011.zarr', 'episode_T_circle_obs7_000011'), ('/coc/flash7/paphiwetsa3/datasets/new_circle_3/episode_T_circle_obs7_000012.zarr', 'episode_T_circle_obs7_000012'), ('/coc/flash7/paphiwetsa3/datasets/new_circle_3/episode_T_circle_obs7_000013.zarr', 'episode_T_circle_obs7_000013'), ('/coc/flash7/paphiwetsa3/datasets/new_circle_3/episode_T_circle_obs7_000014.zarr', 'episode_T_circle_obs7_000014'), ('/coc/flash7/paphiwetsa3/datasets/new_circle_3/episode_T_circle_obs7_000015.zarr', 'episode_T_circle_obs7_000015'), ('/coc/flash7/paphiwetsa3/datasets/new_circle_3/episode_T_circle_obs8_000000.zarr', 'episode_T_circle_obs8_000000'), ('/coc/flash7/paphiwetsa3/datasets/new_circle_3/episode_T_circle_obs8_000001.zarr', 'episode_T_circle_obs8_000001'), ('/coc/flash7/paphiwetsa3/datasets/new_circle_3/episode_T_circle_obs8_000003.zarr', 'episode_T_circle_obs8_000003'), ('/coc/flash7/paphiwetsa3/datasets/new_circle_3/episode_T_circle_obs8_000004.zarr', 'episode_T_circle_obs8_000004'), ('/coc/flash7/paphiwetsa3/datasets/new_circle_3/episode_T_circle_obs8_000005.zarr', 'episode_T_circle_obs8_000005'), ('/coc/flash7/paphiwetsa3/datasets/new_circle_3/episode_T_circle_obs8_000006.zarr', 'episode_T_circle_obs8_000006'), ('/coc/flash7/paphiwetsa3/datasets/new_circle_3/episode_T_circle_obs8_000007.zarr', 'episode_T_circle_obs8_000007'), ('/coc/flash7/paphiwetsa3/datasets/new_circle_3/episode_T_circle_obs8_000008.zarr', 'episode_T_circle_obs8_000008'), ('/coc/flash7/paphiwetsa3/datasets/new_circle_3/episode_T_circle_obs8_000009.zarr', 'episode_T_circle_obs8_000009'), ('/coc/flash7/paphiwetsa3/datasets/new_circle_3/episode_T_circle_obs8_000010.zarr', 'episode_T_circle_obs8_000010'), ('/coc/flash7/paphiwetsa3/datasets/new_circle_3/episode_T_circle_obs8_000011.zarr', 'episode_T_circle_obs8_000011'), ('/coc/flash7/paphiwetsa3/datasets/new_circle_3/episode_T_circle_obs8_000014.zarr', 'episode_T_circle_obs8_000014'), ('/coc/flash7/paphiwetsa3/datasets/new_circle_3/episode_T_circle_obs8_000015.zarr', 'episode_T_circle_obs8_000015'), ('/coc/flash7/paphiwetsa3/datasets/new_circle_3/episode_T_circle_obs8_000016.zarr', 'episode_T_circle_obs8_000016'), ('/coc/flash7/paphiwetsa3/datasets/new_circle_3/episode_T_circle_obs8_000017.zarr', 'episode_T_circle_obs8_000017'), ('/coc/flash7/paphiwetsa3/datasets/new_circle_3/episode_T_circle_obs9_000000.zarr', 'episode_T_circle_obs9_000000'), ('/coc/flash7/paphiwetsa3/datasets/new_circle_3/episode_T_circle_obs9_000001.zarr', 'episode_T_circle_obs9_000001'), ('/coc/flash7/paphiwetsa3/datasets/new_circle_3/episode_T_circle_obs9_000002.zarr', 'episode_T_circle_obs9_000002'), ('/coc/flash7/paphiwetsa3/datasets/new_circle_3/episode_T_circle_obs9_000003.zarr', 'episode_T_circle_obs9_000003'), ('/coc/flash7/paphiwetsa3/datasets/new_circle_3/episode_T_circle_obs9_000007.zarr', 'episode_T_circle_obs9_000007'), ('/coc/flash7/paphiwetsa3/datasets/new_circle_3/episode_T_circle_obs9_000008.zarr', 'episode_T_circle_obs9_000008'), ('/coc/flash7/paphiwetsa3/datasets/new_circle_3/episode_T_circle_obs9_000009.zarr', 'episode_T_circle_obs9_000009'), ('/coc/flash7/paphiwetsa3/datasets/new_circle_3/episode_T_circle_obs9_000010.zarr', 'episode_T_circle_obs9_000010'), ('/coc/flash7/paphiwetsa3/datasets/new_circle_3/episode_T_circle_obs9_000011.zarr', 'episode_T_circle_obs9_000011'), ('/coc/flash7/paphiwetsa3/datasets/new_circle_3/episode_T_circle_obs9_000012.zarr', 'episode_T_circle_obs9_000012'), ('/coc/flash7/paphiwetsa3/datasets/new_circle_3/episode_T_circle_obs9_000013.zarr', 'episode_T_circle_obs9_000013'), ('/coc/flash7/paphiwetsa3/datasets/new_circle_3/episode_T_circle_obs9_000014.zarr', 'episode_T_circle_obs9_000014')]
[2026-06-06 05:48:01,935][egomimic.rldb.zarr.zarr_dataset_multi][INFO] - Valid folder names: {'episode_T_circle_obs0_000021', 'episode_T_circle_obs0_000306', 'episode_T_circle_obs0_000600', 'episode_T_circle_obs0_000356', 'episode_T_circle_obs0_000677', 'episode_T_circle_obs0_000475', 'episode_T_circle_obs0_000300', 'episode_T_circle_obs0_000339', 'episode_T_circle_obs0_000193', 'episode_T_circle_obs0_000546', 'episode_T_circle_obs0_000310', 'episode_T_circle_obs0_000200', 'episode_T_circle_obs0_000531', 'episode_T_circle_obs0_000543', 'episode_T_circle_obs0_000613', 'episode_T_circle_obs2_000011', 'episode_T_circle_obs4_000015', 'episode_T_circle_obs0_000288', 'episode_T_circle_obs0_000629', 'episode_T_circle_obs0_000332', 'episode_T_circle_obs0_000181', 'episode_T_circle_obs0_000287', 'episode_T_circle_obs0_000386', 'episode_T_circle_obs0_000570', 'episode_T_circle_obs0_000094', 'episode_T_circle_obs0_000060', 'episode_T_circle_obs0_000399', 'episode_T_circle_obs0_ontarget_000014', 'episode_T_circle_obs0_000528', 'episode_T_circle_obs0_000158', 'episode_T_circle_obs12_000001', 'episode_T_circle_obs0_000634', 'episode_T_circle_obs9_000008', 'episode_T_circle_obs3_000012', 'episode_T_circle_obs0_000262', 'episode_T_circle_obs0_000499', 'episode_T_circle_obs0_000565', 'episode_T_circle_obs0_000492', 'episode_T_circle_obs0_000720', 'episode_T_circle_obs0_000242', 'episode_T_circle_obs0_ontarget_000031', 'episode_T_circle_obs0_000432', 'episode_T_circle_obs0_000410', 'episode_T_circle_obs0_000359', 'episode_T_circle_obs6_000015', 'episode_T_circle_obs0_000605', 'episode_T_circle_obs0_000114', 'episode_T_circle_obs0_000194', 'episode_T_circle_obs0_000015', 'episode_T_circle_obs5_000006', 'episode_T_circle_obs6_000013', 'episode_T_circle_obs4_000003', 'episode_T_circle_obs0_000685', 'episode_T_circle_obs0_000437', 'episode_T_circle_obs0_000028', 'episode_T_circle_obs12_000003', 'episode_T_circle_obs0_000247', 'episode_T_circle_obs0_000676', 'episode_T_circle_obs0_ontarget_000026', 'episode_T_circle_obs2_000014', 'episode_T_circle_obs0_000081', 'episode_T_circle_obs0_000159', 'episode_T_circle_obs0_000277', 'episode_T_circle_obs0_000674', 'episode_T_circle_obs0_000236', 'episode_T_circle_obs0_000191', 'episode_T_circle_obs0_000137', 'episode_T_circle_obs0_000148', 'episode_T_circle_obs0_000251', 'episode_T_circle_obs3_000010', 'episode_T_circle_obs0_000696', 'episode_T_circle_obs4_000011', 'episode_T_circle_obs7_000002', 'episode_T_circle_obs8_000017', 'episode_T_circle_obs0_000002', 'episode_T_circle_obs0_ontarget_000028', 'episode_T_circle_obs5_000001', 'episode_T_circle_obs7_000009', 'episode_T_circle_obs0_000586', 'episode_T_circle_obs0_000212', 'episode_T_circle_obs0_000641', 'episode_T_circle_obs0_000075', 'episode_T_circle_obs0_000389', 'episode_T_circle_obs0_000157', 'episode_T_circle_obs11_000002', 'episode_T_circle_obs11_000014', 'episode_T_circle_obs0_000419', 'episode_T_circle_obs1_000004', 'episode_T_circle_obs0_000067', 'episode_T_circle_obs0_ontarget_000035', 'episode_T_circle_obs0_000454', 'episode_T_circle_obs0_000274', 'episode_T_circle_obs0_000609', 'episode_T_circle_obs0_000645', 'episode_T_circle_obs0_000483', 'episode_T_circle_obs10_000004', 'episode_T_circle_obs0_000500', 'episode_T_circle_obs0_000281', 'episode_T_circle_obs1_000009', 'episode_T_circle_obs3_000001', 'episode_T_circle_obs0_000582', 'episode_T_circle_obs11_000011', 'episode_T_circle_obs0_000699', 'episode_T_circle_obs0_000527', 'episode_T_circle_obs0_000693', 'episode_T_circle_obs0_000170', 'episode_T_circle_obs0_ontarget_000041', 'episode_T_circle_obs0_000358', 'episode_T_circle_obs0_000073', 'episode_T_circle_obs10_000009', 'episode_T_circle_obs0_000230', 'episode_T_circle_obs6_000010', 'episode_T_circle_obs0_000592', 'episode_T_circle_obs0_000647', 'episode_T_circle_obs9_000012', 'episode_T_circle_obs0_000702', 'episode_T_circle_obs0_000367', 'episode_T_circle_obs7_000008', 'episode_T_circle_obs2_000001', 'episode_T_circle_obs0_000517', 'episode_T_circle_obs2_000003', 'episode_T_circle_obs2_000013', 'episode_T_circle_obs0_000434', 'episode_T_circle_obs8_000010', 'episode_T_circle_obs0_000476', 'episode_T_circle_obs0_000653', 'episode_T_circle_obs0_000583', 'episode_T_circle_obs2_000007', 'episode_T_circle_obs0_000027', 'episode_T_circle_obs0_000403', 'episode_T_circle_obs9_000011', 'episode_T_circle_obs0_000336', 'episode_T_circle_obs0_000282', 'episode_T_circle_obs0_ontarget_000044', 'episode_T_circle_obs2_000009', 'episode_T_circle_obs0_000576', 'episode_T_circle_obs0_000034', 'episode_T_circle_obs0_000233', 'episode_T_circle_obs0_000414', 'episode_T_circle_obs0_000225', 'episode_T_circle_obs0_000708', 'episode_T_circle_obs10_000012', 'episode_T_circle_obs0_000138', 'episode_T_circle_obs0_000455', 'episode_T_circle_obs2_000008', 'episode_T_circle_obs0_000553', 'episode_T_circle_obs0_000008', 'episode_T_circle_obs0_000266', 'episode_T_circle_obs3_000009', 'episode_T_circle_obs0_000250', 'episode_T_circle_obs0_000459', 'episode_T_circle_obs0_000504', 'episode_T_circle_obs0_000471', 'episode_T_circle_obs11_000003', 'episode_T_circle_obs0_000467', 'episode_T_circle_obs0_000016', 'episode_T_circle_obs0_000119', 'episode_T_circle_obs0_000226', 'episode_T_circle_obs0_000479', 'episode_T_circle_obs0_000638', 'episode_T_circle_obs0_000273', 'episode_T_circle_obs0_000469', 'episode_T_circle_obs2_000002', 'episode_T_circle_obs0_000511', 'episode_T_circle_obs0_000295', 'episode_T_circle_obs0_000581', 'episode_T_circle_obs0_000470', 'episode_T_circle_obs5_000005', 'episode_T_circle_obs0_000680', 'episode_T_circle_obs0_000098', 'episode_T_circle_obs0_000595', 'episode_T_circle_obs0_000228', 'episode_T_circle_obs0_000329', 'episode_T_circle_obs0_000192', 'episode_T_circle_obs10_000008', 'episode_T_circle_obs0_000069', 'episode_T_circle_obs0_000518', 'episode_T_circle_obs0_000628', 'episode_T_circle_obs0_000452', 'episode_T_circle_obs0_000453', 'episode_T_circle_obs0_000651', 'episode_T_circle_obs10_000011', 'episode_T_circle_obs0_000587', 'episode_T_circle_obs0_ontarget_000027', 'episode_T_circle_obs11_000005', 'episode_T_circle_obs0_000338', 'episode_T_circle_obs0_000198', 'episode_T_circle_obs11_000008', 'episode_T_circle_obs8_000014', 'episode_T_circle_obs0_000590', 'episode_T_circle_obs0_000097', 'episode_T_circle_obs0_000687', 'episode_T_circle_obs0_000299', 'episode_T_circle_obs0_000460', 'episode_T_circle_obs7_000005', 'episode_T_circle_obs0_000238', 'episode_T_circle_obs0_000035', 'episode_T_circle_obs3_000014', 'episode_T_circle_obs0_000086', 'episode_T_circle_obs0_000688', 'episode_T_circle_obs0_000529', 'episode_T_circle_obs0_000513', 'episode_T_circle_obs0_000278', 'episode_T_circle_obs0_000235', 'episode_T_circle_obs0_000279', 'episode_T_circle_obs0_000213', 'episode_T_circle_obs0_000413', 'episode_T_circle_obs8_000009', 'episode_T_circle_obs0_000707', 'episode_T_circle_obs0_000456', 'episode_T_circle_obs5_000002', 'episode_T_circle_obs0_000596', 'episode_T_circle_obs0_000505', 'episode_T_circle_obs0_000232', 'episode_T_circle_obs0_000163', 'episode_T_circle_obs1_000006', 'episode_T_circle_obs0_000043', 'episode_T_circle_obs0_000591', 'episode_T_circle_obs0_000072', 'episode_T_circle_obs0_000369', 'episode_T_circle_obs0_000046', 'episode_T_circle_obs0_ontarget_000004', 'episode_T_circle_obs0_000185', 'episode_T_circle_obs0_000344', 'episode_T_circle_obs0_000362', 'episode_T_circle_obs0_000106', 'episode_T_circle_obs0_000071', 'episode_T_circle_obs0_000523', 'episode_T_circle_obs0_000662', 'episode_T_circle_obs0_000549', 'episode_T_circle_obs11_000007', 'episode_T_circle_obs12_000000', 'episode_T_circle_obs0_000018', 'episode_T_circle_obs0_000030', 'episode_T_circle_obs0_000485', 'episode_T_circle_obs0_000428', 'episode_T_circle_obs12_000015', 'episode_T_circle_obs0_ontarget_000021', 'episode_T_circle_obs0_000268', 'episode_T_circle_obs0_000512', 'episode_T_circle_obs0_000229', 'episode_T_circle_obs3_000015', 'episode_T_circle_obs0_ontarget_000038', 'episode_T_circle_obs9_000007', 'episode_T_circle_obs0_000532', 'episode_T_circle_obs0_000560', 'episode_T_circle_obs0_000632', 'episode_T_circle_obs12_000012', 'episode_T_circle_obs0_ontarget_000033', 'episode_T_circle_obs0_000152', 'episode_T_circle_obs0_000441', 'episode_T_circle_obs0_000433', 'episode_T_circle_obs0_000464', 'episode_T_circle_obs0_000146', 'episode_T_circle_obs0_000062', 'episode_T_circle_obs0_000164', 'episode_T_circle_obs0_000350', 'episode_T_circle_obs11_000015', 'episode_T_circle_obs0_000059', 'episode_T_circle_obs0_000478', 'episode_T_circle_obs0_000297', 'episode_T_circle_obs0_000593', 'episode_T_circle_obs8_000000', 'episode_T_circle_obs0_000654', 'episode_T_circle_obs0_000535', 'episode_T_circle_obs0_000711', 'episode_T_circle_obs0_000006', 'episode_T_circle_obs5_000003', 'episode_T_circle_obs0_ontarget_000040', 'episode_T_circle_obs0_000103', 'episode_T_circle_obs0_000392', 'episode_T_circle_obs0_000698', 'episode_T_circle_obs0_000646', 'episode_T_circle_obs0_000387', 'episode_T_circle_obs3_000002', 'episode_T_circle_obs0_000061', 'episode_T_circle_obs0_000509', 'episode_T_circle_obs0_000353', 'episode_T_circle_obs0_000207', 'episode_T_circle_obs0_ontarget_000022', 'episode_T_circle_obs12_000010', 'episode_T_circle_obs5_000008', 'episode_T_circle_obs10_000001', 'episode_T_circle_obs0_000244', 'episode_T_circle_obs0_000256', 'episode_T_circle_obs0_000047', 'episode_T_circle_obs0_000422', 'episode_T_circle_obs0_000679', 'episode_T_circle_obs0_000561', 'episode_T_circle_obs0_000524', 'episode_T_circle_obs0_000254', 'episode_T_circle_obs0_000144', 'episode_T_circle_obs0_000012', 'episode_T_circle_obs0_000580', 'episode_T_circle_obs0_000606', 'episode_T_circle_obs0_000417', 'episode_T_circle_obs0_000690', 'episode_T_circle_obs0_000718', 'episode_T_circle_obs1_000013', 'episode_T_circle_obs0_000552', 'episode_T_circle_obs0_000321', 'episode_T_circle_obs0_000488', 'episode_T_circle_obs0_000394', 'episode_T_circle_obs11_000001', 'episode_T_circle_obs1_000005', 'episode_T_circle_obs0_000365', 'episode_T_circle_obs3_000000', 'episode_T_circle_obs0_000042', 'episode_T_circle_obs0_000457', 'episode_T_circle_obs0_000393', 'episode_T_circle_obs0_000395', 'episode_T_circle_obs0_000503', 'episode_T_circle_obs0_000444', 'episode_T_circle_obs1_000007', 'episode_T_circle_obs2_000010', 'episode_T_circle_obs11_000012', 'episode_T_circle_obs0_000450', 'episode_T_circle_obs4_000007', 'episode_T_circle_obs0_000211', 'episode_T_circle_obs7_000000', 'episode_T_circle_obs0_000574', 'episode_T_circle_obs3_000013', 'episode_T_circle_obs0_000111', 'episode_T_circle_obs0_000000', 'episode_T_circle_obs0_000179', 'episode_T_circle_obs0_000312', 'episode_T_circle_obs0_000390', 'episode_T_circle_obs0_000704', 'episode_T_circle_obs0_000519', 'episode_T_circle_obs0_000078', 'episode_T_circle_obs0_000589', 'episode_T_circle_obs0_000064', 'episode_T_circle_obs0_000294', 'episode_T_circle_obs10_000003', 'episode_T_circle_obs9_000014', 'episode_T_circle_obs0_000124', 'episode_T_circle_obs0_000134', 'episode_T_circle_obs0_000341', 'episode_T_circle_obs0_000584', 'episode_T_circle_obs3_000004', 'episode_T_circle_obs0_000202', 'episode_T_circle_obs0_000360', 'episode_T_circle_obs0_000439', 'episode_T_circle_obs0_000555', 'episode_T_circle_obs0_000101', 'episode_T_circle_obs0_000112', 'episode_T_circle_obs0_000498', 'episode_T_circle_obs11_000013', 'episode_T_circle_obs0_000326', 'episode_T_circle_obs2_000000', 'episode_T_circle_obs0_000102', 'episode_T_circle_obs0_000382', 'episode_T_circle_obs0_000346', 'episode_T_circle_obs0_000361', 'episode_T_circle_obs5_000013', 'episode_T_circle_obs0_000022', 'episode_T_circle_obs0_000272', 'episode_T_circle_obs0_000383', 'episode_T_circle_obs0_000643', 'episode_T_circle_obs0_000658', 'episode_T_circle_obs0_000296', 'episode_T_circle_obs0_000624', 'episode_T_circle_obs0_000442', 'episode_T_circle_obs0_000691', 'episode_T_circle_obs0_000391', 'episode_T_circle_obs0_000665', 'episode_T_circle_obs0_000692', 'episode_T_circle_obs0_000040', 'episode_T_circle_obs0_000567', 'episode_T_circle_obs0_000429', 'episode_T_circle_obs0_ontarget_000020', 'episode_T_circle_obs0_000126', 'episode_T_circle_obs7_000006', 'episode_T_circle_obs7_000013', 'episode_T_circle_obs3_000007', 'episode_T_circle_obs0_000659', 'episode_T_circle_obs12_000013', 'episode_T_circle_obs10_000000', 'episode_T_circle_obs4_000005', 'episode_T_circle_obs0_ontarget_000024', 'episode_T_circle_obs0_000402', 'episode_T_circle_obs0_000663', 'episode_T_circle_obs0_000224', 'episode_T_circle_obs6_000005', 'episode_T_circle_obs12_000011', 'episode_T_circle_obs0_000113', 'episode_T_circle_obs0_000107', 'episode_T_circle_obs0_000381', 'episode_T_circle_obs0_000671', 'episode_T_circle_obs0_000196', 'episode_T_circle_obs0_000208', 'episode_T_circle_obs0_000544', 'episode_T_circle_obs0_ontarget_000005', 'episode_T_circle_obs0_000664', 'episode_T_circle_obs0_000116', 'episode_T_circle_obs0_000604', 'episode_T_circle_obs0_000717', 'episode_T_circle_obs0_000547', 'episode_T_circle_obs0_000695', 'episode_T_circle_obs0_000009', 'episode_T_circle_obs0_000090', 'episode_T_circle_obs0_000109', 'episode_T_circle_obs0_000128', 'episode_T_circle_obs0_000132', 'episode_T_circle_obs4_000000', 'episode_T_circle_obs0_000253', 'episode_T_circle_obs0_000115', 'episode_T_circle_obs0_000537', 'episode_T_circle_obs0_000001', 'episode_T_circle_obs0_000615', 'episode_T_circle_obs0_000165', 'episode_T_circle_obs0_000139', 'episode_T_circle_obs0_000135', 'episode_T_circle_obs0_000259', 'episode_T_circle_obs0_ontarget_000006', 'episode_T_circle_obs0_ontarget_000010', 'episode_T_circle_obs0_ontarget_000046', 'episode_T_circle_obs1_000015', 'episode_T_circle_obs0_000388', 'episode_T_circle_obs0_000420', 'episode_T_circle_obs0_ontarget_000009', 'episode_T_circle_obs0_000270', 'episode_T_circle_obs0_000594', 'episode_T_circle_obs0_000077', 'episode_T_circle_obs0_000375', 'episode_T_circle_obs0_000085', 'episode_T_circle_obs0_000666', 'episode_T_circle_obs0_000068', 'episode_T_circle_obs0_000380', 'episode_T_circle_obs0_000597', 'episode_T_circle_obs0_000052', 'episode_T_circle_obs0_000366', 'episode_T_circle_obs0_000140', 'episode_T_circle_obs0_000038', 'episode_T_circle_obs0_000493', 'episode_T_circle_obs0_000031', 'episode_T_circle_obs1_000014', 'episode_T_circle_obs0_000633', 'episode_T_circle_obs0_000530', 'episode_T_circle_obs0_000508', 'episode_T_circle_obs0_000187', 'episode_T_circle_obs0_000249', 'episode_T_circle_obs0_000308', 'episode_T_circle_obs0_000670', 'episode_T_circle_obs0_000620', 'episode_T_circle_obs0_000481', 'episode_T_circle_obs0_000129', 'episode_T_circle_obs0_000449', 'episode_T_circle_obs0_000614', 'episode_T_circle_obs0_ontarget_000012', 'episode_T_circle_obs0_000239', 'episode_T_circle_obs0_000522', 'episode_T_circle_obs0_000220', 'episode_T_circle_obs0_000396', 'episode_T_circle_obs0_000526', 'episode_T_circle_obs0_000573', 'episode_T_circle_obs0_000291', 'episode_T_circle_obs0_000100', 'episode_T_circle_obs0_000293', 'episode_T_circle_obs0_000385', 'episode_T_circle_obs10_000002', 'episode_T_circle_obs0_000477', 'episode_T_circle_obs0_ontarget_000034', 'episode_T_circle_obs0_000045', 'episode_T_circle_obs0_000331', 'episode_T_circle_obs0_000020', 'episode_T_circle_obs0_000637', 'episode_T_circle_obs0_000172', 'episode_T_circle_obs0_000612', 'episode_T_circle_obs0_000023', 'episode_T_circle_obs0_ontarget_000019', 'episode_T_circle_obs0_000554', 'episode_T_circle_obs0_000426', 'episode_T_circle_obs6_000006', 'episode_T_circle_obs0_000601', 'episode_T_circle_obs0_000161', 'episode_T_circle_obs12_000014', 'episode_T_circle_obs0_000501', 'episode_T_circle_obs4_000004', 'episode_T_circle_obs0_000301', 'episode_T_circle_obs0_000063', 'episode_T_circle_obs0_000275', 'episode_T_circle_obs0_000373', 'episode_T_circle_obs0_000104', 'episode_T_circle_obs6_000016', 'episode_T_circle_obs0_000257', 'episode_T_circle_obs0_000318', 'episode_T_circle_obs12_000004', 'episode_T_circle_obs10_000006', 'episode_T_circle_obs11_000010', 'episode_T_circle_obs7_000007', 'episode_T_circle_obs0_000540', 'episode_T_circle_obs0_000241', 'episode_T_circle_obs3_000006', 'episode_T_circle_obs0_000480', 'episode_T_circle_obs4_000002', 'episode_T_circle_obs0_000357', 'episode_T_circle_obs0_000314', 'episode_T_circle_obs6_000004', 'episode_T_circle_obs0_000431', 'episode_T_circle_obs9_000013', 'episode_T_circle_obs0_000640', 'episode_T_circle_obs0_000351', 'episode_T_circle_obs0_000328', 'episode_T_circle_obs0_000379', 'episode_T_circle_obs0_000245', 'episode_T_circle_obs0_000406', 'episode_T_circle_obs0_000036', 'episode_T_circle_obs0_000474', 'episode_T_circle_obs0_000011', 'episode_T_circle_obs0_000014', 'episode_T_circle_obs0_000315', 'episode_T_circle_obs0_000105', 'episode_T_circle_obs0_000436', 'episode_T_circle_obs0_000619', 'episode_T_circle_obs0_000210', 'episode_T_circle_obs0_000622', 'episode_T_circle_obs9_000002', 'episode_T_circle_obs0_000657', 'episode_T_circle_obs0_000243', 'episode_T_circle_obs0_000162', 'episode_T_circle_obs0_000487', 'episode_T_circle_obs0_000673', 'episode_T_circle_obs0_000712', 'episode_T_circle_obs0_ontarget_000001', 'episode_T_circle_obs0_000195', 'episode_T_circle_obs0_000150', 'episode_T_circle_obs0_000617', 'episode_T_circle_obs0_000125', 'episode_T_circle_obs0_000280', 'episode_T_circle_obs0_000130', 'episode_T_circle_obs0_000168', 'episode_T_circle_obs6_000012', 'episode_T_circle_obs3_000008', 'episode_T_circle_obs0_000684', 'episode_T_circle_obs8_000003', 'episode_T_circle_obs0_000285', 'episode_T_circle_obs0_000171', 'episode_T_circle_obs0_000566', 'episode_T_circle_obs0_000598', 'episode_T_circle_obs0_000644', 'episode_T_circle_obs0_000716', 'episode_T_circle_obs0_ontarget_000000', 'episode_T_circle_obs0_000610', 'episode_T_circle_obs0_000621', 'episode_T_circle_obs0_000689', 'episode_T_circle_obs0_000041', 'episode_T_circle_obs0_000686', 'episode_T_circle_obs0_000536', 'episode_T_circle_obs0_000507', 'episode_T_circle_obs0_000169', 'episode_T_circle_obs0_000652', 'episode_T_circle_obs0_000108', 'episode_T_circle_obs4_000013', 'episode_T_circle_obs0_000490', 'episode_T_circle_obs0_000660', 'episode_T_circle_obs0_000400', 'episode_T_circle_obs0_000559', 'episode_T_circle_obs0_000368', 'episode_T_circle_obs0_000319', 'episode_T_circle_obs0_ontarget_000037', 'episode_T_circle_obs2_000015', 'episode_T_circle_obs0_000127', 'episode_T_circle_obs0_000495', 'episode_T_circle_obs0_000215', 'episode_T_circle_obs0_000267', 'episode_T_circle_obs0_000706', 'episode_T_circle_obs0_000076', 'episode_T_circle_obs0_000616', 'episode_T_circle_obs0_000627', 'episode_T_circle_obs0_000669', 'episode_T_circle_obs0_000218', 'episode_T_circle_obs0_000697', 'episode_T_circle_obs0_000093', 'episode_T_circle_obs0_ontarget_000032', 'episode_T_circle_obs0_000423', 'episode_T_circle_obs0_000320', 'episode_T_circle_obs0_000556', 'episode_T_circle_obs12_000008', 'episode_T_circle_obs0_000370', 'episode_T_circle_obs0_ontarget_000043', 'episode_T_circle_obs0_000156', 'episode_T_circle_obs0_000316', 'episode_T_circle_obs8_000001', 'episode_T_circle_obs0_000602', 'episode_T_circle_obs0_000131', 'episode_T_circle_obs0_000445', 'episode_T_circle_obs10_000013', 'episode_T_circle_obs0_000713', 'episode_T_circle_obs0_000407', 'episode_T_circle_obs0_000607', 'episode_T_circle_obs3_000016', 'episode_T_circle_obs0_000678', 'episode_T_circle_obs0_000714', 'episode_T_circle_obs0_000323', 'episode_T_circle_obs0_ontarget_000030', 'episode_T_circle_obs0_000415', 'episode_T_circle_obs0_ontarget_000047', 'episode_T_circle_obs10_000007', 'episode_T_circle_obs0_000167', 'episode_T_circle_obs6_000011', 'episode_T_circle_obs0_000017', 'episode_T_circle_obs0_000562', 'episode_T_circle_obs0_000611', 'episode_T_circle_obs0_000173', 'episode_T_circle_obs0_000110', 'episode_T_circle_obs0_000143', 'episode_T_circle_obs0_000265', 'episode_T_circle_obs12_000007', 'episode_T_circle_obs1_000011', 'episode_T_circle_obs0_000055', 'episode_T_circle_obs0_ontarget_000042', 'episode_T_circle_obs1_000010', 'episode_T_circle_obs0_000575', 'episode_T_circle_obs0_000374', 'episode_T_circle_obs0_000542', 'episode_T_circle_obs0_000650', 'episode_T_circle_obs0_000521', 'episode_T_circle_obs0_000025', 'episode_T_circle_obs0_000037', 'episode_T_circle_obs0_000325', 'episode_T_circle_obs0_000465', 'episode_T_circle_obs0_000309', 'episode_T_circle_obs0_000462', 'episode_T_circle_obs0_000180', 'episode_T_circle_obs0_000219', 'episode_T_circle_obs0_000054', 'episode_T_circle_obs0_000672', 'episode_T_circle_obs0_000694', 'episode_T_circle_obs8_000008', 'episode_T_circle_obs0_000700', 'episode_T_circle_obs0_000120', 'episode_T_circle_obs0_000472', 'episode_T_circle_obs0_000440', 'episode_T_circle_obs3_000005', 'episode_T_circle_obs0_000682', 'episode_T_circle_obs0_000408', 'episode_T_circle_obs0_000070', 'episode_T_circle_obs0_000080', 'episode_T_circle_obs0_000317', 'episode_T_circle_obs0_000354', 'episode_T_circle_obs9_000010', 'episode_T_circle_obs0_000335', 'episode_T_circle_obs1_000001', 'episode_T_circle_obs0_000174', 'episode_T_circle_obs0_000435', 'episode_T_circle_obs0_000186', 'episode_T_circle_obs0_000122', 'episode_T_circle_obs0_000056', 'episode_T_circle_obs0_ontarget_000018', 'episode_T_circle_obs0_000089', 'episode_T_circle_obs6_000007', 'episode_T_circle_obs0_000324', 'episode_T_circle_obs0_000333', 'episode_T_circle_obs11_000004', 'episode_T_circle_obs9_000001', 'episode_T_circle_obs0_000175', 'episode_T_circle_obs0_000497', 'episode_T_circle_obs0_000424', 'episode_T_circle_obs0_000371', 'episode_T_circle_obs0_000118', 'episode_T_circle_obs0_000133', 'episode_T_circle_obs0_000384', 'episode_T_circle_obs0_000451', 'episode_T_circle_obs0_000572', 'episode_T_circle_obs0_000661', 'episode_T_circle_obs0_000438', 'episode_T_circle_obs0_000033', 'episode_T_circle_obs12_000002', 'episode_T_circle_obs2_000005', 'episode_T_circle_obs5_000011', 'episode_T_circle_obs0_000337', 'episode_T_circle_obs0_000252', 'episode_T_circle_obs0_ontarget_000016', 'episode_T_circle_obs0_000141', 'episode_T_circle_obs0_000149', 'episode_T_circle_obs0_000183', 'episode_T_circle_obs0_000352', 'episode_T_circle_obs0_ontarget_000002', 'episode_T_circle_obs0_000625', 'episode_T_circle_obs0_000630', 'episode_T_circle_obs0_ontarget_000003', 'episode_T_circle_obs0_ontarget_000017', 'episode_T_circle_obs4_000014', 'episode_T_circle_obs5_000009', 'episode_T_circle_obs0_000639', 'episode_T_circle_obs0_000411', 'episode_T_circle_obs0_ontarget_000015', 'episode_T_circle_obs3_000011', 'episode_T_circle_obs0_000214', 'episode_T_circle_obs8_000005', 'episode_T_circle_obs0_000378', 'episode_T_circle_obs0_000151', 'episode_T_circle_obs0_000044', 'episode_T_circle_obs0_000349', 'episode_T_circle_obs0_000421', 'episode_T_circle_obs0_000248', 'episode_T_circle_obs0_ontarget_000007', 'episode_T_circle_obs0_000425', 'episode_T_circle_obs0_000541', 'episode_T_circle_obs12_000006', 'episode_T_circle_obs0_000618', 'episode_T_circle_obs0_000568', 'episode_T_circle_obs0_000551', 'episode_T_circle_obs0_000083', 'episode_T_circle_obs0_000626', 'episode_T_circle_obs0_000563', 'episode_T_circle_obs11_000006', 'episode_T_circle_obs0_000603', 'episode_T_circle_obs4_000006', 'episode_T_circle_obs0_000585', 'episode_T_circle_obs0_000147', 'episode_T_circle_obs0_000313', 'episode_T_circle_obs0_000286', 'episode_T_circle_obs0_000667', 'episode_T_circle_obs0_000004', 'episode_T_circle_obs9_000000', 'episode_T_circle_obs0_000355', 'episode_T_circle_obs0_000260', 'episode_T_circle_obs0_000538', 'episode_T_circle_obs0_000409', 'episode_T_circle_obs0_000648', 'episode_T_circle_obs0_ontarget_000029', 'episode_T_circle_obs0_000271', 'episode_T_circle_obs1_000000', 'episode_T_circle_obs0_000516', 'episode_T_circle_obs0_000631', 'episode_T_circle_obs0_ontarget_000036', 'episode_T_circle_obs0_000608', 'episode_T_circle_obs0_000024', 'episode_T_circle_obs9_000003', 'episode_T_circle_obs0_000520', 'episode_T_circle_obs0_000491', 'episode_T_circle_obs0_000705', 'episode_T_circle_obs1_000012', 'episode_T_circle_obs0_000510', 'episode_T_circle_obs0_000343', 'episode_T_circle_obs4_000010', 'episode_T_circle_obs0_000184', 'episode_T_circle_obs0_000088', 'episode_T_circle_obs0_000019', 'episode_T_circle_obs9_000009', 'episode_T_circle_obs5_000012', 'episode_T_circle_obs0_000204', 'episode_T_circle_obs0_000364', 'episode_T_circle_obs1_000008', 'episode_T_circle_obs0_000074', 'episode_T_circle_obs0_000255', 'episode_T_circle_obs0_000188', 'episode_T_circle_obs0_ontarget_000023', 'episode_T_circle_obs0_000178', 'episode_T_circle_obs0_000246', 'episode_T_circle_obs4_000008', 'episode_T_circle_obs0_000514', 'episode_T_circle_obs2_000012', 'episode_T_circle_obs0_000710', 'episode_T_circle_obs0_000053', 'episode_T_circle_obs0_000550', 'episode_T_circle_obs0_000190', 'episode_T_circle_obs0_ontarget_000039', 'episode_T_circle_obs11_000000', 'episode_T_circle_obs0_000506', 'episode_T_circle_obs0_000376', 'episode_T_circle_obs0_000458', 'episode_T_circle_obs0_000579', 'episode_T_circle_obs0_000539', 'episode_T_circle_obs6_000002', 'episode_T_circle_obs7_000003', 'episode_T_circle_obs0_000311', 'episode_T_circle_obs0_000003', 'episode_T_circle_obs0_000571', 'episode_T_circle_obs0_000322', 'episode_T_circle_obs0_000005', 'episode_T_circle_obs0_000007', 'episode_T_circle_obs0_000701', 'episode_T_circle_obs0_000026', 'episode_T_circle_obs0_000578', 'episode_T_circle_obs0_000082', 'episode_T_circle_obs0_000463', 'episode_T_circle_obs0_000305', 'episode_T_circle_obs6_000009', 'episode_T_circle_obs5_000014', 'episode_T_circle_obs6_000008', 'episode_T_circle_obs5_000004', 'episode_T_circle_obs0_000258', 'episode_T_circle_obs0_000048', 'episode_T_circle_obs0_000154', 'episode_T_circle_obs0_000123', 'episode_T_circle_obs0_000307', 'episode_T_circle_obs0_000206', 'episode_T_circle_obs0_000418', 'episode_T_circle_obs7_000014', 'episode_T_circle_obs4_000001', 'episode_T_circle_obs0_000276', 'episode_T_circle_obs0_000715', 'episode_T_circle_obs0_000334', 'episode_T_circle_obs0_000655', 'episode_T_circle_obs0_000558', 'episode_T_circle_obs11_000009', 'episode_T_circle_obs0_000032', 'episode_T_circle_obs4_000009', 'episode_T_circle_obs0_000136', 'episode_T_circle_obs0_000681', 'episode_T_circle_obs0_000095', 'episode_T_circle_obs0_000473', 'episode_T_circle_obs0_000261', 'episode_T_circle_obs0_000084', 'episode_T_circle_obs0_000468', 'episode_T_circle_obs0_ontarget_000045', 'episode_T_circle_obs0_000292', 'episode_T_circle_obs0_000121', 'episode_T_circle_obs0_000533', 'episode_T_circle_obs6_000000', 'episode_T_circle_obs8_000015', 'episode_T_circle_obs7_000010', 'episode_T_circle_obs0_000642', 'episode_T_circle_obs8_000004', 'episode_T_circle_obs0_000427', 'episode_T_circle_obs0_000234', 'episode_T_circle_obs0_000223', 'episode_T_circle_obs0_000482', 'episode_T_circle_obs0_000345', 'episode_T_circle_obs0_000217', 'episode_T_circle_obs0_000283', 'episode_T_circle_obs0_000636', 'episode_T_circle_obs0_000649', 'episode_T_circle_obs0_000091', 'episode_T_circle_obs0_000199', 'episode_T_circle_obs3_000003', 'episode_T_circle_obs7_000012', 'episode_T_circle_obs0_000029', 'episode_T_circle_obs0_000066', 'episode_T_circle_obs0_000494', 'episode_T_circle_obs0_000330', 'episode_T_circle_obs0_000049', 'episode_T_circle_obs0_000430', 'episode_T_circle_obs0_000264', 'episode_T_circle_obs0_000703', 'episode_T_circle_obs0_000177', 'episode_T_circle_obs0_000304', 'episode_T_circle_obs0_000515', 'episode_T_circle_obs0_000709', 'episode_T_circle_obs0_000342', 'episode_T_circle_obs0_000176', 'episode_T_circle_obs1_000002', 'episode_T_circle_obs0_000013', 'episode_T_circle_obs0_000050', 'episode_T_circle_obs0_000269', 'episode_T_circle_obs0_000298', 'episode_T_circle_obs0_000153', 'episode_T_circle_obs0_000443', 'episode_T_circle_obs0_000545', 'episode_T_circle_obs6_000003', 'episode_T_circle_obs0_000221', 'episode_T_circle_obs0_000087', 'episode_T_circle_obs0_000623', 'episode_T_circle_obs0_000683', 'episode_T_circle_obs0_000058', 'episode_T_circle_obs0_000656', 'episode_T_circle_obs0_000719', 'episode_T_circle_obs0_000240', 'episode_T_circle_obs5_000010', 'episode_T_circle_obs12_000009', 'episode_T_circle_obs0_000057', 'episode_T_circle_obs0_000588', 'episode_T_circle_obs0_000347', 'episode_T_circle_obs0_000160', 'episode_T_circle_obs0_000227', 'episode_T_circle_obs10_000014', 'episode_T_circle_obs8_000007', 'episode_T_circle_obs0_000189', 'episode_T_circle_obs0_000363', 'episode_T_circle_obs0_000405', 'episode_T_circle_obs4_000012', 'episode_T_circle_obs0_000099', 'episode_T_circle_obs0_000092', 'episode_T_circle_obs0_000263', 'episode_T_circle_obs0_000284', 'episode_T_circle_obs0_000201', 'episode_T_circle_obs0_000237', 'episode_T_circle_obs1_000003', 'episode_T_circle_obs0_000096', 'episode_T_circle_obs0_000142', 'episode_T_circle_obs0_000534', 'episode_T_circle_obs0_ontarget_000008', 'episode_T_circle_obs8_000006', 'episode_T_circle_obs0_000303', 'episode_T_circle_obs0_000209', 'episode_T_circle_obs0_000447', 'episode_T_circle_obs7_000001', 'episode_T_circle_obs0_000203', 'episode_T_circle_obs0_ontarget_000011', 'episode_T_circle_obs0_000010', 'episode_T_circle_obs0_000197', 'episode_T_circle_obs0_000051', 'episode_T_circle_obs0_000448', 'episode_T_circle_obs0_000569', 'episode_T_circle_obs0_000401', 'episode_T_circle_obs0_000302', 'episode_T_circle_obs0_000039', 'episode_T_circle_obs0_000231', 'episode_T_circle_obs0_000348', 'episode_T_circle_obs0_000289', 'episode_T_circle_obs6_000001', 'episode_T_circle_obs8_000016', 'episode_T_circle_obs5_000015', 'episode_T_circle_obs0_000525', 'episode_T_circle_obs0_000327', 'episode_T_circle_obs0_000484', 'episode_T_circle_obs0_000145', 'episode_T_circle_obs0_000065', 'episode_T_circle_obs0_000548', 'episode_T_circle_obs7_000015', 'episode_T_circle_obs0_000404', 'episode_T_circle_obs0_000205', 'episode_T_circle_obs10_000005', 'episode_T_circle_obs0_000577', 'episode_T_circle_obs8_000011', 'episode_T_circle_obs0_000166', 'episode_T_circle_obs10_000010', 'episode_T_circle_obs0_000416', 'episode_T_circle_obs0_000466', 'episode_T_circle_obs0_000397', 'episode_T_circle_obs0_000564', 'episode_T_circle_obs0_000182', 'episode_T_circle_obs0_000398', 'episode_T_circle_obs0_ontarget_000013', 'episode_T_circle_obs2_000004', 'episode_T_circle_obs0_000446', 'episode_T_circle_obs0_000412', 'episode_T_circle_obs0_000461', 'episode_T_circle_obs0_000155', 'episode_T_circle_obs0_000372', 'episode_T_circle_obs0_000668', 'episode_T_circle_obs5_000000', 'episode_T_circle_obs2_000006', 'episode_T_circle_obs0_000489', 'episode_T_circle_obs0_000216', 'episode_T_circle_obs0_000496', 'episode_T_circle_obs0_000079', 'episode_T_circle_obs0_000290', 'episode_T_circle_obs0_000557', 'episode_T_circle_obs0_000599', 'episode_T_circle_obs0_000340', 'episode_T_circle_obs0_000675', 'episode_T_circle_obs7_000011', 'episode_T_circle_obs0_000502', 'episode_T_circle_obs7_000004', 'episode_T_circle_obs0_ontarget_000025', 'episode_T_circle_obs0_000117', 'episode_T_circle_obs0_000377', 'episode_T_circle_obs10_000015', 'episode_T_circle_obs6_000014'}
[2026-06-06 05:48:02,982][egomimic.rldb.zarr.zarr_dataset_multi][INFO] - /coc/flash7/paphiwetsa3/datasets/new_circle_3/norm_stats.json is not a valid directory
[2026-06-06 05:48:02,982][__main__][INFO] - [rank: 0] Instantiating datamodule <egomimic.pl_utils.pl_data_utils.MultiDataModuleWrapper>
[2026-06-06 05:48:03,460][__main__][INFO] - [rank: 0] Inferring shapes for dataset <pushshapes_sim>
[2026-06-06 05:48:04,643][egomimic.rldb.zarr.zarr_dataset_multi][WARNING] - Failed to read metadata for /coc/flash7/paphiwetsa3/datasets/new_circle_3/training_logs: No group found in store '/coc/flash7/paphiwetsa3/datasets/new_circle_3/training_logs' at path ''
[2026-06-06 05:48:04,643][egomimic.rldb.zarr.zarr_dataset_multi][INFO] - Local filtered paths: [('/coc/flash7/paphiwetsa3/datasets/new_circle_3/episode_T_circle_obs0_000000.zarr', 'episode_T_circle_obs0_000000'), ('/coc/flash7/paphiwetsa3/datasets/new_circle_3/episode_T_circle_obs0_000001.zarr', 'episode_T_circle_obs0_000001'), ('/coc/flash7/paphiwetsa3/datasets/new_circle_3/episode_T_circle_obs0_000002.zarr', 'episode_T_circle_obs0_000002'), ('/coc/flash7/paphiwetsa3/datasets/new_circle_3/episode_T_circle_obs0_000003.zarr', 'episode_T_circle_obs0_000003'), ('/coc/flash7/paphiwetsa3/datasets/new_circle_3/episode_T_circle_obs0_000004.zarr', 'episode_T_circle_obs0_000004'), ('/coc/flash7/paphiwetsa3/datasets/new_circle_3/episode_T_circle_obs0_000005.zarr', 'episode_T_circle_obs0_000005'), ('/coc/flash7/paphiwetsa3/datasets/new_circle_3/episode_T_circle_obs0_000006.zarr', 'episode_T_circle_obs0_000006'), ('/coc/flash7/paphiwetsa3/datasets/new_circle_3/episode_T_circle_obs0_000007.zarr', 'episode_T_circle_obs0_000007'), ('/coc/flash7/paphiwetsa3/datasets/new_circle_3/episode_T_circle_obs0_000008.zarr', 'episode_T_circle_obs0_000008'), ('/coc/flash7/paphiwetsa3/datasets/new_circle_3/episode_T_circle_obs0_000009.zarr', 'episode_T_circle_obs0_000009'), ('/coc/flash7/paphiwetsa3/datasets/new_circle_3/episode_T_circle_obs0_000010.zarr', 'episode_T_circle_obs0_000010'), ('/coc/flash7/paphiwetsa3/datasets/new_circle_3/episode_T_circle_obs0_000011.zarr', 'episode_T_circle_obs0_000011'), ('/coc/flash7/paphiwetsa3/datasets/new_circle_3/episode_T_circle_obs0_000012.zarr', 'episode_T_circle_obs0_000012'), ('/coc/flash7/paphiwetsa3/datasets/new_circle_3/episode_T_circle_obs0_000013.zarr', 'episode_T_circle_obs0_000013'), ('/coc/flash7/paphiwetsa3/datasets/new_circle_3/episode_T_circle_obs0_000014.zarr', 'episode_T_circle_obs0_000014'), ('/coc/flash7/paphiwetsa3/datasets/new_circle_3/episode_T_circle_obs0_000015.zarr', 'episode_T_circle_obs0_000015'), ('/coc/flash7/paphiwetsa3/datasets/new_circle_3/episode_T_circle_obs0_000016.zarr', 'episode_T_circle_obs0_000016'), ('/coc/flash7/paphiwetsa3/datasets/new_circle_3/episode_T_circle_obs0_000017.zarr', 'episode_T_circle_obs0_000017'), ('/coc/flash7/paphiwetsa3/datasets/new_circle_3/episode_T_circle_obs0_000018.zarr', 'episode_T_circle_obs0_000018'), ('/coc/flash7/paphiwetsa3/datasets/new_circle_3/episode_T_circle_obs0_000019.zarr', 'episode_T_circle_obs0_000019'), ('/coc/flash7/paphiwetsa3/datasets/new_circle_3/episode_T_circle_obs0_000020.zarr', 'episode_T_circle_obs0_000020'), ('/coc/flash7/paphiwetsa3/datasets/new_circle_3/episode_T_circle_obs0_000021.zarr', 'episode_T_circle_obs0_000021'), ('/coc/flash7/paphiwetsa3/datasets/new_circle_3/episode_T_circle_obs0_000022.zarr', 'episode_T_circle_obs0_000022'), ('/coc/flash7/paphiwetsa3/datasets/new_circle_3/episode_T_circle_obs0_000023.zarr', 'episode_T_circle_obs0_000023'), ('/coc/flash7/paphiwetsa3/datasets/new_circle_3/episode_T_circle_obs0_000024.zarr', 'episode_T_circle_obs0_000024'), ('/coc/flash7/paphiwetsa3/datasets/new_circle_3/episode_T_circle_obs0_000025.zarr', 'episode_T_circle_obs0_000025'), ('/coc/flash7/paphiwetsa3/datasets/new_circle_3/episode_T_circle_obs0_000026.zarr', 'episode_T_circle_obs0_000026'), ('/coc/flash7/paphiwetsa3/datasets/new_circle_3/episode_T_circle_obs0_000027.zarr', 'episode_T_circle_obs0_000027'), ('/coc/flash7/paphiwetsa3/datasets/new_circle_3/episode_T_circle_obs0_000028.zarr', 'episode_T_circle_obs0_000028'), ('/coc/flash7/paphiwetsa3/datasets/new_circle_3/episode_T_circle_obs0_000029.zarr', 'episode_T_circle_obs0_000029'), ('/coc/flash7/paphiwetsa3/datasets/new_circle_3/episode_T_circle_obs0_000030.zarr', 'episode_T_circle_obs0_000030'), ('/coc/flash7/paphiwetsa3/datasets/new_circle_3/episode_T_circle_obs0_000031.zarr', 'episode_T_circle_obs0_000031'), ('/coc/flash7/paphiwetsa3/datasets/new_circle_3/episode_T_circle_obs0_000032.zarr', 'episode_T_circle_obs0_000032'), ('/coc/flash7/paphiwetsa3/datasets/new_circle_3/episode_T_circle_obs0_000033.zarr', 'episode_T_circle_obs0_000033'), ('/coc/flash7/paphiwetsa3/datasets/new_circle_3/episode_T_circle_obs0_000034.zarr', 'episode_T_circle_obs0_000034'), ('/coc/flash7/paphiwetsa3/datasets/new_circle_3/episode_T_circle_obs0_000035.zarr', 'episode_T_circle_obs0_000035'), ('/coc/flash7/paphiwetsa3/datasets/new_circle_3/episode_T_circle_obs0_000036.zarr', 'episode_T_circle_obs0_000036'), ('/coc/flash7/paphiwetsa3/datasets/new_circle_3/episode_T_circle_obs0_000037.zarr', 'episode_T_circle_obs0_000037'), ('/coc/flash7/paphiwetsa3/datasets/new_circle_3/episode_T_circle_obs0_000038.zarr', 'episode_T_circle_obs0_000038'), ('/coc/flash7/paphiwetsa3/datasets/new_circle_3/episode_T_circle_obs0_000039.zarr', 'episode_T_circle_obs0_000039'), ('/coc/flash7/paphiwetsa3/datasets/new_circle_3/episode_T_circle_obs0_000040.zarr', 'episode_T_circle_obs0_000040'), ('/coc/flash7/paphiwetsa3/datasets/new_circle_3/episode_T_circle_obs0_000041.zarr', 'episode_T_circle_obs0_000041'), ('/coc/flash7/paphiwetsa3/datasets/new_circle_3/episode_T_circle_obs0_000042.zarr', 'episode_T_circle_obs0_000042'), ('/coc/flash7/paphiwetsa3/datasets/new_circle_3/episode_T_circle_obs0_000043.zarr', 'episode_T_circle_obs0_000043'), ('/coc/flash7/paphiwetsa3/datasets/new_circle_3/episode_T_circle_obs0_000044.zarr', 'episode_T_circle_obs0_000044'), ('/coc/flash7/paphiwetsa3/datasets/new_circle_3/episode_T_circle_obs0_000045.zarr', 'episode_T_circle_obs0_000045'), ('/coc/flash7/paphiwetsa3/datasets/new_circle_3/episode_T_circle_obs0_000046.zarr', 'episode_T_circle_obs0_000046'), ('/coc/flash7/paphiwetsa3/datasets/new_circle_3/episode_T_circle_obs0_000047.zarr', 'episode_T_circle_obs0_000047'), ('/coc/flash7/paphiwetsa3/datasets/new_circle_3/episode_T_circle_obs0_000048.zarr', 'episode_T_circle_obs0_000048'), ('/coc/flash7/paphiwetsa3/datasets/new_circle_3/episode_T_circle_obs0_000049.zarr', 'episode_T_circle_obs0_000049'), ('/coc/flash7/paphiwetsa3/datasets/new_circle_3/episode_T_circle_obs0_000050.zarr', 'episode_T_circle_obs0_000050'), ('/coc/flash7/paphiwetsa3/datasets/new_circle_3/episode_T_circle_obs0_000051.zarr', 'episode_T_circle_obs0_000051'), ('/coc/flash7/paphiwetsa3/datasets/new_circle_3/episode_T_circle_obs0_000052.zarr', 'episode_T_circle_obs0_000052'), ('/coc/flash7/paphiwetsa3/datasets/new_circle_3/episode_T_circle_obs0_000053.zarr', 'episode_T_circle_obs0_000053'), ('/coc/flash7/paphiwetsa3/datasets/new_circle_3/episode_T_circle_obs0_000054.zarr', 'episode_T_circle_obs0_000054'), ('/coc/flash7/paphiwetsa3/datasets/new_circle_3/episode_T_circle_obs0_000055.zarr', 'episode_T_circle_obs0_000055'), ('/coc/flash7/paphiwetsa3/datasets/new_circle_3/episode_T_circle_obs0_000056.zarr', 'episode_T_circle_obs0_000056'), ('/coc/flash7/paphiwetsa3/datasets/new_circle_3/episode_T_circle_obs0_000057.zarr', 'episode_T_circle_obs0_000057'), ('/coc/flash7/paphiwetsa3/datasets/new_circle_3/episode_T_circle_obs0_000058.zarr', 'episode_T_circle_obs0_000058'), ('/coc/flash7/paphiwetsa3/datasets/new_circle_3/episode_T_circle_obs0_000059.zarr', 'episode_T_circle_obs0_000059'), ('/coc/flash7/paphiwetsa3/datasets/new_circle_3/episode_T_circle_obs0_000060.zarr', 'episode_T_circle_obs0_000060'), ('/coc/flash7/paphiwetsa3/datasets/new_circle_3/episode_T_circle_obs0_000061.zarr', 'episode_T_circle_obs0_000061'), ('/coc/flash7/paphiwetsa3/datasets/new_circle_3/episode_T_circle_obs0_000062.zarr', 'episode_T_circle_obs0_000062'), ('/coc/flash7/paphiwetsa3/datasets/new_circle_3/episode_T_circle_obs0_000063.zarr', 'episode_T_circle_obs0_000063'), ('/coc/flash7/paphiwetsa3/datasets/new_circle_3/episode_T_circle_obs0_000064.zarr', 'episode_T_circle_obs0_000064'), ('/coc/flash7/paphiwetsa3/datasets/new_circle_3/episode_T_circle_obs0_000065.zarr', 'episode_T_circle_obs0_000065'), ('/coc/flash7/paphiwetsa3/datasets/new_circle_3/episode_T_circle_obs0_000066.zarr', 'episode_T_circle_obs0_000066'), ('/coc/flash7/paphiwetsa3/datasets/new_circle_3/episode_T_circle_obs0_000067.zarr', 'episode_T_circle_obs0_000067'), ('/coc/flash7/paphiwetsa3/datasets/new_circle_3/episode_T_circle_obs0_000068.zarr', 'episode_T_circle_obs0_000068'), ('/coc/flash7/paphiwetsa3/datasets/new_circle_3/episode_T_circle_obs0_000069.zarr', 'episode_T_circle_obs0_000069'), ('/coc/flash7/paphiwetsa3/datasets/new_circle_3/episode_T_circle_obs0_000070.zarr', 'episode_T_circle_obs0_000070'), ('/coc/flash7/paphiwetsa3/datasets/new_circle_3/episode_T_circle_obs0_000071.zarr', 'episode_T_circle_obs0_000071'), ('/coc/flash7/paphiwetsa3/datasets/new_circle_3/episode_T_circle_obs0_000072.zarr', 'episode_T_circle_obs0_000072'), ('/coc/flash7/paphiwetsa3/datasets/new_circle_3/episode_T_circle_obs0_000073.zarr', 'episode_T_circle_obs0_000073'), ('/coc/flash7/paphiwetsa3/datasets/new_circle_3/episode_T_circle_obs0_000074.zarr', 'episode_T_circle_obs0_000074'), ('/coc/flash7/paphiwetsa3/datasets/new_circle_3/episode_T_circle_obs0_000075.zarr', 'episode_T_circle_obs0_000075'), ('/coc/flash7/paphiwetsa3/datasets/new_circle_3/episode_T_circle_obs0_000076.zarr', 'episode_T_circle_obs0_000076'), ('/coc/flash7/paphiwetsa3/datasets/new_circle_3/episode_T_circle_obs0_000077.zarr', 'episode_T_circle_obs0_000077'), ('/coc/flash7/paphiwetsa3/datasets/new_circle_3/episode_T_circle_obs0_000078.zarr', 'episode_T_circle_obs0_000078'), ('/coc/flash7/paphiwetsa3/datasets/new_circle_3/episode_T_circle_obs0_000079.zarr', 'episode_T_circle_obs0_000079'), ('/coc/flash7/paphiwetsa3/datasets/new_circle_3/episode_T_circle_obs0_000080.zarr', 'episode_T_circle_obs0_000080'), ('/coc/flash7/paphiwetsa3/datasets/new_circle_3/episode_T_circle_obs0_000081.zarr', 'episode_T_circle_obs0_000081'), ('/coc/flash7/paphiwetsa3/datasets/new_circle_3/episode_T_circle_obs0_000082.zarr', 'episode_T_circle_obs0_000082'), ('/coc/flash7/paphiwetsa3/datasets/new_circle_3/episode_T_circle_obs0_000083.zarr', 'episode_T_circle_obs0_000083'), ('/coc/flash7/paphiwetsa3/datasets/new_circle_3/episode_T_circle_obs0_000084.zarr', 'episode_T_circle_obs0_000084'), ('/coc/flash7/paphiwetsa3/datasets/new_circle_3/episode_T_circle_obs0_000085.zarr', 'episode_T_circle_obs0_000085'), ('/coc/flash7/paphiwetsa3/datasets/new_circle_3/episode_T_circle_obs0_000086.zarr', 'episode_T_circle_obs0_000086'), ('/coc/flash7/paphiwetsa3/datasets/new_circle_3/episode_T_circle_obs0_000087.zarr', 'episode_T_circle_obs0_000087'), ('/coc/flash7/paphiwetsa3/datasets/new_circle_3/episode_T_circle_obs0_000088.zarr', 'episode_T_circle_obs0_000088'), ('/coc/flash7/paphiwetsa3/datasets/new_circle_3/episode_T_circle_obs0_000089.zarr', 'episode_T_circle_obs0_000089'), ('/coc/flash7/paphiwetsa3/datasets/new_circle_3/episode_T_circle_obs0_000090.zarr', 'episode_T_circle_obs0_000090'), ('/coc/flash7/paphiwetsa3/datasets/new_circle_3/episode_T_circle_obs0_000091.zarr', 'episode_T_circle_obs0_000091'), ('/coc/flash7/paphiwetsa3/datasets/new_circle_3/episode_T_circle_obs0_000092.zarr', 'episode_T_circle_obs0_000092'), ('/coc/flash7/paphiwetsa3/datasets/new_circle_3/episode_T_circle_obs0_000093.zarr', 'episode_T_circle_obs0_000093'), ('/coc/flash7/paphiwetsa3/datasets/new_circle_3/episode_T_circle_obs0_000094.zarr', 'episode_T_circle_obs0_000094'), ('/coc/flash7/paphiwetsa3/datasets/new_circle_3/episode_T_circle_obs0_000095.zarr', 'episode_T_circle_obs0_000095'), ('/coc/flash7/paphiwetsa3/datasets/new_circle_3/episode_T_circle_obs0_000096.zarr', 'episode_T_circle_obs0_000096'), ('/coc/flash7/paphiwetsa3/datasets/new_circle_3/episode_T_circle_obs0_000097.zarr', 'episode_T_circle_obs0_000097'), ('/coc/flash7/paphiwetsa3/datasets/new_circle_3/episode_T_circle_obs0_000098.zarr', 'episode_T_circle_obs0_000098'), ('/coc/flash7/paphiwetsa3/datasets/new_circle_3/episode_T_circle_obs0_000099.zarr', 'episode_T_circle_obs0_000099'), ('/coc/flash7/paphiwetsa3/datasets/new_circle_3/episode_T_circle_obs0_000100.zarr', 'episode_T_circle_obs0_000100'), ('/coc/flash7/paphiwetsa3/datasets/new_circle_3/episode_T_circle_obs0_000101.zarr', 'episode_T_circle_obs0_000101'), ('/coc/flash7/paphiwetsa3/datasets/new_circle_3/episode_T_circle_obs0_000102.zarr', 'episode_T_circle_obs0_000102'), ('/coc/flash7/paphiwetsa3/datasets/new_circle_3/episode_T_circle_obs0_000103.zarr', 'episode_T_circle_obs0_000103'), ('/coc/flash7/paphiwetsa3/datasets/new_circle_3/episode_T_circle_obs0_000104.zarr', 'episode_T_circle_obs0_000104'), ('/coc/flash7/paphiwetsa3/datasets/new_circle_3/episode_T_circle_obs0_000105.zarr', 'episode_T_circle_obs0_000105'), ('/coc/flash7/paphiwetsa3/datasets/new_circle_3/episode_T_circle_obs0_000106.zarr', 'episode_T_circle_obs0_000106'), ('/coc/flash7/paphiwetsa3/datasets/new_circle_3/episode_T_circle_obs0_000107.zarr', 'episode_T_circle_obs0_000107'), ('/coc/flash7/paphiwetsa3/datasets/new_circle_3/episode_T_circle_obs0_000108.zarr', 'episode_T_circle_obs0_000108'), ('/coc/flash7/paphiwetsa3/datasets/new_circle_3/episode_T_circle_obs0_000109.zarr', 'episode_T_circle_obs0_000109'), ('/coc/flash7/paphiwetsa3/datasets/new_circle_3/episode_T_circle_obs0_000110.zarr', 'episode_T_circle_obs0_000110'), ('/coc/flash7/paphiwetsa3/datasets/new_circle_3/episode_T_circle_obs0_000111.zarr', 'episode_T_circle_obs0_000111'), ('/coc/flash7/paphiwetsa3/datasets/new_circle_3/episode_T_circle_obs0_000112.zarr', 'episode_T_circle_obs0_000112'), ('/coc/flash7/paphiwetsa3/datasets/new_circle_3/episode_T_circle_obs0_000113.zarr', 'episode_T_circle_obs0_000113'), ('/coc/flash7/paphiwetsa3/datasets/new_circle_3/episode_T_circle_obs0_000114.zarr', 'episode_T_circle_obs0_000114'), ('/coc/flash7/paphiwetsa3/datasets/new_circle_3/episode_T_circle_obs0_000115.zarr', 'episode_T_circle_obs0_000115'), ('/coc/flash7/paphiwetsa3/datasets/new_circle_3/episode_T_circle_obs0_000116.zarr', 'episode_T_circle_obs0_000116'), ('/coc/flash7/paphiwetsa3/datasets/new_circle_3/episode_T_circle_obs0_000117.zarr', 'episode_T_circle_obs0_000117'), ('/coc/flash7/paphiwetsa3/datasets/new_circle_3/episode_T_circle_obs0_000118.zarr', 'episode_T_circle_obs0_000118'), ('/coc/flash7/paphiwetsa3/datasets/new_circle_3/episode_T_circle_obs0_000119.zarr', 'episode_T_circle_obs0_000119'), ('/coc/flash7/paphiwetsa3/datasets/new_circle_3/episode_T_circle_obs0_000120.zarr', 'episode_T_circle_obs0_000120'), ('/coc/flash7/paphiwetsa3/datasets/new_circle_3/episode_T_circle_obs0_000121.zarr', 'episode_T_circle_obs0_000121'), ('/coc/flash7/paphiwetsa3/datasets/new_circle_3/episode_T_circle_obs0_000122.zarr', 'episode_T_circle_obs0_000122'), ('/coc/flash7/paphiwetsa3/datasets/new_circle_3/episode_T_circle_obs0_000123.zarr', 'episode_T_circle_obs0_000123'), ('/coc/flash7/paphiwetsa3/datasets/new_circle_3/episode_T_circle_obs0_000124.zarr', 'episode_T_circle_obs0_000124'), ('/coc/flash7/paphiwetsa3/datasets/new_circle_3/episode_T_circle_obs0_000125.zarr', 'episode_T_circle_obs0_000125'), ('/coc/flash7/paphiwetsa3/datasets/new_circle_3/episode_T_circle_obs0_000126.zarr', 'episode_T_circle_obs0_000126'), ('/coc/flash7/paphiwetsa3/datasets/new_circle_3/episode_T_circle_obs0_000127.zarr', 'episode_T_circle_obs0_000127'), ('/coc/flash7/paphiwetsa3/datasets/new_circle_3/episode_T_circle_obs0_000128.zarr', 'episode_T_circle_obs0_000128'), ('/coc/flash7/paphiwetsa3/datasets/new_circle_3/episode_T_circle_obs0_000129.zarr', 'episode_T_circle_obs0_000129'), ('/coc/flash7/paphiwetsa3/datasets/new_circle_3/episode_T_circle_obs0_000130.zarr', 'episode_T_circle_obs0_000130'), ('/coc/flash7/paphiwetsa3/datasets/new_circle_3/episode_T_circle_obs0_000131.zarr', 'episode_T_circle_obs0_000131'), ('/coc/flash7/paphiwetsa3/datasets/new_circle_3/episode_T_circle_obs0_000132.zarr', 'episode_T_circle_obs0_000132'), ('/coc/flash7/paphiwetsa3/datasets/new_circle_3/episode_T_circle_obs0_000133.zarr', 'episode_T_circle_obs0_000133'), ('/coc/flash7/paphiwetsa3/datasets/new_circle_3/episode_T_circle_obs0_000134.zarr', 'episode_T_circle_obs0_000134'), ('/coc/flash7/paphiwetsa3/datasets/new_circle_3/episode_T_circle_obs0_000135.zarr', 'episode_T_circle_obs0_000135'), ('/coc/flash7/paphiwetsa3/datasets/new_circle_3/episode_T_circle_obs0_000136.zarr', 'episode_T_circle_obs0_000136'), ('/coc/flash7/paphiwetsa3/datasets/new_circle_3/episode_T_circle_obs0_000137.zarr', 'episode_T_circle_obs0_000137'), ('/coc/flash7/paphiwetsa3/datasets/new_circle_3/episode_T_circle_obs0_000138.zarr', 'episode_T_circle_obs0_000138'), ('/coc/flash7/paphiwetsa3/datasets/new_circle_3/episode_T_circle_obs0_000139.zarr', 'episode_T_circle_obs0_000139'), ('/coc/flash7/paphiwetsa3/datasets/new_circle_3/episode_T_circle_obs0_000140.zarr', 'episode_T_circle_obs0_000140'), ('/coc/flash7/paphiwetsa3/datasets/new_circle_3/episode_T_circle_obs0_000141.zarr', 'episode_T_circle_obs0_000141'), ('/coc/flash7/paphiwetsa3/datasets/new_circle_3/episode_T_circle_obs0_000142.zarr', 'episode_T_circle_obs0_000142'), ('/coc/flash7/paphiwetsa3/datasets/new_circle_3/episode_T_circle_obs0_000143.zarr', 'episode_T_circle_obs0_000143'), ('/coc/flash7/paphiwetsa3/datasets/new_circle_3/episode_T_circle_obs0_000144.zarr', 'episode_T_circle_obs0_000144'), ('/coc/flash7/paphiwetsa3/datasets/new_circle_3/episode_T_circle_obs0_000145.zarr', 'episode_T_circle_obs0_000145'), ('/coc/flash7/paphiwetsa3/datasets/new_circle_3/episode_T_circle_obs0_000146.zarr', 'episode_T_circle_obs0_000146'), ('/coc/flash7/paphiwetsa3/datasets/new_circle_3/episode_T_circle_obs0_000147.zarr', 'episode_T_circle_obs0_000147'), ('/coc/flash7/paphiwetsa3/datasets/new_circle_3/episode_T_circle_obs0_000148.zarr', 'episode_T_circle_obs0_000148'), ('/coc/flash7/paphiwetsa3/datasets/new_circle_3/episode_T_circle_obs0_000149.zarr', 'episode_T_circle_obs0_000149'), ('/coc/flash7/paphiwetsa3/datasets/new_circle_3/episode_T_circle_obs0_000150.zarr', 'episode_T_circle_obs0_000150'), ('/coc/flash7/paphiwetsa3/datasets/new_circle_3/episode_T_circle_obs0_000151.zarr', 'episode_T_circle_obs0_000151'), ('/coc/flash7/paphiwetsa3/datasets/new_circle_3/episode_T_circle_obs0_000152.zarr', 'episode_T_circle_obs0_000152'), ('/coc/flash7/paphiwetsa3/datasets/new_circle_3/episode_T_circle_obs0_000153.zarr', 'episode_T_circle_obs0_000153'), ('/coc/flash7/paphiwetsa3/datasets/new_circle_3/episode_T_circle_obs0_000154.zarr', 'episode_T_circle_obs0_000154'), ('/coc/flash7/paphiwetsa3/datasets/new_circle_3/episode_T_circle_obs0_000155.zarr', 'episode_T_circle_obs0_000155'), ('/coc/flash7/paphiwetsa3/datasets/new_circle_3/episode_T_circle_obs0_000156.zarr', 'episode_T_circle_obs0_000156'), ('/coc/flash7/paphiwetsa3/datasets/new_circle_3/episode_T_circle_obs0_000157.zarr', 'episode_T_circle_obs0_000157'), ('/coc/flash7/paphiwetsa3/datasets/new_circle_3/episode_T_circle_obs0_000158.zarr', 'episode_T_circle_obs0_000158'), ('/coc/flash7/paphiwetsa3/datasets/new_circle_3/episode_T_circle_obs0_000159.zarr', 'episode_T_circle_obs0_000159'), ('/coc/flash7/paphiwetsa3/datasets/new_circle_3/episode_T_circle_obs0_000160.zarr', 'episode_T_circle_obs0_000160'), ('/coc/flash7/paphiwetsa3/datasets/new_circle_3/episode_T_circle_obs0_000161.zarr', 'episode_T_circle_obs0_000161'), ('/coc/flash7/paphiwetsa3/datasets/new_circle_3/episode_T_circle_obs0_000162.zarr', 'episode_T_circle_obs0_000162'), ('/coc/flash7/paphiwetsa3/datasets/new_circle_3/episode_T_circle_obs0_000163.zarr', 'episode_T_circle_obs0_000163'), ('/coc/flash7/paphiwetsa3/datasets/new_circle_3/episode_T_circle_obs0_000164.zarr', 'episode_T_circle_obs0_000164'), ('/coc/flash7/paphiwetsa3/datasets/new_circle_3/episode_T_circle_obs0_000165.zarr', 'episode_T_circle_obs0_000165'), ('/coc/flash7/paphiwetsa3/datasets/new_circle_3/episode_T_circle_obs0_000166.zarr', 'episode_T_circle_obs0_000166'), ('/coc/flash7/paphiwetsa3/datasets/new_circle_3/episode_T_circle_obs0_000167.zarr', 'episode_T_circle_obs0_000167'), ('/coc/flash7/paphiwetsa3/datasets/new_circle_3/episode_T_circle_obs0_000168.zarr', 'episode_T_circle_obs0_000168'), ('/coc/flash7/paphiwetsa3/datasets/new_circle_3/episode_T_circle_obs0_000169.zarr', 'episode_T_circle_obs0_000169'), ('/coc/flash7/paphiwetsa3/datasets/new_circle_3/episode_T_circle_obs0_000170.zarr', 'episode_T_circle_obs0_000170'), ('/coc/flash7/paphiwetsa3/datasets/new_circle_3/episode_T_circle_obs0_000171.zarr', 'episode_T_circle_obs0_000171'), ('/coc/flash7/paphiwetsa3/datasets/new_circle_3/episode_T_circle_obs0_000172.zarr', 'episode_T_circle_obs0_000172'), ('/coc/flash7/paphiwetsa3/datasets/new_circle_3/episode_T_circle_obs0_000173.zarr', 'episode_T_circle_obs0_000173'), ('/coc/flash7/paphiwetsa3/datasets/new_circle_3/episode_T_circle_obs0_000174.zarr', 'episode_T_circle_obs0_000174'), ('/coc/flash7/paphiwetsa3/datasets/new_circle_3/episode_T_circle_obs0_000175.zarr', 'episode_T_circle_obs0_000175'), ('/coc/flash7/paphiwetsa3/datasets/new_circle_3/episode_T_circle_obs0_000176.zarr', 'episode_T_circle_obs0_000176'), ('/coc/flash7/paphiwetsa3/datasets/new_circle_3/episode_T_circle_obs0_000177.zarr', 'episode_T_circle_obs0_000177'), ('/coc/flash7/paphiwetsa3/datasets/new_circle_3/episode_T_circle_obs0_000178.zarr', 'episode_T_circle_obs0_000178'), ('/coc/flash7/paphiwetsa3/datasets/new_circle_3/episode_T_circle_obs0_000179.zarr', 'episode_T_circle_obs0_000179'), ('/coc/flash7/paphiwetsa3/datasets/new_circle_3/episode_T_circle_obs0_000180.zarr', 'episode_T_circle_obs0_000180'), ('/coc/flash7/paphiwetsa3/datasets/new_circle_3/episode_T_circle_obs0_000181.zarr', 'episode_T_circle_obs0_000181'), ('/coc/flash7/paphiwetsa3/datasets/new_circle_3/episode_T_circle_obs0_000182.zarr', 'episode_T_circle_obs0_000182'), ('/coc/flash7/paphiwetsa3/datasets/new_circle_3/episode_T_circle_obs0_000183.zarr', 'episode_T_circle_obs0_000183'), ('/coc/flash7/paphiwetsa3/datasets/new_circle_3/episode_T_circle_obs0_000184.zarr', 'episode_T_circle_obs0_000184'), ('/coc/flash7/paphiwetsa3/datasets/new_circle_3/episode_T_circle_obs0_000185.zarr', 'episode_T_circle_obs0_000185'), ('/coc/flash7/paphiwetsa3/datasets/new_circle_3/episode_T_circle_obs0_000186.zarr', 'episode_T_circle_obs0_000186'), ('/coc/flash7/paphiwetsa3/datasets/new_circle_3/episode_T_circle_obs0_000187.zarr', 'episode_T_circle_obs0_000187'), ('/coc/flash7/paphiwetsa3/datasets/new_circle_3/episode_T_circle_obs0_000188.zarr', 'episode_T_circle_obs0_000188'), ('/coc/flash7/paphiwetsa3/datasets/new_circle_3/episode_T_circle_obs0_000189.zarr', 'episode_T_circle_obs0_000189'), ('/coc/flash7/paphiwetsa3/datasets/new_circle_3/episode_T_circle_obs0_000190.zarr', 'episode_T_circle_obs0_000190'), ('/coc/flash7/paphiwetsa3/datasets/new_circle_3/episode_T_circle_obs0_000191.zarr', 'episode_T_circle_obs0_000191'), ('/coc/flash7/paphiwetsa3/datasets/new_circle_3/episode_T_circle_obs0_000192.zarr', 'episode_T_circle_obs0_000192'), ('/coc/flash7/paphiwetsa3/datasets/new_circle_3/episode_T_circle_obs0_000193.zarr', 'episode_T_circle_obs0_000193'), ('/coc/flash7/paphiwetsa3/datasets/new_circle_3/episode_T_circle_obs0_000194.zarr', 'episode_T_circle_obs0_000194'), ('/coc/flash7/paphiwetsa3/datasets/new_circle_3/episode_T_circle_obs0_000195.zarr', 'episode_T_circle_obs0_000195'), ('/coc/flash7/paphiwetsa3/datasets/new_circle_3/episode_T_circle_obs0_000196.zarr', 'episode_T_circle_obs0_000196'), ('/coc/flash7/paphiwetsa3/datasets/new_circle_3/episode_T_circle_obs0_000197.zarr', 'episode_T_circle_obs0_000197'), ('/coc/flash7/paphiwetsa3/datasets/new_circle_3/episode_T_circle_obs0_000198.zarr', 'episode_T_circle_obs0_000198'), ('/coc/flash7/paphiwetsa3/datasets/new_circle_3/episode_T_circle_obs0_000199.zarr', 'episode_T_circle_obs0_000199'), ('/coc/flash7/paphiwetsa3/datasets/new_circle_3/episode_T_circle_obs0_000200.zarr', 'episode_T_circle_obs0_000200'), ('/coc/flash7/paphiwetsa3/datasets/new_circle_3/episode_T_circle_obs0_000201.zarr', 'episode_T_circle_obs0_000201'), ('/coc/flash7/paphiwetsa3/datasets/new_circle_3/episode_T_circle_obs0_000202.zarr', 'episode_T_circle_obs0_000202'), ('/coc/flash7/paphiwetsa3/datasets/new_circle_3/episode_T_circle_obs0_000203.zarr', 'episode_T_circle_obs0_000203'), ('/coc/flash7/paphiwetsa3/datasets/new_circle_3/episode_T_circle_obs0_000204.zarr', 'episode_T_circle_obs0_000204'), ('/coc/flash7/paphiwetsa3/datasets/new_circle_3/episode_T_circle_obs0_000205.zarr', 'episode_T_circle_obs0_000205'), ('/coc/flash7/paphiwetsa3/datasets/new_circle_3/episode_T_circle_obs0_000206.zarr', 'episode_T_circle_obs0_000206'), ('/coc/flash7/paphiwetsa3/datasets/new_circle_3/episode_T_circle_obs0_000207.zarr', 'episode_T_circle_obs0_000207'), ('/coc/flash7/paphiwetsa3/datasets/new_circle_3/episode_T_circle_obs0_000208.zarr', 'episode_T_circle_obs0_000208'), ('/coc/flash7/paphiwetsa3/datasets/new_circle_3/episode_T_circle_obs0_000209.zarr', 'episode_T_circle_obs0_000209'), ('/coc/flash7/paphiwetsa3/datasets/new_circle_3/episode_T_circle_obs0_000210.zarr', 'episode_T_circle_obs0_000210'), ('/coc/flash7/paphiwetsa3/datasets/new_circle_3/episode_T_circle_obs0_000211.zarr', 'episode_T_circle_obs0_000211'), ('/coc/flash7/paphiwetsa3/datasets/new_circle_3/episode_T_circle_obs0_000212.zarr', 'episode_T_circle_obs0_000212'), ('/coc/flash7/paphiwetsa3/datasets/new_circle_3/episode_T_circle_obs0_000213.zarr', 'episode_T_circle_obs0_000213'), ('/coc/flash7/paphiwetsa3/datasets/new_circle_3/episode_T_circle_obs0_000214.zarr', 'episode_T_circle_obs0_000214'), ('/coc/flash7/paphiwetsa3/datasets/new_circle_3/episode_T_circle_obs0_000215.zarr', 'episode_T_circle_obs0_000215'), ('/coc/flash7/paphiwetsa3/datasets/new_circle_3/episode_T_circle_obs0_000216.zarr', 'episode_T_circle_obs0_000216'), ('/coc/flash7/paphiwetsa3/datasets/new_circle_3/episode_T_circle_obs0_000217.zarr', 'episode_T_circle_obs0_000217'), ('/coc/flash7/paphiwetsa3/datasets/new_circle_3/episode_T_circle_obs0_000218.zarr', 'episode_T_circle_obs0_000218'), ('/coc/flash7/paphiwetsa3/datasets/new_circle_3/episode_T_circle_obs0_000219.zarr', 'episode_T_circle_obs0_000219'), ('/coc/flash7/paphiwetsa3/datasets/new_circle_3/episode_T_circle_obs0_000220.zarr', 'episode_T_circle_obs0_000220'), ('/coc/flash7/paphiwetsa3/datasets/new_circle_3/episode_T_circle_obs0_000221.zarr', 'episode_T_circle_obs0_000221'), ('/coc/flash7/paphiwetsa3/datasets/new_circle_3/episode_T_circle_obs0_000223.zarr', 'episode_T_circle_obs0_000223'), ('/coc/flash7/paphiwetsa3/datasets/new_circle_3/episode_T_circle_obs0_000224.zarr', 'episode_T_circle_obs0_000224'), ('/coc/flash7/paphiwetsa3/datasets/new_circle_3/episode_T_circle_obs0_000225.zarr', 'episode_T_circle_obs0_000225'), ('/coc/flash7/paphiwetsa3/datasets/new_circle_3/episode_T_circle_obs0_000226.zarr', 'episode_T_circle_obs0_000226'), ('/coc/flash7/paphiwetsa3/datasets/new_circle_3/episode_T_circle_obs0_000227.zarr', 'episode_T_circle_obs0_000227'), ('/coc/flash7/paphiwetsa3/datasets/new_circle_3/episode_T_circle_obs0_000228.zarr', 'episode_T_circle_obs0_000228'), ('/coc/flash7/paphiwetsa3/datasets/new_circle_3/episode_T_circle_obs0_000229.zarr', 'episode_T_circle_obs0_000229'), ('/coc/flash7/paphiwetsa3/datasets/new_circle_3/episode_T_circle_obs0_000230.zarr', 'episode_T_circle_obs0_000230'), ('/coc/flash7/paphiwetsa3/datasets/new_circle_3/episode_T_circle_obs0_000231.zarr', 'episode_T_circle_obs0_000231'), ('/coc/flash7/paphiwetsa3/datasets/new_circle_3/episode_T_circle_obs0_000232.zarr', 'episode_T_circle_obs0_000232'), ('/coc/flash7/paphiwetsa3/datasets/new_circle_3/episode_T_circle_obs0_000233.zarr', 'episode_T_circle_obs0_000233'), ('/coc/flash7/paphiwetsa3/datasets/new_circle_3/episode_T_circle_obs0_000234.zarr', 'episode_T_circle_obs0_000234'), ('/coc/flash7/paphiwetsa3/datasets/new_circle_3/episode_T_circle_obs0_000235.zarr', 'episode_T_circle_obs0_000235'), ('/coc/flash7/paphiwetsa3/datasets/new_circle_3/episode_T_circle_obs0_000236.zarr', 'episode_T_circle_obs0_000236'), ('/coc/flash7/paphiwetsa3/datasets/new_circle_3/episode_T_circle_obs0_000237.zarr', 'episode_T_circle_obs0_000237'), ('/coc/flash7/paphiwetsa3/datasets/new_circle_3/episode_T_circle_obs0_000238.zarr', 'episode_T_circle_obs0_000238'), ('/coc/flash7/paphiwetsa3/datasets/new_circle_3/episode_T_circle_obs0_000239.zarr', 'episode_T_circle_obs0_000239'), ('/coc/flash7/paphiwetsa3/datasets/new_circle_3/episode_T_circle_obs0_000240.zarr', 'episode_T_circle_obs0_000240'), ('/coc/flash7/paphiwetsa3/datasets/new_circle_3/episode_T_circle_obs0_000241.zarr', 'episode_T_circle_obs0_000241'), ('/coc/flash7/paphiwetsa3/datasets/new_circle_3/episode_T_circle_obs0_000242.zarr', 'episode_T_circle_obs0_000242'), ('/coc/flash7/paphiwetsa3/datasets/new_circle_3/episode_T_circle_obs0_000243.zarr', 'episode_T_circle_obs0_000243'), ('/coc/flash7/paphiwetsa3/datasets/new_circle_3/episode_T_circle_obs0_000244.zarr', 'episode_T_circle_obs0_000244'), ('/coc/flash7/paphiwetsa3/datasets/new_circle_3/episode_T_circle_obs0_000245.zarr', 'episode_T_circle_obs0_000245'), ('/coc/flash7/paphiwetsa3/datasets/new_circle_3/episode_T_circle_obs0_000246.zarr', 'episode_T_circle_obs0_000246'), ('/coc/flash7/paphiwetsa3/datasets/new_circle_3/episode_T_circle_obs0_000247.zarr', 'episode_T_circle_obs0_000247'), ('/coc/flash7/paphiwetsa3/datasets/new_circle_3/episode_T_circle_obs0_000248.zarr', 'episode_T_circle_obs0_000248'), ('/coc/flash7/paphiwetsa3/datasets/new_circle_3/episode_T_circle_obs0_000249.zarr', 'episode_T_circle_obs0_000249'), ('/coc/flash7/paphiwetsa3/datasets/new_circle_3/episode_T_circle_obs0_000250.zarr', 'episode_T_circle_obs0_000250'), ('/coc/flash7/paphiwetsa3/datasets/new_circle_3/episode_T_circle_obs0_000251.zarr', 'episode_T_circle_obs0_000251'), ('/coc/flash7/paphiwetsa3/datasets/new_circle_3/episode_T_circle_obs0_000252.zarr', 'episode_T_circle_obs0_000252'), ('/coc/flash7/paphiwetsa3/datasets/new_circle_3/episode_T_circle_obs0_000253.zarr', 'episode_T_circle_obs0_000253'), ('/coc/flash7/paphiwetsa3/datasets/new_circle_3/episode_T_circle_obs0_000254.zarr', 'episode_T_circle_obs0_000254'), ('/coc/flash7/paphiwetsa3/datasets/new_circle_3/episode_T_circle_obs0_000255.zarr', 'episode_T_circle_obs0_000255'), ('/coc/flash7/paphiwetsa3/datasets/new_circle_3/episode_T_circle_obs0_000256.zarr', 'episode_T_circle_obs0_000256'), ('/coc/flash7/paphiwetsa3/datasets/new_circle_3/episode_T_circle_obs0_000257.zarr', 'episode_T_circle_obs0_000257'), ('/coc/flash7/paphiwetsa3/datasets/new_circle_3/episode_T_circle_obs0_000258.zarr', 'episode_T_circle_obs0_000258'), ('/coc/flash7/paphiwetsa3/datasets/new_circle_3/episode_T_circle_obs0_000259.zarr', 'episode_T_circle_obs0_000259'), ('/coc/flash7/paphiwetsa3/datasets/new_circle_3/episode_T_circle_obs0_000260.zarr', 'episode_T_circle_obs0_000260'), ('/coc/flash7/paphiwetsa3/datasets/new_circle_3/episode_T_circle_obs0_000261.zarr', 'episode_T_circle_obs0_000261'), ('/coc/flash7/paphiwetsa3/datasets/new_circle_3/episode_T_circle_obs0_000262.zarr', 'episode_T_circle_obs0_000262'), ('/coc/flash7/paphiwetsa3/datasets/new_circle_3/episode_T_circle_obs0_000263.zarr', 'episode_T_circle_obs0_000263'), ('/coc/flash7/paphiwetsa3/datasets/new_circle_3/episode_T_circle_obs0_000264.zarr', 'episode_T_circle_obs0_000264'), ('/coc/flash7/paphiwetsa3/datasets/new_circle_3/episode_T_circle_obs0_000265.zarr', 'episode_T_circle_obs0_000265'), ('/coc/flash7/paphiwetsa3/datasets/new_circle_3/episode_T_circle_obs0_000266.zarr', 'episode_T_circle_obs0_000266'), ('/coc/flash7/paphiwetsa3/datasets/new_circle_3/episode_T_circle_obs0_000267.zarr', 'episode_T_circle_obs0_000267'), ('/coc/flash7/paphiwetsa3/datasets/new_circle_3/episode_T_circle_obs0_000268.zarr', 'episode_T_circle_obs0_000268'), ('/coc/flash7/paphiwetsa3/datasets/new_circle_3/episode_T_circle_obs0_000269.zarr', 'episode_T_circle_obs0_000269'), ('/coc/flash7/paphiwetsa3/datasets/new_circle_3/episode_T_circle_obs0_000270.zarr', 'episode_T_circle_obs0_000270'), ('/coc/flash7/paphiwetsa3/datasets/new_circle_3/episode_T_circle_obs0_000271.zarr', 'episode_T_circle_obs0_000271'), ('/coc/flash7/paphiwetsa3/datasets/new_circle_3/episode_T_circle_obs0_000272.zarr', 'episode_T_circle_obs0_000272'), ('/coc/flash7/paphiwetsa3/datasets/new_circle_3/episode_T_circle_obs0_000273.zarr', 'episode_T_circle_obs0_000273'), ('/coc/flash7/paphiwetsa3/datasets/new_circle_3/episode_T_circle_obs0_000274.zarr', 'episode_T_circle_obs0_000274'), ('/coc/flash7/paphiwetsa3/datasets/new_circle_3/episode_T_circle_obs0_000275.zarr', 'episode_T_circle_obs0_000275'), ('/coc/flash7/paphiwetsa3/datasets/new_circle_3/episode_T_circle_obs0_000276.zarr', 'episode_T_circle_obs0_000276'), ('/coc/flash7/paphiwetsa3/datasets/new_circle_3/episode_T_circle_obs0_000277.zarr', 'episode_T_circle_obs0_000277'), ('/coc/flash7/paphiwetsa3/datasets/new_circle_3/episode_T_circle_obs0_000278.zarr', 'episode_T_circle_obs0_000278'), ('/coc/flash7/paphiwetsa3/datasets/new_circle_3/episode_T_circle_obs0_000279.zarr', 'episode_T_circle_obs0_000279'), ('/coc/flash7/paphiwetsa3/datasets/new_circle_3/episode_T_circle_obs0_000280.zarr', 'episode_T_circle_obs0_000280'), ('/coc/flash7/paphiwetsa3/datasets/new_circle_3/episode_T_circle_obs0_000281.zarr', 'episode_T_circle_obs0_000281'), ('/coc/flash7/paphiwetsa3/datasets/new_circle_3/episode_T_circle_obs0_000282.zarr', 'episode_T_circle_obs0_000282'), ('/coc/flash7/paphiwetsa3/datasets/new_circle_3/episode_T_circle_obs0_000283.zarr', 'episode_T_circle_obs0_000283'), ('/coc/flash7/paphiwetsa3/datasets/new_circle_3/episode_T_circle_obs0_000284.zarr', 'episode_T_circle_obs0_000284'), ('/coc/flash7/paphiwetsa3/datasets/new_circle_3/episode_T_circle_obs0_000285.zarr', 'episode_T_circle_obs0_000285'), ('/coc/flash7/paphiwetsa3/datasets/new_circle_3/episode_T_circle_obs0_000286.zarr', 'episode_T_circle_obs0_000286'), ('/coc/flash7/paphiwetsa3/datasets/new_circle_3/episode_T_circle_obs0_000287.zarr', 'episode_T_circle_obs0_000287'), ('/coc/flash7/paphiwetsa3/datasets/new_circle_3/episode_T_circle_obs0_000288.zarr', 'episode_T_circle_obs0_000288'), ('/coc/flash7/paphiwetsa3/datasets/new_circle_3/episode_T_circle_obs0_000289.zarr', 'episode_T_circle_obs0_000289'), ('/coc/flash7/paphiwetsa3/datasets/new_circle_3/episode_T_circle_obs0_000290.zarr', 'episode_T_circle_obs0_000290'), ('/coc/flash7/paphiwetsa3/datasets/new_circle_3/episode_T_circle_obs0_000291.zarr', 'episode_T_circle_obs0_000291'), ('/coc/flash7/paphiwetsa3/datasets/new_circle_3/episode_T_circle_obs0_000292.zarr', 'episode_T_circle_obs0_000292'), ('/coc/flash7/paphiwetsa3/datasets/new_circle_3/episode_T_circle_obs0_000293.zarr', 'episode_T_circle_obs0_000293'), ('/coc/flash7/paphiwetsa3/datasets/new_circle_3/episode_T_circle_obs0_000294.zarr', 'episode_T_circle_obs0_000294'), ('/coc/flash7/paphiwetsa3/datasets/new_circle_3/episode_T_circle_obs0_000295.zarr', 'episode_T_circle_obs0_000295'), ('/coc/flash7/paphiwetsa3/datasets/new_circle_3/episode_T_circle_obs0_000296.zarr', 'episode_T_circle_obs0_000296'), ('/coc/flash7/paphiwetsa3/datasets/new_circle_3/episode_T_circle_obs0_000297.zarr', 'episode_T_circle_obs0_000297'), ('/coc/flash7/paphiwetsa3/datasets/new_circle_3/episode_T_circle_obs0_000298.zarr', 'episode_T_circle_obs0_000298'), ('/coc/flash7/paphiwetsa3/datasets/new_circle_3/episode_T_circle_obs0_000299.zarr', 'episode_T_circle_obs0_000299'), ('/coc/flash7/paphiwetsa3/datasets/new_circle_3/episode_T_circle_obs0_000300.zarr', 'episode_T_circle_obs0_000300'), ('/coc/flash7/paphiwetsa3/datasets/new_circle_3/episode_T_circle_obs0_000301.zarr', 'episode_T_circle_obs0_000301'), ('/coc/flash7/paphiwetsa3/datasets/new_circle_3/episode_T_circle_obs0_000302.zarr', 'episode_T_circle_obs0_000302'), ('/coc/flash7/paphiwetsa3/datasets/new_circle_3/episode_T_circle_obs0_000303.zarr', 'episode_T_circle_obs0_000303'), ('/coc/flash7/paphiwetsa3/datasets/new_circle_3/episode_T_circle_obs0_000304.zarr', 'episode_T_circle_obs0_000304'), ('/coc/flash7/paphiwetsa3/datasets/new_circle_3/episode_T_circle_obs0_000305.zarr', 'episode_T_circle_obs0_000305'), ('/coc/flash7/paphiwetsa3/datasets/new_circle_3/episode_T_circle_obs0_000306.zarr', 'episode_T_circle_obs0_000306'), ('/coc/flash7/paphiwetsa3/datasets/new_circle_3/episode_T_circle_obs0_000307.zarr', 'episode_T_circle_obs0_000307'), ('/coc/flash7/paphiwetsa3/datasets/new_circle_3/episode_T_circle_obs0_000308.zarr', 'episode_T_circle_obs0_000308'), ('/coc/flash7/paphiwetsa3/datasets/new_circle_3/episode_T_circle_obs0_000309.zarr', 'episode_T_circle_obs0_000309'), ('/coc/flash7/paphiwetsa3/datasets/new_circle_3/episode_T_circle_obs0_000310.zarr', 'episode_T_circle_obs0_000310'), ('/coc/flash7/paphiwetsa3/datasets/new_circle_3/episode_T_circle_obs0_000311.zarr', 'episode_T_circle_obs0_000311'), ('/coc/flash7/paphiwetsa3/datasets/new_circle_3/episode_T_circle_obs0_000312.zarr', 'episode_T_circle_obs0_000312'), ('/coc/flash7/paphiwetsa3/datasets/new_circle_3/episode_T_circle_obs0_000313.zarr', 'episode_T_circle_obs0_000313'), ('/coc/flash7/paphiwetsa3/datasets/new_circle_3/episode_T_circle_obs0_000314.zarr', 'episode_T_circle_obs0_000314'), ('/coc/flash7/paphiwetsa3/datasets/new_circle_3/episode_T_circle_obs0_000315.zarr', 'episode_T_circle_obs0_000315'), ('/coc/flash7/paphiwetsa3/datasets/new_circle_3/episode_T_circle_obs0_000316.zarr', 'episode_T_circle_obs0_000316'), ('/coc/flash7/paphiwetsa3/datasets/new_circle_3/episode_T_circle_obs0_000317.zarr', 'episode_T_circle_obs0_000317'), ('/coc/flash7/paphiwetsa3/datasets/new_circle_3/episode_T_circle_obs0_000318.zarr', 'episode_T_circle_obs0_000318'), ('/coc/flash7/paphiwetsa3/datasets/new_circle_3/episode_T_circle_obs0_000319.zarr', 'episode_T_circle_obs0_000319'), ('/coc/flash7/paphiwetsa3/datasets/new_circle_3/episode_T_circle_obs0_000320.zarr', 'episode_T_circle_obs0_000320'), ('/coc/flash7/paphiwetsa3/datasets/new_circle_3/episode_T_circle_obs0_000321.zarr', 'episode_T_circle_obs0_000321'), ('/coc/flash7/paphiwetsa3/datasets/new_circle_3/episode_T_circle_obs0_000322.zarr', 'episode_T_circle_obs0_000322'), ('/coc/flash7/paphiwetsa3/datasets/new_circle_3/episode_T_circle_obs0_000323.zarr', 'episode_T_circle_obs0_000323'), ('/coc/flash7/paphiwetsa3/datasets/new_circle_3/episode_T_circle_obs0_000324.zarr', 'episode_T_circle_obs0_000324'), ('/coc/flash7/paphiwetsa3/datasets/new_circle_3/episode_T_circle_obs0_000325.zarr', 'episode_T_circle_obs0_000325'), ('/coc/flash7/paphiwetsa3/datasets/new_circle_3/episode_T_circle_obs0_000326.zarr', 'episode_T_circle_obs0_000326'), ('/coc/flash7/paphiwetsa3/datasets/new_circle_3/episode_T_circle_obs0_000327.zarr', 'episode_T_circle_obs0_000327'), ('/coc/flash7/paphiwetsa3/datasets/new_circle_3/episode_T_circle_obs0_000328.zarr', 'episode_T_circle_obs0_000328'), ('/coc/flash7/paphiwetsa3/datasets/new_circle_3/episode_T_circle_obs0_000329.zarr', 'episode_T_circle_obs0_000329'), ('/coc/flash7/paphiwetsa3/datasets/new_circle_3/episode_T_circle_obs0_000330.zarr', 'episode_T_circle_obs0_000330'), ('/coc/flash7/paphiwetsa3/datasets/new_circle_3/episode_T_circle_obs0_000331.zarr', 'episode_T_circle_obs0_000331'), ('/coc/flash7/paphiwetsa3/datasets/new_circle_3/episode_T_circle_obs0_000332.zarr', 'episode_T_circle_obs0_000332'), ('/coc/flash7/paphiwetsa3/datasets/new_circle_3/episode_T_circle_obs0_000333.zarr', 'episode_T_circle_obs0_000333'), ('/coc/flash7/paphiwetsa3/datasets/new_circle_3/episode_T_circle_obs0_000334.zarr', 'episode_T_circle_obs0_000334'), ('/coc/flash7/paphiwetsa3/datasets/new_circle_3/episode_T_circle_obs0_000335.zarr', 'episode_T_circle_obs0_000335'), ('/coc/flash7/paphiwetsa3/datasets/new_circle_3/episode_T_circle_obs0_000336.zarr', 'episode_T_circle_obs0_000336'), ('/coc/flash7/paphiwetsa3/datasets/new_circle_3/episode_T_circle_obs0_000337.zarr', 'episode_T_circle_obs0_000337'), ('/coc/flash7/paphiwetsa3/datasets/new_circle_3/episode_T_circle_obs0_000338.zarr', 'episode_T_circle_obs0_000338'), ('/coc/flash7/paphiwetsa3/datasets/new_circle_3/episode_T_circle_obs0_000339.zarr', 'episode_T_circle_obs0_000339'), ('/coc/flash7/paphiwetsa3/datasets/new_circle_3/episode_T_circle_obs0_000340.zarr', 'episode_T_circle_obs0_000340'), ('/coc/flash7/paphiwetsa3/datasets/new_circle_3/episode_T_circle_obs0_000341.zarr', 'episode_T_circle_obs0_000341'), ('/coc/flash7/paphiwetsa3/datasets/new_circle_3/episode_T_circle_obs0_000342.zarr', 'episode_T_circle_obs0_000342'), ('/coc/flash7/paphiwetsa3/datasets/new_circle_3/episode_T_circle_obs0_000343.zarr', 'episode_T_circle_obs0_000343'), ('/coc/flash7/paphiwetsa3/datasets/new_circle_3/episode_T_circle_obs0_000344.zarr', 'episode_T_circle_obs0_000344'), ('/coc/flash7/paphiwetsa3/datasets/new_circle_3/episode_T_circle_obs0_000345.zarr', 'episode_T_circle_obs0_000345'), ('/coc/flash7/paphiwetsa3/datasets/new_circle_3/episode_T_circle_obs0_000346.zarr', 'episode_T_circle_obs0_000346'), ('/coc/flash7/paphiwetsa3/datasets/new_circle_3/episode_T_circle_obs0_000347.zarr', 'episode_T_circle_obs0_000347'), ('/coc/flash7/paphiwetsa3/datasets/new_circle_3/episode_T_circle_obs0_000348.zarr', 'episode_T_circle_obs0_000348'), ('/coc/flash7/paphiwetsa3/datasets/new_circle_3/episode_T_circle_obs0_000349.zarr', 'episode_T_circle_obs0_000349'), ('/coc/flash7/paphiwetsa3/datasets/new_circle_3/episode_T_circle_obs0_000350.zarr', 'episode_T_circle_obs0_000350'), ('/coc/flash7/paphiwetsa3/datasets/new_circle_3/episode_T_circle_obs0_000351.zarr', 'episode_T_circle_obs0_000351'), ('/coc/flash7/paphiwetsa3/datasets/new_circle_3/episode_T_circle_obs0_000352.zarr', 'episode_T_circle_obs0_000352'), ('/coc/flash7/paphiwetsa3/datasets/new_circle_3/episode_T_circle_obs0_000353.zarr', 'episode_T_circle_obs0_000353'), ('/coc/flash7/paphiwetsa3/datasets/new_circle_3/episode_T_circle_obs0_000354.zarr', 'episode_T_circle_obs0_000354'), ('/coc/flash7/paphiwetsa3/datasets/new_circle_3/episode_T_circle_obs0_000355.zarr', 'episode_T_circle_obs0_000355'), ('/coc/flash7/paphiwetsa3/datasets/new_circle_3/episode_T_circle_obs0_000356.zarr', 'episode_T_circle_obs0_000356'), ('/coc/flash7/paphiwetsa3/datasets/new_circle_3/episode_T_circle_obs0_000357.zarr', 'episode_T_circle_obs0_000357'), ('/coc/flash7/paphiwetsa3/datasets/new_circle_3/episode_T_circle_obs0_000358.zarr', 'episode_T_circle_obs0_000358'), ('/coc/flash7/paphiwetsa3/datasets/new_circle_3/episode_T_circle_obs0_000359.zarr', 'episode_T_circle_obs0_000359'), ('/coc/flash7/paphiwetsa3/datasets/new_circle_3/episode_T_circle_obs0_000360.zarr', 'episode_T_circle_obs0_000360'), ('/coc/flash7/paphiwetsa3/datasets/new_circle_3/episode_T_circle_obs0_000361.zarr', 'episode_T_circle_obs0_000361'), ('/coc/flash7/paphiwetsa3/datasets/new_circle_3/episode_T_circle_obs0_000362.zarr', 'episode_T_circle_obs0_000362'), ('/coc/flash7/paphiwetsa3/datasets/new_circle_3/episode_T_circle_obs0_000363.zarr', 'episode_T_circle_obs0_000363'), ('/coc/flash7/paphiwetsa3/datasets/new_circle_3/episode_T_circle_obs0_000364.zarr', 'episode_T_circle_obs0_000364'), ('/coc/flash7/paphiwetsa3/datasets/new_circle_3/episode_T_circle_obs0_000365.zarr', 'episode_T_circle_obs0_000365'), ('/coc/flash7/paphiwetsa3/datasets/new_circle_3/episode_T_circle_obs0_000366.zarr', 'episode_T_circle_obs0_000366'), ('/coc/flash7/paphiwetsa3/datasets/new_circle_3/episode_T_circle_obs0_000367.zarr', 'episode_T_circle_obs0_000367'), ('/coc/flash7/paphiwetsa3/datasets/new_circle_3/episode_T_circle_obs0_000368.zarr', 'episode_T_circle_obs0_000368'), ('/coc/flash7/paphiwetsa3/datasets/new_circle_3/episode_T_circle_obs0_000369.zarr', 'episode_T_circle_obs0_000369'), ('/coc/flash7/paphiwetsa3/datasets/new_circle_3/episode_T_circle_obs0_000370.zarr', 'episode_T_circle_obs0_000370'), ('/coc/flash7/paphiwetsa3/datasets/new_circle_3/episode_T_circle_obs0_000371.zarr', 'episode_T_circle_obs0_000371'), ('/coc/flash7/paphiwetsa3/datasets/new_circle_3/episode_T_circle_obs0_000372.zarr', 'episode_T_circle_obs0_000372'), ('/coc/flash7/paphiwetsa3/datasets/new_circle_3/episode_T_circle_obs0_000373.zarr', 'episode_T_circle_obs0_000373'), ('/coc/flash7/paphiwetsa3/datasets/new_circle_3/episode_T_circle_obs0_000374.zarr', 'episode_T_circle_obs0_000374'), ('/coc/flash7/paphiwetsa3/datasets/new_circle_3/episode_T_circle_obs0_000375.zarr', 'episode_T_circle_obs0_000375'), ('/coc/flash7/paphiwetsa3/datasets/new_circle_3/episode_T_circle_obs0_000376.zarr', 'episode_T_circle_obs0_000376'), ('/coc/flash7/paphiwetsa3/datasets/new_circle_3/episode_T_circle_obs0_000377.zarr', 'episode_T_circle_obs0_000377'), ('/coc/flash7/paphiwetsa3/datasets/new_circle_3/episode_T_circle_obs0_000378.zarr', 'episode_T_circle_obs0_000378'), ('/coc/flash7/paphiwetsa3/datasets/new_circle_3/episode_T_circle_obs0_000379.zarr', 'episode_T_circle_obs0_000379'), ('/coc/flash7/paphiwetsa3/datasets/new_circle_3/episode_T_circle_obs0_000380.zarr', 'episode_T_circle_obs0_000380'), ('/coc/flash7/paphiwetsa3/datasets/new_circle_3/episode_T_circle_obs0_000381.zarr', 'episode_T_circle_obs0_000381'), ('/coc/flash7/paphiwetsa3/datasets/new_circle_3/episode_T_circle_obs0_000382.zarr', 'episode_T_circle_obs0_000382'), ('/coc/flash7/paphiwetsa3/datasets/new_circle_3/episode_T_circle_obs0_000383.zarr', 'episode_T_circle_obs0_000383'), ('/coc/flash7/paphiwetsa3/datasets/new_circle_3/episode_T_circle_obs0_000384.zarr', 'episode_T_circle_obs0_000384'), ('/coc/flash7/paphiwetsa3/datasets/new_circle_3/episode_T_circle_obs0_000385.zarr', 'episode_T_circle_obs0_000385'), ('/coc/flash7/paphiwetsa3/datasets/new_circle_3/episode_T_circle_obs0_000386.zarr', 'episode_T_circle_obs0_000386'), ('/coc/flash7/paphiwetsa3/datasets/new_circle_3/episode_T_circle_obs0_000387.zarr', 'episode_T_circle_obs0_000387'), ('/coc/flash7/paphiwetsa3/datasets/new_circle_3/episode_T_circle_obs0_000388.zarr', 'episode_T_circle_obs0_000388'), ('/coc/flash7/paphiwetsa3/datasets/new_circle_3/episode_T_circle_obs0_000389.zarr', 'episode_T_circle_obs0_000389'), ('/coc/flash7/paphiwetsa3/datasets/new_circle_3/episode_T_circle_obs0_000390.zarr', 'episode_T_circle_obs0_000390'), ('/coc/flash7/paphiwetsa3/datasets/new_circle_3/episode_T_circle_obs0_000391.zarr', 'episode_T_circle_obs0_000391'), ('/coc/flash7/paphiwetsa3/datasets/new_circle_3/episode_T_circle_obs0_000392.zarr', 'episode_T_circle_obs0_000392'), ('/coc/flash7/paphiwetsa3/datasets/new_circle_3/episode_T_circle_obs0_000393.zarr', 'episode_T_circle_obs0_000393'), ('/coc/flash7/paphiwetsa3/datasets/new_circle_3/episode_T_circle_obs0_000394.zarr', 'episode_T_circle_obs0_000394'), ('/coc/flash7/paphiwetsa3/datasets/new_circle_3/episode_T_circle_obs0_000395.zarr', 'episode_T_circle_obs0_000395'), ('/coc/flash7/paphiwetsa3/datasets/new_circle_3/episode_T_circle_obs0_000396.zarr', 'episode_T_circle_obs0_000396'), ('/coc/flash7/paphiwetsa3/datasets/new_circle_3/episode_T_circle_obs0_000397.zarr', 'episode_T_circle_obs0_000397'), ('/coc/flash7/paphiwetsa3/datasets/new_circle_3/episode_T_circle_obs0_000398.zarr', 'episode_T_circle_obs0_000398'), ('/coc/flash7/paphiwetsa3/datasets/new_circle_3/episode_T_circle_obs0_000399.zarr', 'episode_T_circle_obs0_000399'), ('/coc/flash7/paphiwetsa3/datasets/new_circle_3/episode_T_circle_obs0_000400.zarr', 'episode_T_circle_obs0_000400'), ('/coc/flash7/paphiwetsa3/datasets/new_circle_3/episode_T_circle_obs0_000401.zarr', 'episode_T_circle_obs0_000401'), ('/coc/flash7/paphiwetsa3/datasets/new_circle_3/episode_T_circle_obs0_000402.zarr', 'episode_T_circle_obs0_000402'), ('/coc/flash7/paphiwetsa3/datasets/new_circle_3/episode_T_circle_obs0_000403.zarr', 'episode_T_circle_obs0_000403'), ('/coc/flash7/paphiwetsa3/datasets/new_circle_3/episode_T_circle_obs0_000404.zarr', 'episode_T_circle_obs0_000404'), ('/coc/flash7/paphiwetsa3/datasets/new_circle_3/episode_T_circle_obs0_000405.zarr', 'episode_T_circle_obs0_000405'), ('/coc/flash7/paphiwetsa3/datasets/new_circle_3/episode_T_circle_obs0_000406.zarr', 'episode_T_circle_obs0_000406'), ('/coc/flash7/paphiwetsa3/datasets/new_circle_3/episode_T_circle_obs0_000407.zarr', 'episode_T_circle_obs0_000407'), ('/coc/flash7/paphiwetsa3/datasets/new_circle_3/episode_T_circle_obs0_000408.zarr', 'episode_T_circle_obs0_000408'), ('/coc/flash7/paphiwetsa3/datasets/new_circle_3/episode_T_circle_obs0_000409.zarr', 'episode_T_circle_obs0_000409'), ('/coc/flash7/paphiwetsa3/datasets/new_circle_3/episode_T_circle_obs0_000410.zarr', 'episode_T_circle_obs0_000410'), ('/coc/flash7/paphiwetsa3/datasets/new_circle_3/episode_T_circle_obs0_000411.zarr', 'episode_T_circle_obs0_000411'), ('/coc/flash7/paphiwetsa3/datasets/new_circle_3/episode_T_circle_obs0_000412.zarr', 'episode_T_circle_obs0_000412'), ('/coc/flash7/paphiwetsa3/datasets/new_circle_3/episode_T_circle_obs0_000413.zarr', 'episode_T_circle_obs0_000413'), ('/coc/flash7/paphiwetsa3/datasets/new_circle_3/episode_T_circle_obs0_000414.zarr', 'episode_T_circle_obs0_000414'), ('/coc/flash7/paphiwetsa3/datasets/new_circle_3/episode_T_circle_obs0_000415.zarr', 'episode_T_circle_obs0_000415'), ('/coc/flash7/paphiwetsa3/datasets/new_circle_3/episode_T_circle_obs0_000416.zarr', 'episode_T_circle_obs0_000416'), ('/coc/flash7/paphiwetsa3/datasets/new_circle_3/episode_T_circle_obs0_000417.zarr', 'episode_T_circle_obs0_000417'), ('/coc/flash7/paphiwetsa3/datasets/new_circle_3/episode_T_circle_obs0_000418.zarr', 'episode_T_circle_obs0_000418'), ('/coc/flash7/paphiwetsa3/datasets/new_circle_3/episode_T_circle_obs0_000419.zarr', 'episode_T_circle_obs0_000419'), ('/coc/flash7/paphiwetsa3/datasets/new_circle_3/episode_T_circle_obs0_000420.zarr', 'episode_T_circle_obs0_000420'), ('/coc/flash7/paphiwetsa3/datasets/new_circle_3/episode_T_circle_obs0_000421.zarr', 'episode_T_circle_obs0_000421'), ('/coc/flash7/paphiwetsa3/datasets/new_circle_3/episode_T_circle_obs0_000422.zarr', 'episode_T_circle_obs0_000422'), ('/coc/flash7/paphiwetsa3/datasets/new_circle_3/episode_T_circle_obs0_000423.zarr', 'episode_T_circle_obs0_000423'), ('/coc/flash7/paphiwetsa3/datasets/new_circle_3/episode_T_circle_obs0_000424.zarr', 'episode_T_circle_obs0_000424'), ('/coc/flash7/paphiwetsa3/datasets/new_circle_3/episode_T_circle_obs0_000425.zarr', 'episode_T_circle_obs0_000425'), ('/coc/flash7/paphiwetsa3/datasets/new_circle_3/episode_T_circle_obs0_000426.zarr', 'episode_T_circle_obs0_000426'), ('/coc/flash7/paphiwetsa3/datasets/new_circle_3/episode_T_circle_obs0_000427.zarr', 'episode_T_circle_obs0_000427'), ('/coc/flash7/paphiwetsa3/datasets/new_circle_3/episode_T_circle_obs0_000428.zarr', 'episode_T_circle_obs0_000428'), ('/coc/flash7/paphiwetsa3/datasets/new_circle_3/episode_T_circle_obs0_000429.zarr', 'episode_T_circle_obs0_000429'), ('/coc/flash7/paphiwetsa3/datasets/new_circle_3/episode_T_circle_obs0_000430.zarr', 'episode_T_circle_obs0_000430'), ('/coc/flash7/paphiwetsa3/datasets/new_circle_3/episode_T_circle_obs0_000431.zarr', 'episode_T_circle_obs0_000431'), ('/coc/flash7/paphiwetsa3/datasets/new_circle_3/episode_T_circle_obs0_000432.zarr', 'episode_T_circle_obs0_000432'), ('/coc/flash7/paphiwetsa3/datasets/new_circle_3/episode_T_circle_obs0_000433.zarr', 'episode_T_circle_obs0_000433'), ('/coc/flash7/paphiwetsa3/datasets/new_circle_3/episode_T_circle_obs0_000434.zarr', 'episode_T_circle_obs0_000434'), ('/coc/flash7/paphiwetsa3/datasets/new_circle_3/episode_T_circle_obs0_000435.zarr', 'episode_T_circle_obs0_000435'), ('/coc/flash7/paphiwetsa3/datasets/new_circle_3/episode_T_circle_obs0_000436.zarr', 'episode_T_circle_obs0_000436'), ('/coc/flash7/paphiwetsa3/datasets/new_circle_3/episode_T_circle_obs0_000437.zarr', 'episode_T_circle_obs0_000437'), ('/coc/flash7/paphiwetsa3/datasets/new_circle_3/episode_T_circle_obs0_000438.zarr', 'episode_T_circle_obs0_000438'), ('/coc/flash7/paphiwetsa3/datasets/new_circle_3/episode_T_circle_obs0_000439.zarr', 'episode_T_circle_obs0_000439'), ('/coc/flash7/paphiwetsa3/datasets/new_circle_3/episode_T_circle_obs0_000440.zarr', 'episode_T_circle_obs0_000440'), ('/coc/flash7/paphiwetsa3/datasets/new_circle_3/episode_T_circle_obs0_000441.zarr', 'episode_T_circle_obs0_000441'), ('/coc/flash7/paphiwetsa3/datasets/new_circle_3/episode_T_circle_obs0_000442.zarr', 'episode_T_circle_obs0_000442'), ('/coc/flash7/paphiwetsa3/datasets/new_circle_3/episode_T_circle_obs0_000443.zarr', 'episode_T_circle_obs0_000443'), ('/coc/flash7/paphiwetsa3/datasets/new_circle_3/episode_T_circle_obs0_000444.zarr', 'episode_T_circle_obs0_000444'), ('/coc/flash7/paphiwetsa3/datasets/new_circle_3/episode_T_circle_obs0_000445.zarr', 'episode_T_circle_obs0_000445'), ('/coc/flash7/paphiwetsa3/datasets/new_circle_3/episode_T_circle_obs0_000446.zarr', 'episode_T_circle_obs0_000446'), ('/coc/flash7/paphiwetsa3/datasets/new_circle_3/episode_T_circle_obs0_000447.zarr', 'episode_T_circle_obs0_000447'), ('/coc/flash7/paphiwetsa3/datasets/new_circle_3/episode_T_circle_obs0_000448.zarr', 'episode_T_circle_obs0_000448'), ('/coc/flash7/paphiwetsa3/datasets/new_circle_3/episode_T_circle_obs0_000449.zarr', 'episode_T_circle_obs0_000449'), ('/coc/flash7/paphiwetsa3/datasets/new_circle_3/episode_T_circle_obs0_000450.zarr', 'episode_T_circle_obs0_000450'), ('/coc/flash7/paphiwetsa3/datasets/new_circle_3/episode_T_circle_obs0_000451.zarr', 'episode_T_circle_obs0_000451'), ('/coc/flash7/paphiwetsa3/datasets/new_circle_3/episode_T_circle_obs0_000452.zarr', 'episode_T_circle_obs0_000452'), ('/coc/flash7/paphiwetsa3/datasets/new_circle_3/episode_T_circle_obs0_000453.zarr', 'episode_T_circle_obs0_000453'), ('/coc/flash7/paphiwetsa3/datasets/new_circle_3/episode_T_circle_obs0_000454.zarr', 'episode_T_circle_obs0_000454'), ('/coc/flash7/paphiwetsa3/datasets/new_circle_3/episode_T_circle_obs0_000455.zarr', 'episode_T_circle_obs0_000455'), ('/coc/flash7/paphiwetsa3/datasets/new_circle_3/episode_T_circle_obs0_000456.zarr', 'episode_T_circle_obs0_000456'), ('/coc/flash7/paphiwetsa3/datasets/new_circle_3/episode_T_circle_obs0_000457.zarr', 'episode_T_circle_obs0_000457'), ('/coc/flash7/paphiwetsa3/datasets/new_circle_3/episode_T_circle_obs0_000458.zarr', 'episode_T_circle_obs0_000458'), ('/coc/flash7/paphiwetsa3/datasets/new_circle_3/episode_T_circle_obs0_000459.zarr', 'episode_T_circle_obs0_000459'), ('/coc/flash7/paphiwetsa3/datasets/new_circle_3/episode_T_circle_obs0_000460.zarr', 'episode_T_circle_obs0_000460'), ('/coc/flash7/paphiwetsa3/datasets/new_circle_3/episode_T_circle_obs0_000461.zarr', 'episode_T_circle_obs0_000461'), ('/coc/flash7/paphiwetsa3/datasets/new_circle_3/episode_T_circle_obs0_000462.zarr', 'episode_T_circle_obs0_000462'), ('/coc/flash7/paphiwetsa3/datasets/new_circle_3/episode_T_circle_obs0_000463.zarr', 'episode_T_circle_obs0_000463'), ('/coc/flash7/paphiwetsa3/datasets/new_circle_3/episode_T_circle_obs0_000464.zarr', 'episode_T_circle_obs0_000464'), ('/coc/flash7/paphiwetsa3/datasets/new_circle_3/episode_T_circle_obs0_000465.zarr', 'episode_T_circle_obs0_000465'), ('/coc/flash7/paphiwetsa3/datasets/new_circle_3/episode_T_circle_obs0_000466.zarr', 'episode_T_circle_obs0_000466'), ('/coc/flash7/paphiwetsa3/datasets/new_circle_3/episode_T_circle_obs0_000467.zarr', 'episode_T_circle_obs0_000467'), ('/coc/flash7/paphiwetsa3/datasets/new_circle_3/episode_T_circle_obs0_000468.zarr', 'episode_T_circle_obs0_000468'), ('/coc/flash7/paphiwetsa3/datasets/new_circle_3/episode_T_circle_obs0_000469.zarr', 'episode_T_circle_obs0_000469'), ('/coc/flash7/paphiwetsa3/datasets/new_circle_3/episode_T_circle_obs0_000470.zarr', 'episode_T_circle_obs0_000470'), ('/coc/flash7/paphiwetsa3/datasets/new_circle_3/episode_T_circle_obs0_000471.zarr', 'episode_T_circle_obs0_000471'), ('/coc/flash7/paphiwetsa3/datasets/new_circle_3/episode_T_circle_obs0_000472.zarr', 'episode_T_circle_obs0_000472'), ('/coc/flash7/paphiwetsa3/datasets/new_circle_3/episode_T_circle_obs0_000473.zarr', 'episode_T_circle_obs0_000473'), ('/coc/flash7/paphiwetsa3/datasets/new_circle_3/episode_T_circle_obs0_000474.zarr', 'episode_T_circle_obs0_000474'), ('/coc/flash7/paphiwetsa3/datasets/new_circle_3/episode_T_circle_obs0_000475.zarr', 'episode_T_circle_obs0_000475'), ('/coc/flash7/paphiwetsa3/datasets/new_circle_3/episode_T_circle_obs0_000476.zarr', 'episode_T_circle_obs0_000476'), ('/coc/flash7/paphiwetsa3/datasets/new_circle_3/episode_T_circle_obs0_000477.zarr', 'episode_T_circle_obs0_000477'), ('/coc/flash7/paphiwetsa3/datasets/new_circle_3/episode_T_circle_obs0_000478.zarr', 'episode_T_circle_obs0_000478'), ('/coc/flash7/paphiwetsa3/datasets/new_circle_3/episode_T_circle_obs0_000479.zarr', 'episode_T_circle_obs0_000479'), ('/coc/flash7/paphiwetsa3/datasets/new_circle_3/episode_T_circle_obs0_000480.zarr', 'episode_T_circle_obs0_000480'), ('/coc/flash7/paphiwetsa3/datasets/new_circle_3/episode_T_circle_obs0_000481.zarr', 'episode_T_circle_obs0_000481'), ('/coc/flash7/paphiwetsa3/datasets/new_circle_3/episode_T_circle_obs0_000482.zarr', 'episode_T_circle_obs0_000482'), ('/coc/flash7/paphiwetsa3/datasets/new_circle_3/episode_T_circle_obs0_000483.zarr', 'episode_T_circle_obs0_000483'), ('/coc/flash7/paphiwetsa3/datasets/new_circle_3/episode_T_circle_obs0_000484.zarr', 'episode_T_circle_obs0_000484'), ('/coc/flash7/paphiwetsa3/datasets/new_circle_3/episode_T_circle_obs0_000485.zarr', 'episode_T_circle_obs0_000485'), ('/coc/flash7/paphiwetsa3/datasets/new_circle_3/episode_T_circle_obs0_000487.zarr', 'episode_T_circle_obs0_000487'), ('/coc/flash7/paphiwetsa3/datasets/new_circle_3/episode_T_circle_obs0_000488.zarr', 'episode_T_circle_obs0_000488'), ('/coc/flash7/paphiwetsa3/datasets/new_circle_3/episode_T_circle_obs0_000489.zarr', 'episode_T_circle_obs0_000489'), ('/coc/flash7/paphiwetsa3/datasets/new_circle_3/episode_T_circle_obs0_000490.zarr', 'episode_T_circle_obs0_000490'), ('/coc/flash7/paphiwetsa3/datasets/new_circle_3/episode_T_circle_obs0_000491.zarr', 'episode_T_circle_obs0_000491'), ('/coc/flash7/paphiwetsa3/datasets/new_circle_3/episode_T_circle_obs0_000492.zarr', 'episode_T_circle_obs0_000492'), ('/coc/flash7/paphiwetsa3/datasets/new_circle_3/episode_T_circle_obs0_000493.zarr', 'episode_T_circle_obs0_000493'), ('/coc/flash7/paphiwetsa3/datasets/new_circle_3/episode_T_circle_obs0_000494.zarr', 'episode_T_circle_obs0_000494'), ('/coc/flash7/paphiwetsa3/datasets/new_circle_3/episode_T_circle_obs0_000495.zarr', 'episode_T_circle_obs0_000495'), ('/coc/flash7/paphiwetsa3/datasets/new_circle_3/episode_T_circle_obs0_000496.zarr', 'episode_T_circle_obs0_000496'), ('/coc/flash7/paphiwetsa3/datasets/new_circle_3/episode_T_circle_obs0_000497.zarr', 'episode_T_circle_obs0_000497'), ('/coc/flash7/paphiwetsa3/datasets/new_circle_3/episode_T_circle_obs0_000498.zarr', 'episode_T_circle_obs0_000498'), ('/coc/flash7/paphiwetsa3/datasets/new_circle_3/episode_T_circle_obs0_000499.zarr', 'episode_T_circle_obs0_000499'), ('/coc/flash7/paphiwetsa3/datasets/new_circle_3/episode_T_circle_obs0_000500.zarr', 'episode_T_circle_obs0_000500'), ('/coc/flash7/paphiwetsa3/datasets/new_circle_3/episode_T_circle_obs0_000501.zarr', 'episode_T_circle_obs0_000501'), ('/coc/flash7/paphiwetsa3/datasets/new_circle_3/episode_T_circle_obs0_000502.zarr', 'episode_T_circle_obs0_000502'), ('/coc/flash7/paphiwetsa3/datasets/new_circle_3/episode_T_circle_obs0_000503.zarr', 'episode_T_circle_obs0_000503'), ('/coc/flash7/paphiwetsa3/datasets/new_circle_3/episode_T_circle_obs0_000504.zarr', 'episode_T_circle_obs0_000504'), ('/coc/flash7/paphiwetsa3/datasets/new_circle_3/episode_T_circle_obs0_000505.zarr', 'episode_T_circle_obs0_000505'), ('/coc/flash7/paphiwetsa3/datasets/new_circle_3/episode_T_circle_obs0_000506.zarr', 'episode_T_circle_obs0_000506'), ('/coc/flash7/paphiwetsa3/datasets/new_circle_3/episode_T_circle_obs0_000507.zarr', 'episode_T_circle_obs0_000507'), ('/coc/flash7/paphiwetsa3/datasets/new_circle_3/episode_T_circle_obs0_000508.zarr', 'episode_T_circle_obs0_000508'), ('/coc/flash7/paphiwetsa3/datasets/new_circle_3/episode_T_circle_obs0_000509.zarr', 'episode_T_circle_obs0_000509'), ('/coc/flash7/paphiwetsa3/datasets/new_circle_3/episode_T_circle_obs0_000510.zarr', 'episode_T_circle_obs0_000510'), ('/coc/flash7/paphiwetsa3/datasets/new_circle_3/episode_T_circle_obs0_000511.zarr', 'episode_T_circle_obs0_000511'), ('/coc/flash7/paphiwetsa3/datasets/new_circle_3/episode_T_circle_obs0_000512.zarr', 'episode_T_circle_obs0_000512'), ('/coc/flash7/paphiwetsa3/datasets/new_circle_3/episode_T_circle_obs0_000513.zarr', 'episode_T_circle_obs0_000513'), ('/coc/flash7/paphiwetsa3/datasets/new_circle_3/episode_T_circle_obs0_000514.zarr', 'episode_T_circle_obs0_000514'), ('/coc/flash7/paphiwetsa3/datasets/new_circle_3/episode_T_circle_obs0_000515.zarr', 'episode_T_circle_obs0_000515'), ('/coc/flash7/paphiwetsa3/datasets/new_circle_3/episode_T_circle_obs0_000516.zarr', 'episode_T_circle_obs0_000516'), ('/coc/flash7/paphiwetsa3/datasets/new_circle_3/episode_T_circle_obs0_000517.zarr', 'episode_T_circle_obs0_000517'), ('/coc/flash7/paphiwetsa3/datasets/new_circle_3/episode_T_circle_obs0_000518.zarr', 'episode_T_circle_obs0_000518'), ('/coc/flash7/paphiwetsa3/datasets/new_circle_3/episode_T_circle_obs0_000519.zarr', 'episode_T_circle_obs0_000519'), ('/coc/flash7/paphiwetsa3/datasets/new_circle_3/episode_T_circle_obs0_000520.zarr', 'episode_T_circle_obs0_000520'), ('/coc/flash7/paphiwetsa3/datasets/new_circle_3/episode_T_circle_obs0_000521.zarr', 'episode_T_circle_obs0_000521'), ('/coc/flash7/paphiwetsa3/datasets/new_circle_3/episode_T_circle_obs0_000522.zarr', 'episode_T_circle_obs0_000522'), ('/coc/flash7/paphiwetsa3/datasets/new_circle_3/episode_T_circle_obs0_000523.zarr', 'episode_T_circle_obs0_000523'), ('/coc/flash7/paphiwetsa3/datasets/new_circle_3/episode_T_circle_obs0_000524.zarr', 'episode_T_circle_obs0_000524'), ('/coc/flash7/paphiwetsa3/datasets/new_circle_3/episode_T_circle_obs0_000525.zarr', 'episode_T_circle_obs0_000525'), ('/coc/flash7/paphiwetsa3/datasets/new_circle_3/episode_T_circle_obs0_000526.zarr', 'episode_T_circle_obs0_000526'), ('/coc/flash7/paphiwetsa3/datasets/new_circle_3/episode_T_circle_obs0_000527.zarr', 'episode_T_circle_obs0_000527'), ('/coc/flash7/paphiwetsa3/datasets/new_circle_3/episode_T_circle_obs0_000528.zarr', 'episode_T_circle_obs0_000528'), ('/coc/flash7/paphiwetsa3/datasets/new_circle_3/episode_T_circle_obs0_000529.zarr', 'episode_T_circle_obs0_000529'), ('/coc/flash7/paphiwetsa3/datasets/new_circle_3/episode_T_circle_obs0_000530.zarr', 'episode_T_circle_obs0_000530'), ('/coc/flash7/paphiwetsa3/datasets/new_circle_3/episode_T_circle_obs0_000531.zarr', 'episode_T_circle_obs0_000531'), ('/coc/flash7/paphiwetsa3/datasets/new_circle_3/episode_T_circle_obs0_000532.zarr', 'episode_T_circle_obs0_000532'), ('/coc/flash7/paphiwetsa3/datasets/new_circle_3/episode_T_circle_obs0_000533.zarr', 'episode_T_circle_obs0_000533'), ('/coc/flash7/paphiwetsa3/datasets/new_circle_3/episode_T_circle_obs0_000534.zarr', 'episode_T_circle_obs0_000534'), ('/coc/flash7/paphiwetsa3/datasets/new_circle_3/episode_T_circle_obs0_000535.zarr', 'episode_T_circle_obs0_000535'), ('/coc/flash7/paphiwetsa3/datasets/new_circle_3/episode_T_circle_obs0_000536.zarr', 'episode_T_circle_obs0_000536'), ('/coc/flash7/paphiwetsa3/datasets/new_circle_3/episode_T_circle_obs0_000537.zarr', 'episode_T_circle_obs0_000537'), ('/coc/flash7/paphiwetsa3/datasets/new_circle_3/episode_T_circle_obs0_000538.zarr', 'episode_T_circle_obs0_000538'), ('/coc/flash7/paphiwetsa3/datasets/new_circle_3/episode_T_circle_obs0_000539.zarr', 'episode_T_circle_obs0_000539'), ('/coc/flash7/paphiwetsa3/datasets/new_circle_3/episode_T_circle_obs0_000540.zarr', 'episode_T_circle_obs0_000540'), ('/coc/flash7/paphiwetsa3/datasets/new_circle_3/episode_T_circle_obs0_000541.zarr', 'episode_T_circle_obs0_000541'), ('/coc/flash7/paphiwetsa3/datasets/new_circle_3/episode_T_circle_obs0_000542.zarr', 'episode_T_circle_obs0_000542'), ('/coc/flash7/paphiwetsa3/datasets/new_circle_3/episode_T_circle_obs0_000543.zarr', 'episode_T_circle_obs0_000543'), ('/coc/flash7/paphiwetsa3/datasets/new_circle_3/episode_T_circle_obs0_000544.zarr', 'episode_T_circle_obs0_000544'), ('/coc/flash7/paphiwetsa3/datasets/new_circle_3/episode_T_circle_obs0_000545.zarr', 'episode_T_circle_obs0_000545'), ('/coc/flash7/paphiwetsa3/datasets/new_circle_3/episode_T_circle_obs0_000546.zarr', 'episode_T_circle_obs0_000546'), ('/coc/flash7/paphiwetsa3/datasets/new_circle_3/episode_T_circle_obs0_000547.zarr', 'episode_T_circle_obs0_000547'), ('/coc/flash7/paphiwetsa3/datasets/new_circle_3/episode_T_circle_obs0_000548.zarr', 'episode_T_circle_obs0_000548'), ('/coc/flash7/paphiwetsa3/datasets/new_circle_3/episode_T_circle_obs0_000549.zarr', 'episode_T_circle_obs0_000549'), ('/coc/flash7/paphiwetsa3/datasets/new_circle_3/episode_T_circle_obs0_000550.zarr', 'episode_T_circle_obs0_000550'), ('/coc/flash7/paphiwetsa3/datasets/new_circle_3/episode_T_circle_obs0_000551.zarr', 'episode_T_circle_obs0_000551'), ('/coc/flash7/paphiwetsa3/datasets/new_circle_3/episode_T_circle_obs0_000552.zarr', 'episode_T_circle_obs0_000552'), ('/coc/flash7/paphiwetsa3/datasets/new_circle_3/episode_T_circle_obs0_000553.zarr', 'episode_T_circle_obs0_000553'), ('/coc/flash7/paphiwetsa3/datasets/new_circle_3/episode_T_circle_obs0_000554.zarr', 'episode_T_circle_obs0_000554'), ('/coc/flash7/paphiwetsa3/datasets/new_circle_3/episode_T_circle_obs0_000555.zarr', 'episode_T_circle_obs0_000555'), ('/coc/flash7/paphiwetsa3/datasets/new_circle_3/episode_T_circle_obs0_000556.zarr', 'episode_T_circle_obs0_000556'), ('/coc/flash7/paphiwetsa3/datasets/new_circle_3/episode_T_circle_obs0_000557.zarr', 'episode_T_circle_obs0_000557'), ('/coc/flash7/paphiwetsa3/datasets/new_circle_3/episode_T_circle_obs0_000558.zarr', 'episode_T_circle_obs0_000558'), ('/coc/flash7/paphiwetsa3/datasets/new_circle_3/episode_T_circle_obs0_000559.zarr', 'episode_T_circle_obs0_000559'), ('/coc/flash7/paphiwetsa3/datasets/new_circle_3/episode_T_circle_obs0_000560.zarr', 'episode_T_circle_obs0_000560'), ('/coc/flash7/paphiwetsa3/datasets/new_circle_3/episode_T_circle_obs0_000561.zarr', 'episode_T_circle_obs0_000561'), ('/coc/flash7/paphiwetsa3/datasets/new_circle_3/episode_T_circle_obs0_000562.zarr', 'episode_T_circle_obs0_000562'), ('/coc/flash7/paphiwetsa3/datasets/new_circle_3/episode_T_circle_obs0_000563.zarr', 'episode_T_circle_obs0_000563'), ('/coc/flash7/paphiwetsa3/datasets/new_circle_3/episode_T_circle_obs0_000564.zarr', 'episode_T_circle_obs0_000564'), ('/coc/flash7/paphiwetsa3/datasets/new_circle_3/episode_T_circle_obs0_000565.zarr', 'episode_T_circle_obs0_000565'), ('/coc/flash7/paphiwetsa3/datasets/new_circle_3/episode_T_circle_obs0_000566.zarr', 'episode_T_circle_obs0_000566'), ('/coc/flash7/paphiwetsa3/datasets/new_circle_3/episode_T_circle_obs0_000567.zarr', 'episode_T_circle_obs0_000567'), ('/coc/flash7/paphiwetsa3/datasets/new_circle_3/episode_T_circle_obs0_000568.zarr', 'episode_T_circle_obs0_000568'), ('/coc/flash7/paphiwetsa3/datasets/new_circle_3/episode_T_circle_obs0_000569.zarr', 'episode_T_circle_obs0_000569'), ('/coc/flash7/paphiwetsa3/datasets/new_circle_3/episode_T_circle_obs0_000570.zarr', 'episode_T_circle_obs0_000570'), ('/coc/flash7/paphiwetsa3/datasets/new_circle_3/episode_T_circle_obs0_000571.zarr', 'episode_T_circle_obs0_000571'), ('/coc/flash7/paphiwetsa3/datasets/new_circle_3/episode_T_circle_obs0_000572.zarr', 'episode_T_circle_obs0_000572'), ('/coc/flash7/paphiwetsa3/datasets/new_circle_3/episode_T_circle_obs0_000573.zarr', 'episode_T_circle_obs0_000573'), ('/coc/flash7/paphiwetsa3/datasets/new_circle_3/episode_T_circle_obs0_000574.zarr', 'episode_T_circle_obs0_000574'), ('/coc/flash7/paphiwetsa3/datasets/new_circle_3/episode_T_circle_obs0_000575.zarr', 'episode_T_circle_obs0_000575'), ('/coc/flash7/paphiwetsa3/datasets/new_circle_3/episode_T_circle_obs0_000576.zarr', 'episode_T_circle_obs0_000576'), ('/coc/flash7/paphiwetsa3/datasets/new_circle_3/episode_T_circle_obs0_000577.zarr', 'episode_T_circle_obs0_000577'), ('/coc/flash7/paphiwetsa3/datasets/new_circle_3/episode_T_circle_obs0_000578.zarr', 'episode_T_circle_obs0_000578'), ('/coc/flash7/paphiwetsa3/datasets/new_circle_3/episode_T_circle_obs0_000579.zarr', 'episode_T_circle_obs0_000579'), ('/coc/flash7/paphiwetsa3/datasets/new_circle_3/episode_T_circle_obs0_000580.zarr', 'episode_T_circle_obs0_000580'), ('/coc/flash7/paphiwetsa3/datasets/new_circle_3/episode_T_circle_obs0_000581.zarr', 'episode_T_circle_obs0_000581'), ('/coc/flash7/paphiwetsa3/datasets/new_circle_3/episode_T_circle_obs0_000582.zarr', 'episode_T_circle_obs0_000582'), ('/coc/flash7/paphiwetsa3/datasets/new_circle_3/episode_T_circle_obs0_000583.zarr', 'episode_T_circle_obs0_000583'), ('/coc/flash7/paphiwetsa3/datasets/new_circle_3/episode_T_circle_obs0_000584.zarr', 'episode_T_circle_obs0_000584'), ('/coc/flash7/paphiwetsa3/datasets/new_circle_3/episode_T_circle_obs0_000585.zarr', 'episode_T_circle_obs0_000585'), ('/coc/flash7/paphiwetsa3/datasets/new_circle_3/episode_T_circle_obs0_000586.zarr', 'episode_T_circle_obs0_000586'), ('/coc/flash7/paphiwetsa3/datasets/new_circle_3/episode_T_circle_obs0_000587.zarr', 'episode_T_circle_obs0_000587'), ('/coc/flash7/paphiwetsa3/datasets/new_circle_3/episode_T_circle_obs0_000588.zarr', 'episode_T_circle_obs0_000588'), ('/coc/flash7/paphiwetsa3/datasets/new_circle_3/episode_T_circle_obs0_000589.zarr', 'episode_T_circle_obs0_000589'), ('/coc/flash7/paphiwetsa3/datasets/new_circle_3/episode_T_circle_obs0_000590.zarr', 'episode_T_circle_obs0_000590'), ('/coc/flash7/paphiwetsa3/datasets/new_circle_3/episode_T_circle_obs0_000591.zarr', 'episode_T_circle_obs0_000591'), ('/coc/flash7/paphiwetsa3/datasets/new_circle_3/episode_T_circle_obs0_000592.zarr', 'episode_T_circle_obs0_000592'), ('/coc/flash7/paphiwetsa3/datasets/new_circle_3/episode_T_circle_obs0_000593.zarr', 'episode_T_circle_obs0_000593'), ('/coc/flash7/paphiwetsa3/datasets/new_circle_3/episode_T_circle_obs0_000594.zarr', 'episode_T_circle_obs0_000594'), ('/coc/flash7/paphiwetsa3/datasets/new_circle_3/episode_T_circle_obs0_000595.zarr', 'episode_T_circle_obs0_000595'), ('/coc/flash7/paphiwetsa3/datasets/new_circle_3/episode_T_circle_obs0_000596.zarr', 'episode_T_circle_obs0_000596'), ('/coc/flash7/paphiwetsa3/datasets/new_circle_3/episode_T_circle_obs0_000597.zarr', 'episode_T_circle_obs0_000597'), ('/coc/flash7/paphiwetsa3/datasets/new_circle_3/episode_T_circle_obs0_000598.zarr', 'episode_T_circle_obs0_000598'), ('/coc/flash7/paphiwetsa3/datasets/new_circle_3/episode_T_circle_obs0_000599.zarr', 'episode_T_circle_obs0_000599'), ('/coc/flash7/paphiwetsa3/datasets/new_circle_3/episode_T_circle_obs0_000600.zarr', 'episode_T_circle_obs0_000600'), ('/coc/flash7/paphiwetsa3/datasets/new_circle_3/episode_T_circle_obs0_000601.zarr', 'episode_T_circle_obs0_000601'), ('/coc/flash7/paphiwetsa3/datasets/new_circle_3/episode_T_circle_obs0_000602.zarr', 'episode_T_circle_obs0_000602'), ('/coc/flash7/paphiwetsa3/datasets/new_circle_3/episode_T_circle_obs0_000603.zarr', 'episode_T_circle_obs0_000603'), ('/coc/flash7/paphiwetsa3/datasets/new_circle_3/episode_T_circle_obs0_000604.zarr', 'episode_T_circle_obs0_000604'), ('/coc/flash7/paphiwetsa3/datasets/new_circle_3/episode_T_circle_obs0_000605.zarr', 'episode_T_circle_obs0_000605'), ('/coc/flash7/paphiwetsa3/datasets/new_circle_3/episode_T_circle_obs0_000606.zarr', 'episode_T_circle_obs0_000606'), ('/coc/flash7/paphiwetsa3/datasets/new_circle_3/episode_T_circle_obs0_000607.zarr', 'episode_T_circle_obs0_000607'), ('/coc/flash7/paphiwetsa3/datasets/new_circle_3/episode_T_circle_obs0_000608.zarr', 'episode_T_circle_obs0_000608'), ('/coc/flash7/paphiwetsa3/datasets/new_circle_3/episode_T_circle_obs0_000609.zarr', 'episode_T_circle_obs0_000609'), ('/coc/flash7/paphiwetsa3/datasets/new_circle_3/episode_T_circle_obs0_000610.zarr', 'episode_T_circle_obs0_000610'), ('/coc/flash7/paphiwetsa3/datasets/new_circle_3/episode_T_circle_obs0_000611.zarr', 'episode_T_circle_obs0_000611'), ('/coc/flash7/paphiwetsa3/datasets/new_circle_3/episode_T_circle_obs0_000612.zarr', 'episode_T_circle_obs0_000612'), ('/coc/flash7/paphiwetsa3/datasets/new_circle_3/episode_T_circle_obs0_000613.zarr', 'episode_T_circle_obs0_000613'), ('/coc/flash7/paphiwetsa3/datasets/new_circle_3/episode_T_circle_obs0_000614.zarr', 'episode_T_circle_obs0_000614'), ('/coc/flash7/paphiwetsa3/datasets/new_circle_3/episode_T_circle_obs0_000615.zarr', 'episode_T_circle_obs0_000615'), ('/coc/flash7/paphiwetsa3/datasets/new_circle_3/episode_T_circle_obs0_000616.zarr', 'episode_T_circle_obs0_000616'), ('/coc/flash7/paphiwetsa3/datasets/new_circle_3/episode_T_circle_obs0_000617.zarr', 'episode_T_circle_obs0_000617'), ('/coc/flash7/paphiwetsa3/datasets/new_circle_3/episode_T_circle_obs0_000618.zarr', 'episode_T_circle_obs0_000618'), ('/coc/flash7/paphiwetsa3/datasets/new_circle_3/episode_T_circle_obs0_000619.zarr', 'episode_T_circle_obs0_000619'), ('/coc/flash7/paphiwetsa3/datasets/new_circle_3/episode_T_circle_obs0_000620.zarr', 'episode_T_circle_obs0_000620'), ('/coc/flash7/paphiwetsa3/datasets/new_circle_3/episode_T_circle_obs0_000621.zarr', 'episode_T_circle_obs0_000621'), ('/coc/flash7/paphiwetsa3/datasets/new_circle_3/episode_T_circle_obs0_000622.zarr', 'episode_T_circle_obs0_000622'), ('/coc/flash7/paphiwetsa3/datasets/new_circle_3/episode_T_circle_obs0_000623.zarr', 'episode_T_circle_obs0_000623'), ('/coc/flash7/paphiwetsa3/datasets/new_circle_3/episode_T_circle_obs0_000624.zarr', 'episode_T_circle_obs0_000624'), ('/coc/flash7/paphiwetsa3/datasets/new_circle_3/episode_T_circle_obs0_000625.zarr', 'episode_T_circle_obs0_000625'), ('/coc/flash7/paphiwetsa3/datasets/new_circle_3/episode_T_circle_obs0_000626.zarr', 'episode_T_circle_obs0_000626'), ('/coc/flash7/paphiwetsa3/datasets/new_circle_3/episode_T_circle_obs0_000627.zarr', 'episode_T_circle_obs0_000627'), ('/coc/flash7/paphiwetsa3/datasets/new_circle_3/episode_T_circle_obs0_000628.zarr', 'episode_T_circle_obs0_000628'), ('/coc/flash7/paphiwetsa3/datasets/new_circle_3/episode_T_circle_obs0_000629.zarr', 'episode_T_circle_obs0_000629'), ('/coc/flash7/paphiwetsa3/datasets/new_circle_3/episode_T_circle_obs0_000630.zarr', 'episode_T_circle_obs0_000630'), ('/coc/flash7/paphiwetsa3/datasets/new_circle_3/episode_T_circle_obs0_000631.zarr', 'episode_T_circle_obs0_000631'), ('/coc/flash7/paphiwetsa3/datasets/new_circle_3/episode_T_circle_obs0_000632.zarr', 'episode_T_circle_obs0_000632'), ('/coc/flash7/paphiwetsa3/datasets/new_circle_3/episode_T_circle_obs0_000633.zarr', 'episode_T_circle_obs0_000633'), ('/coc/flash7/paphiwetsa3/datasets/new_circle_3/episode_T_circle_obs0_000634.zarr', 'episode_T_circle_obs0_000634'), ('/coc/flash7/paphiwetsa3/datasets/new_circle_3/episode_T_circle_obs0_000636.zarr', 'episode_T_circle_obs0_000636'), ('/coc/flash7/paphiwetsa3/datasets/new_circle_3/episode_T_circle_obs0_000637.zarr', 'episode_T_circle_obs0_000637'), ('/coc/flash7/paphiwetsa3/datasets/new_circle_3/episode_T_circle_obs0_000638.zarr', 'episode_T_circle_obs0_000638'), ('/coc/flash7/paphiwetsa3/datasets/new_circle_3/episode_T_circle_obs0_000639.zarr', 'episode_T_circle_obs0_000639'), ('/coc/flash7/paphiwetsa3/datasets/new_circle_3/episode_T_circle_obs0_000640.zarr', 'episode_T_circle_obs0_000640'), ('/coc/flash7/paphiwetsa3/datasets/new_circle_3/episode_T_circle_obs0_000641.zarr', 'episode_T_circle_obs0_000641'), ('/coc/flash7/paphiwetsa3/datasets/new_circle_3/episode_T_circle_obs0_000642.zarr', 'episode_T_circle_obs0_000642'), ('/coc/flash7/paphiwetsa3/datasets/new_circle_3/episode_T_circle_obs0_000643.zarr', 'episode_T_circle_obs0_000643'), ('/coc/flash7/paphiwetsa3/datasets/new_circle_3/episode_T_circle_obs0_000644.zarr', 'episode_T_circle_obs0_000644'), ('/coc/flash7/paphiwetsa3/datasets/new_circle_3/episode_T_circle_obs0_000645.zarr', 'episode_T_circle_obs0_000645'), ('/coc/flash7/paphiwetsa3/datasets/new_circle_3/episode_T_circle_obs0_000646.zarr', 'episode_T_circle_obs0_000646'), ('/coc/flash7/paphiwetsa3/datasets/new_circle_3/episode_T_circle_obs0_000647.zarr', 'episode_T_circle_obs0_000647'), ('/coc/flash7/paphiwetsa3/datasets/new_circle_3/episode_T_circle_obs0_000648.zarr', 'episode_T_circle_obs0_000648'), ('/coc/flash7/paphiwetsa3/datasets/new_circle_3/episode_T_circle_obs0_000649.zarr', 'episode_T_circle_obs0_000649'), ('/coc/flash7/paphiwetsa3/datasets/new_circle_3/episode_T_circle_obs0_000650.zarr', 'episode_T_circle_obs0_000650'), ('/coc/flash7/paphiwetsa3/datasets/new_circle_3/episode_T_circle_obs0_000651.zarr', 'episode_T_circle_obs0_000651'), ('/coc/flash7/paphiwetsa3/datasets/new_circle_3/episode_T_circle_obs0_000652.zarr', 'episode_T_circle_obs0_000652'), ('/coc/flash7/paphiwetsa3/datasets/new_circle_3/episode_T_circle_obs0_000653.zarr', 'episode_T_circle_obs0_000653'), ('/coc/flash7/paphiwetsa3/datasets/new_circle_3/episode_T_circle_obs0_000654.zarr', 'episode_T_circle_obs0_000654'), ('/coc/flash7/paphiwetsa3/datasets/new_circle_3/episode_T_circle_obs0_000655.zarr', 'episode_T_circle_obs0_000655'), ('/coc/flash7/paphiwetsa3/datasets/new_circle_3/episode_T_circle_obs0_000656.zarr', 'episode_T_circle_obs0_000656'), ('/coc/flash7/paphiwetsa3/datasets/new_circle_3/episode_T_circle_obs0_000657.zarr', 'episode_T_circle_obs0_000657'), ('/coc/flash7/paphiwetsa3/datasets/new_circle_3/episode_T_circle_obs0_000658.zarr', 'episode_T_circle_obs0_000658'), ('/coc/flash7/paphiwetsa3/datasets/new_circle_3/episode_T_circle_obs0_000659.zarr', 'episode_T_circle_obs0_000659'), ('/coc/flash7/paphiwetsa3/datasets/new_circle_3/episode_T_circle_obs0_000660.zarr', 'episode_T_circle_obs0_000660'), ('/coc/flash7/paphiwetsa3/datasets/new_circle_3/episode_T_circle_obs0_000661.zarr', 'episode_T_circle_obs0_000661'), ('/coc/flash7/paphiwetsa3/datasets/new_circle_3/episode_T_circle_obs0_000662.zarr', 'episode_T_circle_obs0_000662'), ('/coc/flash7/paphiwetsa3/datasets/new_circle_3/episode_T_circle_obs0_000663.zarr', 'episode_T_circle_obs0_000663'), ('/coc/flash7/paphiwetsa3/datasets/new_circle_3/episode_T_circle_obs0_000664.zarr', 'episode_T_circle_obs0_000664'), ('/coc/flash7/paphiwetsa3/datasets/new_circle_3/episode_T_circle_obs0_000665.zarr', 'episode_T_circle_obs0_000665'), ('/coc/flash7/paphiwetsa3/datasets/new_circle_3/episode_T_circle_obs0_000666.zarr', 'episode_T_circle_obs0_000666'), ('/coc/flash7/paphiwetsa3/datasets/new_circle_3/episode_T_circle_obs0_000667.zarr', 'episode_T_circle_obs0_000667'), ('/coc/flash7/paphiwetsa3/datasets/new_circle_3/episode_T_circle_obs0_000668.zarr', 'episode_T_circle_obs0_000668'), ('/coc/flash7/paphiwetsa3/datasets/new_circle_3/episode_T_circle_obs0_000669.zarr', 'episode_T_circle_obs0_000669'), ('/coc/flash7/paphiwetsa3/datasets/new_circle_3/episode_T_circle_obs0_000670.zarr', 'episode_T_circle_obs0_000670'), ('/coc/flash7/paphiwetsa3/datasets/new_circle_3/episode_T_circle_obs0_000671.zarr', 'episode_T_circle_obs0_000671'), ('/coc/flash7/paphiwetsa3/datasets/new_circle_3/episode_T_circle_obs0_000672.zarr', 'episode_T_circle_obs0_000672'), ('/coc/flash7/paphiwetsa3/datasets/new_circle_3/episode_T_circle_obs0_000673.zarr', 'episode_T_circle_obs0_000673'), ('/coc/flash7/paphiwetsa3/datasets/new_circle_3/episode_T_circle_obs0_000674.zarr', 'episode_T_circle_obs0_000674'), ('/coc/flash7/paphiwetsa3/datasets/new_circle_3/episode_T_circle_obs0_000675.zarr', 'episode_T_circle_obs0_000675'), ('/coc/flash7/paphiwetsa3/datasets/new_circle_3/episode_T_circle_obs0_000676.zarr', 'episode_T_circle_obs0_000676'), ('/coc/flash7/paphiwetsa3/datasets/new_circle_3/episode_T_circle_obs0_000677.zarr', 'episode_T_circle_obs0_000677'), ('/coc/flash7/paphiwetsa3/datasets/new_circle_3/episode_T_circle_obs0_000678.zarr', 'episode_T_circle_obs0_000678'), ('/coc/flash7/paphiwetsa3/datasets/new_circle_3/episode_T_circle_obs0_000679.zarr', 'episode_T_circle_obs0_000679'), ('/coc/flash7/paphiwetsa3/datasets/new_circle_3/episode_T_circle_obs0_000680.zarr', 'episode_T_circle_obs0_000680'), ('/coc/flash7/paphiwetsa3/datasets/new_circle_3/episode_T_circle_obs0_000681.zarr', 'episode_T_circle_obs0_000681'), ('/coc/flash7/paphiwetsa3/datasets/new_circle_3/episode_T_circle_obs0_000682.zarr', 'episode_T_circle_obs0_000682'), ('/coc/flash7/paphiwetsa3/datasets/new_circle_3/episode_T_circle_obs0_000683.zarr', 'episode_T_circle_obs0_000683'), ('/coc/flash7/paphiwetsa3/datasets/new_circle_3/episode_T_circle_obs0_000684.zarr', 'episode_T_circle_obs0_000684'), ('/coc/flash7/paphiwetsa3/datasets/new_circle_3/episode_T_circle_obs0_000685.zarr', 'episode_T_circle_obs0_000685'), ('/coc/flash7/paphiwetsa3/datasets/new_circle_3/episode_T_circle_obs0_000686.zarr', 'episode_T_circle_obs0_000686'), ('/coc/flash7/paphiwetsa3/datasets/new_circle_3/episode_T_circle_obs0_000687.zarr', 'episode_T_circle_obs0_000687'), ('/coc/flash7/paphiwetsa3/datasets/new_circle_3/episode_T_circle_obs0_000688.zarr', 'episode_T_circle_obs0_000688'), ('/coc/flash7/paphiwetsa3/datasets/new_circle_3/episode_T_circle_obs0_000689.zarr', 'episode_T_circle_obs0_000689'), ('/coc/flash7/paphiwetsa3/datasets/new_circle_3/episode_T_circle_obs0_000690.zarr', 'episode_T_circle_obs0_000690'), ('/coc/flash7/paphiwetsa3/datasets/new_circle_3/episode_T_circle_obs0_000691.zarr', 'episode_T_circle_obs0_000691'), ('/coc/flash7/paphiwetsa3/datasets/new_circle_3/episode_T_circle_obs0_000692.zarr', 'episode_T_circle_obs0_000692'), ('/coc/flash7/paphiwetsa3/datasets/new_circle_3/episode_T_circle_obs0_000693.zarr', 'episode_T_circle_obs0_000693'), ('/coc/flash7/paphiwetsa3/datasets/new_circle_3/episode_T_circle_obs0_000694.zarr', 'episode_T_circle_obs0_000694'), ('/coc/flash7/paphiwetsa3/datasets/new_circle_3/episode_T_circle_obs0_000695.zarr', 'episode_T_circle_obs0_000695'), ('/coc/flash7/paphiwetsa3/datasets/new_circle_3/episode_T_circle_obs0_000696.zarr', 'episode_T_circle_obs0_000696'), ('/coc/flash7/paphiwetsa3/datasets/new_circle_3/episode_T_circle_obs0_000697.zarr', 'episode_T_circle_obs0_000697'), ('/coc/flash7/paphiwetsa3/datasets/new_circle_3/episode_T_circle_obs0_000698.zarr', 'episode_T_circle_obs0_000698'), ('/coc/flash7/paphiwetsa3/datasets/new_circle_3/episode_T_circle_obs0_000699.zarr', 'episode_T_circle_obs0_000699'), ('/coc/flash7/paphiwetsa3/datasets/new_circle_3/episode_T_circle_obs0_000700.zarr', 'episode_T_circle_obs0_000700'), ('/coc/flash7/paphiwetsa3/datasets/new_circle_3/episode_T_circle_obs0_000701.zarr', 'episode_T_circle_obs0_000701'), ('/coc/flash7/paphiwetsa3/datasets/new_circle_3/episode_T_circle_obs0_000702.zarr', 'episode_T_circle_obs0_000702'), ('/coc/flash7/paphiwetsa3/datasets/new_circle_3/episode_T_circle_obs0_000703.zarr', 'episode_T_circle_obs0_000703'), ('/coc/flash7/paphiwetsa3/datasets/new_circle_3/episode_T_circle_obs0_000704.zarr', 'episode_T_circle_obs0_000704'), ('/coc/flash7/paphiwetsa3/datasets/new_circle_3/episode_T_circle_obs0_000705.zarr', 'episode_T_circle_obs0_000705'), ('/coc/flash7/paphiwetsa3/datasets/new_circle_3/episode_T_circle_obs0_000706.zarr', 'episode_T_circle_obs0_000706'), ('/coc/flash7/paphiwetsa3/datasets/new_circle_3/episode_T_circle_obs0_000707.zarr', 'episode_T_circle_obs0_000707'), ('/coc/flash7/paphiwetsa3/datasets/new_circle_3/episode_T_circle_obs0_000708.zarr', 'episode_T_circle_obs0_000708'), ('/coc/flash7/paphiwetsa3/datasets/new_circle_3/episode_T_circle_obs0_000709.zarr', 'episode_T_circle_obs0_000709'), ('/coc/flash7/paphiwetsa3/datasets/new_circle_3/episode_T_circle_obs0_000710.zarr', 'episode_T_circle_obs0_000710'), ('/coc/flash7/paphiwetsa3/datasets/new_circle_3/episode_T_circle_obs0_000711.zarr', 'episode_T_circle_obs0_000711'), ('/coc/flash7/paphiwetsa3/datasets/new_circle_3/episode_T_circle_obs0_000712.zarr', 'episode_T_circle_obs0_000712'), ('/coc/flash7/paphiwetsa3/datasets/new_circle_3/episode_T_circle_obs0_000713.zarr', 'episode_T_circle_obs0_000713'), ('/coc/flash7/paphiwetsa3/datasets/new_circle_3/episode_T_circle_obs0_000714.zarr', 'episode_T_circle_obs0_000714'), ('/coc/flash7/paphiwetsa3/datasets/new_circle_3/episode_T_circle_obs0_000715.zarr', 'episode_T_circle_obs0_000715'), ('/coc/flash7/paphiwetsa3/datasets/new_circle_3/episode_T_circle_obs0_000716.zarr', 'episode_T_circle_obs0_000716'), ('/coc/flash7/paphiwetsa3/datasets/new_circle_3/episode_T_circle_obs0_000717.zarr', 'episode_T_circle_obs0_000717'), ('/coc/flash7/paphiwetsa3/datasets/new_circle_3/episode_T_circle_obs0_000718.zarr', 'episode_T_circle_obs0_000718'), ('/coc/flash7/paphiwetsa3/datasets/new_circle_3/episode_T_circle_obs0_000719.zarr', 'episode_T_circle_obs0_000719'), ('/coc/flash7/paphiwetsa3/datasets/new_circle_3/episode_T_circle_obs0_000720.zarr', 'episode_T_circle_obs0_000720'), ('/coc/flash7/paphiwetsa3/datasets/new_circle_3/episode_T_circle_obs0_ontarget_000000.zarr', 'episode_T_circle_obs0_ontarget_000000'), ('/coc/flash7/paphiwetsa3/datasets/new_circle_3/episode_T_circle_obs0_ontarget_000001.zarr', 'episode_T_circle_obs0_ontarget_000001'), ('/coc/flash7/paphiwetsa3/datasets/new_circle_3/episode_T_circle_obs0_ontarget_000002.zarr', 'episode_T_circle_obs0_ontarget_000002'), ('/coc/flash7/paphiwetsa3/datasets/new_circle_3/episode_T_circle_obs0_ontarget_000003.zarr', 'episode_T_circle_obs0_ontarget_000003'), ('/coc/flash7/paphiwetsa3/datasets/new_circle_3/episode_T_circle_obs0_ontarget_000004.zarr', 'episode_T_circle_obs0_ontarget_000004'), ('/coc/flash7/paphiwetsa3/datasets/new_circle_3/episode_T_circle_obs0_ontarget_000005.zarr', 'episode_T_circle_obs0_ontarget_000005'), ('/coc/flash7/paphiwetsa3/datasets/new_circle_3/episode_T_circle_obs0_ontarget_000006.zarr', 'episode_T_circle_obs0_ontarget_000006'), ('/coc/flash7/paphiwetsa3/datasets/new_circle_3/episode_T_circle_obs0_ontarget_000007.zarr', 'episode_T_circle_obs0_ontarget_000007'), ('/coc/flash7/paphiwetsa3/datasets/new_circle_3/episode_T_circle_obs0_ontarget_000008.zarr', 'episode_T_circle_obs0_ontarget_000008'), ('/coc/flash7/paphiwetsa3/datasets/new_circle_3/episode_T_circle_obs0_ontarget_000009.zarr', 'episode_T_circle_obs0_ontarget_000009'), ('/coc/flash7/paphiwetsa3/datasets/new_circle_3/episode_T_circle_obs0_ontarget_000010.zarr', 'episode_T_circle_obs0_ontarget_000010'), ('/coc/flash7/paphiwetsa3/datasets/new_circle_3/episode_T_circle_obs0_ontarget_000011.zarr', 'episode_T_circle_obs0_ontarget_000011'), ('/coc/flash7/paphiwetsa3/datasets/new_circle_3/episode_T_circle_obs0_ontarget_000012.zarr', 'episode_T_circle_obs0_ontarget_000012'), ('/coc/flash7/paphiwetsa3/datasets/new_circle_3/episode_T_circle_obs0_ontarget_000013.zarr', 'episode_T_circle_obs0_ontarget_000013'), ('/coc/flash7/paphiwetsa3/datasets/new_circle_3/episode_T_circle_obs0_ontarget_000014.zarr', 'episode_T_circle_obs0_ontarget_000014'), ('/coc/flash7/paphiwetsa3/datasets/new_circle_3/episode_T_circle_obs0_ontarget_000015.zarr', 'episode_T_circle_obs0_ontarget_000015'), ('/coc/flash7/paphiwetsa3/datasets/new_circle_3/episode_T_circle_obs0_ontarget_000016.zarr', 'episode_T_circle_obs0_ontarget_000016'), ('/coc/flash7/paphiwetsa3/datasets/new_circle_3/episode_T_circle_obs0_ontarget_000017.zarr', 'episode_T_circle_obs0_ontarget_000017'), ('/coc/flash7/paphiwetsa3/datasets/new_circle_3/episode_T_circle_obs0_ontarget_000018.zarr', 'episode_T_circle_obs0_ontarget_000018'), ('/coc/flash7/paphiwetsa3/datasets/new_circle_3/episode_T_circle_obs0_ontarget_000019.zarr', 'episode_T_circle_obs0_ontarget_000019'), ('/coc/flash7/paphiwetsa3/datasets/new_circle_3/episode_T_circle_obs0_ontarget_000020.zarr', 'episode_T_circle_obs0_ontarget_000020'), ('/coc/flash7/paphiwetsa3/datasets/new_circle_3/episode_T_circle_obs0_ontarget_000021.zarr', 'episode_T_circle_obs0_ontarget_000021'), ('/coc/flash7/paphiwetsa3/datasets/new_circle_3/episode_T_circle_obs0_ontarget_000022.zarr', 'episode_T_circle_obs0_ontarget_000022'), ('/coc/flash7/paphiwetsa3/datasets/new_circle_3/episode_T_circle_obs0_ontarget_000023.zarr', 'episode_T_circle_obs0_ontarget_000023'), ('/coc/flash7/paphiwetsa3/datasets/new_circle_3/episode_T_circle_obs0_ontarget_000024.zarr', 'episode_T_circle_obs0_ontarget_000024'), ('/coc/flash7/paphiwetsa3/datasets/new_circle_3/episode_T_circle_obs0_ontarget_000025.zarr', 'episode_T_circle_obs0_ontarget_000025'), ('/coc/flash7/paphiwetsa3/datasets/new_circle_3/episode_T_circle_obs0_ontarget_000026.zarr', 'episode_T_circle_obs0_ontarget_000026'), ('/coc/flash7/paphiwetsa3/datasets/new_circle_3/episode_T_circle_obs0_ontarget_000027.zarr', 'episode_T_circle_obs0_ontarget_000027'), ('/coc/flash7/paphiwetsa3/datasets/new_circle_3/episode_T_circle_obs0_ontarget_000028.zarr', 'episode_T_circle_obs0_ontarget_000028'), ('/coc/flash7/paphiwetsa3/datasets/new_circle_3/episode_T_circle_obs0_ontarget_000029.zarr', 'episode_T_circle_obs0_ontarget_000029'), ('/coc/flash7/paphiwetsa3/datasets/new_circle_3/episode_T_circle_obs0_ontarget_000030.zarr', 'episode_T_circle_obs0_ontarget_000030'), ('/coc/flash7/paphiwetsa3/datasets/new_circle_3/episode_T_circle_obs0_ontarget_000031.zarr', 'episode_T_circle_obs0_ontarget_000031'), ('/coc/flash7/paphiwetsa3/datasets/new_circle_3/episode_T_circle_obs0_ontarget_000032.zarr', 'episode_T_circle_obs0_ontarget_000032'), ('/coc/flash7/paphiwetsa3/datasets/new_circle_3/episode_T_circle_obs0_ontarget_000033.zarr', 'episode_T_circle_obs0_ontarget_000033'), ('/coc/flash7/paphiwetsa3/datasets/new_circle_3/episode_T_circle_obs0_ontarget_000034.zarr', 'episode_T_circle_obs0_ontarget_000034'), ('/coc/flash7/paphiwetsa3/datasets/new_circle_3/episode_T_circle_obs0_ontarget_000035.zarr', 'episode_T_circle_obs0_ontarget_000035'), ('/coc/flash7/paphiwetsa3/datasets/new_circle_3/episode_T_circle_obs0_ontarget_000036.zarr', 'episode_T_circle_obs0_ontarget_000036'), ('/coc/flash7/paphiwetsa3/datasets/new_circle_3/episode_T_circle_obs0_ontarget_000037.zarr', 'episode_T_circle_obs0_ontarget_000037'), ('/coc/flash7/paphiwetsa3/datasets/new_circle_3/episode_T_circle_obs0_ontarget_000038.zarr', 'episode_T_circle_obs0_ontarget_000038'), ('/coc/flash7/paphiwetsa3/datasets/new_circle_3/episode_T_circle_obs0_ontarget_000039.zarr', 'episode_T_circle_obs0_ontarget_000039'), ('/coc/flash7/paphiwetsa3/datasets/new_circle_3/episode_T_circle_obs0_ontarget_000040.zarr', 'episode_T_circle_obs0_ontarget_000040'), ('/coc/flash7/paphiwetsa3/datasets/new_circle_3/episode_T_circle_obs0_ontarget_000041.zarr', 'episode_T_circle_obs0_ontarget_000041'), ('/coc/flash7/paphiwetsa3/datasets/new_circle_3/episode_T_circle_obs0_ontarget_000042.zarr', 'episode_T_circle_obs0_ontarget_000042'), ('/coc/flash7/paphiwetsa3/datasets/new_circle_3/episode_T_circle_obs0_ontarget_000043.zarr', 'episode_T_circle_obs0_ontarget_000043'), ('/coc/flash7/paphiwetsa3/datasets/new_circle_3/episode_T_circle_obs0_ontarget_000044.zarr', 'episode_T_circle_obs0_ontarget_000044'), ('/coc/flash7/paphiwetsa3/datasets/new_circle_3/episode_T_circle_obs0_ontarget_000045.zarr', 'episode_T_circle_obs0_ontarget_000045'), ('/coc/flash7/paphiwetsa3/datasets/new_circle_3/episode_T_circle_obs0_ontarget_000046.zarr', 'episode_T_circle_obs0_ontarget_000046'), ('/coc/flash7/paphiwetsa3/datasets/new_circle_3/episode_T_circle_obs0_ontarget_000047.zarr', 'episode_T_circle_obs0_ontarget_000047'), ('/coc/flash7/paphiwetsa3/datasets/new_circle_3/episode_T_circle_obs10_000000.zarr', 'episode_T_circle_obs10_000000'), ('/coc/flash7/paphiwetsa3/datasets/new_circle_3/episode_T_circle_obs10_000001.zarr', 'episode_T_circle_obs10_000001'), ('/coc/flash7/paphiwetsa3/datasets/new_circle_3/episode_T_circle_obs10_000002.zarr', 'episode_T_circle_obs10_000002'), ('/coc/flash7/paphiwetsa3/datasets/new_circle_3/episode_T_circle_obs10_000003.zarr', 'episode_T_circle_obs10_000003'), ('/coc/flash7/paphiwetsa3/datasets/new_circle_3/episode_T_circle_obs10_000004.zarr', 'episode_T_circle_obs10_000004'), ('/coc/flash7/paphiwetsa3/datasets/new_circle_3/episode_T_circle_obs10_000005.zarr', 'episode_T_circle_obs10_000005'), ('/coc/flash7/paphiwetsa3/datasets/new_circle_3/episode_T_circle_obs10_000006.zarr', 'episode_T_circle_obs10_000006'), ('/coc/flash7/paphiwetsa3/datasets/new_circle_3/episode_T_circle_obs10_000007.zarr', 'episode_T_circle_obs10_000007'), ('/coc/flash7/paphiwetsa3/datasets/new_circle_3/episode_T_circle_obs10_000008.zarr', 'episode_T_circle_obs10_000008'), ('/coc/flash7/paphiwetsa3/datasets/new_circle_3/episode_T_circle_obs10_000009.zarr', 'episode_T_circle_obs10_000009'), ('/coc/flash7/paphiwetsa3/datasets/new_circle_3/episode_T_circle_obs10_000010.zarr', 'episode_T_circle_obs10_000010'), ('/coc/flash7/paphiwetsa3/datasets/new_circle_3/episode_T_circle_obs10_000011.zarr', 'episode_T_circle_obs10_000011'), ('/coc/flash7/paphiwetsa3/datasets/new_circle_3/episode_T_circle_obs10_000012.zarr', 'episode_T_circle_obs10_000012'), ('/coc/flash7/paphiwetsa3/datasets/new_circle_3/episode_T_circle_obs10_000013.zarr', 'episode_T_circle_obs10_000013'), ('/coc/flash7/paphiwetsa3/datasets/new_circle_3/episode_T_circle_obs10_000014.zarr', 'episode_T_circle_obs10_000014'), ('/coc/flash7/paphiwetsa3/datasets/new_circle_3/episode_T_circle_obs10_000015.zarr', 'episode_T_circle_obs10_000015'), ('/coc/flash7/paphiwetsa3/datasets/new_circle_3/episode_T_circle_obs11_000000.zarr', 'episode_T_circle_obs11_000000'), ('/coc/flash7/paphiwetsa3/datasets/new_circle_3/episode_T_circle_obs11_000001.zarr', 'episode_T_circle_obs11_000001'), ('/coc/flash7/paphiwetsa3/datasets/new_circle_3/episode_T_circle_obs11_000002.zarr', 'episode_T_circle_obs11_000002'), ('/coc/flash7/paphiwetsa3/datasets/new_circle_3/episode_T_circle_obs11_000003.zarr', 'episode_T_circle_obs11_000003'), ('/coc/flash7/paphiwetsa3/datasets/new_circle_3/episode_T_circle_obs11_000004.zarr', 'episode_T_circle_obs11_000004'), ('/coc/flash7/paphiwetsa3/datasets/new_circle_3/episode_T_circle_obs11_000005.zarr', 'episode_T_circle_obs11_000005'), ('/coc/flash7/paphiwetsa3/datasets/new_circle_3/episode_T_circle_obs11_000006.zarr', 'episode_T_circle_obs11_000006'), ('/coc/flash7/paphiwetsa3/datasets/new_circle_3/episode_T_circle_obs11_000007.zarr', 'episode_T_circle_obs11_000007'), ('/coc/flash7/paphiwetsa3/datasets/new_circle_3/episode_T_circle_obs11_000008.zarr', 'episode_T_circle_obs11_000008'), ('/coc/flash7/paphiwetsa3/datasets/new_circle_3/episode_T_circle_obs11_000009.zarr', 'episode_T_circle_obs11_000009'), ('/coc/flash7/paphiwetsa3/datasets/new_circle_3/episode_T_circle_obs11_000010.zarr', 'episode_T_circle_obs11_000010'), ('/coc/flash7/paphiwetsa3/datasets/new_circle_3/episode_T_circle_obs11_000011.zarr', 'episode_T_circle_obs11_000011'), ('/coc/flash7/paphiwetsa3/datasets/new_circle_3/episode_T_circle_obs11_000012.zarr', 'episode_T_circle_obs11_000012'), ('/coc/flash7/paphiwetsa3/datasets/new_circle_3/episode_T_circle_obs11_000013.zarr', 'episode_T_circle_obs11_000013'), ('/coc/flash7/paphiwetsa3/datasets/new_circle_3/episode_T_circle_obs11_000014.zarr', 'episode_T_circle_obs11_000014'), ('/coc/flash7/paphiwetsa3/datasets/new_circle_3/episode_T_circle_obs11_000015.zarr', 'episode_T_circle_obs11_000015'), ('/coc/flash7/paphiwetsa3/datasets/new_circle_3/episode_T_circle_obs12_000000.zarr', 'episode_T_circle_obs12_000000'), ('/coc/flash7/paphiwetsa3/datasets/new_circle_3/episode_T_circle_obs12_000001.zarr', 'episode_T_circle_obs12_000001'), ('/coc/flash7/paphiwetsa3/datasets/new_circle_3/episode_T_circle_obs12_000002.zarr', 'episode_T_circle_obs12_000002'), ('/coc/flash7/paphiwetsa3/datasets/new_circle_3/episode_T_circle_obs12_000003.zarr', 'episode_T_circle_obs12_000003'), ('/coc/flash7/paphiwetsa3/datasets/new_circle_3/episode_T_circle_obs12_000004.zarr', 'episode_T_circle_obs12_000004'), ('/coc/flash7/paphiwetsa3/datasets/new_circle_3/episode_T_circle_obs12_000006.zarr', 'episode_T_circle_obs12_000006'), ('/coc/flash7/paphiwetsa3/datasets/new_circle_3/episode_T_circle_obs12_000007.zarr', 'episode_T_circle_obs12_000007'), ('/coc/flash7/paphiwetsa3/datasets/new_circle_3/episode_T_circle_obs12_000008.zarr', 'episode_T_circle_obs12_000008'), ('/coc/flash7/paphiwetsa3/datasets/new_circle_3/episode_T_circle_obs12_000009.zarr', 'episode_T_circle_obs12_000009'), ('/coc/flash7/paphiwetsa3/datasets/new_circle_3/episode_T_circle_obs12_000010.zarr', 'episode_T_circle_obs12_000010'), ('/coc/flash7/paphiwetsa3/datasets/new_circle_3/episode_T_circle_obs12_000011.zarr', 'episode_T_circle_obs12_000011'), ('/coc/flash7/paphiwetsa3/datasets/new_circle_3/episode_T_circle_obs12_000012.zarr', 'episode_T_circle_obs12_000012'), ('/coc/flash7/paphiwetsa3/datasets/new_circle_3/episode_T_circle_obs12_000013.zarr', 'episode_T_circle_obs12_000013'), ('/coc/flash7/paphiwetsa3/datasets/new_circle_3/episode_T_circle_obs12_000014.zarr', 'episode_T_circle_obs12_000014'), ('/coc/flash7/paphiwetsa3/datasets/new_circle_3/episode_T_circle_obs12_000015.zarr', 'episode_T_circle_obs12_000015'), ('/coc/flash7/paphiwetsa3/datasets/new_circle_3/episode_T_circle_obs1_000000.zarr', 'episode_T_circle_obs1_000000'), ('/coc/flash7/paphiwetsa3/datasets/new_circle_3/episode_T_circle_obs1_000001.zarr', 'episode_T_circle_obs1_000001'), ('/coc/flash7/paphiwetsa3/datasets/new_circle_3/episode_T_circle_obs1_000002.zarr', 'episode_T_circle_obs1_000002'), ('/coc/flash7/paphiwetsa3/datasets/new_circle_3/episode_T_circle_obs1_000003.zarr', 'episode_T_circle_obs1_000003'), ('/coc/flash7/paphiwetsa3/datasets/new_circle_3/episode_T_circle_obs1_000004.zarr', 'episode_T_circle_obs1_000004'), ('/coc/flash7/paphiwetsa3/datasets/new_circle_3/episode_T_circle_obs1_000005.zarr', 'episode_T_circle_obs1_000005'), ('/coc/flash7/paphiwetsa3/datasets/new_circle_3/episode_T_circle_obs1_000006.zarr', 'episode_T_circle_obs1_000006'), ('/coc/flash7/paphiwetsa3/datasets/new_circle_3/episode_T_circle_obs1_000007.zarr', 'episode_T_circle_obs1_000007'), ('/coc/flash7/paphiwetsa3/datasets/new_circle_3/episode_T_circle_obs1_000008.zarr', 'episode_T_circle_obs1_000008'), ('/coc/flash7/paphiwetsa3/datasets/new_circle_3/episode_T_circle_obs1_000009.zarr', 'episode_T_circle_obs1_000009'), ('/coc/flash7/paphiwetsa3/datasets/new_circle_3/episode_T_circle_obs1_000010.zarr', 'episode_T_circle_obs1_000010'), ('/coc/flash7/paphiwetsa3/datasets/new_circle_3/episode_T_circle_obs1_000011.zarr', 'episode_T_circle_obs1_000011'), ('/coc/flash7/paphiwetsa3/datasets/new_circle_3/episode_T_circle_obs1_000012.zarr', 'episode_T_circle_obs1_000012'), ('/coc/flash7/paphiwetsa3/datasets/new_circle_3/episode_T_circle_obs1_000013.zarr', 'episode_T_circle_obs1_000013'), ('/coc/flash7/paphiwetsa3/datasets/new_circle_3/episode_T_circle_obs1_000014.zarr', 'episode_T_circle_obs1_000014'), ('/coc/flash7/paphiwetsa3/datasets/new_circle_3/episode_T_circle_obs1_000015.zarr', 'episode_T_circle_obs1_000015'), ('/coc/flash7/paphiwetsa3/datasets/new_circle_3/episode_T_circle_obs2_000000.zarr', 'episode_T_circle_obs2_000000'), ('/coc/flash7/paphiwetsa3/datasets/new_circle_3/episode_T_circle_obs2_000001.zarr', 'episode_T_circle_obs2_000001'), ('/coc/flash7/paphiwetsa3/datasets/new_circle_3/episode_T_circle_obs2_000002.zarr', 'episode_T_circle_obs2_000002'), ('/coc/flash7/paphiwetsa3/datasets/new_circle_3/episode_T_circle_obs2_000003.zarr', 'episode_T_circle_obs2_000003'), ('/coc/flash7/paphiwetsa3/datasets/new_circle_3/episode_T_circle_obs2_000004.zarr', 'episode_T_circle_obs2_000004'), ('/coc/flash7/paphiwetsa3/datasets/new_circle_3/episode_T_circle_obs2_000005.zarr', 'episode_T_circle_obs2_000005'), ('/coc/flash7/paphiwetsa3/datasets/new_circle_3/episode_T_circle_obs2_000006.zarr', 'episode_T_circle_obs2_000006'), ('/coc/flash7/paphiwetsa3/datasets/new_circle_3/episode_T_circle_obs2_000007.zarr', 'episode_T_circle_obs2_000007'), ('/coc/flash7/paphiwetsa3/datasets/new_circle_3/episode_T_circle_obs2_000008.zarr', 'episode_T_circle_obs2_000008'), ('/coc/flash7/paphiwetsa3/datasets/new_circle_3/episode_T_circle_obs2_000009.zarr', 'episode_T_circle_obs2_000009'), ('/coc/flash7/paphiwetsa3/datasets/new_circle_3/episode_T_circle_obs2_000010.zarr', 'episode_T_circle_obs2_000010'), ('/coc/flash7/paphiwetsa3/datasets/new_circle_3/episode_T_circle_obs2_000011.zarr', 'episode_T_circle_obs2_000011'), ('/coc/flash7/paphiwetsa3/datasets/new_circle_3/episode_T_circle_obs2_000012.zarr', 'episode_T_circle_obs2_000012'), ('/coc/flash7/paphiwetsa3/datasets/new_circle_3/episode_T_circle_obs2_000013.zarr', 'episode_T_circle_obs2_000013'), ('/coc/flash7/paphiwetsa3/datasets/new_circle_3/episode_T_circle_obs2_000014.zarr', 'episode_T_circle_obs2_000014'), ('/coc/flash7/paphiwetsa3/datasets/new_circle_3/episode_T_circle_obs2_000015.zarr', 'episode_T_circle_obs2_000015'), ('/coc/flash7/paphiwetsa3/datasets/new_circle_3/episode_T_circle_obs3_000000.zarr', 'episode_T_circle_obs3_000000'), ('/coc/flash7/paphiwetsa3/datasets/new_circle_3/episode_T_circle_obs3_000001.zarr', 'episode_T_circle_obs3_000001'), ('/coc/flash7/paphiwetsa3/datasets/new_circle_3/episode_T_circle_obs3_000002.zarr', 'episode_T_circle_obs3_000002'), ('/coc/flash7/paphiwetsa3/datasets/new_circle_3/episode_T_circle_obs3_000003.zarr', 'episode_T_circle_obs3_000003'), ('/coc/flash7/paphiwetsa3/datasets/new_circle_3/episode_T_circle_obs3_000004.zarr', 'episode_T_circle_obs3_000004'), ('/coc/flash7/paphiwetsa3/datasets/new_circle_3/episode_T_circle_obs3_000005.zarr', 'episode_T_circle_obs3_000005'), ('/coc/flash7/paphiwetsa3/datasets/new_circle_3/episode_T_circle_obs3_000006.zarr', 'episode_T_circle_obs3_000006'), ('/coc/flash7/paphiwetsa3/datasets/new_circle_3/episode_T_circle_obs3_000007.zarr', 'episode_T_circle_obs3_000007'), ('/coc/flash7/paphiwetsa3/datasets/new_circle_3/episode_T_circle_obs3_000008.zarr', 'episode_T_circle_obs3_000008'), ('/coc/flash7/paphiwetsa3/datasets/new_circle_3/episode_T_circle_obs3_000009.zarr', 'episode_T_circle_obs3_000009'), ('/coc/flash7/paphiwetsa3/datasets/new_circle_3/episode_T_circle_obs3_000010.zarr', 'episode_T_circle_obs3_000010'), ('/coc/flash7/paphiwetsa3/datasets/new_circle_3/episode_T_circle_obs3_000011.zarr', 'episode_T_circle_obs3_000011'), ('/coc/flash7/paphiwetsa3/datasets/new_circle_3/episode_T_circle_obs3_000012.zarr', 'episode_T_circle_obs3_000012'), ('/coc/flash7/paphiwetsa3/datasets/new_circle_3/episode_T_circle_obs3_000013.zarr', 'episode_T_circle_obs3_000013'), ('/coc/flash7/paphiwetsa3/datasets/new_circle_3/episode_T_circle_obs3_000014.zarr', 'episode_T_circle_obs3_000014'), ('/coc/flash7/paphiwetsa3/datasets/new_circle_3/episode_T_circle_obs3_000015.zarr', 'episode_T_circle_obs3_000015'), ('/coc/flash7/paphiwetsa3/datasets/new_circle_3/episode_T_circle_obs3_000016.zarr', 'episode_T_circle_obs3_000016'), ('/coc/flash7/paphiwetsa3/datasets/new_circle_3/episode_T_circle_obs4_000000.zarr', 'episode_T_circle_obs4_000000'), ('/coc/flash7/paphiwetsa3/datasets/new_circle_3/episode_T_circle_obs4_000001.zarr', 'episode_T_circle_obs4_000001'), ('/coc/flash7/paphiwetsa3/datasets/new_circle_3/episode_T_circle_obs4_000002.zarr', 'episode_T_circle_obs4_000002'), ('/coc/flash7/paphiwetsa3/datasets/new_circle_3/episode_T_circle_obs4_000003.zarr', 'episode_T_circle_obs4_000003'), ('/coc/flash7/paphiwetsa3/datasets/new_circle_3/episode_T_circle_obs4_000004.zarr', 'episode_T_circle_obs4_000004'), ('/coc/flash7/paphiwetsa3/datasets/new_circle_3/episode_T_circle_obs4_000005.zarr', 'episode_T_circle_obs4_000005'), ('/coc/flash7/paphiwetsa3/datasets/new_circle_3/episode_T_circle_obs4_000006.zarr', 'episode_T_circle_obs4_000006'), ('/coc/flash7/paphiwetsa3/datasets/new_circle_3/episode_T_circle_obs4_000007.zarr', 'episode_T_circle_obs4_000007'), ('/coc/flash7/paphiwetsa3/datasets/new_circle_3/episode_T_circle_obs4_000008.zarr', 'episode_T_circle_obs4_000008'), ('/coc/flash7/paphiwetsa3/datasets/new_circle_3/episode_T_circle_obs4_000009.zarr', 'episode_T_circle_obs4_000009'), ('/coc/flash7/paphiwetsa3/datasets/new_circle_3/episode_T_circle_obs4_000010.zarr', 'episode_T_circle_obs4_000010'), ('/coc/flash7/paphiwetsa3/datasets/new_circle_3/episode_T_circle_obs4_000011.zarr', 'episode_T_circle_obs4_000011'), ('/coc/flash7/paphiwetsa3/datasets/new_circle_3/episode_T_circle_obs4_000012.zarr', 'episode_T_circle_obs4_000012'), ('/coc/flash7/paphiwetsa3/datasets/new_circle_3/episode_T_circle_obs4_000013.zarr', 'episode_T_circle_obs4_000013'), ('/coc/flash7/paphiwetsa3/datasets/new_circle_3/episode_T_circle_obs4_000014.zarr', 'episode_T_circle_obs4_000014'), ('/coc/flash7/paphiwetsa3/datasets/new_circle_3/episode_T_circle_obs4_000015.zarr', 'episode_T_circle_obs4_000015'), ('/coc/flash7/paphiwetsa3/datasets/new_circle_3/episode_T_circle_obs5_000000.zarr', 'episode_T_circle_obs5_000000'), ('/coc/flash7/paphiwetsa3/datasets/new_circle_3/episode_T_circle_obs5_000001.zarr', 'episode_T_circle_obs5_000001'), ('/coc/flash7/paphiwetsa3/datasets/new_circle_3/episode_T_circle_obs5_000002.zarr', 'episode_T_circle_obs5_000002'), ('/coc/flash7/paphiwetsa3/datasets/new_circle_3/episode_T_circle_obs5_000003.zarr', 'episode_T_circle_obs5_000003'), ('/coc/flash7/paphiwetsa3/datasets/new_circle_3/episode_T_circle_obs5_000004.zarr', 'episode_T_circle_obs5_000004'), ('/coc/flash7/paphiwetsa3/datasets/new_circle_3/episode_T_circle_obs5_000005.zarr', 'episode_T_circle_obs5_000005'), ('/coc/flash7/paphiwetsa3/datasets/new_circle_3/episode_T_circle_obs5_000006.zarr', 'episode_T_circle_obs5_000006'), ('/coc/flash7/paphiwetsa3/datasets/new_circle_3/episode_T_circle_obs5_000008.zarr', 'episode_T_circle_obs5_000008'), ('/coc/flash7/paphiwetsa3/datasets/new_circle_3/episode_T_circle_obs5_000009.zarr', 'episode_T_circle_obs5_000009'), ('/coc/flash7/paphiwetsa3/datasets/new_circle_3/episode_T_circle_obs5_000010.zarr', 'episode_T_circle_obs5_000010'), ('/coc/flash7/paphiwetsa3/datasets/new_circle_3/episode_T_circle_obs5_000011.zarr', 'episode_T_circle_obs5_000011'), ('/coc/flash7/paphiwetsa3/datasets/new_circle_3/episode_T_circle_obs5_000012.zarr', 'episode_T_circle_obs5_000012'), ('/coc/flash7/paphiwetsa3/datasets/new_circle_3/episode_T_circle_obs5_000013.zarr', 'episode_T_circle_obs5_000013'), ('/coc/flash7/paphiwetsa3/datasets/new_circle_3/episode_T_circle_obs5_000014.zarr', 'episode_T_circle_obs5_000014'), ('/coc/flash7/paphiwetsa3/datasets/new_circle_3/episode_T_circle_obs5_000015.zarr', 'episode_T_circle_obs5_000015'), ('/coc/flash7/paphiwetsa3/datasets/new_circle_3/episode_T_circle_obs6_000000.zarr', 'episode_T_circle_obs6_000000'), ('/coc/flash7/paphiwetsa3/datasets/new_circle_3/episode_T_circle_obs6_000001.zarr', 'episode_T_circle_obs6_000001'), ('/coc/flash7/paphiwetsa3/datasets/new_circle_3/episode_T_circle_obs6_000002.zarr', 'episode_T_circle_obs6_000002'), ('/coc/flash7/paphiwetsa3/datasets/new_circle_3/episode_T_circle_obs6_000003.zarr', 'episode_T_circle_obs6_000003'), ('/coc/flash7/paphiwetsa3/datasets/new_circle_3/episode_T_circle_obs6_000004.zarr', 'episode_T_circle_obs6_000004'), ('/coc/flash7/paphiwetsa3/datasets/new_circle_3/episode_T_circle_obs6_000005.zarr', 'episode_T_circle_obs6_000005'), ('/coc/flash7/paphiwetsa3/datasets/new_circle_3/episode_T_circle_obs6_000006.zarr', 'episode_T_circle_obs6_000006'), ('/coc/flash7/paphiwetsa3/datasets/new_circle_3/episode_T_circle_obs6_000007.zarr', 'episode_T_circle_obs6_000007'), ('/coc/flash7/paphiwetsa3/datasets/new_circle_3/episode_T_circle_obs6_000008.zarr', 'episode_T_circle_obs6_000008'), ('/coc/flash7/paphiwetsa3/datasets/new_circle_3/episode_T_circle_obs6_000009.zarr', 'episode_T_circle_obs6_000009'), ('/coc/flash7/paphiwetsa3/datasets/new_circle_3/episode_T_circle_obs6_000010.zarr', 'episode_T_circle_obs6_000010'), ('/coc/flash7/paphiwetsa3/datasets/new_circle_3/episode_T_circle_obs6_000011.zarr', 'episode_T_circle_obs6_000011'), ('/coc/flash7/paphiwetsa3/datasets/new_circle_3/episode_T_circle_obs6_000012.zarr', 'episode_T_circle_obs6_000012'), ('/coc/flash7/paphiwetsa3/datasets/new_circle_3/episode_T_circle_obs6_000013.zarr', 'episode_T_circle_obs6_000013'), ('/coc/flash7/paphiwetsa3/datasets/new_circle_3/episode_T_circle_obs6_000014.zarr', 'episode_T_circle_obs6_000014'), ('/coc/flash7/paphiwetsa3/datasets/new_circle_3/episode_T_circle_obs6_000015.zarr', 'episode_T_circle_obs6_000015'), ('/coc/flash7/paphiwetsa3/datasets/new_circle_3/episode_T_circle_obs6_000016.zarr', 'episode_T_circle_obs6_000016'), ('/coc/flash7/paphiwetsa3/datasets/new_circle_3/episode_T_circle_obs7_000000.zarr', 'episode_T_circle_obs7_000000'), ('/coc/flash7/paphiwetsa3/datasets/new_circle_3/episode_T_circle_obs7_000001.zarr', 'episode_T_circle_obs7_000001'), ('/coc/flash7/paphiwetsa3/datasets/new_circle_3/episode_T_circle_obs7_000002.zarr', 'episode_T_circle_obs7_000002'), ('/coc/flash7/paphiwetsa3/datasets/new_circle_3/episode_T_circle_obs7_000003.zarr', 'episode_T_circle_obs7_000003'), ('/coc/flash7/paphiwetsa3/datasets/new_circle_3/episode_T_circle_obs7_000004.zarr', 'episode_T_circle_obs7_000004'), ('/coc/flash7/paphiwetsa3/datasets/new_circle_3/episode_T_circle_obs7_000005.zarr', 'episode_T_circle_obs7_000005'), ('/coc/flash7/paphiwetsa3/datasets/new_circle_3/episode_T_circle_obs7_000006.zarr', 'episode_T_circle_obs7_000006'), ('/coc/flash7/paphiwetsa3/datasets/new_circle_3/episode_T_circle_obs7_000007.zarr', 'episode_T_circle_obs7_000007'), ('/coc/flash7/paphiwetsa3/datasets/new_circle_3/episode_T_circle_obs7_000008.zarr', 'episode_T_circle_obs7_000008'), ('/coc/flash7/paphiwetsa3/datasets/new_circle_3/episode_T_circle_obs7_000009.zarr', 'episode_T_circle_obs7_000009'), ('/coc/flash7/paphiwetsa3/datasets/new_circle_3/episode_T_circle_obs7_000010.zarr', 'episode_T_circle_obs7_000010'), ('/coc/flash7/paphiwetsa3/datasets/new_circle_3/episode_T_circle_obs7_000011.zarr', 'episode_T_circle_obs7_000011'), ('/coc/flash7/paphiwetsa3/datasets/new_circle_3/episode_T_circle_obs7_000012.zarr', 'episode_T_circle_obs7_000012'), ('/coc/flash7/paphiwetsa3/datasets/new_circle_3/episode_T_circle_obs7_000013.zarr', 'episode_T_circle_obs7_000013'), ('/coc/flash7/paphiwetsa3/datasets/new_circle_3/episode_T_circle_obs7_000014.zarr', 'episode_T_circle_obs7_000014'), ('/coc/flash7/paphiwetsa3/datasets/new_circle_3/episode_T_circle_obs7_000015.zarr', 'episode_T_circle_obs7_000015'), ('/coc/flash7/paphiwetsa3/datasets/new_circle_3/episode_T_circle_obs8_000000.zarr', 'episode_T_circle_obs8_000000'), ('/coc/flash7/paphiwetsa3/datasets/new_circle_3/episode_T_circle_obs8_000001.zarr', 'episode_T_circle_obs8_000001'), ('/coc/flash7/paphiwetsa3/datasets/new_circle_3/episode_T_circle_obs8_000003.zarr', 'episode_T_circle_obs8_000003'), ('/coc/flash7/paphiwetsa3/datasets/new_circle_3/episode_T_circle_obs8_000004.zarr', 'episode_T_circle_obs8_000004'), ('/coc/flash7/paphiwetsa3/datasets/new_circle_3/episode_T_circle_obs8_000005.zarr', 'episode_T_circle_obs8_000005'), ('/coc/flash7/paphiwetsa3/datasets/new_circle_3/episode_T_circle_obs8_000006.zarr', 'episode_T_circle_obs8_000006'), ('/coc/flash7/paphiwetsa3/datasets/new_circle_3/episode_T_circle_obs8_000007.zarr', 'episode_T_circle_obs8_000007'), ('/coc/flash7/paphiwetsa3/datasets/new_circle_3/episode_T_circle_obs8_000008.zarr', 'episode_T_circle_obs8_000008'), ('/coc/flash7/paphiwetsa3/datasets/new_circle_3/episode_T_circle_obs8_000009.zarr', 'episode_T_circle_obs8_000009'), ('/coc/flash7/paphiwetsa3/datasets/new_circle_3/episode_T_circle_obs8_000010.zarr', 'episode_T_circle_obs8_000010'), ('/coc/flash7/paphiwetsa3/datasets/new_circle_3/episode_T_circle_obs8_000011.zarr', 'episode_T_circle_obs8_000011'), ('/coc/flash7/paphiwetsa3/datasets/new_circle_3/episode_T_circle_obs8_000014.zarr', 'episode_T_circle_obs8_000014'), ('/coc/flash7/paphiwetsa3/datasets/new_circle_3/episode_T_circle_obs8_000015.zarr', 'episode_T_circle_obs8_000015'), ('/coc/flash7/paphiwetsa3/datasets/new_circle_3/episode_T_circle_obs8_000016.zarr', 'episode_T_circle_obs8_000016'), ('/coc/flash7/paphiwetsa3/datasets/new_circle_3/episode_T_circle_obs8_000017.zarr', 'episode_T_circle_obs8_000017'), ('/coc/flash7/paphiwetsa3/datasets/new_circle_3/episode_T_circle_obs9_000000.zarr', 'episode_T_circle_obs9_000000'), ('/coc/flash7/paphiwetsa3/datasets/new_circle_3/episode_T_circle_obs9_000001.zarr', 'episode_T_circle_obs9_000001'), ('/coc/flash7/paphiwetsa3/datasets/new_circle_3/episode_T_circle_obs9_000002.zarr', 'episode_T_circle_obs9_000002'), ('/coc/flash7/paphiwetsa3/datasets/new_circle_3/episode_T_circle_obs9_000003.zarr', 'episode_T_circle_obs9_000003'), ('/coc/flash7/paphiwetsa3/datasets/new_circle_3/episode_T_circle_obs9_000007.zarr', 'episode_T_circle_obs9_000007'), ('/coc/flash7/paphiwetsa3/datasets/new_circle_3/episode_T_circle_obs9_000008.zarr', 'episode_T_circle_obs9_000008'), ('/coc/flash7/paphiwetsa3/datasets/new_circle_3/episode_T_circle_obs9_000009.zarr', 'episode_T_circle_obs9_000009'), ('/coc/flash7/paphiwetsa3/datasets/new_circle_3/episode_T_circle_obs9_000010.zarr', 'episode_T_circle_obs9_000010'), ('/coc/flash7/paphiwetsa3/datasets/new_circle_3/episode_T_circle_obs9_000011.zarr', 'episode_T_circle_obs9_000011'), ('/coc/flash7/paphiwetsa3/datasets/new_circle_3/episode_T_circle_obs9_000012.zarr', 'episode_T_circle_obs9_000012'), ('/coc/flash7/paphiwetsa3/datasets/new_circle_3/episode_T_circle_obs9_000013.zarr', 'episode_T_circle_obs9_000013'), ('/coc/flash7/paphiwetsa3/datasets/new_circle_3/episode_T_circle_obs9_000014.zarr', 'episode_T_circle_obs9_000014')]
[2026-06-06 05:48:04,646][egomimic.rldb.zarr.zarr_dataset_multi][INFO] - Valid folder names: {'episode_T_circle_obs0_000021', 'episode_T_circle_obs0_000306', 'episode_T_circle_obs0_000600', 'episode_T_circle_obs0_000356', 'episode_T_circle_obs0_000677', 'episode_T_circle_obs0_000475', 'episode_T_circle_obs0_000300', 'episode_T_circle_obs0_000339', 'episode_T_circle_obs0_000193', 'episode_T_circle_obs0_000546', 'episode_T_circle_obs0_000310', 'episode_T_circle_obs0_000200', 'episode_T_circle_obs0_000531', 'episode_T_circle_obs0_000543', 'episode_T_circle_obs0_000613', 'episode_T_circle_obs2_000011', 'episode_T_circle_obs4_000015', 'episode_T_circle_obs0_000288', 'episode_T_circle_obs0_000629', 'episode_T_circle_obs0_000332', 'episode_T_circle_obs0_000181', 'episode_T_circle_obs0_000287', 'episode_T_circle_obs0_000386', 'episode_T_circle_obs0_000570', 'episode_T_circle_obs0_000094', 'episode_T_circle_obs0_000060', 'episode_T_circle_obs0_000399', 'episode_T_circle_obs0_ontarget_000014', 'episode_T_circle_obs0_000528', 'episode_T_circle_obs0_000158', 'episode_T_circle_obs12_000001', 'episode_T_circle_obs0_000634', 'episode_T_circle_obs9_000008', 'episode_T_circle_obs3_000012', 'episode_T_circle_obs0_000262', 'episode_T_circle_obs0_000499', 'episode_T_circle_obs0_000565', 'episode_T_circle_obs0_000492', 'episode_T_circle_obs0_000720', 'episode_T_circle_obs0_000242', 'episode_T_circle_obs0_ontarget_000031', 'episode_T_circle_obs0_000432', 'episode_T_circle_obs0_000410', 'episode_T_circle_obs0_000359', 'episode_T_circle_obs6_000015', 'episode_T_circle_obs0_000605', 'episode_T_circle_obs0_000114', 'episode_T_circle_obs0_000194', 'episode_T_circle_obs0_000015', 'episode_T_circle_obs5_000006', 'episode_T_circle_obs6_000013', 'episode_T_circle_obs4_000003', 'episode_T_circle_obs0_000685', 'episode_T_circle_obs0_000437', 'episode_T_circle_obs0_000028', 'episode_T_circle_obs12_000003', 'episode_T_circle_obs0_000247', 'episode_T_circle_obs0_000676', 'episode_T_circle_obs0_ontarget_000026', 'episode_T_circle_obs2_000014', 'episode_T_circle_obs0_000081', 'episode_T_circle_obs0_000159', 'episode_T_circle_obs0_000277', 'episode_T_circle_obs0_000674', 'episode_T_circle_obs0_000236', 'episode_T_circle_obs0_000191', 'episode_T_circle_obs0_000137', 'episode_T_circle_obs0_000148', 'episode_T_circle_obs0_000251', 'episode_T_circle_obs3_000010', 'episode_T_circle_obs0_000696', 'episode_T_circle_obs4_000011', 'episode_T_circle_obs7_000002', 'episode_T_circle_obs8_000017', 'episode_T_circle_obs0_000002', 'episode_T_circle_obs0_ontarget_000028', 'episode_T_circle_obs5_000001', 'episode_T_circle_obs7_000009', 'episode_T_circle_obs0_000586', 'episode_T_circle_obs0_000212', 'episode_T_circle_obs0_000641', 'episode_T_circle_obs0_000075', 'episode_T_circle_obs0_000389', 'episode_T_circle_obs0_000157', 'episode_T_circle_obs11_000002', 'episode_T_circle_obs11_000014', 'episode_T_circle_obs0_000419', 'episode_T_circle_obs1_000004', 'episode_T_circle_obs0_000067', 'episode_T_circle_obs0_ontarget_000035', 'episode_T_circle_obs0_000454', 'episode_T_circle_obs0_000274', 'episode_T_circle_obs0_000609', 'episode_T_circle_obs0_000645', 'episode_T_circle_obs0_000483', 'episode_T_circle_obs10_000004', 'episode_T_circle_obs0_000500', 'episode_T_circle_obs0_000281', 'episode_T_circle_obs1_000009', 'episode_T_circle_obs3_000001', 'episode_T_circle_obs0_000582', 'episode_T_circle_obs11_000011', 'episode_T_circle_obs0_000699', 'episode_T_circle_obs0_000527', 'episode_T_circle_obs0_000693', 'episode_T_circle_obs0_000170', 'episode_T_circle_obs0_ontarget_000041', 'episode_T_circle_obs0_000358', 'episode_T_circle_obs0_000073', 'episode_T_circle_obs10_000009', 'episode_T_circle_obs0_000230', 'episode_T_circle_obs6_000010', 'episode_T_circle_obs0_000592', 'episode_T_circle_obs0_000647', 'episode_T_circle_obs9_000012', 'episode_T_circle_obs0_000702', 'episode_T_circle_obs0_000367', 'episode_T_circle_obs7_000008', 'episode_T_circle_obs2_000001', 'episode_T_circle_obs0_000517', 'episode_T_circle_obs2_000003', 'episode_T_circle_obs2_000013', 'episode_T_circle_obs0_000434', 'episode_T_circle_obs8_000010', 'episode_T_circle_obs0_000476', 'episode_T_circle_obs0_000653', 'episode_T_circle_obs0_000583', 'episode_T_circle_obs2_000007', 'episode_T_circle_obs0_000027', 'episode_T_circle_obs0_000403', 'episode_T_circle_obs9_000011', 'episode_T_circle_obs0_000336', 'episode_T_circle_obs0_000282', 'episode_T_circle_obs0_ontarget_000044', 'episode_T_circle_obs2_000009', 'episode_T_circle_obs0_000576', 'episode_T_circle_obs0_000034', 'episode_T_circle_obs0_000233', 'episode_T_circle_obs0_000414', 'episode_T_circle_obs0_000225', 'episode_T_circle_obs0_000708', 'episode_T_circle_obs10_000012', 'episode_T_circle_obs0_000138', 'episode_T_circle_obs0_000455', 'episode_T_circle_obs2_000008', 'episode_T_circle_obs0_000553', 'episode_T_circle_obs0_000008', 'episode_T_circle_obs0_000266', 'episode_T_circle_obs3_000009', 'episode_T_circle_obs0_000250', 'episode_T_circle_obs0_000459', 'episode_T_circle_obs0_000504', 'episode_T_circle_obs0_000471', 'episode_T_circle_obs11_000003', 'episode_T_circle_obs0_000467', 'episode_T_circle_obs0_000016', 'episode_T_circle_obs0_000119', 'episode_T_circle_obs0_000226', 'episode_T_circle_obs0_000479', 'episode_T_circle_obs0_000638', 'episode_T_circle_obs0_000273', 'episode_T_circle_obs0_000469', 'episode_T_circle_obs2_000002', 'episode_T_circle_obs0_000511', 'episode_T_circle_obs0_000295', 'episode_T_circle_obs0_000581', 'episode_T_circle_obs0_000470', 'episode_T_circle_obs5_000005', 'episode_T_circle_obs0_000680', 'episode_T_circle_obs0_000098', 'episode_T_circle_obs0_000595', 'episode_T_circle_obs0_000228', 'episode_T_circle_obs0_000329', 'episode_T_circle_obs0_000192', 'episode_T_circle_obs10_000008', 'episode_T_circle_obs0_000069', 'episode_T_circle_obs0_000518', 'episode_T_circle_obs0_000628', 'episode_T_circle_obs0_000452', 'episode_T_circle_obs0_000453', 'episode_T_circle_obs0_000651', 'episode_T_circle_obs10_000011', 'episode_T_circle_obs0_000587', 'episode_T_circle_obs0_ontarget_000027', 'episode_T_circle_obs11_000005', 'episode_T_circle_obs0_000338', 'episode_T_circle_obs0_000198', 'episode_T_circle_obs11_000008', 'episode_T_circle_obs8_000014', 'episode_T_circle_obs0_000590', 'episode_T_circle_obs0_000097', 'episode_T_circle_obs0_000687', 'episode_T_circle_obs0_000299', 'episode_T_circle_obs0_000460', 'episode_T_circle_obs7_000005', 'episode_T_circle_obs0_000238', 'episode_T_circle_obs0_000035', 'episode_T_circle_obs3_000014', 'episode_T_circle_obs0_000086', 'episode_T_circle_obs0_000688', 'episode_T_circle_obs0_000529', 'episode_T_circle_obs0_000513', 'episode_T_circle_obs0_000278', 'episode_T_circle_obs0_000235', 'episode_T_circle_obs0_000279', 'episode_T_circle_obs0_000213', 'episode_T_circle_obs0_000413', 'episode_T_circle_obs8_000009', 'episode_T_circle_obs0_000707', 'episode_T_circle_obs0_000456', 'episode_T_circle_obs5_000002', 'episode_T_circle_obs0_000596', 'episode_T_circle_obs0_000505', 'episode_T_circle_obs0_000232', 'episode_T_circle_obs0_000163', 'episode_T_circle_obs1_000006', 'episode_T_circle_obs0_000043', 'episode_T_circle_obs0_000591', 'episode_T_circle_obs0_000072', 'episode_T_circle_obs0_000369', 'episode_T_circle_obs0_000046', 'episode_T_circle_obs0_ontarget_000004', 'episode_T_circle_obs0_000185', 'episode_T_circle_obs0_000344', 'episode_T_circle_obs0_000362', 'episode_T_circle_obs0_000106', 'episode_T_circle_obs0_000071', 'episode_T_circle_obs0_000523', 'episode_T_circle_obs0_000662', 'episode_T_circle_obs0_000549', 'episode_T_circle_obs11_000007', 'episode_T_circle_obs12_000000', 'episode_T_circle_obs0_000018', 'episode_T_circle_obs0_000030', 'episode_T_circle_obs0_000485', 'episode_T_circle_obs0_000428', 'episode_T_circle_obs12_000015', 'episode_T_circle_obs0_ontarget_000021', 'episode_T_circle_obs0_000268', 'episode_T_circle_obs0_000512', 'episode_T_circle_obs0_000229', 'episode_T_circle_obs3_000015', 'episode_T_circle_obs0_ontarget_000038', 'episode_T_circle_obs9_000007', 'episode_T_circle_obs0_000532', 'episode_T_circle_obs0_000560', 'episode_T_circle_obs0_000632', 'episode_T_circle_obs12_000012', 'episode_T_circle_obs0_ontarget_000033', 'episode_T_circle_obs0_000152', 'episode_T_circle_obs0_000441', 'episode_T_circle_obs0_000433', 'episode_T_circle_obs0_000464', 'episode_T_circle_obs0_000146', 'episode_T_circle_obs0_000062', 'episode_T_circle_obs0_000164', 'episode_T_circle_obs0_000350', 'episode_T_circle_obs11_000015', 'episode_T_circle_obs0_000059', 'episode_T_circle_obs0_000478', 'episode_T_circle_obs0_000297', 'episode_T_circle_obs0_000593', 'episode_T_circle_obs8_000000', 'episode_T_circle_obs0_000654', 'episode_T_circle_obs0_000535', 'episode_T_circle_obs0_000711', 'episode_T_circle_obs0_000006', 'episode_T_circle_obs5_000003', 'episode_T_circle_obs0_ontarget_000040', 'episode_T_circle_obs0_000103', 'episode_T_circle_obs0_000392', 'episode_T_circle_obs0_000698', 'episode_T_circle_obs0_000646', 'episode_T_circle_obs0_000387', 'episode_T_circle_obs3_000002', 'episode_T_circle_obs0_000061', 'episode_T_circle_obs0_000509', 'episode_T_circle_obs0_000353', 'episode_T_circle_obs0_000207', 'episode_T_circle_obs0_ontarget_000022', 'episode_T_circle_obs12_000010', 'episode_T_circle_obs5_000008', 'episode_T_circle_obs10_000001', 'episode_T_circle_obs0_000244', 'episode_T_circle_obs0_000256', 'episode_T_circle_obs0_000047', 'episode_T_circle_obs0_000422', 'episode_T_circle_obs0_000679', 'episode_T_circle_obs0_000561', 'episode_T_circle_obs0_000524', 'episode_T_circle_obs0_000254', 'episode_T_circle_obs0_000144', 'episode_T_circle_obs0_000012', 'episode_T_circle_obs0_000580', 'episode_T_circle_obs0_000606', 'episode_T_circle_obs0_000417', 'episode_T_circle_obs0_000690', 'episode_T_circle_obs0_000718', 'episode_T_circle_obs1_000013', 'episode_T_circle_obs0_000552', 'episode_T_circle_obs0_000321', 'episode_T_circle_obs0_000488', 'episode_T_circle_obs0_000394', 'episode_T_circle_obs11_000001', 'episode_T_circle_obs1_000005', 'episode_T_circle_obs0_000365', 'episode_T_circle_obs3_000000', 'episode_T_circle_obs0_000042', 'episode_T_circle_obs0_000457', 'episode_T_circle_obs0_000393', 'episode_T_circle_obs0_000395', 'episode_T_circle_obs0_000503', 'episode_T_circle_obs0_000444', 'episode_T_circle_obs1_000007', 'episode_T_circle_obs2_000010', 'episode_T_circle_obs11_000012', 'episode_T_circle_obs0_000450', 'episode_T_circle_obs4_000007', 'episode_T_circle_obs0_000211', 'episode_T_circle_obs7_000000', 'episode_T_circle_obs0_000574', 'episode_T_circle_obs3_000013', 'episode_T_circle_obs0_000111', 'episode_T_circle_obs0_000000', 'episode_T_circle_obs0_000179', 'episode_T_circle_obs0_000312', 'episode_T_circle_obs0_000390', 'episode_T_circle_obs0_000704', 'episode_T_circle_obs0_000519', 'episode_T_circle_obs0_000078', 'episode_T_circle_obs0_000589', 'episode_T_circle_obs0_000064', 'episode_T_circle_obs0_000294', 'episode_T_circle_obs10_000003', 'episode_T_circle_obs9_000014', 'episode_T_circle_obs0_000124', 'episode_T_circle_obs0_000134', 'episode_T_circle_obs0_000341', 'episode_T_circle_obs0_000584', 'episode_T_circle_obs3_000004', 'episode_T_circle_obs0_000202', 'episode_T_circle_obs0_000360', 'episode_T_circle_obs0_000439', 'episode_T_circle_obs0_000555', 'episode_T_circle_obs0_000101', 'episode_T_circle_obs0_000112', 'episode_T_circle_obs0_000498', 'episode_T_circle_obs11_000013', 'episode_T_circle_obs0_000326', 'episode_T_circle_obs2_000000', 'episode_T_circle_obs0_000102', 'episode_T_circle_obs0_000382', 'episode_T_circle_obs0_000346', 'episode_T_circle_obs0_000361', 'episode_T_circle_obs5_000013', 'episode_T_circle_obs0_000022', 'episode_T_circle_obs0_000272', 'episode_T_circle_obs0_000383', 'episode_T_circle_obs0_000643', 'episode_T_circle_obs0_000658', 'episode_T_circle_obs0_000296', 'episode_T_circle_obs0_000624', 'episode_T_circle_obs0_000442', 'episode_T_circle_obs0_000691', 'episode_T_circle_obs0_000391', 'episode_T_circle_obs0_000665', 'episode_T_circle_obs0_000692', 'episode_T_circle_obs0_000040', 'episode_T_circle_obs0_000567', 'episode_T_circle_obs0_000429', 'episode_T_circle_obs0_ontarget_000020', 'episode_T_circle_obs0_000126', 'episode_T_circle_obs7_000006', 'episode_T_circle_obs7_000013', 'episode_T_circle_obs3_000007', 'episode_T_circle_obs0_000659', 'episode_T_circle_obs12_000013', 'episode_T_circle_obs10_000000', 'episode_T_circle_obs4_000005', 'episode_T_circle_obs0_ontarget_000024', 'episode_T_circle_obs0_000402', 'episode_T_circle_obs0_000663', 'episode_T_circle_obs0_000224', 'episode_T_circle_obs6_000005', 'episode_T_circle_obs12_000011', 'episode_T_circle_obs0_000113', 'episode_T_circle_obs0_000107', 'episode_T_circle_obs0_000381', 'episode_T_circle_obs0_000671', 'episode_T_circle_obs0_000196', 'episode_T_circle_obs0_000208', 'episode_T_circle_obs0_000544', 'episode_T_circle_obs0_ontarget_000005', 'episode_T_circle_obs0_000664', 'episode_T_circle_obs0_000116', 'episode_T_circle_obs0_000604', 'episode_T_circle_obs0_000717', 'episode_T_circle_obs0_000547', 'episode_T_circle_obs0_000695', 'episode_T_circle_obs0_000009', 'episode_T_circle_obs0_000090', 'episode_T_circle_obs0_000109', 'episode_T_circle_obs0_000128', 'episode_T_circle_obs0_000132', 'episode_T_circle_obs4_000000', 'episode_T_circle_obs0_000253', 'episode_T_circle_obs0_000115', 'episode_T_circle_obs0_000537', 'episode_T_circle_obs0_000001', 'episode_T_circle_obs0_000615', 'episode_T_circle_obs0_000165', 'episode_T_circle_obs0_000139', 'episode_T_circle_obs0_000135', 'episode_T_circle_obs0_000259', 'episode_T_circle_obs0_ontarget_000006', 'episode_T_circle_obs0_ontarget_000010', 'episode_T_circle_obs0_ontarget_000046', 'episode_T_circle_obs1_000015', 'episode_T_circle_obs0_000388', 'episode_T_circle_obs0_000420', 'episode_T_circle_obs0_ontarget_000009', 'episode_T_circle_obs0_000270', 'episode_T_circle_obs0_000594', 'episode_T_circle_obs0_000077', 'episode_T_circle_obs0_000375', 'episode_T_circle_obs0_000085', 'episode_T_circle_obs0_000666', 'episode_T_circle_obs0_000068', 'episode_T_circle_obs0_000380', 'episode_T_circle_obs0_000597', 'episode_T_circle_obs0_000052', 'episode_T_circle_obs0_000366', 'episode_T_circle_obs0_000140', 'episode_T_circle_obs0_000038', 'episode_T_circle_obs0_000493', 'episode_T_circle_obs0_000031', 'episode_T_circle_obs1_000014', 'episode_T_circle_obs0_000633', 'episode_T_circle_obs0_000530', 'episode_T_circle_obs0_000508', 'episode_T_circle_obs0_000187', 'episode_T_circle_obs0_000249', 'episode_T_circle_obs0_000308', 'episode_T_circle_obs0_000670', 'episode_T_circle_obs0_000620', 'episode_T_circle_obs0_000481', 'episode_T_circle_obs0_000129', 'episode_T_circle_obs0_000449', 'episode_T_circle_obs0_000614', 'episode_T_circle_obs0_ontarget_000012', 'episode_T_circle_obs0_000239', 'episode_T_circle_obs0_000522', 'episode_T_circle_obs0_000220', 'episode_T_circle_obs0_000396', 'episode_T_circle_obs0_000526', 'episode_T_circle_obs0_000573', 'episode_T_circle_obs0_000291', 'episode_T_circle_obs0_000100', 'episode_T_circle_obs0_000293', 'episode_T_circle_obs0_000385', 'episode_T_circle_obs10_000002', 'episode_T_circle_obs0_000477', 'episode_T_circle_obs0_ontarget_000034', 'episode_T_circle_obs0_000045', 'episode_T_circle_obs0_000331', 'episode_T_circle_obs0_000020', 'episode_T_circle_obs0_000637', 'episode_T_circle_obs0_000172', 'episode_T_circle_obs0_000612', 'episode_T_circle_obs0_000023', 'episode_T_circle_obs0_ontarget_000019', 'episode_T_circle_obs0_000554', 'episode_T_circle_obs0_000426', 'episode_T_circle_obs6_000006', 'episode_T_circle_obs0_000601', 'episode_T_circle_obs0_000161', 'episode_T_circle_obs12_000014', 'episode_T_circle_obs0_000501', 'episode_T_circle_obs4_000004', 'episode_T_circle_obs0_000301', 'episode_T_circle_obs0_000063', 'episode_T_circle_obs0_000275', 'episode_T_circle_obs0_000373', 'episode_T_circle_obs0_000104', 'episode_T_circle_obs6_000016', 'episode_T_circle_obs0_000257', 'episode_T_circle_obs0_000318', 'episode_T_circle_obs12_000004', 'episode_T_circle_obs10_000006', 'episode_T_circle_obs11_000010', 'episode_T_circle_obs7_000007', 'episode_T_circle_obs0_000540', 'episode_T_circle_obs0_000241', 'episode_T_circle_obs3_000006', 'episode_T_circle_obs0_000480', 'episode_T_circle_obs4_000002', 'episode_T_circle_obs0_000357', 'episode_T_circle_obs0_000314', 'episode_T_circle_obs6_000004', 'episode_T_circle_obs0_000431', 'episode_T_circle_obs9_000013', 'episode_T_circle_obs0_000640', 'episode_T_circle_obs0_000351', 'episode_T_circle_obs0_000328', 'episode_T_circle_obs0_000379', 'episode_T_circle_obs0_000245', 'episode_T_circle_obs0_000406', 'episode_T_circle_obs0_000036', 'episode_T_circle_obs0_000474', 'episode_T_circle_obs0_000011', 'episode_T_circle_obs0_000014', 'episode_T_circle_obs0_000315', 'episode_T_circle_obs0_000105', 'episode_T_circle_obs0_000436', 'episode_T_circle_obs0_000619', 'episode_T_circle_obs0_000210', 'episode_T_circle_obs0_000622', 'episode_T_circle_obs9_000002', 'episode_T_circle_obs0_000657', 'episode_T_circle_obs0_000243', 'episode_T_circle_obs0_000162', 'episode_T_circle_obs0_000487', 'episode_T_circle_obs0_000673', 'episode_T_circle_obs0_000712', 'episode_T_circle_obs0_ontarget_000001', 'episode_T_circle_obs0_000195', 'episode_T_circle_obs0_000150', 'episode_T_circle_obs0_000617', 'episode_T_circle_obs0_000125', 'episode_T_circle_obs0_000280', 'episode_T_circle_obs0_000130', 'episode_T_circle_obs0_000168', 'episode_T_circle_obs6_000012', 'episode_T_circle_obs3_000008', 'episode_T_circle_obs0_000684', 'episode_T_circle_obs8_000003', 'episode_T_circle_obs0_000285', 'episode_T_circle_obs0_000171', 'episode_T_circle_obs0_000566', 'episode_T_circle_obs0_000598', 'episode_T_circle_obs0_000644', 'episode_T_circle_obs0_000716', 'episode_T_circle_obs0_ontarget_000000', 'episode_T_circle_obs0_000610', 'episode_T_circle_obs0_000621', 'episode_T_circle_obs0_000689', 'episode_T_circle_obs0_000041', 'episode_T_circle_obs0_000686', 'episode_T_circle_obs0_000536', 'episode_T_circle_obs0_000507', 'episode_T_circle_obs0_000169', 'episode_T_circle_obs0_000652', 'episode_T_circle_obs0_000108', 'episode_T_circle_obs4_000013', 'episode_T_circle_obs0_000490', 'episode_T_circle_obs0_000660', 'episode_T_circle_obs0_000400', 'episode_T_circle_obs0_000559', 'episode_T_circle_obs0_000368', 'episode_T_circle_obs0_000319', 'episode_T_circle_obs0_ontarget_000037', 'episode_T_circle_obs2_000015', 'episode_T_circle_obs0_000127', 'episode_T_circle_obs0_000495', 'episode_T_circle_obs0_000215', 'episode_T_circle_obs0_000267', 'episode_T_circle_obs0_000706', 'episode_T_circle_obs0_000076', 'episode_T_circle_obs0_000616', 'episode_T_circle_obs0_000627', 'episode_T_circle_obs0_000669', 'episode_T_circle_obs0_000218', 'episode_T_circle_obs0_000697', 'episode_T_circle_obs0_000093', 'episode_T_circle_obs0_ontarget_000032', 'episode_T_circle_obs0_000423', 'episode_T_circle_obs0_000320', 'episode_T_circle_obs0_000556', 'episode_T_circle_obs12_000008', 'episode_T_circle_obs0_000370', 'episode_T_circle_obs0_ontarget_000043', 'episode_T_circle_obs0_000156', 'episode_T_circle_obs0_000316', 'episode_T_circle_obs8_000001', 'episode_T_circle_obs0_000602', 'episode_T_circle_obs0_000131', 'episode_T_circle_obs0_000445', 'episode_T_circle_obs10_000013', 'episode_T_circle_obs0_000713', 'episode_T_circle_obs0_000407', 'episode_T_circle_obs0_000607', 'episode_T_circle_obs3_000016', 'episode_T_circle_obs0_000678', 'episode_T_circle_obs0_000714', 'episode_T_circle_obs0_000323', 'episode_T_circle_obs0_ontarget_000030', 'episode_T_circle_obs0_000415', 'episode_T_circle_obs0_ontarget_000047', 'episode_T_circle_obs10_000007', 'episode_T_circle_obs0_000167', 'episode_T_circle_obs6_000011', 'episode_T_circle_obs0_000017', 'episode_T_circle_obs0_000562', 'episode_T_circle_obs0_000611', 'episode_T_circle_obs0_000173', 'episode_T_circle_obs0_000110', 'episode_T_circle_obs0_000143', 'episode_T_circle_obs0_000265', 'episode_T_circle_obs12_000007', 'episode_T_circle_obs1_000011', 'episode_T_circle_obs0_000055', 'episode_T_circle_obs0_ontarget_000042', 'episode_T_circle_obs1_000010', 'episode_T_circle_obs0_000575', 'episode_T_circle_obs0_000374', 'episode_T_circle_obs0_000542', 'episode_T_circle_obs0_000650', 'episode_T_circle_obs0_000521', 'episode_T_circle_obs0_000025', 'episode_T_circle_obs0_000037', 'episode_T_circle_obs0_000325', 'episode_T_circle_obs0_000465', 'episode_T_circle_obs0_000309', 'episode_T_circle_obs0_000462', 'episode_T_circle_obs0_000180', 'episode_T_circle_obs0_000219', 'episode_T_circle_obs0_000054', 'episode_T_circle_obs0_000672', 'episode_T_circle_obs0_000694', 'episode_T_circle_obs8_000008', 'episode_T_circle_obs0_000700', 'episode_T_circle_obs0_000120', 'episode_T_circle_obs0_000472', 'episode_T_circle_obs0_000440', 'episode_T_circle_obs3_000005', 'episode_T_circle_obs0_000682', 'episode_T_circle_obs0_000408', 'episode_T_circle_obs0_000070', 'episode_T_circle_obs0_000080', 'episode_T_circle_obs0_000317', 'episode_T_circle_obs0_000354', 'episode_T_circle_obs9_000010', 'episode_T_circle_obs0_000335', 'episode_T_circle_obs1_000001', 'episode_T_circle_obs0_000174', 'episode_T_circle_obs0_000435', 'episode_T_circle_obs0_000186', 'episode_T_circle_obs0_000122', 'episode_T_circle_obs0_000056', 'episode_T_circle_obs0_ontarget_000018', 'episode_T_circle_obs0_000089', 'episode_T_circle_obs6_000007', 'episode_T_circle_obs0_000324', 'episode_T_circle_obs0_000333', 'episode_T_circle_obs11_000004', 'episode_T_circle_obs9_000001', 'episode_T_circle_obs0_000175', 'episode_T_circle_obs0_000497', 'episode_T_circle_obs0_000424', 'episode_T_circle_obs0_000371', 'episode_T_circle_obs0_000118', 'episode_T_circle_obs0_000133', 'episode_T_circle_obs0_000384', 'episode_T_circle_obs0_000451', 'episode_T_circle_obs0_000572', 'episode_T_circle_obs0_000661', 'episode_T_circle_obs0_000438', 'episode_T_circle_obs0_000033', 'episode_T_circle_obs12_000002', 'episode_T_circle_obs2_000005', 'episode_T_circle_obs5_000011', 'episode_T_circle_obs0_000337', 'episode_T_circle_obs0_000252', 'episode_T_circle_obs0_ontarget_000016', 'episode_T_circle_obs0_000141', 'episode_T_circle_obs0_000149', 'episode_T_circle_obs0_000183', 'episode_T_circle_obs0_000352', 'episode_T_circle_obs0_ontarget_000002', 'episode_T_circle_obs0_000625', 'episode_T_circle_obs0_000630', 'episode_T_circle_obs0_ontarget_000003', 'episode_T_circle_obs0_ontarget_000017', 'episode_T_circle_obs4_000014', 'episode_T_circle_obs5_000009', 'episode_T_circle_obs0_000639', 'episode_T_circle_obs0_000411', 'episode_T_circle_obs0_ontarget_000015', 'episode_T_circle_obs3_000011', 'episode_T_circle_obs0_000214', 'episode_T_circle_obs8_000005', 'episode_T_circle_obs0_000378', 'episode_T_circle_obs0_000151', 'episode_T_circle_obs0_000044', 'episode_T_circle_obs0_000349', 'episode_T_circle_obs0_000421', 'episode_T_circle_obs0_000248', 'episode_T_circle_obs0_ontarget_000007', 'episode_T_circle_obs0_000425', 'episode_T_circle_obs0_000541', 'episode_T_circle_obs12_000006', 'episode_T_circle_obs0_000618', 'episode_T_circle_obs0_000568', 'episode_T_circle_obs0_000551', 'episode_T_circle_obs0_000083', 'episode_T_circle_obs0_000626', 'episode_T_circle_obs0_000563', 'episode_T_circle_obs11_000006', 'episode_T_circle_obs0_000603', 'episode_T_circle_obs4_000006', 'episode_T_circle_obs0_000585', 'episode_T_circle_obs0_000147', 'episode_T_circle_obs0_000313', 'episode_T_circle_obs0_000286', 'episode_T_circle_obs0_000667', 'episode_T_circle_obs0_000004', 'episode_T_circle_obs9_000000', 'episode_T_circle_obs0_000355', 'episode_T_circle_obs0_000260', 'episode_T_circle_obs0_000538', 'episode_T_circle_obs0_000409', 'episode_T_circle_obs0_000648', 'episode_T_circle_obs0_ontarget_000029', 'episode_T_circle_obs0_000271', 'episode_T_circle_obs1_000000', 'episode_T_circle_obs0_000516', 'episode_T_circle_obs0_000631', 'episode_T_circle_obs0_ontarget_000036', 'episode_T_circle_obs0_000608', 'episode_T_circle_obs0_000024', 'episode_T_circle_obs9_000003', 'episode_T_circle_obs0_000520', 'episode_T_circle_obs0_000491', 'episode_T_circle_obs0_000705', 'episode_T_circle_obs1_000012', 'episode_T_circle_obs0_000510', 'episode_T_circle_obs0_000343', 'episode_T_circle_obs4_000010', 'episode_T_circle_obs0_000184', 'episode_T_circle_obs0_000088', 'episode_T_circle_obs0_000019', 'episode_T_circle_obs9_000009', 'episode_T_circle_obs5_000012', 'episode_T_circle_obs0_000204', 'episode_T_circle_obs0_000364', 'episode_T_circle_obs1_000008', 'episode_T_circle_obs0_000074', 'episode_T_circle_obs0_000255', 'episode_T_circle_obs0_000188', 'episode_T_circle_obs0_ontarget_000023', 'episode_T_circle_obs0_000178', 'episode_T_circle_obs0_000246', 'episode_T_circle_obs4_000008', 'episode_T_circle_obs0_000514', 'episode_T_circle_obs2_000012', 'episode_T_circle_obs0_000710', 'episode_T_circle_obs0_000053', 'episode_T_circle_obs0_000550', 'episode_T_circle_obs0_000190', 'episode_T_circle_obs0_ontarget_000039', 'episode_T_circle_obs11_000000', 'episode_T_circle_obs0_000506', 'episode_T_circle_obs0_000376', 'episode_T_circle_obs0_000458', 'episode_T_circle_obs0_000579', 'episode_T_circle_obs0_000539', 'episode_T_circle_obs6_000002', 'episode_T_circle_obs7_000003', 'episode_T_circle_obs0_000311', 'episode_T_circle_obs0_000003', 'episode_T_circle_obs0_000571', 'episode_T_circle_obs0_000322', 'episode_T_circle_obs0_000005', 'episode_T_circle_obs0_000007', 'episode_T_circle_obs0_000701', 'episode_T_circle_obs0_000026', 'episode_T_circle_obs0_000578', 'episode_T_circle_obs0_000082', 'episode_T_circle_obs0_000463', 'episode_T_circle_obs0_000305', 'episode_T_circle_obs6_000009', 'episode_T_circle_obs5_000014', 'episode_T_circle_obs6_000008', 'episode_T_circle_obs5_000004', 'episode_T_circle_obs0_000258', 'episode_T_circle_obs0_000048', 'episode_T_circle_obs0_000154', 'episode_T_circle_obs0_000123', 'episode_T_circle_obs0_000307', 'episode_T_circle_obs0_000206', 'episode_T_circle_obs0_000418', 'episode_T_circle_obs7_000014', 'episode_T_circle_obs4_000001', 'episode_T_circle_obs0_000276', 'episode_T_circle_obs0_000715', 'episode_T_circle_obs0_000334', 'episode_T_circle_obs0_000655', 'episode_T_circle_obs0_000558', 'episode_T_circle_obs11_000009', 'episode_T_circle_obs0_000032', 'episode_T_circle_obs4_000009', 'episode_T_circle_obs0_000136', 'episode_T_circle_obs0_000681', 'episode_T_circle_obs0_000095', 'episode_T_circle_obs0_000473', 'episode_T_circle_obs0_000261', 'episode_T_circle_obs0_000084', 'episode_T_circle_obs0_000468', 'episode_T_circle_obs0_ontarget_000045', 'episode_T_circle_obs0_000292', 'episode_T_circle_obs0_000121', 'episode_T_circle_obs0_000533', 'episode_T_circle_obs6_000000', 'episode_T_circle_obs8_000015', 'episode_T_circle_obs7_000010', 'episode_T_circle_obs0_000642', 'episode_T_circle_obs8_000004', 'episode_T_circle_obs0_000427', 'episode_T_circle_obs0_000234', 'episode_T_circle_obs0_000223', 'episode_T_circle_obs0_000482', 'episode_T_circle_obs0_000345', 'episode_T_circle_obs0_000217', 'episode_T_circle_obs0_000283', 'episode_T_circle_obs0_000636', 'episode_T_circle_obs0_000649', 'episode_T_circle_obs0_000091', 'episode_T_circle_obs0_000199', 'episode_T_circle_obs3_000003', 'episode_T_circle_obs7_000012', 'episode_T_circle_obs0_000029', 'episode_T_circle_obs0_000066', 'episode_T_circle_obs0_000494', 'episode_T_circle_obs0_000330', 'episode_T_circle_obs0_000049', 'episode_T_circle_obs0_000430', 'episode_T_circle_obs0_000264', 'episode_T_circle_obs0_000703', 'episode_T_circle_obs0_000177', 'episode_T_circle_obs0_000304', 'episode_T_circle_obs0_000515', 'episode_T_circle_obs0_000709', 'episode_T_circle_obs0_000342', 'episode_T_circle_obs0_000176', 'episode_T_circle_obs1_000002', 'episode_T_circle_obs0_000013', 'episode_T_circle_obs0_000050', 'episode_T_circle_obs0_000269', 'episode_T_circle_obs0_000298', 'episode_T_circle_obs0_000153', 'episode_T_circle_obs0_000443', 'episode_T_circle_obs0_000545', 'episode_T_circle_obs6_000003', 'episode_T_circle_obs0_000221', 'episode_T_circle_obs0_000087', 'episode_T_circle_obs0_000623', 'episode_T_circle_obs0_000683', 'episode_T_circle_obs0_000058', 'episode_T_circle_obs0_000656', 'episode_T_circle_obs0_000719', 'episode_T_circle_obs0_000240', 'episode_T_circle_obs5_000010', 'episode_T_circle_obs12_000009', 'episode_T_circle_obs0_000057', 'episode_T_circle_obs0_000588', 'episode_T_circle_obs0_000347', 'episode_T_circle_obs0_000160', 'episode_T_circle_obs0_000227', 'episode_T_circle_obs10_000014', 'episode_T_circle_obs8_000007', 'episode_T_circle_obs0_000189', 'episode_T_circle_obs0_000363', 'episode_T_circle_obs0_000405', 'episode_T_circle_obs4_000012', 'episode_T_circle_obs0_000099', 'episode_T_circle_obs0_000092', 'episode_T_circle_obs0_000263', 'episode_T_circle_obs0_000284', 'episode_T_circle_obs0_000201', 'episode_T_circle_obs0_000237', 'episode_T_circle_obs1_000003', 'episode_T_circle_obs0_000096', 'episode_T_circle_obs0_000142', 'episode_T_circle_obs0_000534', 'episode_T_circle_obs0_ontarget_000008', 'episode_T_circle_obs8_000006', 'episode_T_circle_obs0_000303', 'episode_T_circle_obs0_000209', 'episode_T_circle_obs0_000447', 'episode_T_circle_obs7_000001', 'episode_T_circle_obs0_000203', 'episode_T_circle_obs0_ontarget_000011', 'episode_T_circle_obs0_000010', 'episode_T_circle_obs0_000197', 'episode_T_circle_obs0_000051', 'episode_T_circle_obs0_000448', 'episode_T_circle_obs0_000569', 'episode_T_circle_obs0_000401', 'episode_T_circle_obs0_000302', 'episode_T_circle_obs0_000039', 'episode_T_circle_obs0_000231', 'episode_T_circle_obs0_000348', 'episode_T_circle_obs0_000289', 'episode_T_circle_obs6_000001', 'episode_T_circle_obs8_000016', 'episode_T_circle_obs5_000015', 'episode_T_circle_obs0_000525', 'episode_T_circle_obs0_000327', 'episode_T_circle_obs0_000484', 'episode_T_circle_obs0_000145', 'episode_T_circle_obs0_000065', 'episode_T_circle_obs0_000548', 'episode_T_circle_obs7_000015', 'episode_T_circle_obs0_000404', 'episode_T_circle_obs0_000205', 'episode_T_circle_obs10_000005', 'episode_T_circle_obs0_000577', 'episode_T_circle_obs8_000011', 'episode_T_circle_obs0_000166', 'episode_T_circle_obs10_000010', 'episode_T_circle_obs0_000416', 'episode_T_circle_obs0_000466', 'episode_T_circle_obs0_000397', 'episode_T_circle_obs0_000564', 'episode_T_circle_obs0_000182', 'episode_T_circle_obs0_000398', 'episode_T_circle_obs0_ontarget_000013', 'episode_T_circle_obs2_000004', 'episode_T_circle_obs0_000446', 'episode_T_circle_obs0_000412', 'episode_T_circle_obs0_000461', 'episode_T_circle_obs0_000155', 'episode_T_circle_obs0_000372', 'episode_T_circle_obs0_000668', 'episode_T_circle_obs5_000000', 'episode_T_circle_obs2_000006', 'episode_T_circle_obs0_000489', 'episode_T_circle_obs0_000216', 'episode_T_circle_obs0_000496', 'episode_T_circle_obs0_000079', 'episode_T_circle_obs0_000290', 'episode_T_circle_obs0_000557', 'episode_T_circle_obs0_000599', 'episode_T_circle_obs0_000340', 'episode_T_circle_obs0_000675', 'episode_T_circle_obs7_000011', 'episode_T_circle_obs0_000502', 'episode_T_circle_obs7_000004', 'episode_T_circle_obs0_ontarget_000025', 'episode_T_circle_obs0_000117', 'episode_T_circle_obs0_000377', 'episode_T_circle_obs10_000015', 'episode_T_circle_obs6_000014'}
[2026-06-06 05:48:05,513][egomimic.rldb.zarr.zarr_dataset_multi][INFO] - /coc/flash7/paphiwetsa3/datasets/new_circle_3/norm_stats.json is not a valid directory
[2026-06-06 05:48:05,515][egomimic.rldb.zarr.zarr_dataset_multi][INFO] - [MultiDataset] embodiment=15 norm_keys=['state_agent_obj', 'actions']
[2026-06-06 05:48:05,515][egomimic.rldb.zarr.zarr_dataset_multi][INFO] - [MultiDataset] sampling 257788/257788 frames (~100.0%)
  0%|          | 0/257788 [00:00<?, ?sample/s] 54%|█████▍    | 139199/257788 [02:24<02:02, 965.46sample/s]100%|██████████| 257788/257788 [02:27<00:00, 2069.06sample/s]100%|██████████| 257788/257788 [02:28<00:00, 1734.54sample/s]
[2026-06-06 05:50:37,164][egomimic.rldb.zarr.zarr_dataset_multi][INFO] - [MultiDataset] key=state_agent_obj samples=257788 stat_shape=(5,)
[2026-06-06 05:50:37,211][egomimic.rldb.zarr.zarr_dataset_multi][INFO] - [MultiDataset] key=actions samples=257788 stat_shape=(2,)
[2026-06-06 05:50:37,211][egomimic.rldb.zarr.zarr_dataset_multi][INFO] - [MultiDataset] Finished norm inference, loading=151.57s, computing=0.12s
[2026-06-06 05:50:37,218][egomimic.rldb.zarr.zarr_dataset_multi][INFO] - [MultiDataset] Cached stats to /coc/flash7/paphiwetsa3/projects/EgoVerse2/logs/bcrnnTxC8Q_smoke/bc_rnn_tx_chunk8_queries_2026-06-06_05-47-58/norm_stats/norm_stats.json
[2026-06-06 05:50:37,218][__main__][INFO] - [rank: 0] Instantiating model <egomimic.pl_utils.pl_model.ModelWrapper>
/coc/flash7/paphiwetsa3/projects/EgoVerse7/.venv/lib/python3.11/site-packages/timm/models/layers/__init__.py:49: FutureWarning: Importing from timm.models.layers is deprecated, please import via timm.layers
  warnings.warn(f"Importing from {__name__} is deprecated, please import via timm.layers", FutureWarning)
[2026-06-06 05:50:42,371][__main__][INFO] - [rank: 0] Dataset frame counts:
╭─────────┬────────────────┬──────────╮
│ Split   │ Dataset        │   Frames │
├─────────┼────────────────┼──────────┤
│ train   │ pushshapes_sim │      953 │
│ TOTAL   │ (train)        │      953 │
│ valid   │ pushshapes_sim │      953 │
│ TOTAL   │ (valid)        │      953 │
╰─────────┴────────────────┴──────────╯
[2026-06-06 05:50:42,371][__main__][INFO] - [rank: 0] Instantiating callbacks...
[2026-06-06 05:50:42,371][egomimic.utils.instantiators][INFO] - [rank: 0] Instantiating callback <egomimic.utils.timing_callback.WandbProfilerLogger>
[2026-06-06 05:50:42,669][egomimic.utils.instantiators][INFO] - [rank: 0] Instantiating callback <lightning.pytorch.callbacks.ModelCheckpoint>
[2026-06-06 05:50:42,677][__main__][INFO] - [rank: 0] Instantiating loggers...
[2026-06-06 05:50:42,677][egomimic.utils.instantiators][INFO] - [rank: 0] Instantiating logger <lightning.pytorch.loggers.CSVLogger>
[2026-06-06 05:50:42,679][__main__][INFO] - [rank: 0] Instantiating trainer <lightning.pytorch.trainer.Trainer>
/coc/flash7/paphiwetsa3/projects/EgoVerse7/.venv/lib/python3.11/site-packages/lightning/fabric/plugins/environments/slurm.py:204: The `srun` command is available on your system but is not used. HINT: If your intention is to run Lightning on SLURM, prepend your python command with `srun` like so: srun python /coc/flash7/paphiwetsa3/projects/EgoVerse2/egomimic/ ...
SLURM REQUEUE ENABLED
[2026-06-06 05:50:42,788][pytorch_lightning.utilities.rank_zero][INFO] - GPU available: True (cuda), used: True
[2026-06-06 05:50:42,789][pytorch_lightning.utilities.rank_zero][INFO] - TPU available: False, using: 0 TPU cores
[2026-06-06 05:50:42,789][pytorch_lightning.utilities.rank_zero][INFO] - 💡 Tip: For seamless cloud logging and experiment tracking, try installing [litlogger](https://pypi.org/project/litlogger/) to enable LitLogger, which logs metrics and artifacts automatically to the Lightning Experiments platform.
[2026-06-06 05:50:42,789][__main__][INFO] - [rank: 0] Logging hyperparameters!
[2026-06-06 05:50:43,043][__main__][INFO] - [rank: 0] Starting training!
[2026-06-06 05:50:43,044][pytorch_lightning.utilities.rank_zero][INFO] - You are using a CUDA device ('NVIDIA A40') that has Tensor Cores. To properly utilize them, you should set `torch.set_float32_matmul_precision('medium' | 'high')` which will trade-off precision for performance. For more details, read https://pytorch.org/docs/stable/generated/torch.set_float32_matmul_precision.html#torch.set_float32_matmul_precision
Initializing distributed: GLOBAL_RANK: 0, MEMBER: 1/1
[2026-06-06 05:50:43,283][pytorch_lightning.utilities.rank_zero][INFO] - ----------------------------------------------------------------------------------------------------
distributed_backend=nccl
All distributed processes registered. Starting with 1 processes
----------------------------------------------------------------------------------------------------

LOCAL_RANK: 0 - CUDA_VISIBLE_DEVICES: [0]
┏━━━┳━━━━━━┳━━━━━━━━━━━━┳━━━━━━━━┳━━━━━━━┳━━━━━━━┓
┃   ┃ Name ┃ Type       ┃ Params ┃ Mode  ┃ FLOPs ┃
┡━━━╇━━━━━━╇━━━━━━━━━━━━╇━━━━━━━━╇━━━━━━━╇━━━━━━━┩
│ 0 │ nets │ ModuleDict │ 26.6 M │ train │     0 │
└───┴──────┴────────────┴────────┴───────┴───────┘
Trainable params: 26.6 M                                                        
Non-trainable params: 0                                                         
Total params: 26.6 M                                                            
Total estimated model params size (MB): 106                                     
Modules in train mode: 161                                                      
Modules in eval mode: 0                                                         
Total FLOPs: 0                                                                  
Rank 0 on fit start, waiting for all ranks to synchronize
Rank 0 on fit start, all ranks synchronized
/coc/flash7/paphiwetsa3/projects/EgoVerse7/.venv/lib/python3.11/site-packages/lightning/pytorch/loops/fit_loop.py:317: The number of training batches (6) is smaller than the logging interval Trainer(log_every_n_steps=50). Set a lower value for log_every_n_steps if you want to see logs for the training epoch.
/coc/flash7/paphiwetsa3/projects/EgoVerse7/.venv/lib/python3.11/site-packages/lightning/pytorch/utilities/data.py:79: Trying to infer the `batch_size` from an ambiguous collection. The batch size we found is 4565. To avoid any miscalculations, use `self.log(..., batch_size=batch_size)`.
/coc/flash7/paphiwetsa3/projects/EgoVerse7/.venv/lib/python3.11/site-packages/lightning/pytorch/utilities/data.py:79: Trying to infer the `batch_size` from an ambiguous collection. The batch size we found is 4523. To avoid any miscalculations, use `self.log(..., batch_size=batch_size)`.
/coc/flash7/paphiwetsa3/projects/EgoVerse7/.venv/lib/python3.11/site-packages/lightning/pytorch/utilities/data.py:79: Trying to infer the `batch_size` from an ambiguous collection. The batch size we found is 4506. To avoid any miscalculations, use `self.log(..., batch_size=batch_size)`.
/coc/flash7/paphiwetsa3/projects/EgoVerse7/.venv/lib/python3.11/site-packages/lightning/pytorch/utilities/data.py:79: Trying to infer the `batch_size` from an ambiguous collection. The batch size we found is 4605. To avoid any miscalculations, use `self.log(..., batch_size=batch_size)`.
/coc/flash7/paphiwetsa3/projects/EgoVerse7/.venv/lib/python3.11/site-packages/lightning/pytorch/utilities/data.py:79: Trying to infer the `batch_size` from an ambiguous collection. The batch size we found is 4256. To avoid any miscalculations, use `self.log(..., batch_size=batch_size)`.
/coc/flash7/paphiwetsa3/projects/EgoVerse7/.venv/lib/python3.11/site-packages/lightning/pytorch/utilities/data.py:79: Trying to infer the `batch_size` from an ambiguous collection. The batch size we found is 4342. To avoid any miscalculations, use `self.log(..., batch_size=batch_size)`.
/coc/flash7/paphiwetsa3/projects/EgoVerse7/.venv/lib/python3.11/site-packages/lightning/pytorch/utilities/data.py:79: Trying to infer the `batch_size` from an ambiguous collection. The batch size we found is 4800. To avoid any miscalculations, use `self.log(..., batch_size=batch_size)`.
/coc/flash7/paphiwetsa3/projects/EgoVerse7/.venv/lib/python3.11/site-packages/lightning/pytorch/utilities/data.py:79: Trying to infer the `batch_size` from an ambiguous collection. The batch size we found is 4945. To avoid any miscalculations, use `self.log(..., batch_size=batch_size)`.
/coc/flash7/paphiwetsa3/projects/EgoVerse7/.venv/lib/python3.11/site-packages/lightning/pytorch/utilities/data.py:79: Trying to infer the `batch_size` from an ambiguous collection. The batch size we found is 4209. To avoid any miscalculations, use `self.log(..., batch_size=batch_size)`.
/coc/flash7/paphiwetsa3/projects/EgoVerse7/.venv/lib/python3.11/site-packages/lightning/pytorch/utilities/data.py:79: Trying to infer the `batch_size` from an ambiguous collection. The batch size we found is 3967. To avoid any miscalculations, use `self.log(..., batch_size=batch_size)`.
/coc/flash7/paphiwetsa3/projects/EgoVerse7/.venv/lib/python3.11/site-packages/lightning/pytorch/utilities/data.py:79: Trying to infer the `batch_size` from an ambiguous collection. The batch size we found is 4758. To avoid any miscalculations, use `self.log(..., batch_size=batch_size)`.
/coc/flash7/paphiwetsa3/projects/EgoVerse7/.venv/lib/python3.11/site-packages/lightning/pytorch/utilities/data.py:79: Trying to infer the `batch_size` from an ambiguous collection. The batch size we found is 4307. To avoid any miscalculations, use `self.log(..., batch_size=batch_size)`.
[VAL_STEP] rank=0, batch_idx=0
[HNET_ROLLOUT_DBG] ep=0 steps=20 act_x[136.1,349.1] act_y[56.4,436.1] first6=[[244.9, 386.3], [248.0, 268.5], [281.3, 56.4], [302.2, 69.5], [234.1, 270.2], [213.1, 294.0]] final_cov=0.000
[HNET_ROLLOUT_DBG] ep=1 steps=20 act_x[195.6,416.3] act_y[69.4,374.5] first6=[[213.7, 298.0], [247.9, 271.0], [195.6, 300.8], [299.0, 69.4], [233.9, 272.5], [213.2, 296.3]] final_cov=0.000
/coc/flash7/paphiwetsa3/projects/EgoVerse7/.venv/lib/python3.11/site-packages/lightning/pytorch/utilities/data.py:79: Trying to infer the `batch_size` from an ambiguous collection. The batch size we found is 5143. To avoid any miscalculations, use `self.log(..., batch_size=batch_size)`.
[VAL_STEP] rank=0, batch_idx=1
[HNET_ROLLOUT_DBG] ep=0 steps=20 act_x[164.5,366.9] act_y[56.6,392.4] first6=[[213.2, 296.0], [247.3, 268.7], [281.2, 56.6], [209.9, 258.7], [274.8, 63.9], [243.2, 382.2]] final_cov=0.000
[HNET_ROLLOUT_DBG] ep=1 steps=20 act_x[179.7,365.9] act_y[64.3,434.1] first6=[[229.4, 434.1], [248.8, 270.8], [234.2, 398.7], [264.7, 418.7], [252.8, 383.9], [242.2, 383.8]] final_cov=0.000
/coc/flash7/paphiwetsa3/projects/EgoVerse7/.venv/lib/python3.11/site-packages/lightning/pytorch/utilities/data.py:79: Trying to infer the `batch_size` from an ambiguous collection. The batch size we found is 4722. To avoid any miscalculations, use `self.log(..., batch_size=batch_size)`.
[VAL_STEP] rank=0, batch_idx=2
[HNET_ROLLOUT_DBG] ep=0 steps=20 act_x[194.6,345.3] act_y[56.2,406.9] first6=[[244.8, 386.2], [248.0, 268.7], [280.9, 56.2], [210.6, 258.8], [274.5, 63.4], [213.2, 294.2]] final_cov=0.000
[HNET_ROLLOUT_DBG] ep=1 steps=20 act_x[135.4,392.8] act_y[56.1,440.6] first6=[[229.2, 434.1], [248.5, 270.8], [278.2, 56.1], [211.2, 260.8], [234.5, 272.4], [242.1, 383.5]] final_cov=0.000
/coc/flash7/paphiwetsa3/projects/EgoVerse7/.venv/lib/python3.11/site-packages/lightning/pytorch/utilities/data.py:79: Trying to infer the `batch_size` from an ambiguous collection. The batch size we found is 4503. To avoid any miscalculations, use `self.log(..., batch_size=batch_size)`.
[VAL_STEP] rank=0, batch_idx=3
[HNET_ROLLOUT_DBG] ep=0 steps=20 act_x[180.9,366.0] act_y[66.2,440.9] first6=[[244.8, 386.2], [292.5, 66.2], [194.2, 299.3], [301.4, 69.5], [253.6, 382.0], [211.6, 294.5]] final_cov=0.000
[HNET_ROLLOUT_DBG] ep=1 steps=20 act_x[180.3,433.3] act_y[65.9,428.6] first6=[[270.5, 70.4], [289.9, 65.9], [243.6, 428.6], [211.4, 261.0], [252.7, 383.8], [213.9, 296.4]] final_cov=0.000
/coc/flash7/paphiwetsa3/projects/EgoVerse7/.venv/lib/python3.11/site-packages/lightning/pytorch/utilities/data.py:79: Trying to infer the `batch_size` from an ambiguous collection. The batch size we found is 4155. To avoid any miscalculations, use `self.log(..., batch_size=batch_size)`.
[ON_VALIDATION_END] rank=0
/coc/flash7/paphiwetsa3/projects/EgoVerse7/.venv/lib/python3.11/site-packages/torchvision/io/_video_deprecation_warning.py:5: UserWarning: The video decoding and encoding capabilities of torchvision are deprecated from version 0.22 and will be removed in version 0.24. We recommend that you migrate to TorchCodec, where we'll consolidate the future decoding/encoding capabilities of PyTorch: https://github.com/pytorch/torchcodec
  warnings.warn(
Rank 0 on validation end, waiting for all ranks to synchronize
Rank 0 on validation end, all ranks synchronized
[2026-06-06 05:51:33,319][pytorch_lightning.utilities.rank_zero][INFO] - `Trainer.fit` stopped: `max_epochs=2` reached.
Epoch 1/1  ━━━━━━━━━━━━━━━━━━━━━━━━━ 6/6 0:00:16 • 0:00:00 0.54it/s v_num: 0.000
[2026-06-06 05:51:36,514][egomimic.utils.utils][INFO] - [rank: 0] Output dir: /coc/flash7/paphiwetsa3/projects/EgoVerse2/logs/bcrnnTxC8Q_smoke/bc_rnn_tx_chunk8_queries_2026-06-06_05-47-58
+ echo TRAIN_EXIT=0
TRAIN_EXIT=0
