analysis_method,episode_id,suite,task_id,initial_state_id,seed,success,actions,wall_seconds,velocity_evaluations,agent_calls,invalid_responses,retry_calls,fallbacks,completed_subgoals,failure,reset_state_sha256,protocol,task_action_budget,split,workflow,source_file_sha256,source_row_sha256,task_manifest_sha256,reset_model_sha256,repair_debugger_affects_wall_latency
baseline_euler10,libero_goal_ood:task0:state0,libero_goal_ood,0,0,7,False,300,16.77228993200697,600,0,0,0,0,0,,773f08d7590969699c6094221327a8665249ca64ccb56ace8312cd4e5232f221,released_modified_libero,300,test,astra-pi05-ood-baseline-20260924-1,af5d3b1dd04426222c35c01ab8cd48d9e12a577e6ccec8adec123a171b190e6c,e759328bf52950a1efd36c21e68ad98f7604b53f9be5e59283218bbd0123fa2d,f9b51a9929093f8f50f6e4106ff0da562f66c287b8583c569d719fc7b8ffad5f,87cc7943d6d92d986061707c276d2e7a8f4fafd95a5bcc6a5e2d03ffd0b1e130,False
baseline_euler10,libero_goal_ood:task0:state1,libero_goal_ood,0,1,7,False,300,16.656388945004437,600,0,0,0,0,0,,69218d2d2a2c235ad3eb9cdd5cfa8b2f3f8be157c3070868b00a0425eea8e7c6,released_modified_libero,300,test,astra-pi05-ood-baseline-20260924-1,af5d3b1dd04426222c35c01ab8cd48d9e12a577e6ccec8adec123a171b190e6c,159a7c3eed27c06b31e16c00f8eaac1c0fedc3f9bbafeca333e7a342e256e0e6,f9b51a9929093f8f50f6e4106ff0da562f66c287b8583c569d719fc7b8ffad5f,d0caff58198486de7859d2287ba6a300f2c4aad52623e910a316b1ce4629a1fb,False
baseline_euler10,libero_goal_ood:task0:state2,libero_goal_ood,0,2,7,False,300,16.720102733990643,600,0,0,0,0,0,,c3ec1ed72036d84e05d2614c8db3dd2acc1e2e75045dfca05554ab28e677c37b,released_modified_libero,300,test,astra-pi05-ood-baseline-20260924-1,af5d3b1dd04426222c35c01ab8cd48d9e12a577e6ccec8adec123a171b190e6c,0856cf0f5e18ce553d48a9c33ddf527e3f8893e777c802638db7514b5fa75465,f9b51a9929093f8f50f6e4106ff0da562f66c287b8583c569d719fc7b8ffad5f,f77f8701c11585809fef7f9d94b487a4f7367986aa7ff8bd13807f9f4fb0b83f,False
baseline_euler10,libero_goal_ood:task0:state3,libero_goal_ood,0,3,7,True,235,20.683230777271092,470,0,0,0,0,0,,22a7a9d5d51f9c7c69ec2dfe29b15376e11ceb2a48922e57cf32d924a2024d8a,released_modified_libero,300,test,astra-pi05-ood-baseline-repair-20260924-1,26d9254be5f209f04baef4593533cd98b3623e5b626881f3a278aa8a65cba812,41a9f2112214361eee4e42c10b47d73ba1f87a32339b94905a82ff0ac4fda75e,f9b51a9929093f8f50f6e4106ff0da562f66c287b8583c569d719fc7b8ffad5f,dc48145ea754d7dc0bbe6667a69e5ced9c796d4e06d72ae03d120dcf5f65a138,True
baseline_euler10,libero_goal_ood:task0:state4,libero_goal_ood,0,4,7,True,104,5.687649666971993,210,0,0,0,0,0,,06c0992cf47024abbc39330b456a4fbae6d15d374868af379c9b4ddfdff31d75,released_modified_libero,300,test,astra-pi05-ood-baseline-20260924-1,af5d3b1dd04426222c35c01ab8cd48d9e12a577e6ccec8adec123a171b190e6c,2c9c17637cf274c840a24a26e5bf136979f63ca146c50f9a7d397870286027ae,f9b51a9929093f8f50f6e4106ff0da562f66c287b8583c569d719fc7b8ffad5f,4b5f83a16029fe8737976074fb8cd28c482836062036deea065632d0c35f04b3,False
baseline_euler10,libero_goal_ood:task0:state5,libero_goal_ood,0,5,7,True,155,8.37389806000283,310,0,0,0,0,0,,f3be2bf1676453ead6d4a413585eb2489e54bec1597562f6383ed54bd5b4b924,released_modified_libero,300,test,astra-pi05-ood-baseline-20260924-1,af5d3b1dd04426222c35c01ab8cd48d9e12a577e6ccec8adec123a171b190e6c,bab1947d7b0cccae9a57b8f7ecbd1afc854b58389d0a7dd37602e0cf51d7a474,f9b51a9929093f8f50f6e4106ff0da562f66c287b8583c569d719fc7b8ffad5f,f847490c4731bc0caf879d6be84be694ac9f34c811d5b5388548e64e8618f793,False
baseline_euler10,libero_goal_ood:task0:state6,libero_goal_ood,0,6,7,False,300,16.397536446980666,600,0,0,0,0,0,,9f72fd5cb009e3b043bb387c236d4c92ae7410ec1776b7edccf0c75b3a866e1f,released_modified_libero,300,test,astra-pi05-ood-baseline-20260924-1,af5d3b1dd04426222c35c01ab8cd48d9e12a577e6ccec8adec123a171b190e6c,cc0b4105f4fe93ff39a57568b88fffb4dd76709aa5fd31fffdd52f675af577aa,f9b51a9929093f8f50f6e4106ff0da562f66c287b8583c569d719fc7b8ffad5f,8c095aef6c6be65e8dac0390e1793753bedd618a510fd84b4d705cc2a8d52d0c,False
baseline_euler10,libero_goal_ood:task0:state7,libero_goal_ood,0,7,7,True,182,14.399983186740428,370,0,0,0,0,0,,73092b903c0b342755cc2d9edd35a68309c958353622bda2b0914b7de12eaabd,released_modified_libero,300,test,astra-pi05-ood-baseline-repair-20260924-1,26d9254be5f209f04baef4593533cd98b3623e5b626881f3a278aa8a65cba812,f23e1db9723c67c5609fa1e422b864a96db8c9ffc634f8d822f9fe2960f51dc3,f9b51a9929093f8f50f6e4106ff0da562f66c287b8583c569d719fc7b8ffad5f,62bc5c61443bde832e8811328ae244ef36505aa5fa22af60cfb2f6b38172def3,True
baseline_euler10,libero_goal_ood:task0:state8,libero_goal_ood,0,8,7,False,300,16.588800519006327,600,0,0,0,0,0,,ed09e92e157d713dae781c699824106ffe9640a27207be3aeb5f1c019b16f97b,released_modified_libero,300,test,astra-pi05-ood-baseline-20260924-1,af5d3b1dd04426222c35c01ab8cd48d9e12a577e6ccec8adec123a171b190e6c,7328cfbeaae2099bdf76063bcc191f09d2c3e2eb76a3c69a0f9ea15c0594015c,f9b51a9929093f8f50f6e4106ff0da562f66c287b8583c569d719fc7b8ffad5f,f8d191df3741b798e02da273d179ac24b5413be551107e2a5f0072c248e07add,False
baseline_euler10,libero_goal_ood:task0:state9,libero_goal_ood,0,9,7,False,300,16.76827975298511,600,0,0,0,0,0,,3440d4830880a9d1e63c888e4dd8dcc3107a198fd65c183a2d8221fd3d9e3576,released_modified_libero,300,test,astra-pi05-ood-baseline-20260924-1,af5d3b1dd04426222c35c01ab8cd48d9e12a577e6ccec8adec123a171b190e6c,7d6c23d72f05134375129b7e7950267d464a8ed6259b93e4f52544a815fc3e04,f9b51a9929093f8f50f6e4106ff0da562f66c287b8583c569d719fc7b8ffad5f,71ce7c1b948295e352dadd8009eed36c2071f6b40741dfc0914adcd3567c9d03,False
baseline_euler10,libero_goal_ood:task1:state0,libero_goal_ood,1,0,7,True,76,4.330300229019485,160,0,0,0,0,0,,9f25523998bea7a394dc5ac25921fceab4c4dd3905f0eaab7f2343c8d8987637,released_modified_libero,300,test,astra-pi05-ood-baseline-20260924-1,af5d3b1dd04426222c35c01ab8cd48d9e12a577e6ccec8adec123a171b190e6c,e4b47f9ea467ec22ebc60dcdcf7761c9c3b373811e67487ecb3948a7154c9f50,f9b51a9929093f8f50f6e4106ff0da562f66c287b8583c569d719fc7b8ffad5f,a4bfdc5bd508e1d9cb7908190bf46fb47ca47630efb89499c92be9402ab8a5df,False
baseline_euler10,libero_goal_ood:task1:state1,libero_goal_ood,1,1,7,True,76,6.178611021023244,160,0,0,0,0,0,,437f9ed44fa71250a5ce437ad9244a79da728efbd6d23ef1140bd328f3183bfb,released_modified_libero,300,test,astra-pi05-ood-baseline-repair-20260924-1,26d9254be5f209f04baef4593533cd98b3623e5b626881f3a278aa8a65cba812,a4cc33b5f928790681e56c1d089f86522fa5202976189f95eefbe2c4e8fb0c93,f9b51a9929093f8f50f6e4106ff0da562f66c287b8583c569d719fc7b8ffad5f,390fccab78efba60149d4f9aebcc51e1ae7f1eb4e3619be95c2fd71a6eaf9098,True
baseline_euler10,libero_goal_ood:task1:state2,libero_goal_ood,1,2,7,True,79,4.387198406970128,160,0,0,0,0,0,,5c9442bda661901aec14eab647d17e7c4456cfeb4d595d2f7583a99200b5e7ea,released_modified_libero,300,test,astra-pi05-ood-baseline-20260924-1,af5d3b1dd04426222c35c01ab8cd48d9e12a577e6ccec8adec123a171b190e6c,812567c371a021bad7b255022f85c466fbeff6caef4efee8d0e744ac6f6f14d7,f9b51a9929093f8f50f6e4106ff0da562f66c287b8583c569d719fc7b8ffad5f,ad5619f902d3dd40735cc1f72edcfdd9be2be3bde9c9b2e2c217920f41acd95d,False
baseline_euler10,libero_goal_ood:task1:state3,libero_goal_ood,1,3,7,False,300,15.898580456967466,600,0,0,0,0,0,,76163ef09393d252b13d6bff46533f23879076e0d699514be67147480fdd92f0,released_modified_libero,300,test,astra-pi05-ood-baseline-20260924-1,af5d3b1dd04426222c35c01ab8cd48d9e12a577e6ccec8adec123a171b190e6c,19f84f1b9b1e04c653430864b8aeadf32a73a5e923a30fe96ee37ccdd5c1e707,f9b51a9929093f8f50f6e4106ff0da562f66c287b8583c569d719fc7b8ffad5f,eab02019deccb8cf7ee957f960cb3abc180642a236120ec4e45c56adca00c179,False
baseline_euler10,libero_goal_ood:task1:state4,libero_goal_ood,1,4,7,True,77,4.307167075981852,160,0,0,0,0,0,,8d1459a304b71f880b8d8d89f4be62c80bab0fe56a4204cdb6a649ec0b5b5752,released_modified_libero,300,test,astra-pi05-ood-baseline-20260924-1,af5d3b1dd04426222c35c01ab8cd48d9e12a577e6ccec8adec123a171b190e6c,45401845c0aece09f4f3fcfe246bdee8ffb5e60f1a0565a4c7b5d0eeaf1618ec,f9b51a9929093f8f50f6e4106ff0da562f66c287b8583c569d719fc7b8ffad5f,68eddd5824cf062a53889df391de10cf5f87c6c404a38507787223c7c325b07d,False
baseline_euler10,libero_goal_ood:task1:state5,libero_goal_ood,1,5,7,True,80,6.208143170922995,160,0,0,0,0,0,,ea7e971dbf8e560ff316f01cde5cce84153d1e3dbf32884969d0bfa5ad3d5544,released_modified_libero,300,test,astra-pi05-ood-baseline-repair-20260924-1,26d9254be5f209f04baef4593533cd98b3623e5b626881f3a278aa8a65cba812,654f1441e0df033897f590ee7cc9e21bbeb83a33ca08b7b5c62fb8d813e200e7,f9b51a9929093f8f50f6e4106ff0da562f66c287b8583c569d719fc7b8ffad5f,8e47460590feec83d28080a8f190eee37c582f42b54f28e5a15bf8f424cba6f1,True
baseline_euler10,libero_goal_ood:task1:state6,libero_goal_ood,1,6,7,True,77,4.282785832998343,160,0,0,0,0,0,,80c6f0f6a0c0d708dcdd7489f98cd8eafef3084f121210aaa3cc8496f9df664a,released_modified_libero,300,test,astra-pi05-ood-baseline-20260924-1,af5d3b1dd04426222c35c01ab8cd48d9e12a577e6ccec8adec123a171b190e6c,72605fb14e61ae1cfb61d09dfc8c65d19003c34742c42790c7e09ebba1743c80,f9b51a9929093f8f50f6e4106ff0da562f66c287b8583c569d719fc7b8ffad5f,81b0a094e63b2b068332a6e1bff74edcd2cf69eff3d37f96e01eac7977595613,False
baseline_euler10,libero_goal_ood:task1:state7,libero_goal_ood,1,7,7,False,300,16.36328562599374,600,0,0,0,0,0,,5a4e92f4648fdbc1126c0f5f590108a4dbbeb9e0a07f1ce98b2fa02851209e6a,released_modified_libero,300,test,astra-pi05-ood-baseline-20260924-1,af5d3b1dd04426222c35c01ab8cd48d9e12a577e6ccec8adec123a171b190e6c,5f41feecaa3d676d04278da89e3f50798f9dd846a33a83330302893315466421,f9b51a9929093f8f50f6e4106ff0da562f66c287b8583c569d719fc7b8ffad5f,6327fb4168ddcacd7c590c4b0237d9922ff2467650cde626d7f20a4c5d7f7fd4,False
baseline_euler10,libero_goal_ood:task1:state8,libero_goal_ood,1,8,7,True,72,3.9993211059481837,150,0,0,0,0,0,,be1f6cf054284db2a73b0629e894bddb51a9a73176a3729e0f8f8492ada1491e,released_modified_libero,300,test,astra-pi05-ood-baseline-20260924-1,af5d3b1dd04426222c35c01ab8cd48d9e12a577e6ccec8adec123a171b190e6c,cad5b7359fb8abd4fc3d95e26b2e15e720ea0369f56a4347e31f91a42664b6b5,f9b51a9929093f8f50f6e4106ff0da562f66c287b8583c569d719fc7b8ffad5f,f8459131fc9aed9dbe871e086296fbde84a668a043dfa07f1cd75a9c8cfc72bb,False
baseline_euler10,libero_goal_ood:task1:state9,libero_goal_ood,1,9,7,False,300,23.606269525829703,600,0,0,0,0,0,,d5f0c4b3c4cd825ab2cb8747628da1c9bbfa070333493d3913a79fa1ae7b43ce,released_modified_libero,300,test,astra-pi05-ood-baseline-repair-20260924-1,26d9254be5f209f04baef4593533cd98b3623e5b626881f3a278aa8a65cba812,8c6f7858aabb2a39e5c9bb0630e700f41d14477d9819f4ac8dc2c59bc946c96d,f9b51a9929093f8f50f6e4106ff0da562f66c287b8583c569d719fc7b8ffad5f,e05d8b5d42425550886ea0bb9a32d0f82af7f16cdbe95d0aaf08128da57580ed,True
baseline_euler10,libero_goal_ood:task2:state0,libero_goal_ood,2,0,7,True,286,15.326686232991051,580,0,0,0,0,0,,77393612048452ae4df4d2b79acc22fe240d1d06bb860dfea8c6855834e50a5c,released_modified_libero,300,test,astra-pi05-ood-baseline-20260924-1,af5d3b1dd04426222c35c01ab8cd48d9e12a577e6ccec8adec123a171b190e6c,364ab1f057348191412a06ad70c4ea3d3d90375d7b04a99e72487ad8a1f636ff,f9b51a9929093f8f50f6e4106ff0da562f66c287b8583c569d719fc7b8ffad5f,a2fd6530b7b19ba8faa5c024a4032a33cafffe32124254d1904a0a3ff2ed4e2b,False
baseline_euler10,libero_goal_ood:task2:state1,libero_goal_ood,2,1,7,True,141,7.698149561008904,290,0,0,0,0,0,,fcc1d145f28363ce5647361a3b92d92b7ee8cc09908c7e8217888107fde34a10,released_modified_libero,300,test,astra-pi05-ood-baseline-20260924-1,af5d3b1dd04426222c35c01ab8cd48d9e12a577e6ccec8adec123a171b190e6c,1b1a81dd72b3dd63a064b8dba74810f3728b8e7eaca82612c8bee6db491ca8e1,f9b51a9929093f8f50f6e4106ff0da562f66c287b8583c569d719fc7b8ffad5f,4c24bf6ce76c77657ef7efb6ab55f09bb362c994a41f23d3f6b5dfbf19b6a882,False
baseline_euler10,libero_goal_ood:task2:state2,libero_goal_ood,2,2,7,False,300,15.752947619010229,600,0,0,0,0,0,,d4625546118d3b455ad096903bf66b86f540f14901fb63060f2f824e2496fe09,released_modified_libero,300,test,astra-pi05-ood-baseline-20260924-1,af5d3b1dd04426222c35c01ab8cd48d9e12a577e6ccec8adec123a171b190e6c,948361eca00cd5486d636ad1ae98919b0a692b3073826b6f8690d2261615b5a7,f9b51a9929093f8f50f6e4106ff0da562f66c287b8583c569d719fc7b8ffad5f,a688f49f994bf42fa930aeb32a09f9f84c97e829bb83024bbd8ec5fe4fdf40d7,False
baseline_euler10,libero_goal_ood:task2:state3,libero_goal_ood,2,3,7,False,300,23.34971683192998,600,0,0,0,0,0,,4f7217d89591eabfe3c91df56e510ae9b300474d2797b6aafc4ba76786469607,released_modified_libero,300,test,astra-pi05-ood-baseline-repair-20260924-1,26d9254be5f209f04baef4593533cd98b3623e5b626881f3a278aa8a65cba812,8f420ffb95e9c1db0d427cebdf7bac3b23c15f90f7a81e72c2686b12eebde0e1,f9b51a9929093f8f50f6e4106ff0da562f66c287b8583c569d719fc7b8ffad5f,bb12b88e97882542d54294034a1fd0e02f4809bb6c957b47c18358410d87486f,True
baseline_euler10,libero_goal_ood:task2:state4,libero_goal_ood,2,4,7,False,300,16.19056635198649,600,0,0,0,0,0,,06455ca154f5059c8b312e1236b1973e00bbb94a72c37323670f208e9674b5e0,released_modified_libero,300,test,astra-pi05-ood-baseline-20260924-1,af5d3b1dd04426222c35c01ab8cd48d9e12a577e6ccec8adec123a171b190e6c,f6a4f9429e08b3f2242342556c39cd9e253fcfb63be37b9616f273493cabe87d,f9b51a9929093f8f50f6e4106ff0da562f66c287b8583c569d719fc7b8ffad5f,267834cecb6805b7f20d30bf3c5e1129a944c1dc3a10de1d6d2f95a3a4fde0fa,False
baseline_euler10,libero_goal_ood:task2:state5,libero_goal_ood,2,5,7,True,130,6.974518305039965,260,0,0,0,0,0,,bcd669dbb32fa918a44a6f13c04a91fe0b64aa3b50783a14f5b1aeffff06cc96,released_modified_libero,300,test,astra-pi05-ood-baseline-20260924-1,af5d3b1dd04426222c35c01ab8cd48d9e12a577e6ccec8adec123a171b190e6c,1bb58ce29b53b07e72bbc81a771674eae1495402e2e2843a3dabf5b2f64873c0,f9b51a9929093f8f50f6e4106ff0da562f66c287b8583c569d719fc7b8ffad5f,b1068affb32e473209294cd7c5160826acb9e4f5bc524d89a44b8e49016a47ea,False
baseline_euler10,libero_goal_ood:task2:state6,libero_goal_ood,2,6,7,False,300,16.248395232018083,600,0,0,0,0,0,,2f45cf51ee44ef2b7010028864fa9cd5087f79c6f9a0a76645ca5e756665d3b2,released_modified_libero,300,test,astra-pi05-ood-baseline-20260924-1,af5d3b1dd04426222c35c01ab8cd48d9e12a577e6ccec8adec123a171b190e6c,606e5ec9c94ce707d7107440674b2950a44574f44bc6ba475300708270cc2dbf,f9b51a9929093f8f50f6e4106ff0da562f66c287b8583c569d719fc7b8ffad5f,b1c3ab116ed8d1e68ed0bffdc7747bc9bb80395289ab9cbf2ff142523766a1e5,False
baseline_euler10,libero_goal_ood:task2:state7,libero_goal_ood,2,7,7,False,300,23.085901382844895,600,0,0,0,0,0,,0654d8796456af585e9bbf6c6eb98c47cfc71bc191a673de5bd116d5c1ebeb2f,released_modified_libero,300,test,astra-pi05-ood-baseline-repair-20260924-1,26d9254be5f209f04baef4593533cd98b3623e5b626881f3a278aa8a65cba812,175721aba5fbe3f2bf593bbf3766ef617aa0e7c443a326490a1b67cef0ff2718,f9b51a9929093f8f50f6e4106ff0da562f66c287b8583c569d719fc7b8ffad5f,988f6d4cef431e728869d11fd1b736f6fdecc856cfe2b99f05e3e5df01509119,True
baseline_euler10,libero_goal_ood:task2:state8,libero_goal_ood,2,8,7,True,87,4.74249333399348,180,0,0,0,0,0,,a156bdae1f9c5634cad598f4188e514c6f877af2fcd7d44cbeec9625f981ccc9,released_modified_libero,300,test,astra-pi05-ood-baseline-20260924-1,af5d3b1dd04426222c35c01ab8cd48d9e12a577e6ccec8adec123a171b190e6c,134dd39dd286ff42155825fea15c3561e98a0b9ab115ce4337e20087a89c7381,f9b51a9929093f8f50f6e4106ff0da562f66c287b8583c569d719fc7b8ffad5f,30d8d8a8558ef0c7754654cf3ff3ec619e0b475502dc132ed1334e21a980047d,False
baseline_euler10,libero_goal_ood:task2:state9,libero_goal_ood,2,9,7,True,83,4.418820699036587,170,0,0,0,0,0,,75503f90a11d2c472cfa3d2406f30f6bf20a896da3402188e792ec46a45689a8,released_modified_libero,300,test,astra-pi05-ood-baseline-20260924-1,af5d3b1dd04426222c35c01ab8cd48d9e12a577e6ccec8adec123a171b190e6c,dbccdf196b9cc87a992bc107f1585cb456a648c2335a15604feb0df545920054,f9b51a9929093f8f50f6e4106ff0da562f66c287b8583c569d719fc7b8ffad5f,ea609e541c4cf08c341881b8c83801626ac5e24903b31dc95fdd0f872b6f8219,False
baseline_euler10,libero_goal_ood:task3:state0,libero_goal_ood,3,0,7,False,300,16.22309226798825,600,0,0,0,0,0,,8b94c09ee8676dda2e3515306779b44562800e6be35b51a0fc794207fb45051e,released_modified_libero,300,test,astra-pi05-ood-baseline-20260924-1,af5d3b1dd04426222c35c01ab8cd48d9e12a577e6ccec8adec123a171b190e6c,160d56faf5bb26d7a9ef62278177852a5eccefae80c6c04add0d715ee1510e4d,f9b51a9929093f8f50f6e4106ff0da562f66c287b8583c569d719fc7b8ffad5f,18b9618bf5bae08e4b6f3e3af6193bb9a9588b203b349c002449352961f7aac0,False
baseline_euler10,libero_goal_ood:task3:state1,libero_goal_ood,3,1,7,False,300,23.59531431598589,600,0,0,0,0,0,,b552d41f70be099b80f4d6610ae64b24fa9f2491cb9e28208e6a50c0fd07e5f0,released_modified_libero,300,test,astra-pi05-ood-baseline-repair-20260924-1,26d9254be5f209f04baef4593533cd98b3623e5b626881f3a278aa8a65cba812,ef862708f06f46b90373dbe3a04980836f2fbf5deb6ecb79c7feff0a6d7f5a1a,f9b51a9929093f8f50f6e4106ff0da562f66c287b8583c569d719fc7b8ffad5f,1aa44d8c7d15d42c53de342ed7b4d731dad5df911a188734faa1b5e3821f7935,True
baseline_euler10,libero_goal_ood:task3:state2,libero_goal_ood,3,2,7,False,300,16.197873750003055,600,0,0,0,0,0,,dd459f7875ecd467556590e60c7bfba4f8864c07693ff69c07c6fdccecacfa29,released_modified_libero,300,test,astra-pi05-ood-baseline-20260924-1,af5d3b1dd04426222c35c01ab8cd48d9e12a577e6ccec8adec123a171b190e6c,79d2037af739ff5dd6c640ef339636fc283a9638692ec2d7227d73671a77f82f,f9b51a9929093f8f50f6e4106ff0da562f66c287b8583c569d719fc7b8ffad5f,1023a0aed79a29e8ad4886ff80f01aa513f5204fa7ef47f1400dd3a34261684a,False
baseline_euler10,libero_goal_ood:task3:state3,libero_goal_ood,3,3,7,False,300,16.35260050499346,600,0,0,0,0,0,,3a6902ceb0916d29d1b0818fae65bcfa43f6388795a5de90d9d4e2d7de9f23c2,released_modified_libero,300,test,astra-pi05-ood-baseline-20260924-1,af5d3b1dd04426222c35c01ab8cd48d9e12a577e6ccec8adec123a171b190e6c,2e5d45817e1444120df76499b33c0f6ffd6a274cfcb37d426f210cbdcb88036d,f9b51a9929093f8f50f6e4106ff0da562f66c287b8583c569d719fc7b8ffad5f,9c82bde90424eba540f148274783eb937da09f2cef19adbea4daf23d55d4f7c1,False
baseline_euler10,libero_goal_ood:task3:state4,libero_goal_ood,3,4,7,False,300,16.092051875952166,600,0,0,0,0,0,,bb23ed2276c9b90b73fb84b0d36a33413e2b2c4434846451265e9cf7469ff8a2,released_modified_libero,300,test,astra-pi05-ood-baseline-20260924-1,af5d3b1dd04426222c35c01ab8cd48d9e12a577e6ccec8adec123a171b190e6c,cbeee0aa35d6043d1af77b27a65d83a400fca156189d5d202af03b4052315c42,f9b51a9929093f8f50f6e4106ff0da562f66c287b8583c569d719fc7b8ffad5f,c572b3d564b4fdef62cc467cc697114a4e05dbc61602b8ced1cfd91c5570750c,False
baseline_euler10,libero_goal_ood:task3:state5,libero_goal_ood,3,5,7,False,300,23.503819424659014,600,0,0,0,0,0,,acf0796c8ccd5c44edfe177c1d06b79f2d2cfc09171df0a73a4d6d2580557999,released_modified_libero,300,test,astra-pi05-ood-baseline-repair-20260924-1,26d9254be5f209f04baef4593533cd98b3623e5b626881f3a278aa8a65cba812,8ad24080fbf95cc71e443258dd308c1e01be11831842ad68f7c63106bd7c8621,f9b51a9929093f8f50f6e4106ff0da562f66c287b8583c569d719fc7b8ffad5f,5b2e67add082e34dc34c7384f4aaddeb4298751482b48805f4f59c5656d91914,True
baseline_euler10,libero_goal_ood:task3:state6,libero_goal_ood,3,6,7,False,300,16.091708191030193,600,0,0,0,0,0,,375201c70c4017ad934fdcb2a72eab620b062e6713778f166716cef164eabd16,released_modified_libero,300,test,astra-pi05-ood-baseline-20260924-1,af5d3b1dd04426222c35c01ab8cd48d9e12a577e6ccec8adec123a171b190e6c,0e42b599ba0ad3cdab32524897ebc14d67327cdfb4535857c27b892c7bac320c,f9b51a9929093f8f50f6e4106ff0da562f66c287b8583c569d719fc7b8ffad5f,4438c202c2798eb1641d2888e602479cf504c208cf381ac9bce6e67456cc9ae3,False
baseline_euler10,libero_goal_ood:task3:state7,libero_goal_ood,3,7,7,False,300,16.35100720799528,600,0,0,0,0,0,,9b6cc70cf7230e261f27d828ee38f6f1d13ef72e86685bd1cc1f04e682add160,released_modified_libero,300,test,astra-pi05-ood-baseline-20260924-1,af5d3b1dd04426222c35c01ab8cd48d9e12a577e6ccec8adec123a171b190e6c,01d3a3f54248f48e1656827182c93c1bafaead4b9c36d7700ccbec52bd90d692,f9b51a9929093f8f50f6e4106ff0da562f66c287b8583c569d719fc7b8ffad5f,f0853630c9308abe94a8521d7ef6412896e8053b5036b3fe4a106ab60d38976e,False
baseline_euler10,libero_goal_ood:task3:state8,libero_goal_ood,3,8,7,False,300,16.180197894980665,600,0,0,0,0,0,,ec8cade64b7f56636113a23c25301a39a2ea97017c69c33a91b7360bf4350f60,released_modified_libero,300,test,astra-pi05-ood-baseline-20260924-1,af5d3b1dd04426222c35c01ab8cd48d9e12a577e6ccec8adec123a171b190e6c,d83891d6cb2a0376ad2392bc0f15c9f9126a40495eebaf1d805457382da32a66,f9b51a9929093f8f50f6e4106ff0da562f66c287b8583c569d719fc7b8ffad5f,420d66204cd89c74fdfeaeefc72556657801daff529a5caa0c9f7251bf4a2795,False
baseline_euler10,libero_goal_ood:task3:state9,libero_goal_ood,3,9,7,False,300,23.766238886397332,600,0,0,0,0,0,,65128381070737f5d61f63efdf0c0aa70f441cf0f2f568c7fb18e9473062bf74,released_modified_libero,300,test,astra-pi05-ood-baseline-repair-20260924-1,26d9254be5f209f04baef4593533cd98b3623e5b626881f3a278aa8a65cba812,a00648fb2b4e26af9a0aaa32bc15bc3868308b4f94f1f56c1199464cbb69c3be,f9b51a9929093f8f50f6e4106ff0da562f66c287b8583c569d719fc7b8ffad5f,9e58643227b3f3812761b18ba6331802728b931e972f7037e63dd2a4fd89905b,True
baseline_euler10,libero_goal_ood:task4:state0,libero_goal_ood,4,0,7,True,81,4.587288593000267,170,0,0,0,0,0,,dc6532a1ae5cb7b404f1877193f60c27889b1ed2587b17c52b699236c000119e,released_modified_libero,300,test,astra-pi05-ood-baseline-20260924-1,af5d3b1dd04426222c35c01ab8cd48d9e12a577e6ccec8adec123a171b190e6c,ed9d472c75372bdde963e5449c4585465f390b6c511526593779bcfe738f30ee,f9b51a9929093f8f50f6e4106ff0da562f66c287b8583c569d719fc7b8ffad5f,18b9618bf5bae08e4b6f3e3af6193bb9a9588b203b349c002449352961f7aac0,False
baseline_euler10,libero_goal_ood:task4:state1,libero_goal_ood,4,1,7,True,75,4.079146528034471,150,0,0,0,0,0,,9b7f9a52b3dd2e147376938aca67c519c8366d5faf916d8a9986e58d1f5bab4d,released_modified_libero,300,test,astra-pi05-ood-baseline-20260924-1,af5d3b1dd04426222c35c01ab8cd48d9e12a577e6ccec8adec123a171b190e6c,2e03e4f10a5450fe7d268c148de9756d7fc13171f7ae573e3780bb2f7e75ff0c,f9b51a9929093f8f50f6e4106ff0da562f66c287b8583c569d719fc7b8ffad5f,1aa44d8c7d15d42c53de342ed7b4d731dad5df911a188734faa1b5e3821f7935,False
baseline_euler10,libero_goal_ood:task4:state2,libero_goal_ood,4,2,7,True,84,4.666859403019771,170,0,0,0,0,0,,3114ffe11317deee77fc55bbff95b3767d22b0c6e83f91105cd61e4ffe68cb40,released_modified_libero,300,test,astra-pi05-ood-baseline-20260924-1,af5d3b1dd04426222c35c01ab8cd48d9e12a577e6ccec8adec123a171b190e6c,11138a994a5832e57ef4333b384c62d6cb9f1494919b134f5bee3857a6833387,f9b51a9929093f8f50f6e4106ff0da562f66c287b8583c569d719fc7b8ffad5f,1023a0aed79a29e8ad4886ff80f01aa513f5204fa7ef47f1400dd3a34261684a,False
baseline_euler10,libero_goal_ood:task4:state3,libero_goal_ood,4,3,7,True,83,6.7481959029100835,170,0,0,0,0,0,,1e3d420abe08c26e4af316c0d774d3cd14b7b0bb64575c59cc19cdf59b80d215,released_modified_libero,300,test,astra-pi05-ood-baseline-repair-20260924-1,26d9254be5f209f04baef4593533cd98b3623e5b626881f3a278aa8a65cba812,69032d7a603bddba803fda804ba311a6226e7cb43a0f0157a4845edbf2259432,f9b51a9929093f8f50f6e4106ff0da562f66c287b8583c569d719fc7b8ffad5f,9c82bde90424eba540f148274783eb937da09f2cef19adbea4daf23d55d4f7c1,True
baseline_euler10,libero_goal_ood:task4:state4,libero_goal_ood,4,4,7,True,77,4.311164785991423,160,0,0,0,0,0,,0e5dc4e0b0aa111fc84e10064eb2731514be348223448d192b3f680b0a2136f1,released_modified_libero,300,test,astra-pi05-ood-baseline-20260924-1,af5d3b1dd04426222c35c01ab8cd48d9e12a577e6ccec8adec123a171b190e6c,153fbbc49681f363146c7b9e1c4137ff81c80728b542ecb548d256c68cffcffc,f9b51a9929093f8f50f6e4106ff0da562f66c287b8583c569d719fc7b8ffad5f,c572b3d564b4fdef62cc467cc697114a4e05dbc61602b8ced1cfd91c5570750c,False
baseline_euler10,libero_goal_ood:task4:state5,libero_goal_ood,4,5,7,True,79,4.27849687699927,160,0,0,0,0,0,,bfd2a6c4f67ce45fb037750d14b1344d405463eed15dc29359e214e90a6ec566,released_modified_libero,300,test,astra-pi05-ood-baseline-20260924-1,af5d3b1dd04426222c35c01ab8cd48d9e12a577e6ccec8adec123a171b190e6c,68cd099a3c4eb85e9ae697d27a2bd7945dcfb541b189c8b0fa0b83ce75b73669,f9b51a9929093f8f50f6e4106ff0da562f66c287b8583c569d719fc7b8ffad5f,5b2e67add082e34dc34c7384f4aaddeb4298751482b48805f4f59c5656d91914,False
baseline_euler10,libero_goal_ood:task4:state6,libero_goal_ood,4,6,7,True,88,4.8639884639997035,180,0,0,0,0,0,,13cf58dffea9167a19e74f0ddcd81ac91abcf494c4604bd66d13cd22bd56724a,released_modified_libero,300,test,astra-pi05-ood-baseline-20260924-1,af5d3b1dd04426222c35c01ab8cd48d9e12a577e6ccec8adec123a171b190e6c,f58a8be6f14bf4749f83bdf9f06aaf8cf1e4e5412cf526b1be9a662d50c4a70e,f9b51a9929093f8f50f6e4106ff0da562f66c287b8583c569d719fc7b8ffad5f,4438c202c2798eb1641d2888e602479cf504c208cf381ac9bce6e67456cc9ae3,False
baseline_euler10,libero_goal_ood:task4:state7,libero_goal_ood,4,7,7,True,78,6.371170247439295,160,0,0,0,0,0,,140008524eb44946a9f4adc559ea6515dc07d5d693da25184cfd284e51adec5b,released_modified_libero,300,test,astra-pi05-ood-baseline-repair-20260924-1,26d9254be5f209f04baef4593533cd98b3623e5b626881f3a278aa8a65cba812,6775755bfbbba96c13cef57c317e4fdba5505dc3089094db0834cb7ba1637849,f9b51a9929093f8f50f6e4106ff0da562f66c287b8583c569d719fc7b8ffad5f,f0853630c9308abe94a8521d7ef6412896e8053b5036b3fe4a106ab60d38976e,True
baseline_euler10,libero_goal_ood:task4:state8,libero_goal_ood,4,8,7,True,79,4.359719890984707,160,0,0,0,0,0,,e07c82f0bf4a230c7484bac713960d7f1d74340e26d2b75bdfa26cd2237a8afa,released_modified_libero,300,test,astra-pi05-ood-baseline-20260924-1,af5d3b1dd04426222c35c01ab8cd48d9e12a577e6ccec8adec123a171b190e6c,a44d5042f35995975c5bca1dd29ee8bea311917a094ddb2f0e66f8c79d33ce9a,f9b51a9929093f8f50f6e4106ff0da562f66c287b8583c569d719fc7b8ffad5f,420d66204cd89c74fdfeaeefc72556657801daff529a5caa0c9f7251bf4a2795,False
baseline_euler10,libero_goal_ood:task4:state9,libero_goal_ood,4,9,7,True,79,4.370139114034828,160,0,0,0,0,0,,6935fb2f88af214caadf6165cdce62b7cd5ec7301c4fdcad8096725dca0e8fd2,released_modified_libero,300,test,astra-pi05-ood-baseline-20260924-1,af5d3b1dd04426222c35c01ab8cd48d9e12a577e6ccec8adec123a171b190e6c,3e44213ffae6f1ea7e1c0330433c55b32590e625ef46eeaeb7eabf8b5a1f83cc,f9b51a9929093f8f50f6e4106ff0da562f66c287b8583c569d719fc7b8ffad5f,9e58643227b3f3812761b18ba6331802728b931e972f7037e63dd2a4fd89905b,False
baseline_euler10,libero_goal_ood:task5:state0,libero_goal_ood,5,0,7,False,300,16.174088420986664,600,0,0,0,0,0,,11bf8483ac2410cc177a35822f322631d260c952cd74a777199e4f4f937b88bd,released_modified_libero,300,test,astra-pi05-ood-baseline-20260924-1,af5d3b1dd04426222c35c01ab8cd48d9e12a577e6ccec8adec123a171b190e6c,f9153094fe8df0a5a63cf793cc0996e4350244955e8a859ea2ca31de66752f59,f9b51a9929093f8f50f6e4106ff0da562f66c287b8583c569d719fc7b8ffad5f,18b9618bf5bae08e4b6f3e3af6193bb9a9588b203b349c002449352961f7aac0,False
baseline_euler10,libero_goal_ood:task5:state1,libero_goal_ood,5,1,7,True,93,7.619246100075543,190,0,0,0,0,0,,5c933bf49e1fa1c98a901e4084c3e3f105207df5c656f7e7a121b08ea09fe61e,released_modified_libero,300,test,astra-pi05-ood-baseline-repair-20260924-1,26d9254be5f209f04baef4593533cd98b3623e5b626881f3a278aa8a65cba812,439394f45160ce03c3b8bb727816cf320735b4de9162c871cda0df564df1f95c,f9b51a9929093f8f50f6e4106ff0da562f66c287b8583c569d719fc7b8ffad5f,1aa44d8c7d15d42c53de342ed7b4d731dad5df911a188734faa1b5e3821f7935,True
baseline_euler10,libero_goal_ood:task5:state2,libero_goal_ood,5,2,7,True,100,5.481253008998465,200,0,0,0,0,0,,b3cdb0ad916fd23d5f42ab9bdaaded49cc2c7ad804d2cbc193093273bd6c1bed,released_modified_libero,300,test,astra-pi05-ood-baseline-20260924-1,af5d3b1dd04426222c35c01ab8cd48d9e12a577e6ccec8adec123a171b190e6c,792e795d271f23edc7a693c4e275959bdf50f5eccb49d822bec90eb287e14118,f9b51a9929093f8f50f6e4106ff0da562f66c287b8583c569d719fc7b8ffad5f,1023a0aed79a29e8ad4886ff80f01aa513f5204fa7ef47f1400dd3a34261684a,False
baseline_euler10,libero_goal_ood:task5:state3,libero_goal_ood,5,3,7,True,114,6.389535098976921,230,0,0,0,0,0,,480b662f670a2e74900a0aa7c299c5f94e2db5f5609cc7e7a438eb1b1c8114f9,released_modified_libero,300,test,astra-pi05-ood-baseline-20260924-1,af5d3b1dd04426222c35c01ab8cd48d9e12a577e6ccec8adec123a171b190e6c,3c9eb1d6e2212d3cedbbe2b49ca5e4d101de5dd67f112067034972d60338cbe5,f9b51a9929093f8f50f6e4106ff0da562f66c287b8583c569d719fc7b8ffad5f,9c82bde90424eba540f148274783eb937da09f2cef19adbea4daf23d55d4f7c1,False
baseline_euler10,libero_goal_ood:task5:state4,libero_goal_ood,5,4,7,False,300,16.271884079033043,600,0,0,0,0,0,,3c2568ab9d45762dda8517f0ac1bf482558ab0b0054629ec653401b87b6481d4,released_modified_libero,300,test,astra-pi05-ood-baseline-20260924-1,af5d3b1dd04426222c35c01ab8cd48d9e12a577e6ccec8adec123a171b190e6c,423492015388ca78f55cc7cc2990cef045e02ce3c8ed5ec7e0ddfad4f90a6dcc,f9b51a9929093f8f50f6e4106ff0da562f66c287b8583c569d719fc7b8ffad5f,c572b3d564b4fdef62cc467cc697114a4e05dbc61602b8ced1cfd91c5570750c,False
baseline_euler10,libero_goal_ood:task5:state5,libero_goal_ood,5,5,7,True,112,9.529984954744577,230,0,0,0,0,0,,b1819839fd26f5148c3bc1461168222546a3507a77866a83665296610aa2e1f9,released_modified_libero,300,test,astra-pi05-ood-baseline-repair-20260924-1,26d9254be5f209f04baef4593533cd98b3623e5b626881f3a278aa8a65cba812,5b4d8e9dcfd90fde786de84fd880a8d3359409c74fd9cad2da98b61644fa0df4,f9b51a9929093f8f50f6e4106ff0da562f66c287b8583c569d719fc7b8ffad5f,5b2e67add082e34dc34c7384f4aaddeb4298751482b48805f4f59c5656d91914,True
baseline_euler10,libero_goal_ood:task5:state6,libero_goal_ood,5,6,7,True,91,5.1527563070412725,190,0,0,0,0,0,,c477f7faf1b655389b53ef47feed70a03a20d161f8e09164a877edc415cebf1b,released_modified_libero,300,test,astra-pi05-ood-baseline-20260924-1,af5d3b1dd04426222c35c01ab8cd48d9e12a577e6ccec8adec123a171b190e6c,56480ffea65a7848c60d63e581e8e3729a985e1bca3195e9230072d4e402d6d3,f9b51a9929093f8f50f6e4106ff0da562f66c287b8583c569d719fc7b8ffad5f,4438c202c2798eb1641d2888e602479cf504c208cf381ac9bce6e67456cc9ae3,False
baseline_euler10,libero_goal_ood:task5:state7,libero_goal_ood,5,7,7,True,89,4.940970483992714,180,0,0,0,0,0,,e6ef4d6d82b3104ee98dca179ced9b5b1f4ac10559bfd1997235da184f6af3f6,released_modified_libero,300,test,astra-pi05-ood-baseline-20260924-1,af5d3b1dd04426222c35c01ab8cd48d9e12a577e6ccec8adec123a171b190e6c,73ba0acd2fe62017ec950eebd5fd901372199ef23ee9c56b3d357162fabaf81b,f9b51a9929093f8f50f6e4106ff0da562f66c287b8583c569d719fc7b8ffad5f,f0853630c9308abe94a8521d7ef6412896e8053b5036b3fe4a106ab60d38976e,False
baseline_euler10,libero_goal_ood:task5:state8,libero_goal_ood,5,8,7,True,182,10.10735648300033,370,0,0,0,0,0,,80a0e976daa2dd15a231aa9843b6d4f7fe44fe494772de6711ea4aefaeadca99,released_modified_libero,300,test,astra-pi05-ood-baseline-20260924-1,af5d3b1dd04426222c35c01ab8cd48d9e12a577e6ccec8adec123a171b190e6c,d494711ba8f84844bab7cfe38f6ab0616086bfe5af6f9b8e0f412c677adddea7,f9b51a9929093f8f50f6e4106ff0da562f66c287b8583c569d719fc7b8ffad5f,420d66204cd89c74fdfeaeefc72556657801daff529a5caa0c9f7251bf4a2795,False
baseline_euler10,libero_goal_ood:task5:state9,libero_goal_ood,5,9,7,True,110,9.052418386097997,220,0,0,0,0,0,,6fadbd17785237e825a5c443c453ad77f4e37ec2e375804c79cbda400c404dcc,released_modified_libero,300,test,astra-pi05-ood-baseline-repair-20260924-1,26d9254be5f209f04baef4593533cd98b3623e5b626881f3a278aa8a65cba812,0adcec06ede2b0fbaaa911b6e21cd536e55f9a1978e28b7ea7a04a01ff84a24e,f9b51a9929093f8f50f6e4106ff0da562f66c287b8583c569d719fc7b8ffad5f,9e58643227b3f3812761b18ba6331802728b931e972f7037e63dd2a4fd89905b,True
baseline_euler10,libero_goal_ood:task6:state0,libero_goal_ood,6,0,7,False,300,16.395929238991812,600,0,0,0,0,0,,11bf8483ac2410cc177a35822f322631d260c952cd74a777199e4f4f937b88bd,released_modified_libero,300,test,astra-pi05-ood-baseline-20260924-1,af5d3b1dd04426222c35c01ab8cd48d9e12a577e6ccec8adec123a171b190e6c,c71922615e90f5c7cea4067029b5cb3b598bfd446fd7cde09bd6312b33cb1110,f9b51a9929093f8f50f6e4106ff0da562f66c287b8583c569d719fc7b8ffad5f,18b9618bf5bae08e4b6f3e3af6193bb9a9588b203b349c002449352961f7aac0,False
baseline_euler10,libero_goal_ood:task6:state1,libero_goal_ood,6,1,7,False,300,16.251992512959987,600,0,0,0,0,0,,5c933bf49e1fa1c98a901e4084c3e3f105207df5c656f7e7a121b08ea09fe61e,released_modified_libero,300,test,astra-pi05-ood-baseline-20260924-1,af5d3b1dd04426222c35c01ab8cd48d9e12a577e6ccec8adec123a171b190e6c,dd5f3d3808245b8fe45f13a0af61c29866825746f20d8bf1a806dbc93c9a56d9,f9b51a9929093f8f50f6e4106ff0da562f66c287b8583c569d719fc7b8ffad5f,1aa44d8c7d15d42c53de342ed7b4d731dad5df911a188734faa1b5e3821f7935,False
baseline_euler10,libero_goal_ood:task6:state2,libero_goal_ood,6,2,7,True,90,4.833124155993573,180,0,0,0,0,0,,b3cdb0ad916fd23d5f42ab9bdaaded49cc2c7ad804d2cbc193093273bd6c1bed,released_modified_libero,300,test,astra-pi05-ood-baseline-20260924-1,af5d3b1dd04426222c35c01ab8cd48d9e12a577e6ccec8adec123a171b190e6c,b297a8d241c352163dcd4f29f6c69473498c93603246cc969c295198a0888684,f9b51a9929093f8f50f6e4106ff0da562f66c287b8583c569d719fc7b8ffad5f,1023a0aed79a29e8ad4886ff80f01aa513f5204fa7ef47f1400dd3a34261684a,False
baseline_euler10,libero_goal_ood:task6:state3,libero_goal_ood,6,3,7,False,300,24.15363653888926,600,0,0,0,0,0,,480b662f670a2e74900a0aa7c299c5f94e2db5f5609cc7e7a438eb1b1c8114f9,released_modified_libero,300,test,astra-pi05-ood-baseline-repair-20260924-1,26d9254be5f209f04baef4593533cd98b3623e5b626881f3a278aa8a65cba812,0d40035f9cc6559d0d53b221f2ac7e023e2f6208b7c1724b4fbc2e23e12bed4e,f9b51a9929093f8f50f6e4106ff0da562f66c287b8583c569d719fc7b8ffad5f,9c82bde90424eba540f148274783eb937da09f2cef19adbea4daf23d55d4f7c1,True
baseline_euler10,libero_goal_ood:task6:state4,libero_goal_ood,6,4,7,False,300,16.437471295997966,600,0,0,0,0,0,,3c2568ab9d45762dda8517f0ac1bf482558ab0b0054629ec653401b87b6481d4,released_modified_libero,300,test,astra-pi05-ood-baseline-20260924-1,af5d3b1dd04426222c35c01ab8cd48d9e12a577e6ccec8adec123a171b190e6c,bb8366da12c01d765f104857ba913184d9f884065d7cbc644c6557b25df3290e,f9b51a9929093f8f50f6e4106ff0da562f66c287b8583c569d719fc7b8ffad5f,c572b3d564b4fdef62cc467cc697114a4e05dbc61602b8ced1cfd91c5570750c,False
baseline_euler10,libero_goal_ood:task6:state5,libero_goal_ood,6,5,7,False,300,16.217128382006194,600,0,0,0,0,0,,b1819839fd26f5148c3bc1461168222546a3507a77866a83665296610aa2e1f9,released_modified_libero,300,test,astra-pi05-ood-baseline-20260924-1,af5d3b1dd04426222c35c01ab8cd48d9e12a577e6ccec8adec123a171b190e6c,9bc90908c38e6c85702c685706cc9bb9552b52313764e829c2956ffcd6f50143,f9b51a9929093f8f50f6e4106ff0da562f66c287b8583c569d719fc7b8ffad5f,5b2e67add082e34dc34c7384f4aaddeb4298751482b48805f4f59c5656d91914,False
baseline_euler10,libero_goal_ood:task6:state6,libero_goal_ood,6,6,7,False,300,16.283601255971007,600,0,0,0,0,0,,c477f7faf1b655389b53ef47feed70a03a20d161f8e09164a877edc415cebf1b,released_modified_libero,300,test,astra-pi05-ood-baseline-20260924-1,af5d3b1dd04426222c35c01ab8cd48d9e12a577e6ccec8adec123a171b190e6c,aa4b19eb1ee89727c0342fc176a05805b8a100390b23e4b132bf1d319fddbc11,f9b51a9929093f8f50f6e4106ff0da562f66c287b8583c569d719fc7b8ffad5f,4438c202c2798eb1641d2888e602479cf504c208cf381ac9bce6e67456cc9ae3,False
baseline_euler10,libero_goal_ood:task6:state7,libero_goal_ood,6,7,7,True,51,4.376143373083323,110,0,0,0,0,0,,e6ef4d6d82b3104ee98dca179ced9b5b1f4ac10559bfd1997235da184f6af3f6,released_modified_libero,300,test,astra-pi05-ood-baseline-repair-20260924-1,26d9254be5f209f04baef4593533cd98b3623e5b626881f3a278aa8a65cba812,56ba9a95c359ac8812078e9792f489b96507db850f0de8f51a219e8fc76244fc,f9b51a9929093f8f50f6e4106ff0da562f66c287b8583c569d719fc7b8ffad5f,f0853630c9308abe94a8521d7ef6412896e8053b5036b3fe4a106ab60d38976e,True
baseline_euler10,libero_goal_ood:task6:state8,libero_goal_ood,6,8,7,False,300,16.385730917972978,600,0,0,0,0,0,,80a0e976daa2dd15a231aa9843b6d4f7fe44fe494772de6711ea4aefaeadca99,released_modified_libero,300,test,astra-pi05-ood-baseline-20260924-1,af5d3b1dd04426222c35c01ab8cd48d9e12a577e6ccec8adec123a171b190e6c,6bfc2f51c21e5b6fb665445cb5b0b67f59e40b3e2d60f3a65d3e1ccece127f99,f9b51a9929093f8f50f6e4106ff0da562f66c287b8583c569d719fc7b8ffad5f,420d66204cd89c74fdfeaeefc72556657801daff529a5caa0c9f7251bf4a2795,False
baseline_euler10,libero_goal_ood:task6:state9,libero_goal_ood,6,9,7,True,83,4.742017179960385,170,0,0,0,0,0,,6fadbd17785237e825a5c443c453ad77f4e37ec2e375804c79cbda400c404dcc,released_modified_libero,300,test,astra-pi05-ood-baseline-20260924-1,af5d3b1dd04426222c35c01ab8cd48d9e12a577e6ccec8adec123a171b190e6c,bbb76b56d0bd76d9189f0b1f85a33cbc16387477c9741f647f08ab7996f17a01,f9b51a9929093f8f50f6e4106ff0da562f66c287b8583c569d719fc7b8ffad5f,9e58643227b3f3812761b18ba6331802728b931e972f7037e63dd2a4fd89905b,False
baseline_euler10,libero_goal_ood:task7:state0,libero_goal_ood,7,0,7,False,300,16.474240061012097,600,0,0,0,0,0,,11bf8483ac2410cc177a35822f322631d260c952cd74a777199e4f4f937b88bd,released_modified_libero,300,test,astra-pi05-ood-baseline-20260924-1,af5d3b1dd04426222c35c01ab8cd48d9e12a577e6ccec8adec123a171b190e6c,e06c7088235646ee9f062668f27c56bc073632f65b03dbcc25f506ea2d559218,f9b51a9929093f8f50f6e4106ff0da562f66c287b8583c569d719fc7b8ffad5f,18b9618bf5bae08e4b6f3e3af6193bb9a9588b203b349c002449352961f7aac0,False
baseline_euler10,libero_goal_ood:task7:state1,libero_goal_ood,7,1,7,False,300,24.824936721939594,600,0,0,0,0,0,,5c933bf49e1fa1c98a901e4084c3e3f105207df5c656f7e7a121b08ea09fe61e,released_modified_libero,300,test,astra-pi05-ood-baseline-repair-20260924-1,26d9254be5f209f04baef4593533cd98b3623e5b626881f3a278aa8a65cba812,84e196b2c34c12c2d884818e06764751d82d33450cb5570a22853575625ca3c7,f9b51a9929093f8f50f6e4106ff0da562f66c287b8583c569d719fc7b8ffad5f,1aa44d8c7d15d42c53de342ed7b4d731dad5df911a188734faa1b5e3821f7935,True
baseline_euler10,libero_goal_ood:task7:state2,libero_goal_ood,7,2,7,False,300,16.439555037999526,600,0,0,0,0,0,,b3cdb0ad916fd23d5f42ab9bdaaded49cc2c7ad804d2cbc193093273bd6c1bed,released_modified_libero,300,test,astra-pi05-ood-baseline-20260924-1,af5d3b1dd04426222c35c01ab8cd48d9e12a577e6ccec8adec123a171b190e6c,7a95ce923bdcf1ec5ad93748be582c837b8820172e6c38aeb00071b5171d3cd9,f9b51a9929093f8f50f6e4106ff0da562f66c287b8583c569d719fc7b8ffad5f,1023a0aed79a29e8ad4886ff80f01aa513f5204fa7ef47f1400dd3a34261684a,False
baseline_euler10,libero_goal_ood:task7:state3,libero_goal_ood,7,3,7,False,300,16.20467170700431,600,0,0,0,0,0,,480b662f670a2e74900a0aa7c299c5f94e2db5f5609cc7e7a438eb1b1c8114f9,released_modified_libero,300,test,astra-pi05-ood-baseline-20260924-1,af5d3b1dd04426222c35c01ab8cd48d9e12a577e6ccec8adec123a171b190e6c,54bc03c790fe5f95847bc13a53a240591098bbdb45755e1237c0422446c0ff09,f9b51a9929093f8f50f6e4106ff0da562f66c287b8583c569d719fc7b8ffad5f,9c82bde90424eba540f148274783eb937da09f2cef19adbea4daf23d55d4f7c1,False
baseline_euler10,libero_goal_ood:task7:state4,libero_goal_ood,7,4,7,True,111,6.0505444120499305,230,0,0,0,0,0,,3c2568ab9d45762dda8517f0ac1bf482558ab0b0054629ec653401b87b6481d4,released_modified_libero,300,test,astra-pi05-ood-baseline-20260924-1,af5d3b1dd04426222c35c01ab8cd48d9e12a577e6ccec8adec123a171b190e6c,d59078a634e2d43e881d580092986170a614c28ed2ed0c6c79b6fdd5d435cff1,f9b51a9929093f8f50f6e4106ff0da562f66c287b8583c569d719fc7b8ffad5f,c572b3d564b4fdef62cc467cc697114a4e05dbc61602b8ced1cfd91c5570750c,False
baseline_euler10,libero_goal_ood:task7:state5,libero_goal_ood,7,5,7,True,113,9.205707693006843,230,0,0,0,0,0,,b1819839fd26f5148c3bc1461168222546a3507a77866a83665296610aa2e1f9,released_modified_libero,300,test,astra-pi05-ood-baseline-repair-20260924-1,26d9254be5f209f04baef4593533cd98b3623e5b626881f3a278aa8a65cba812,277ee262c2db3caf184a2ea2487fff7edece3f3bd55b2c466ac09b848c2fe64a,f9b51a9929093f8f50f6e4106ff0da562f66c287b8583c569d719fc7b8ffad5f,5b2e67add082e34dc34c7384f4aaddeb4298751482b48805f4f59c5656d91914,True
baseline_euler10,libero_goal_ood:task7:state6,libero_goal_ood,7,6,7,False,300,16.40292290900834,600,0,0,0,0,0,,c477f7faf1b655389b53ef47feed70a03a20d161f8e09164a877edc415cebf1b,released_modified_libero,300,test,astra-pi05-ood-baseline-20260924-1,af5d3b1dd04426222c35c01ab8cd48d9e12a577e6ccec8adec123a171b190e6c,15739df5eaeed8a920daa8be8797bf0112cdba2b1737fdf5061a37d1efae26e1,f9b51a9929093f8f50f6e4106ff0da562f66c287b8583c569d719fc7b8ffad5f,4438c202c2798eb1641d2888e602479cf504c208cf381ac9bce6e67456cc9ae3,False
baseline_euler10,libero_goal_ood:task7:state7,libero_goal_ood,7,7,7,False,300,16.380042653996497,600,0,0,0,0,0,,e6ef4d6d82b3104ee98dca179ced9b5b1f4ac10559bfd1997235da184f6af3f6,released_modified_libero,300,test,astra-pi05-ood-baseline-20260924-1,af5d3b1dd04426222c35c01ab8cd48d9e12a577e6ccec8adec123a171b190e6c,13a393cc56ebba8bf864873bca129625a3a3383d18845e9ec14022efbc3bf338,f9b51a9929093f8f50f6e4106ff0da562f66c287b8583c569d719fc7b8ffad5f,f0853630c9308abe94a8521d7ef6412896e8053b5036b3fe4a106ab60d38976e,False
baseline_euler10,libero_goal_ood:task7:state8,libero_goal_ood,7,8,7,False,300,16.278992639970966,600,0,0,0,0,0,,80a0e976daa2dd15a231aa9843b6d4f7fe44fe494772de6711ea4aefaeadca99,released_modified_libero,300,test,astra-pi05-ood-baseline-20260924-1,af5d3b1dd04426222c35c01ab8cd48d9e12a577e6ccec8adec123a171b190e6c,e5e5f74517f78b978f62701bdf1c33e262055b2cbe2964c94e6fa58a1a995ee7,f9b51a9929093f8f50f6e4106ff0da562f66c287b8583c569d719fc7b8ffad5f,420d66204cd89c74fdfeaeefc72556657801daff529a5caa0c9f7251bf4a2795,False
baseline_euler10,libero_goal_ood:task7:state9,libero_goal_ood,7,9,7,False,300,23.674300603102893,600,0,0,0,0,0,,6fadbd17785237e825a5c443c453ad77f4e37ec2e375804c79cbda400c404dcc,released_modified_libero,300,test,astra-pi05-ood-baseline-repair-20260924-1,26d9254be5f209f04baef4593533cd98b3623e5b626881f3a278aa8a65cba812,eb1ac9b791aa1248008d969bab5d9fe98f6419919cc8237f282b25db28a13247,f9b51a9929093f8f50f6e4106ff0da562f66c287b8583c569d719fc7b8ffad5f,9e58643227b3f3812761b18ba6331802728b931e972f7037e63dd2a4fd89905b,True
baseline_euler10,libero_goal_ood:task8:state0,libero_goal_ood,8,0,7,False,300,16.789421432011295,600,0,0,0,0,0,,11bf8483ac2410cc177a35822f322631d260c952cd74a777199e4f4f937b88bd,released_modified_libero,300,test,astra-pi05-ood-baseline-20260924-1,af5d3b1dd04426222c35c01ab8cd48d9e12a577e6ccec8adec123a171b190e6c,886d063a4c669ea101625e63243a0a1022b2a614763371b903fa9dbe8c6d8061,f9b51a9929093f8f50f6e4106ff0da562f66c287b8583c569d719fc7b8ffad5f,18b9618bf5bae08e4b6f3e3af6193bb9a9588b203b349c002449352961f7aac0,False
baseline_euler10,libero_goal_ood:task8:state1,libero_goal_ood,8,1,7,False,300,16.4959899209789,600,0,0,0,0,0,,5c933bf49e1fa1c98a901e4084c3e3f105207df5c656f7e7a121b08ea09fe61e,released_modified_libero,300,test,astra-pi05-ood-baseline-20260924-1,af5d3b1dd04426222c35c01ab8cd48d9e12a577e6ccec8adec123a171b190e6c,13c796b0d54dcb3a58a63d1e20ad95c26676d0dbc0c25f3e0243c39a1887021a,f9b51a9929093f8f50f6e4106ff0da562f66c287b8583c569d719fc7b8ffad5f,1aa44d8c7d15d42c53de342ed7b4d731dad5df911a188734faa1b5e3821f7935,False
baseline_euler10,libero_goal_ood:task8:state2,libero_goal_ood,8,2,7,False,300,16.263196701998822,600,0,0,0,0,0,,b3cdb0ad916fd23d5f42ab9bdaaded49cc2c7ad804d2cbc193093273bd6c1bed,released_modified_libero,300,test,astra-pi05-ood-baseline-20260924-1,af5d3b1dd04426222c35c01ab8cd48d9e12a577e6ccec8adec123a171b190e6c,d452de4985bb80d2ae5a45c402c5208ae86e3577872c93375c3ac5ced13775f3,f9b51a9929093f8f50f6e4106ff0da562f66c287b8583c569d719fc7b8ffad5f,1023a0aed79a29e8ad4886ff80f01aa513f5204fa7ef47f1400dd3a34261684a,False
baseline_euler10,libero_goal_ood:task8:state3,libero_goal_ood,8,3,7,False,300,23.573360361158848,600,0,0,0,0,0,,480b662f670a2e74900a0aa7c299c5f94e2db5f5609cc7e7a438eb1b1c8114f9,released_modified_libero,300,test,astra-pi05-ood-baseline-repair-20260924-1,26d9254be5f209f04baef4593533cd98b3623e5b626881f3a278aa8a65cba812,49b6fb256f0949ec2fef8ddd577a9f6847b2c66fbcd96a89f07ded732695edb5,f9b51a9929093f8f50f6e4106ff0da562f66c287b8583c569d719fc7b8ffad5f,9c82bde90424eba540f148274783eb937da09f2cef19adbea4daf23d55d4f7c1,True
baseline_euler10,libero_goal_ood:task8:state4,libero_goal_ood,8,4,7,False,300,16.11810163903283,600,0,0,0,0,0,,3c2568ab9d45762dda8517f0ac1bf482558ab0b0054629ec653401b87b6481d4,released_modified_libero,300,test,astra-pi05-ood-baseline-20260924-1,af5d3b1dd04426222c35c01ab8cd48d9e12a577e6ccec8adec123a171b190e6c,11247bd34863b523788a44394d02a7c29ce5bd5879853f383c908cfbc9f25a9a,f9b51a9929093f8f50f6e4106ff0da562f66c287b8583c569d719fc7b8ffad5f,c572b3d564b4fdef62cc467cc697114a4e05dbc61602b8ced1cfd91c5570750c,False
baseline_euler10,libero_goal_ood:task8:state5,libero_goal_ood,8,5,7,False,300,16.334571800020058,600,0,0,0,0,0,,b1819839fd26f5148c3bc1461168222546a3507a77866a83665296610aa2e1f9,released_modified_libero,300,test,astra-pi05-ood-baseline-20260924-1,af5d3b1dd04426222c35c01ab8cd48d9e12a577e6ccec8adec123a171b190e6c,0c9a85ce033012b15a5878ac8b773adb832b404674d33c327a4af962f2b8d881,f9b51a9929093f8f50f6e4106ff0da562f66c287b8583c569d719fc7b8ffad5f,5b2e67add082e34dc34c7384f4aaddeb4298751482b48805f4f59c5656d91914,False
baseline_euler10,libero_goal_ood:task8:state6,libero_goal_ood,8,6,7,False,300,16.478240125987213,600,0,0,0,0,0,,c477f7faf1b655389b53ef47feed70a03a20d161f8e09164a877edc415cebf1b,released_modified_libero,300,test,astra-pi05-ood-baseline-20260924-1,af5d3b1dd04426222c35c01ab8cd48d9e12a577e6ccec8adec123a171b190e6c,0208f2c816458d49dc69d5196bb01fec17984ddfb10959f0e970fa4ad203311e,f9b51a9929093f8f50f6e4106ff0da562f66c287b8583c569d719fc7b8ffad5f,4438c202c2798eb1641d2888e602479cf504c208cf381ac9bce6e67456cc9ae3,False
baseline_euler10,libero_goal_ood:task8:state7,libero_goal_ood,8,7,7,False,300,23.22971208905801,600,0,0,0,0,0,,e6ef4d6d82b3104ee98dca179ced9b5b1f4ac10559bfd1997235da184f6af3f6,released_modified_libero,300,test,astra-pi05-ood-baseline-repair-20260924-1,26d9254be5f209f04baef4593533cd98b3623e5b626881f3a278aa8a65cba812,161768689f33d0e7b3decd56849aec7dd02202397280ac481707d06eaac6a65c,f9b51a9929093f8f50f6e4106ff0da562f66c287b8583c569d719fc7b8ffad5f,f0853630c9308abe94a8521d7ef6412896e8053b5036b3fe4a106ab60d38976e,True
baseline_euler10,libero_goal_ood:task8:state8,libero_goal_ood,8,8,7,False,300,16.27366262295982,600,0,0,0,0,0,,80a0e976daa2dd15a231aa9843b6d4f7fe44fe494772de6711ea4aefaeadca99,released_modified_libero,300,test,astra-pi05-ood-baseline-20260924-1,af5d3b1dd04426222c35c01ab8cd48d9e12a577e6ccec8adec123a171b190e6c,8f0596e80a3359bb129712efd221492cf89999e2fb9fdac09a07d53f43b4e0d1,f9b51a9929093f8f50f6e4106ff0da562f66c287b8583c569d719fc7b8ffad5f,420d66204cd89c74fdfeaeefc72556657801daff529a5caa0c9f7251bf4a2795,False
baseline_euler10,libero_goal_ood:task8:state9,libero_goal_ood,8,9,7,False,300,16.74976220697863,600,0,0,0,0,0,,6fadbd17785237e825a5c443c453ad77f4e37ec2e375804c79cbda400c404dcc,released_modified_libero,300,test,astra-pi05-ood-baseline-20260924-1,af5d3b1dd04426222c35c01ab8cd48d9e12a577e6ccec8adec123a171b190e6c,013b90be9c64249132dbfcdde1e1cbc423de5a0a1c408d51eb70091fc539d864,f9b51a9929093f8f50f6e4106ff0da562f66c287b8583c569d719fc7b8ffad5f,9e58643227b3f3812761b18ba6331802728b931e972f7037e63dd2a4fd89905b,False
baseline_euler10,libero_goal_ood:task9:state0,libero_goal_ood,9,0,7,False,300,16.34085519396467,600,0,0,0,0,0,,11bf8483ac2410cc177a35822f322631d260c952cd74a777199e4f4f937b88bd,released_modified_libero,300,test,astra-pi05-ood-baseline-20260924-1,af5d3b1dd04426222c35c01ab8cd48d9e12a577e6ccec8adec123a171b190e6c,09deec1094ba6a322bb43502e89328f12168ca48042127af95c0e6e17de51b14,f9b51a9929093f8f50f6e4106ff0da562f66c287b8583c569d719fc7b8ffad5f,18b9618bf5bae08e4b6f3e3af6193bb9a9588b203b349c002449352961f7aac0,False
baseline_euler10,libero_goal_ood:task9:state1,libero_goal_ood,9,1,7,True,276,21.736288635991514,560,0,0,0,0,0,,5c933bf49e1fa1c98a901e4084c3e3f105207df5c656f7e7a121b08ea09fe61e,released_modified_libero,300,test,astra-pi05-ood-baseline-repair-20260924-1,26d9254be5f209f04baef4593533cd98b3623e5b626881f3a278aa8a65cba812,aefd5ea7d73f12650f7a7376a8fce1011845b88d2004f92e8cbe365f0d162143,f9b51a9929093f8f50f6e4106ff0da562f66c287b8583c569d719fc7b8ffad5f,1aa44d8c7d15d42c53de342ed7b4d731dad5df911a188734faa1b5e3821f7935,True
baseline_euler10,libero_goal_ood:task9:state2,libero_goal_ood,9,2,7,False,300,16.329290853987914,600,0,0,0,0,0,,b3cdb0ad916fd23d5f42ab9bdaaded49cc2c7ad804d2cbc193093273bd6c1bed,released_modified_libero,300,test,astra-pi05-ood-baseline-20260924-1,af5d3b1dd04426222c35c01ab8cd48d9e12a577e6ccec8adec123a171b190e6c,a263bb89d7d443cdf0f89dad3d10a9166a87567905a6b4b6545e9b69f243f400,f9b51a9929093f8f50f6e4106ff0da562f66c287b8583c569d719fc7b8ffad5f,1023a0aed79a29e8ad4886ff80f01aa513f5204fa7ef47f1400dd3a34261684a,False
baseline_euler10,libero_goal_ood:task9:state3,libero_goal_ood,9,3,7,True,110,5.8866919740103185,220,0,0,0,0,0,,480b662f670a2e74900a0aa7c299c5f94e2db5f5609cc7e7a438eb1b1c8114f9,released_modified_libero,300,test,astra-pi05-ood-baseline-20260924-1,af5d3b1dd04426222c35c01ab8cd48d9e12a577e6ccec8adec123a171b190e6c,e0dd99be800aa65d2f875278591a1d9cf65533df655cf14d28fa870c39cc320a,f9b51a9929093f8f50f6e4106ff0da562f66c287b8583c569d719fc7b8ffad5f,9c82bde90424eba540f148274783eb937da09f2cef19adbea4daf23d55d4f7c1,False
baseline_euler10,libero_goal_ood:task9:state4,libero_goal_ood,9,4,7,True,124,6.7228870300459675,250,0,0,0,0,0,,3c2568ab9d45762dda8517f0ac1bf482558ab0b0054629ec653401b87b6481d4,released_modified_libero,300,test,astra-pi05-ood-baseline-20260924-1,af5d3b1dd04426222c35c01ab8cd48d9e12a577e6ccec8adec123a171b190e6c,e393e8f6660fba2fbf6317b8edde7caf60bf6f643cf5c705a0d5c7ebd34a43ae,f9b51a9929093f8f50f6e4106ff0da562f66c287b8583c569d719fc7b8ffad5f,c572b3d564b4fdef62cc467cc697114a4e05dbc61602b8ced1cfd91c5570750c,False
baseline_euler10,libero_goal_ood:task9:state5,libero_goal_ood,9,5,7,True,104,8.107429874129593,210,0,0,0,0,0,,b1819839fd26f5148c3bc1461168222546a3507a77866a83665296610aa2e1f9,released_modified_libero,300,test,astra-pi05-ood-baseline-repair-20260924-1,26d9254be5f209f04baef4593533cd98b3623e5b626881f3a278aa8a65cba812,bbcf4ed1c0d94ed30d06941f22f3921b965b187481e18463da7dd5be0d4f213c,f9b51a9929093f8f50f6e4106ff0da562f66c287b8583c569d719fc7b8ffad5f,5b2e67add082e34dc34c7384f4aaddeb4298751482b48805f4f59c5656d91914,True
baseline_euler10,libero_goal_ood:task9:state6,libero_goal_ood,9,6,7,True,121,6.739867772033904,250,0,0,0,0,0,,c477f7faf1b655389b53ef47feed70a03a20d161f8e09164a877edc415cebf1b,released_modified_libero,300,test,astra-pi05-ood-baseline-20260924-1,af5d3b1dd04426222c35c01ab8cd48d9e12a577e6ccec8adec123a171b190e6c,07971cb2c08009cea3336ac4202ad11f94354bccf6cfb7972bb7d33354a47dda,f9b51a9929093f8f50f6e4106ff0da562f66c287b8583c569d719fc7b8ffad5f,4438c202c2798eb1641d2888e602479cf504c208cf381ac9bce6e67456cc9ae3,False
baseline_euler10,libero_goal_ood:task9:state7,libero_goal_ood,9,7,7,True,172,9.582080514985137,350,0,0,0,0,0,,e6ef4d6d82b3104ee98dca179ced9b5b1f4ac10559bfd1997235da184f6af3f6,released_modified_libero,300,test,astra-pi05-ood-baseline-20260924-1,af5d3b1dd04426222c35c01ab8cd48d9e12a577e6ccec8adec123a171b190e6c,56c7312550c335f49bcb9391093c5279262d10f53fbfe6666e5885f26b700d08,f9b51a9929093f8f50f6e4106ff0da562f66c287b8583c569d719fc7b8ffad5f,f0853630c9308abe94a8521d7ef6412896e8053b5036b3fe4a106ab60d38976e,False
baseline_euler10,libero_goal_ood:task9:state8,libero_goal_ood,9,8,7,True,108,5.766066459997091,220,0,0,0,0,0,,80a0e976daa2dd15a231aa9843b6d4f7fe44fe494772de6711ea4aefaeadca99,released_modified_libero,300,test,astra-pi05-ood-baseline-20260924-1,af5d3b1dd04426222c35c01ab8cd48d9e12a577e6ccec8adec123a171b190e6c,33ee38201ef39e0f28198caa6f100e2a66f6511468bc98b25b641d9b06b59df7,f9b51a9929093f8f50f6e4106ff0da562f66c287b8583c569d719fc7b8ffad5f,420d66204cd89c74fdfeaeefc72556657801daff529a5caa0c9f7251bf4a2795,False
baseline_euler10,libero_goal_ood:task9:state9,libero_goal_ood,9,9,7,True,115,8.866882977075875,230,0,0,0,0,0,,6fadbd17785237e825a5c443c453ad77f4e37ec2e375804c79cbda400c404dcc,released_modified_libero,300,test,astra-pi05-ood-baseline-repair-20260924-1,26d9254be5f209f04baef4593533cd98b3623e5b626881f3a278aa8a65cba812,3d09ae40c55db1d317afa7d29e5c9c44682f5fd633023a59d045bd8aa52e3b64,f9b51a9929093f8f50f6e4106ff0da562f66c287b8583c569d719fc7b8ffad5f,9e58643227b3f3812761b18ba6331802728b931e972f7037e63dd2a4fd89905b,True
baseline_euler10,libero_spatial_ood:task0:state0,libero_spatial_ood,0,0,7,True,83,5.234980572015047,170,0,0,0,0,0,,1c3788a9329e7161abc79e0b78c80e87dad0d39ac44abe7201ed54acbdd8f89e,released_modified_libero,300,test,astra-pi05-ood-baseline-20260924-1,af5d3b1dd04426222c35c01ab8cd48d9e12a577e6ccec8adec123a171b190e6c,c3efcc804f59d34736765576728d949d47e213933ffeabf70a9c161c6030dcb7,aac4b0de94fbf39d2f7d70d13236cfa2287d226403fb57614c811ea641c5b489,900f9dcf2c47898cf413e7259406e7109fc09d541e070d24dadaf53c4467d7cb,False
baseline_euler10,libero_spatial_ood:task0:state1,libero_spatial_ood,0,1,7,True,82,5.298632809019182,170,0,0,0,0,0,,8be3c6d02e877d1736b1aae3c47824ea2871d54b20acb3235a3648ab60c20145,released_modified_libero,300,test,astra-pi05-ood-baseline-20260924-1,af5d3b1dd04426222c35c01ab8cd48d9e12a577e6ccec8adec123a171b190e6c,1556691d700b8bb3e292aded53dab0ee8d75f1883b9a26a653cfe4dd51999521,aac4b0de94fbf39d2f7d70d13236cfa2287d226403fb57614c811ea641c5b489,d3e19e346d7b054c7a28f83ec7335868cb48005a3e27ef4881197b51ead193e5,False
baseline_euler10,libero_spatial_ood:task0:state2,libero_spatial_ood,0,2,7,True,92,5.685829419002403,190,0,0,0,0,0,,628495a152550a73523b6175cf17dab720d019ad5aad0be7d9b9a4bca458192f,released_modified_libero,300,test,astra-pi05-ood-baseline-20260924-1,af5d3b1dd04426222c35c01ab8cd48d9e12a577e6ccec8adec123a171b190e6c,0b57f60bc8e85e39a35c8152d9f6cb3bfcdfd143dc280394debe8f36080878cb,aac4b0de94fbf39d2f7d70d13236cfa2287d226403fb57614c811ea641c5b489,2b13edb61f4a21c538f28dbf29d2ad396ab88b60f378ec123d12b49880c0750f,False
baseline_euler10,libero_spatial_ood:task0:state3,libero_spatial_ood,0,3,7,True,84,5.300774528004695,170,0,0,0,0,0,,33382a6ad007e9a9f5d913f8098fed66548c2481cfc863638130e70eeb7dff88,released_modified_libero,300,test,astra-pi05-ood-baseline-20260924-1,af5d3b1dd04426222c35c01ab8cd48d9e12a577e6ccec8adec123a171b190e6c,55d9e0d3dc10f0a77683d76d6a1afc5b6bdae32765c7ec9d4745b945ff63d1cc,aac4b0de94fbf39d2f7d70d13236cfa2287d226403fb57614c811ea641c5b489,aba3dff0644b4f7300b0a855ad155c80e11cccbff4e4d028d52176d88b214066,False
baseline_euler10,libero_spatial_ood:task0:state4,libero_spatial_ood,0,4,7,True,84,5.039769986004103,170,0,0,0,0,0,,8508d398a4f59624d6bf1e359bbdff9cd060d480709dcc3d9b1477dbcdaa0978,released_modified_libero,300,test,astra-pi05-ood-baseline-20260924-1,af5d3b1dd04426222c35c01ab8cd48d9e12a577e6ccec8adec123a171b190e6c,cc40ec0a7afec7ccfeed5b25013a6fa6d5d10de8f4ce16f59787186b5dbac1dc,aac4b0de94fbf39d2f7d70d13236cfa2287d226403fb57614c811ea641c5b489,86804e330e873b58b80a3bcc51d7414aca77fba29d73d2ae34380d9e15d65383,False
baseline_euler10,libero_spatial_ood:task0:state5,libero_spatial_ood,0,5,7,True,83,4.939195364015177,170,0,0,0,0,0,,6951bb79586b982c35bb9e31a7960b030b5b162b59f8beaf42cdd909354f6513,released_modified_libero,300,test,astra-pi05-ood-baseline-20260924-1,af5d3b1dd04426222c35c01ab8cd48d9e12a577e6ccec8adec123a171b190e6c,9b7163c4c05f0debcc74ef1adb1089c1cee1581d0f9202b62650b816b6bdf0ff,aac4b0de94fbf39d2f7d70d13236cfa2287d226403fb57614c811ea641c5b489,4c79b45f54c1394332c35a9e86858a499153e874b8c9bc3e251708a591c5fc81,False
baseline_euler10,libero_spatial_ood:task0:state6,libero_spatial_ood,0,6,7,True,83,4.71449379902333,170,0,0,0,0,0,,83734f0911ec8a435b895123a3cb049948457eaa1a2442fe70d9a34e055de288,released_modified_libero,300,test,astra-pi05-ood-baseline-20260924-1,af5d3b1dd04426222c35c01ab8cd48d9e12a577e6ccec8adec123a171b190e6c,7feac5dad8aa6d19750831824512cb95e5642cfbf511cd4287f58b72cc6ebab6,aac4b0de94fbf39d2f7d70d13236cfa2287d226403fb57614c811ea641c5b489,24d6e9d0f309839ed3b75a2fc25dbb593645fd0d6e60bfa4082703f8c070202a,False
baseline_euler10,libero_spatial_ood:task0:state7,libero_spatial_ood,0,7,7,True,87,5.008015155035537,180,0,0,0,0,0,,1430ff56c3ff0879af7b61180bf89487a150fe34c9c41334c4b583f741792244,released_modified_libero,300,test,astra-pi05-ood-baseline-20260924-1,af5d3b1dd04426222c35c01ab8cd48d9e12a577e6ccec8adec123a171b190e6c,258ac0fe400ca439b92c2d05d7ce3c589b4a1d4cb9e18f3b50920288eb0a2694,aac4b0de94fbf39d2f7d70d13236cfa2287d226403fb57614c811ea641c5b489,d377450e4e180bbb1732472505064e9255807e707e8f5d9efd0b219434b149c2,False
baseline_euler10,libero_spatial_ood:task0:state8,libero_spatial_ood,0,8,7,True,79,4.6378644069773145,160,0,0,0,0,0,,50b8db3307d94e09400bd61d0bf95f2a02b48c6b4c351b93ddee27835c53e863,released_modified_libero,300,test,astra-pi05-ood-baseline-20260924-1,af5d3b1dd04426222c35c01ab8cd48d9e12a577e6ccec8adec123a171b190e6c,abc89b33aae4efb6ffb5c3b2f132c86a18ae414eafe4e6a0b6a652aa304f4f4c,aac4b0de94fbf39d2f7d70d13236cfa2287d226403fb57614c811ea641c5b489,51a27270eddb50799ce0b6ae9312bc2b0c44160436287f48ed2b04242625690e,False
baseline_euler10,libero_spatial_ood:task0:state9,libero_spatial_ood,0,9,7,True,83,4.888095074973535,170,0,0,0,0,0,,267cdc212f9d48b3208bd6df2c4038d970839a617b251b33825df5c235ce411d,released_modified_libero,300,test,astra-pi05-ood-baseline-20260924-1,af5d3b1dd04426222c35c01ab8cd48d9e12a577e6ccec8adec123a171b190e6c,da4ba691abeaffe45500ed97c25c8268b457dc816323b64bbadfb5ef375f568b,aac4b0de94fbf39d2f7d70d13236cfa2287d226403fb57614c811ea641c5b489,72b959fc344209901ef81ce578322098a36c0002276ea29f58c895476a46a9a4,False
baseline_euler10,libero_spatial_ood:task1:state0,libero_spatial_ood,1,0,7,True,93,5.3102476030471735,190,0,0,0,0,0,,db406f5ecc1a18ccec799477885125212885e4e5aefcca5e3746cf149da5ade0,released_modified_libero,300,test,astra-pi05-ood-baseline-20260924-1,af5d3b1dd04426222c35c01ab8cd48d9e12a577e6ccec8adec123a171b190e6c,085fe9db6d75cc294fa257031beedf738ffc2ccb57b52cacec9a36b75b5ff98f,aac4b0de94fbf39d2f7d70d13236cfa2287d226403fb57614c811ea641c5b489,900f9dcf2c47898cf413e7259406e7109fc09d541e070d24dadaf53c4467d7cb,False
baseline_euler10,libero_spatial_ood:task1:state1,libero_spatial_ood,1,1,7,True,88,5.057687685010023,180,0,0,0,0,0,,0ab8fb534bd831810b251ad2b3cfe5b7ef7c283dadb2e604ea3b23dbbcd7da5f,released_modified_libero,300,test,astra-pi05-ood-baseline-20260924-1,af5d3b1dd04426222c35c01ab8cd48d9e12a577e6ccec8adec123a171b190e6c,635986b84567d512da6ded008dd86aa7a11952f66f1f47d2c4adcf537722b2eb,aac4b0de94fbf39d2f7d70d13236cfa2287d226403fb57614c811ea641c5b489,d3e19e346d7b054c7a28f83ec7335868cb48005a3e27ef4881197b51ead193e5,False
baseline_euler10,libero_spatial_ood:task1:state2,libero_spatial_ood,1,2,7,True,93,5.418286820000503,190,0,0,0,0,0,,76e6ae2be499d5e19786af9b228e9957c3b33d4fba83709bb526f1dadcb47a95,released_modified_libero,300,test,astra-pi05-ood-baseline-20260924-1,af5d3b1dd04426222c35c01ab8cd48d9e12a577e6ccec8adec123a171b190e6c,8ac4560be70576dd9137ccb82084512725af87bc7c4dc46f12609555e03a9d19,aac4b0de94fbf39d2f7d70d13236cfa2287d226403fb57614c811ea641c5b489,2b13edb61f4a21c538f28dbf29d2ad396ab88b60f378ec123d12b49880c0750f,False
baseline_euler10,libero_spatial_ood:task1:state3,libero_spatial_ood,1,3,7,True,105,6.153561043029185,210,0,0,0,0,0,,2f5f3a5dad47e007612c6b673559e67bb940e6e7072749cf302e23ce2d1d52dd,released_modified_libero,300,test,astra-pi05-ood-baseline-20260924-1,af5d3b1dd04426222c35c01ab8cd48d9e12a577e6ccec8adec123a171b190e6c,184e7af80aee96f3ecea617463501e60fe80c506ecccd463481e66ba8f4d19e7,aac4b0de94fbf39d2f7d70d13236cfa2287d226403fb57614c811ea641c5b489,aba3dff0644b4f7300b0a855ad155c80e11cccbff4e4d028d52176d88b214066,False
baseline_euler10,libero_spatial_ood:task1:state4,libero_spatial_ood,1,4,7,True,135,7.4792778310365975,270,0,0,0,0,0,,e2888f3578e1e51058a1959f215bbab8e9e2255f87bbed71193ea15019be8c60,released_modified_libero,300,test,astra-pi05-ood-baseline-20260924-1,af5d3b1dd04426222c35c01ab8cd48d9e12a577e6ccec8adec123a171b190e6c,e7e4192620c88eba79393a13ad36add9e0439c4161fcf545ae9490bdd0ed962e,aac4b0de94fbf39d2f7d70d13236cfa2287d226403fb57614c811ea641c5b489,86804e330e873b58b80a3bcc51d7414aca77fba29d73d2ae34380d9e15d65383,False
baseline_euler10,libero_spatial_ood:task1:state5,libero_spatial_ood,1,5,7,True,98,5.630428334989119,200,0,0,0,0,0,,61b065ab7a3d1a7c04dcb8c0cb5d534ca240a64ed40cc2e19b15bb8ca6547c15,released_modified_libero,300,test,astra-pi05-ood-baseline-20260924-1,af5d3b1dd04426222c35c01ab8cd48d9e12a577e6ccec8adec123a171b190e6c,1da96ae96a0c90a8929055ce63ece1104cae8656235f51a98ee4c1d0c6eb60ba,aac4b0de94fbf39d2f7d70d13236cfa2287d226403fb57614c811ea641c5b489,4c79b45f54c1394332c35a9e86858a499153e874b8c9bc3e251708a591c5fc81,False
baseline_euler10,libero_spatial_ood:task1:state6,libero_spatial_ood,1,6,7,True,99,5.775967321998905,200,0,0,0,0,0,,f07bfd2f349f2bab08cf6527cef79580fe4dc12cbd45551cb99d13789e46c148,released_modified_libero,300,test,astra-pi05-ood-baseline-20260924-1,af5d3b1dd04426222c35c01ab8cd48d9e12a577e6ccec8adec123a171b190e6c,b9b624868ff3d52dbcd2e2d09f477e50594787cf165b2b4173f5eb20976d78ba,aac4b0de94fbf39d2f7d70d13236cfa2287d226403fb57614c811ea641c5b489,24d6e9d0f309839ed3b75a2fc25dbb593645fd0d6e60bfa4082703f8c070202a,False
baseline_euler10,libero_spatial_ood:task1:state7,libero_spatial_ood,1,7,7,True,96,5.733346719003748,200,0,0,0,0,0,,ae01ec977058e22e686b101ae1940107346eeefd22261ec8441cc83f3fd3bbac,released_modified_libero,300,test,astra-pi05-ood-baseline-20260924-1,af5d3b1dd04426222c35c01ab8cd48d9e12a577e6ccec8adec123a171b190e6c,694084d1e195544c9d181c40d89d6e72f2be7539a81fdd2752b73cc404844504,aac4b0de94fbf39d2f7d70d13236cfa2287d226403fb57614c811ea641c5b489,d377450e4e180bbb1732472505064e9255807e707e8f5d9efd0b219434b149c2,False
baseline_euler10,libero_spatial_ood:task1:state8,libero_spatial_ood,1,8,7,True,98,5.479354303970467,200,0,0,0,0,0,,163f1dc6a2d73ed867c002ac7ddac15f073417645e14103b9991a83661e87efe,released_modified_libero,300,test,astra-pi05-ood-baseline-20260924-1,af5d3b1dd04426222c35c01ab8cd48d9e12a577e6ccec8adec123a171b190e6c,1423c6322d2cb0b6104b4a91aa3717bd38e5bfe5c89b147b89c4582e66fc6083,aac4b0de94fbf39d2f7d70d13236cfa2287d226403fb57614c811ea641c5b489,51a27270eddb50799ce0b6ae9312bc2b0c44160436287f48ed2b04242625690e,False
baseline_euler10,libero_spatial_ood:task1:state9,libero_spatial_ood,1,9,7,True,93,5.381766346981749,190,0,0,0,0,0,,49c11a58f25c5eb0ff11a09e1da481f7df819bcbb04d46f1b5cb3658c9c17d3c,released_modified_libero,300,test,astra-pi05-ood-baseline-20260924-1,af5d3b1dd04426222c35c01ab8cd48d9e12a577e6ccec8adec123a171b190e6c,6b2a717db7da4270375fbcc3fffdc9d41bafbd10035cbdb7e43bc42119e51c26,aac4b0de94fbf39d2f7d70d13236cfa2287d226403fb57614c811ea641c5b489,72b959fc344209901ef81ce578322098a36c0002276ea29f58c895476a46a9a4,False
baseline_euler10,libero_spatial_ood:task2:state0,libero_spatial_ood,2,0,7,False,300,17.69355948199518,600,0,0,0,0,0,,0d960d215fc36fb3cdb747e38f7b88416e9d73ee8d92ce4e54c75fa26d5567c9,released_modified_libero,300,test,astra-pi05-ood-baseline-20260924-1,af5d3b1dd04426222c35c01ab8cd48d9e12a577e6ccec8adec123a171b190e6c,d01c8037982abae6cb4e27e75c49ef01c702ff2fedb0cf9b5c95dce1e800caed,aac4b0de94fbf39d2f7d70d13236cfa2287d226403fb57614c811ea641c5b489,3d768b00c00dc99e17f0d4c4b0f751bb04a35140990d9188648ffff61708f070,False
baseline_euler10,libero_spatial_ood:task2:state1,libero_spatial_ood,2,1,7,True,85,5.002202465024311,170,0,0,0,0,0,,176730e9c115ce5e021373fa16aafd48e5591811e3c4da093bf73cf891aaa382,released_modified_libero,300,test,astra-pi05-ood-baseline-20260924-1,af5d3b1dd04426222c35c01ab8cd48d9e12a577e6ccec8adec123a171b190e6c,3419011dc7ac57dc34e96d581e79388b4b48e5c39cfa5c9df1ce11254e7dd4d6,aac4b0de94fbf39d2f7d70d13236cfa2287d226403fb57614c811ea641c5b489,bad796b32547a5408b5cbe237e39285df47dc2b66a4ac3f4309f6127e123bd6a,False
baseline_euler10,libero_spatial_ood:task2:state2,libero_spatial_ood,2,2,7,False,300,16.948390814010054,600,0,0,0,0,0,,237f6ebf09a61d0bf5e2fe34127aa4ec35bbd5976bbb00474a604a45874dc3c9,released_modified_libero,300,test,astra-pi05-ood-baseline-20260924-1,af5d3b1dd04426222c35c01ab8cd48d9e12a577e6ccec8adec123a171b190e6c,a8568193bb818266eac1d2ce48bfb1078da96822569a0a379f1e0d2daef70f32,aac4b0de94fbf39d2f7d70d13236cfa2287d226403fb57614c811ea641c5b489,685a015a44b2901e7104fc8e717da702d097724303b96514924d77e9c5448e89,False
baseline_euler10,libero_spatial_ood:task2:state3,libero_spatial_ood,2,3,7,False,300,17.40031318902038,600,0,0,0,0,0,,7a12da01fc65437803bf629cec9e1ecb97506c7036e6092490214e10f08a21f7,released_modified_libero,300,test,astra-pi05-ood-baseline-20260924-1,af5d3b1dd04426222c35c01ab8cd48d9e12a577e6ccec8adec123a171b190e6c,cc1a363b10b16c78734055a7ed76b15cffb93a647e88630c75783b6fe4c5237e,aac4b0de94fbf39d2f7d70d13236cfa2287d226403fb57614c811ea641c5b489,5d375f728d8d6e764316917d0f8f35daf2353ae43aa046bf2695b6b6595fccc5,False
baseline_euler10,libero_spatial_ood:task2:state4,libero_spatial_ood,2,4,7,False,300,17.49684072600212,600,0,0,0,0,0,,cf12acb038c3f67bb532b39a139a3f12cc0c1fa170eee8067cf5260e57eb3898,released_modified_libero,300,test,astra-pi05-ood-baseline-20260924-1,af5d3b1dd04426222c35c01ab8cd48d9e12a577e6ccec8adec123a171b190e6c,4965476115d68c2705826ae1ca63df3bf8e0a66dfe07adefb7f9061fb52335a2,aac4b0de94fbf39d2f7d70d13236cfa2287d226403fb57614c811ea641c5b489,2d5e7ee0833288a615f12bae2073b8c07a5768d64bb85f73d334d7c73eda1f9d,False
baseline_euler10,libero_spatial_ood:task2:state5,libero_spatial_ood,2,5,7,True,82,4.837841344997287,170,0,0,0,0,0,,67b0c06b9d269b6748614de36e5a8c81e5c937e729a640a058faccc8e49fb4c0,released_modified_libero,300,test,astra-pi05-ood-baseline-20260924-1,af5d3b1dd04426222c35c01ab8cd48d9e12a577e6ccec8adec123a171b190e6c,49a42978dc03ff74bc16b3939c95a5fd25d6372ae85753179d7a944818dec28f,aac4b0de94fbf39d2f7d70d13236cfa2287d226403fb57614c811ea641c5b489,b7430596cd4c9970161b9ea219858027f250f98b1b3744bfffe992a5b395b571,False
baseline_euler10,libero_spatial_ood:task2:state6,libero_spatial_ood,2,6,7,False,300,16.78899177798303,600,0,0,0,0,0,,4fee64996c01064e8a41f6efe1784a34feb8472d94093dafd05d2a5ae9bd0816,released_modified_libero,300,test,astra-pi05-ood-baseline-20260924-1,af5d3b1dd04426222c35c01ab8cd48d9e12a577e6ccec8adec123a171b190e6c,3bd13819427678da9fc0871886d58e86921b6c4e4ab22642d9d9bc0ff53cd21a,aac4b0de94fbf39d2f7d70d13236cfa2287d226403fb57614c811ea641c5b489,4536298fddaf938e85f0f4c432e9685e5ed6dbb16dd0f070f4352fde88a2c1bc,False
baseline_euler10,libero_spatial_ood:task2:state7,libero_spatial_ood,2,7,7,True,85,4.882146391028073,170,0,0,0,0,0,,3ab833079edc9fe676aecf48651826f47b437d68ca269691de7a697af5ea3d3c,released_modified_libero,300,test,astra-pi05-ood-baseline-20260924-1,af5d3b1dd04426222c35c01ab8cd48d9e12a577e6ccec8adec123a171b190e6c,776f9f2b4148061763f6db46fe5654d9e390c2ec401b20fa82c5fb062cc037a1,aac4b0de94fbf39d2f7d70d13236cfa2287d226403fb57614c811ea641c5b489,73bcf453b1e0d7f175b5cfe70a27ac44c382b348ab047670b25086da70bcecae,False
baseline_euler10,libero_spatial_ood:task2:state8,libero_spatial_ood,2,8,7,False,300,17.310044590034522,600,0,0,0,0,0,,db4610aa44b09fe367719180fb2e5b11a78969104019701fb96080b885727606,released_modified_libero,300,test,astra-pi05-ood-baseline-20260924-1,af5d3b1dd04426222c35c01ab8cd48d9e12a577e6ccec8adec123a171b190e6c,5e450abb35b177eaec25ff5d9f3cc569bb44e6c048d0d86231e4d4fce4b8e4a8,aac4b0de94fbf39d2f7d70d13236cfa2287d226403fb57614c811ea641c5b489,84cfef6c66cb5f14028d053714879276f7f846fd496960bf8c9499be3098f3d6,False
baseline_euler10,libero_spatial_ood:task2:state9,libero_spatial_ood,2,9,7,True,85,5.006963077001274,170,0,0,0,0,0,,dabb9db67a76ecfc67e7ed368f366b789854d8a61d29ad67dcbf7b6c78b4b167,released_modified_libero,300,test,astra-pi05-ood-baseline-20260924-1,af5d3b1dd04426222c35c01ab8cd48d9e12a577e6ccec8adec123a171b190e6c,a12c6b7e560d370d31ca266405020764f3853e41350b6edbcdf55598a17a24d1,aac4b0de94fbf39d2f7d70d13236cfa2287d226403fb57614c811ea641c5b489,bb92d4e98cdc921ac5439512d80ca818c7fef0474ea649e226a4b0e2e8140347,False
baseline_euler10,libero_spatial_ood:task3:state0,libero_spatial_ood,3,0,7,True,88,5.052248995983973,180,0,0,0,0,0,,3c3c2b5ae34f3a5dbb239c711a3fff3aa00cda0695a26980d4853e1d0b65edac,released_modified_libero,300,test,astra-pi05-ood-baseline-20260924-1,af5d3b1dd04426222c35c01ab8cd48d9e12a577e6ccec8adec123a171b190e6c,cc5d65d38afcb85c968db5a513f0913455eef3b707b118f121f0a32b9778481f,aac4b0de94fbf39d2f7d70d13236cfa2287d226403fb57614c811ea641c5b489,3d768b00c00dc99e17f0d4c4b0f751bb04a35140990d9188648ffff61708f070,False
baseline_euler10,libero_spatial_ood:task3:state1,libero_spatial_ood,3,1,7,True,95,5.522570519999135,190,0,0,0,0,0,,bb1ce0732c1b8dbeac798b0f1e9b35957b5f17b12edb61744b1a060a71d085b8,released_modified_libero,300,test,astra-pi05-ood-baseline-20260924-1,af5d3b1dd04426222c35c01ab8cd48d9e12a577e6ccec8adec123a171b190e6c,83999b024ff051a0ee90a76f8eeecd69c146d4aaed76415e7a54183fc7b014ec,aac4b0de94fbf39d2f7d70d13236cfa2287d226403fb57614c811ea641c5b489,bad796b32547a5408b5cbe237e39285df47dc2b66a4ac3f4309f6127e123bd6a,False
baseline_euler10,libero_spatial_ood:task3:state2,libero_spatial_ood,3,2,7,True,100,5.902314401988406,200,0,0,0,0,0,,075b7228ca42329acf3842a172e9f8a33e7c917c9c10e3e67af6382602588c5f,released_modified_libero,300,test,astra-pi05-ood-baseline-20260924-1,af5d3b1dd04426222c35c01ab8cd48d9e12a577e6ccec8adec123a171b190e6c,fb3558e00fe5231bdacb5d27fd434f36cc43810e3763620c540a8249e6a913fc,aac4b0de94fbf39d2f7d70d13236cfa2287d226403fb57614c811ea641c5b489,685a015a44b2901e7104fc8e717da702d097724303b96514924d77e9c5448e89,False
baseline_euler10,libero_spatial_ood:task3:state3,libero_spatial_ood,3,3,7,True,97,5.900109738984611,200,0,0,0,0,0,,e5b827300873d7c7c08d1187d8c6863cabc12079dcfad084eb9bc61af5174ea3,released_modified_libero,300,test,astra-pi05-ood-baseline-20260924-1,af5d3b1dd04426222c35c01ab8cd48d9e12a577e6ccec8adec123a171b190e6c,05fe78484609f7b8b47284fde69146e28fb394fbed6bf35e8a7fa8ddf755c582,aac4b0de94fbf39d2f7d70d13236cfa2287d226403fb57614c811ea641c5b489,5d375f728d8d6e764316917d0f8f35daf2353ae43aa046bf2695b6b6595fccc5,False
baseline_euler10,libero_spatial_ood:task3:state4,libero_spatial_ood,3,4,7,True,104,6.014488254964817,210,0,0,0,0,0,,ae0693002a4ed9662c11fd693a01818281435850768f5cd8718dc38a7ce85a6b,released_modified_libero,300,test,astra-pi05-ood-baseline-20260924-1,af5d3b1dd04426222c35c01ab8cd48d9e12a577e6ccec8adec123a171b190e6c,28fb33460188f4c53d31642b02bebd6fcd9b46e6aad5c42b120ec8d5769506b8,aac4b0de94fbf39d2f7d70d13236cfa2287d226403fb57614c811ea641c5b489,2d5e7ee0833288a615f12bae2073b8c07a5768d64bb85f73d334d7c73eda1f9d,False
baseline_euler10,libero_spatial_ood:task3:state5,libero_spatial_ood,3,5,7,True,92,5.3701297620427795,190,0,0,0,0,0,,3f211a047d7c699984375d211615f6c69439ab450d15f3dbcc7f6905bb502bab,released_modified_libero,300,test,astra-pi05-ood-baseline-20260924-1,af5d3b1dd04426222c35c01ab8cd48d9e12a577e6ccec8adec123a171b190e6c,3681ae74f69b456392bfd34d003306be7fdd54fe44a0d41c7567ac00da3b095e,aac4b0de94fbf39d2f7d70d13236cfa2287d226403fb57614c811ea641c5b489,b7430596cd4c9970161b9ea219858027f250f98b1b3744bfffe992a5b395b571,False
baseline_euler10,libero_spatial_ood:task3:state6,libero_spatial_ood,3,6,7,True,100,5.862362888990901,200,0,0,0,0,0,,7ee4a431edab8cfa1d97fb783546c03429e8f40e2d927b1fef29a1395740fa72,released_modified_libero,300,test,astra-pi05-ood-baseline-20260924-1,af5d3b1dd04426222c35c01ab8cd48d9e12a577e6ccec8adec123a171b190e6c,6462374658c2d3316a26769b02662ec80e17c0dc0324dfb018a007bee5d3b0cb,aac4b0de94fbf39d2f7d70d13236cfa2287d226403fb57614c811ea641c5b489,4536298fddaf938e85f0f4c432e9685e5ed6dbb16dd0f070f4352fde88a2c1bc,False
baseline_euler10,libero_spatial_ood:task3:state7,libero_spatial_ood,3,7,7,True,92,5.625127021980006,190,0,0,0,0,0,,1ded6dc66f08e7cf45602e9c8bef4762ab2e8179500113ce71c52398f16f4a0c,released_modified_libero,300,test,astra-pi05-ood-baseline-20260924-1,af5d3b1dd04426222c35c01ab8cd48d9e12a577e6ccec8adec123a171b190e6c,541702c93118507d64f79adfe25052569f4496ae8007c7263c49efc49c81e40c,aac4b0de94fbf39d2f7d70d13236cfa2287d226403fb57614c811ea641c5b489,73bcf453b1e0d7f175b5cfe70a27ac44c382b348ab047670b25086da70bcecae,False
baseline_euler10,libero_spatial_ood:task3:state8,libero_spatial_ood,3,8,7,True,97,5.683896041999105,200,0,0,0,0,0,,beff22ccb8777798a520bea399f4238d3dcab4652cb9e4bc6ee033ae8be5614a,released_modified_libero,300,test,astra-pi05-ood-baseline-20260924-1,af5d3b1dd04426222c35c01ab8cd48d9e12a577e6ccec8adec123a171b190e6c,f7975dc0040532fab4226eb2f1a29b830b74a75223954a092a93d1db00d489ee,aac4b0de94fbf39d2f7d70d13236cfa2287d226403fb57614c811ea641c5b489,84cfef6c66cb5f14028d053714879276f7f846fd496960bf8c9499be3098f3d6,False
baseline_euler10,libero_spatial_ood:task3:state9,libero_spatial_ood,3,9,7,True,88,5.101617037958931,180,0,0,0,0,0,,b4dac74b2d2abef13d633a3dc3311fb24762740f9f6a9865993b257e0bdc0f19,released_modified_libero,300,test,astra-pi05-ood-baseline-20260924-1,af5d3b1dd04426222c35c01ab8cd48d9e12a577e6ccec8adec123a171b190e6c,800a9f0ce4a5a78112af6632e24eaa9589f0bb307e69cc0df1d7a1aa7b47f269,aac4b0de94fbf39d2f7d70d13236cfa2287d226403fb57614c811ea641c5b489,bb92d4e98cdc921ac5439512d80ca818c7fef0474ea649e226a4b0e2e8140347,False
baseline_euler10,libero_spatial_ood:task4:state0,libero_spatial_ood,4,0,7,False,300,16.950741445994936,600,0,0,0,0,0,,28df671666928058e8db710a67f3d6f4b4b1e08d6496a1ea6736906a119fcc7c,released_modified_libero,300,test,astra-pi05-ood-baseline-20260924-1,af5d3b1dd04426222c35c01ab8cd48d9e12a577e6ccec8adec123a171b190e6c,3309b2c1de1dc60eb7aaaf926c19e5e1216c5af05266de29ceffe8fef9deb2e7,aac4b0de94fbf39d2f7d70d13236cfa2287d226403fb57614c811ea641c5b489,fa0188a614a5865c706b3261e6773b7202452941c2cef8323c4620c599284ce6,False
baseline_euler10,libero_spatial_ood:task4:state1,libero_spatial_ood,4,1,7,False,300,17.432894680008758,600,0,0,0,0,0,,659b4bbfe3f8c9889a30d67143c8059cd30a43fa64cc124415eef43137fafa11,released_modified_libero,300,test,astra-pi05-ood-baseline-20260924-1,af5d3b1dd04426222c35c01ab8cd48d9e12a577e6ccec8adec123a171b190e6c,534307f0384aaf1231d6c54de9e472ccae461b14d75ab5d5e8f405a7f451fa1b,aac4b0de94fbf39d2f7d70d13236cfa2287d226403fb57614c811ea641c5b489,bbb1c69871eecff3c7cf4bb41c10836720fcffc98c1d62ba9bea5ee47b864390,False
baseline_euler10,libero_spatial_ood:task4:state2,libero_spatial_ood,4,2,7,False,300,16.470488038961776,600,0,0,0,0,0,,2587117c4e41648214a92b7e6cafd391c9dddfb64c996711a78f0e023ace82b0,released_modified_libero,300,test,astra-pi05-ood-baseline-20260924-1,af5d3b1dd04426222c35c01ab8cd48d9e12a577e6ccec8adec123a171b190e6c,65027fd5cab143d2353bea2e87f38de84cbb527051b790bec24edf430a37dcd7,aac4b0de94fbf39d2f7d70d13236cfa2287d226403fb57614c811ea641c5b489,990fee20defb5925b2e082e98f7ad98bb4e8c5f16ecf68c6f121f2cc93397169,False
baseline_euler10,libero_spatial_ood:task4:state3,libero_spatial_ood,4,3,7,False,300,16.897466538008302,600,0,0,0,0,0,,acf9a422359310f3d0a8b68acf7abf0608a998b16c934f90497fc242b61d2653,released_modified_libero,300,test,astra-pi05-ood-baseline-20260924-1,af5d3b1dd04426222c35c01ab8cd48d9e12a577e6ccec8adec123a171b190e6c,18937aa17c9c13369403daac9117a608d0fe3409c3fedbb3f381f98ea25b31fb,aac4b0de94fbf39d2f7d70d13236cfa2287d226403fb57614c811ea641c5b489,747a7afca3477aacce1032c419183ebc0fc01560386e79226f76e2d754569b86,False
baseline_euler10,libero_spatial_ood:task4:state4,libero_spatial_ood,4,4,7,False,300,17.05644705600571,600,0,0,0,0,0,,30fc8f0fe6120c8b51f8b84094c9a12dbaea52cd9ac52f7ae935299fddbe3463,released_modified_libero,300,test,astra-pi05-ood-baseline-20260924-1,af5d3b1dd04426222c35c01ab8cd48d9e12a577e6ccec8adec123a171b190e6c,beb1869b9ed66a02bf6f225e01d539e5b46cc8ca818979cfe79658a99c1cf5be,aac4b0de94fbf39d2f7d70d13236cfa2287d226403fb57614c811ea641c5b489,4ce2147330dbcd5d56011c61e305570ac41b4463d46c7a3514349da5b2f3934b,False
baseline_euler10,libero_spatial_ood:task4:state5,libero_spatial_ood,4,5,7,False,300,17.32481889805058,600,0,0,0,0,0,,11344f336c62c0bd91acfe2beefe5c98cdb131e45f4c9d7244f3cd749ab1df16,released_modified_libero,300,test,astra-pi05-ood-baseline-20260924-1,af5d3b1dd04426222c35c01ab8cd48d9e12a577e6ccec8adec123a171b190e6c,bd3b2083afd4ac0b6614605197e367fd2efe89265c691e2f004ed70093f12f17,aac4b0de94fbf39d2f7d70d13236cfa2287d226403fb57614c811ea641c5b489,a8800f9d950a0b1398b00d477aac54ce828fe774a6988a9421a3b8913f97bfa1,False
baseline_euler10,libero_spatial_ood:task4:state6,libero_spatial_ood,4,6,7,False,300,16.71144937799545,600,0,0,0,0,0,,702e65a82b5ee331737c963b41ff781fcff94d7f8491c9adfb29f9f997dc9272,released_modified_libero,300,test,astra-pi05-ood-baseline-20260924-1,af5d3b1dd04426222c35c01ab8cd48d9e12a577e6ccec8adec123a171b190e6c,57e8f0a5a41a601762f8409ccf08378dbeaf012f83f05b246df50e84ef83d81a,aac4b0de94fbf39d2f7d70d13236cfa2287d226403fb57614c811ea641c5b489,d1fbe94c9b7b01888b91b6ad02999d328b5b19def94c8a75b9fe59e8f2ad5a7e,False
baseline_euler10,libero_spatial_ood:task4:state7,libero_spatial_ood,4,7,7,False,300,16.765422001015395,600,0,0,0,0,0,,f2e081173d41098ea435d16605ffe01a25e4961c8aea2746c2e42ac6a97d5b1f,released_modified_libero,300,test,astra-pi05-ood-baseline-20260924-1,af5d3b1dd04426222c35c01ab8cd48d9e12a577e6ccec8adec123a171b190e6c,ef6838448b92f2de91265d01f4ec010d86aa4dddec34884683b9d737f4749f41,aac4b0de94fbf39d2f7d70d13236cfa2287d226403fb57614c811ea641c5b489,ccdbf13f7c11f90a6b46959aa2fba974f12896e003e9c8f6bd61c94c59a1af27,False
baseline_euler10,libero_spatial_ood:task4:state8,libero_spatial_ood,4,8,7,False,300,17.26404568401631,600,0,0,0,0,0,,c98aef39bbd257468322a49408f7cbbe74d01febc3be3310e10355ac6fed31fe,released_modified_libero,300,test,astra-pi05-ood-baseline-20260924-1,af5d3b1dd04426222c35c01ab8cd48d9e12a577e6ccec8adec123a171b190e6c,f84177a2d1c8f2d81f07a72bdd45b2ebd36566575e06d151a98a5c91141ef5f0,aac4b0de94fbf39d2f7d70d13236cfa2287d226403fb57614c811ea641c5b489,8d9e2fdfdb37a06f4da73c554ce4f019ddeda9c0e596e1762128a799f5e28cf1,False
baseline_euler10,libero_spatial_ood:task4:state9,libero_spatial_ood,4,9,7,False,300,17.14018368802499,600,0,0,0,0,0,,ef0777e8615c38b442afb7406ef3ee3b551a2079eacf1daabd328a72c4062694,released_modified_libero,300,test,astra-pi05-ood-baseline-20260924-1,af5d3b1dd04426222c35c01ab8cd48d9e12a577e6ccec8adec123a171b190e6c,7ecce0a793c0a53582b80c567808c5c625874785b10efc583629473ad913e854,aac4b0de94fbf39d2f7d70d13236cfa2287d226403fb57614c811ea641c5b489,fcba07961f38b5e778d5eb2771eafc54dac6d56e121cb553c4f20768484f21f7,False
baseline_euler10,libero_spatial_ood:task5:state0,libero_spatial_ood,5,0,7,False,300,16.29320207098499,600,0,0,0,0,0,,bb490c379779d494c61487ab7000e3e6d431e845d6d5d4f36b907109f8d7ae56,released_modified_libero,300,test,astra-pi05-ood-baseline-20260924-1,af5d3b1dd04426222c35c01ab8cd48d9e12a577e6ccec8adec123a171b190e6c,95598d666c6fe23068eaca91c209875af1b922994e63d3e9cbfe060dafefd6d5,aac4b0de94fbf39d2f7d70d13236cfa2287d226403fb57614c811ea641c5b489,fa0188a614a5865c706b3261e6773b7202452941c2cef8323c4620c599284ce6,False
baseline_euler10,libero_spatial_ood:task5:state1,libero_spatial_ood,5,1,7,False,300,16.541146364004817,600,0,0,0,0,0,,00d2cbaae74ad116a68d1dad01ffaf8ca9e78ea0e97f33052df5f29c63094a00,released_modified_libero,300,test,astra-pi05-ood-baseline-20260924-1,af5d3b1dd04426222c35c01ab8cd48d9e12a577e6ccec8adec123a171b190e6c,aaf04e6151ddf31a3ea08314d8e1f7a65da7670a378e8229aae0b3f79a06787d,aac4b0de94fbf39d2f7d70d13236cfa2287d226403fb57614c811ea641c5b489,92bd25b866d76c483d76f5cb05ca1e70565edc1e17e3532fe697883ad52e335b,False
baseline_euler10,libero_spatial_ood:task5:state2,libero_spatial_ood,5,2,7,False,300,16.846064335957635,600,0,0,0,0,0,,92e79b4b733f630eb44201350bfb19509c9b3127eb93ddb4910c50e0c04a2cc5,released_modified_libero,300,test,astra-pi05-ood-baseline-20260924-1,af5d3b1dd04426222c35c01ab8cd48d9e12a577e6ccec8adec123a171b190e6c,f669f0337a7418812abfe1d8fd7be0ffee143e6226adb765fc91b64e544b69ba,aac4b0de94fbf39d2f7d70d13236cfa2287d226403fb57614c811ea641c5b489,73b5813f2630615c844f42f6a565206a36451984f6e581f92773ecf33d4a5ed1,False
baseline_euler10,libero_spatial_ood:task5:state3,libero_spatial_ood,5,3,7,False,300,16.96110338199651,600,0,0,0,0,0,,8f3fc19e609fee93e159d5184c67f44e3d81e6134141718bcfe133ae61ae4be5,released_modified_libero,300,test,astra-pi05-ood-baseline-20260924-1,af5d3b1dd04426222c35c01ab8cd48d9e12a577e6ccec8adec123a171b190e6c,797f5641c63bd5612e481aca62445ba8d56ad4286e81ce7d6824fe78ba1bcd15,aac4b0de94fbf39d2f7d70d13236cfa2287d226403fb57614c811ea641c5b489,e2fdc7ec2ba958e129af3ecd9f7fbf370e8b85803fa6b326fcbe2a464eccf728,False
baseline_euler10,libero_spatial_ood:task5:state4,libero_spatial_ood,5,4,7,False,300,16.713703064015135,600,0,0,0,0,0,,22d7504edbf70eb1daff7df3f0bc2a5f436b9f8f1f1a1efea134e2509c36b129,released_modified_libero,300,test,astra-pi05-ood-baseline-20260924-1,af5d3b1dd04426222c35c01ab8cd48d9e12a577e6ccec8adec123a171b190e6c,1005ebbb4c6632c737b82be513432b244df297ebda8d2b24a71026386ae2bf21,aac4b0de94fbf39d2f7d70d13236cfa2287d226403fb57614c811ea641c5b489,8b422fcaa23a5ac72c2d2b649e9af29141b71acfc0c02a793b17fa5d2c263279,False
baseline_euler10,libero_spatial_ood:task5:state5,libero_spatial_ood,5,5,7,False,300,16.56113192101475,600,0,0,0,0,0,,b4c1fa73e85489da8201b8bc688c01c82d8020fe85f62c2d823b9c660adb4369,released_modified_libero,300,test,astra-pi05-ood-baseline-20260924-1,af5d3b1dd04426222c35c01ab8cd48d9e12a577e6ccec8adec123a171b190e6c,0d2914ba83bf1874c5bc600e5836709e63325f740b16921dac424b95089351f0,aac4b0de94fbf39d2f7d70d13236cfa2287d226403fb57614c811ea641c5b489,7e1f88e916bdc475553d763d0d685855dd9078e2d666c1dd445aaf4d14de0d33,False
baseline_euler10,libero_spatial_ood:task5:state6,libero_spatial_ood,5,6,7,False,300,16.825305811013095,600,0,0,0,0,0,,e3510e6780e57d456afe389f741868bec4beccf7691b3c17655b3192ab0e5043,released_modified_libero,300,test,astra-pi05-ood-baseline-20260924-1,af5d3b1dd04426222c35c01ab8cd48d9e12a577e6ccec8adec123a171b190e6c,f9e65d0e440e19a00974683b3dd642a737636592b71a04199639804badbef94b,aac4b0de94fbf39d2f7d70d13236cfa2287d226403fb57614c811ea641c5b489,6d7deb3bd17c4b22ed0633b8a94a4afa99adbf3b9b0a1e407714e7debdfd1170,False
baseline_euler10,libero_spatial_ood:task5:state7,libero_spatial_ood,5,7,7,False,300,16.94321888400009,600,0,0,0,0,0,,822b2423df235a741d4ac239df22fe45e321e2786168558c1a72329620734d81,released_modified_libero,300,test,astra-pi05-ood-baseline-20260924-1,af5d3b1dd04426222c35c01ab8cd48d9e12a577e6ccec8adec123a171b190e6c,6332ebac55e171642ae743d9912e7a38255f6f5b59da8f2e654abe7725c74ac9,aac4b0de94fbf39d2f7d70d13236cfa2287d226403fb57614c811ea641c5b489,e9ab05dcc3e07b0eec20763833eaf682034af090fcce94e283f5ca2a8e415627,False
baseline_euler10,libero_spatial_ood:task5:state8,libero_spatial_ood,5,8,7,False,300,16.461687301984057,600,0,0,0,0,0,,80c2b8a650ec4d68f4df7c7a6b4e66f27d4fcf0b5139b93be3bf1d903acbb052,released_modified_libero,300,test,astra-pi05-ood-baseline-20260924-1,af5d3b1dd04426222c35c01ab8cd48d9e12a577e6ccec8adec123a171b190e6c,4e495996ec146a9ca46c4b48c6c950be5eded6beed2e84afe383323b2e074650,aac4b0de94fbf39d2f7d70d13236cfa2287d226403fb57614c811ea641c5b489,6765a7ed64401549b929bb889e7e574e706b8b8b2c91d5da5136f7caff8bb1d2,False
baseline_euler10,libero_spatial_ood:task5:state9,libero_spatial_ood,5,9,7,False,300,16.43796317296801,600,0,0,0,0,0,,db4b60a4b04fa979ff8b99c468d8f01bc9f2302568246d7bfec1b02563a129eb,released_modified_libero,300,test,astra-pi05-ood-baseline-20260924-1,af5d3b1dd04426222c35c01ab8cd48d9e12a577e6ccec8adec123a171b190e6c,f3b4f0a830e3a6fbe174ffc7a324a190a06abc2def8d478f36e88cdc0070a1b3,aac4b0de94fbf39d2f7d70d13236cfa2287d226403fb57614c811ea641c5b489,b58154960e74ba86b060819dab34b3549f4565084914d06e92367bf549e4dc14,False
baseline_euler10,libero_spatial_ood:task6:state0,libero_spatial_ood,6,0,7,False,300,17.160784256004263,600,0,0,0,0,0,,9631908702cf67947cc17c362d249ffd2d1d6ddaf2e04761cb1b8059aed1a775,released_modified_libero,300,test,astra-pi05-ood-baseline-20260924-1,af5d3b1dd04426222c35c01ab8cd48d9e12a577e6ccec8adec123a171b190e6c,79cc83305a9f20b3265f8eb53228075402b0d2ecad32160c42104fca96288a71,aac4b0de94fbf39d2f7d70d13236cfa2287d226403fb57614c811ea641c5b489,8db44885465434ba44e553861b64dda02657fbad445db67434b7a3dcd7b1fa8b,False
baseline_euler10,libero_spatial_ood:task6:state1,libero_spatial_ood,6,1,7,False,300,17.123251857003197,600,0,0,0,0,0,,2d0c6fbe39c41d2a0ba5e5a118732ef60417719f48d742bb23a333dbbe6d9ce1,released_modified_libero,300,test,astra-pi05-ood-baseline-20260924-1,af5d3b1dd04426222c35c01ab8cd48d9e12a577e6ccec8adec123a171b190e6c,ccb06a13ac3d5eb715f899dedaded059f1c89e11c3d18a8c1692b058dbbfe063,aac4b0de94fbf39d2f7d70d13236cfa2287d226403fb57614c811ea641c5b489,bbb1c69871eecff3c7cf4bb41c10836720fcffc98c1d62ba9bea5ee47b864390,False
baseline_euler10,libero_spatial_ood:task6:state2,libero_spatial_ood,6,2,7,False,300,16.472412752977107,600,0,0,0,0,0,,e009e4bb8c37edc4a6fa67e039434d4a92b514b6fa5d6b4eb3ee0c42c895abf5,released_modified_libero,300,test,astra-pi05-ood-baseline-20260924-1,af5d3b1dd04426222c35c01ab8cd48d9e12a577e6ccec8adec123a171b190e6c,91487ac0b3cb69c1f84e77d0d5adf68db2ff86e04ea3edc72ebf44708036012e,aac4b0de94fbf39d2f7d70d13236cfa2287d226403fb57614c811ea641c5b489,d2d83639dc476c98ee278ecc1053829f5af293dd389523df91e275f01cb59431,False
baseline_euler10,libero_spatial_ood:task6:state3,libero_spatial_ood,6,3,7,False,300,16.779885352996644,600,0,0,0,0,0,,2ac2982feb75b9490316990fdcdea695204b4876f6890f97d793074ede967fb6,released_modified_libero,300,test,astra-pi05-ood-baseline-20260924-1,af5d3b1dd04426222c35c01ab8cd48d9e12a577e6ccec8adec123a171b190e6c,45bd58e6bb22d8ab1792c9e02d5a449ecde5e70d3caf07eb24a651847e68838b,aac4b0de94fbf39d2f7d70d13236cfa2287d226403fb57614c811ea641c5b489,94febe56b887563c816fe0b781804b810f82a49e94544d4518cfb544e00a5ca2,False
baseline_euler10,libero_spatial_ood:task6:state4,libero_spatial_ood,6,4,7,False,300,17.07383716397453,600,0,0,0,0,0,,1971ba8551f7bda8e71131e88a335ded1ce032ef16ceb6dea4f0c42a705d3420,released_modified_libero,300,test,astra-pi05-ood-baseline-20260924-1,af5d3b1dd04426222c35c01ab8cd48d9e12a577e6ccec8adec123a171b190e6c,862f2a7dee24f626d8d0adfd38606319d49b3a9bf2ede7d907b97e75613e4294,aac4b0de94fbf39d2f7d70d13236cfa2287d226403fb57614c811ea641c5b489,7377342da6513e1794c0a3d24ce002e999423ed02c0602cfb5bdbd10adc42ed3,False
baseline_euler10,libero_spatial_ood:task6:state5,libero_spatial_ood,6,5,7,False,300,17.280845056986436,600,0,0,0,0,0,,7a69386f85bcd8ee9bde345e8cdce133f92b7fe344c425c82762c807a0fcab64,released_modified_libero,300,test,astra-pi05-ood-baseline-20260924-1,af5d3b1dd04426222c35c01ab8cd48d9e12a577e6ccec8adec123a171b190e6c,56b9525e8dd3bc006cdaa6f96830d38da5158a9f0f772cdc45b329bc69a4a74b,aac4b0de94fbf39d2f7d70d13236cfa2287d226403fb57614c811ea641c5b489,1159329a20845d79660005c869d2ec661810a8431f52c9ec5b488e5caa6104b6,False
baseline_euler10,libero_spatial_ood:task6:state6,libero_spatial_ood,6,6,7,False,300,16.55088881199481,600,0,0,0,0,0,,46fa048b108b573586df1ad23690d33516b9159fd03a69c660f4edf432de8f65,released_modified_libero,300,test,astra-pi05-ood-baseline-20260924-1,af5d3b1dd04426222c35c01ab8cd48d9e12a577e6ccec8adec123a171b190e6c,0bc0571a1cd3256a0ceb34390b60f1b2cc580ffb11df68c30ffc89e2c843cef0,aac4b0de94fbf39d2f7d70d13236cfa2287d226403fb57614c811ea641c5b489,a91987ee6806f7b0d81399a139297d05b4881186b48de816e074a063c64486f6,False
baseline_euler10,libero_spatial_ood:task6:state7,libero_spatial_ood,6,7,7,False,300,16.77438948903,600,0,0,0,0,0,,0127648a698f54937fd88e350037e04eb135a7329073ed1fd9012f8896f11660,released_modified_libero,300,test,astra-pi05-ood-baseline-20260924-1,af5d3b1dd04426222c35c01ab8cd48d9e12a577e6ccec8adec123a171b190e6c,aad24a116efa5c4401dedc56a58d1e90123b93aedfcdc8e9c79cba64e1e4cbb1,aac4b0de94fbf39d2f7d70d13236cfa2287d226403fb57614c811ea641c5b489,879d7114db3ef0088e190ee819e57f72e2ec93ddbfefbd9bd3e1889137795634,False
baseline_euler10,libero_spatial_ood:task6:state8,libero_spatial_ood,6,8,7,False,300,17.122180802980438,600,0,0,0,0,0,,fd80c56cb5c0f8fc96a0dcdc5988289735da894579e7e20ab09383337419eff1,released_modified_libero,300,test,astra-pi05-ood-baseline-20260924-1,af5d3b1dd04426222c35c01ab8cd48d9e12a577e6ccec8adec123a171b190e6c,657057db8f4ab3c66ab089488d72edff1176d5c0b453d6001c87cb091153234e,aac4b0de94fbf39d2f7d70d13236cfa2287d226403fb57614c811ea641c5b489,5b797e18d7d13978144fc64c77a520f641c24daee83d06f2d709e6f46f111d55,False
baseline_euler10,libero_spatial_ood:task6:state9,libero_spatial_ood,6,9,7,False,300,17.04626297595678,600,0,0,0,0,0,,c7963e4ed6dfefc079110a8576d0263386b7624f41b1f2c234f5e328a7eac675,released_modified_libero,300,test,astra-pi05-ood-baseline-20260924-1,af5d3b1dd04426222c35c01ab8cd48d9e12a577e6ccec8adec123a171b190e6c,ec227aa752a83ebe209cd2e956763bdc651b6ffc028193517f55e70b06f6b8be,aac4b0de94fbf39d2f7d70d13236cfa2287d226403fb57614c811ea641c5b489,7ff1cb14d9f6a72e6b1b69db5fe94b6d0b3c7ea52a11d3034827996205814332,False
baseline_euler10,libero_spatial_ood:task7:state0,libero_spatial_ood,7,0,7,False,300,16.560864029976074,600,0,0,0,0,0,,9631908702cf67947cc17c362d249ffd2d1d6ddaf2e04761cb1b8059aed1a775,released_modified_libero,300,test,astra-pi05-ood-baseline-20260924-1,af5d3b1dd04426222c35c01ab8cd48d9e12a577e6ccec8adec123a171b190e6c,8df5c481c0a768e4ed7e2e76e18d37b2b916a5ea376a3aefd17e5bd0acc5ba20,aac4b0de94fbf39d2f7d70d13236cfa2287d226403fb57614c811ea641c5b489,8db44885465434ba44e553861b64dda02657fbad445db67434b7a3dcd7b1fa8b,False
baseline_euler10,libero_spatial_ood:task7:state1,libero_spatial_ood,7,1,7,False,300,16.82208824000554,600,0,0,0,0,0,,2d0c6fbe39c41d2a0ba5e5a118732ef60417719f48d742bb23a333dbbe6d9ce1,released_modified_libero,300,test,astra-pi05-ood-baseline-20260924-1,af5d3b1dd04426222c35c01ab8cd48d9e12a577e6ccec8adec123a171b190e6c,343e51ef7d699cd2a5a16f488b995f003f985148f68382dfac7854151fdecf6e,aac4b0de94fbf39d2f7d70d13236cfa2287d226403fb57614c811ea641c5b489,bbb1c69871eecff3c7cf4bb41c10836720fcffc98c1d62ba9bea5ee47b864390,False
baseline_euler10,libero_spatial_ood:task7:state2,libero_spatial_ood,7,2,7,False,300,16.857218160002958,600,0,0,0,0,0,,e009e4bb8c37edc4a6fa67e039434d4a92b514b6fa5d6b4eb3ee0c42c895abf5,released_modified_libero,300,test,astra-pi05-ood-baseline-20260924-1,af5d3b1dd04426222c35c01ab8cd48d9e12a577e6ccec8adec123a171b190e6c,9ed3a7c9b252c7e0d2e2bc8e5766df765d4d3e70cf90fc4b5feb041a7f7f3ab6,aac4b0de94fbf39d2f7d70d13236cfa2287d226403fb57614c811ea641c5b489,d2d83639dc476c98ee278ecc1053829f5af293dd389523df91e275f01cb59431,False
baseline_euler10,libero_spatial_ood:task7:state3,libero_spatial_ood,7,3,7,False,300,17.111700237961486,600,0,0,0,0,0,,2ac2982feb75b9490316990fdcdea695204b4876f6890f97d793074ede967fb6,released_modified_libero,300,test,astra-pi05-ood-baseline-20260924-1,af5d3b1dd04426222c35c01ab8cd48d9e12a577e6ccec8adec123a171b190e6c,a7024f9b9b0097b537861d44394fd5c23e015258e7818352f542c71204940ba0,aac4b0de94fbf39d2f7d70d13236cfa2287d226403fb57614c811ea641c5b489,94febe56b887563c816fe0b781804b810f82a49e94544d4518cfb544e00a5ca2,False
baseline_euler10,libero_spatial_ood:task7:state4,libero_spatial_ood,7,4,7,False,300,16.5604149660212,600,0,0,0,0,0,,1971ba8551f7bda8e71131e88a335ded1ce032ef16ceb6dea4f0c42a705d3420,released_modified_libero,300,test,astra-pi05-ood-baseline-20260924-1,af5d3b1dd04426222c35c01ab8cd48d9e12a577e6ccec8adec123a171b190e6c,cec8831f60f2cef5cb20af68c1e04d87d31a824019e2c3eb9bf2be8d2df96a4f,aac4b0de94fbf39d2f7d70d13236cfa2287d226403fb57614c811ea641c5b489,7377342da6513e1794c0a3d24ce002e999423ed02c0602cfb5bdbd10adc42ed3,False
baseline_euler10,libero_spatial_ood:task7:state5,libero_spatial_ood,7,5,7,False,300,16.746559798019007,600,0,0,0,0,0,,7a69386f85bcd8ee9bde345e8cdce133f92b7fe344c425c82762c807a0fcab64,released_modified_libero,300,test,astra-pi05-ood-baseline-20260924-1,af5d3b1dd04426222c35c01ab8cd48d9e12a577e6ccec8adec123a171b190e6c,2567c73dbb1c2511c4fd655b2528a9654adae383bf46bcf17e87a16073d471e9,aac4b0de94fbf39d2f7d70d13236cfa2287d226403fb57614c811ea641c5b489,1159329a20845d79660005c869d2ec661810a8431f52c9ec5b488e5caa6104b6,False
baseline_euler10,libero_spatial_ood:task7:state6,libero_spatial_ood,7,6,7,False,300,16.860956058022566,600,0,0,0,0,0,,46fa048b108b573586df1ad23690d33516b9159fd03a69c660f4edf432de8f65,released_modified_libero,300,test,astra-pi05-ood-baseline-20260924-1,af5d3b1dd04426222c35c01ab8cd48d9e12a577e6ccec8adec123a171b190e6c,80e440dbfdbd8459a8d89524584930734391f39fb2d38c2f13462d899ddcfba5,aac4b0de94fbf39d2f7d70d13236cfa2287d226403fb57614c811ea641c5b489,a91987ee6806f7b0d81399a139297d05b4881186b48de816e074a063c64486f6,False
baseline_euler10,libero_spatial_ood:task7:state7,libero_spatial_ood,7,7,7,False,300,16.882247212983202,600,0,0,0,0,0,,0127648a698f54937fd88e350037e04eb135a7329073ed1fd9012f8896f11660,released_modified_libero,300,test,astra-pi05-ood-baseline-20260924-1,af5d3b1dd04426222c35c01ab8cd48d9e12a577e6ccec8adec123a171b190e6c,be93383b39f596e07917e9ecbaf62f7fc79b5cdab0482f0905eba8fbbe412927,aac4b0de94fbf39d2f7d70d13236cfa2287d226403fb57614c811ea641c5b489,879d7114db3ef0088e190ee819e57f72e2ec93ddbfefbd9bd3e1889137795634,False
baseline_euler10,libero_spatial_ood:task7:state8,libero_spatial_ood,7,8,7,False,300,16.814979048038367,600,0,0,0,0,0,,fd80c56cb5c0f8fc96a0dcdc5988289735da894579e7e20ab09383337419eff1,released_modified_libero,300,test,astra-pi05-ood-baseline-20260924-1,af5d3b1dd04426222c35c01ab8cd48d9e12a577e6ccec8adec123a171b190e6c,1b0bf8aa5cacce78e04e5af568c8be439a43ea8c04e999cdf6485b23cf754918,aac4b0de94fbf39d2f7d70d13236cfa2287d226403fb57614c811ea641c5b489,5b797e18d7d13978144fc64c77a520f641c24daee83d06f2d709e6f46f111d55,False
baseline_euler10,libero_spatial_ood:task7:state9,libero_spatial_ood,7,9,7,False,300,16.672437291999813,600,0,0,0,0,0,,c7963e4ed6dfefc079110a8576d0263386b7624f41b1f2c234f5e328a7eac675,released_modified_libero,300,test,astra-pi05-ood-baseline-20260924-1,af5d3b1dd04426222c35c01ab8cd48d9e12a577e6ccec8adec123a171b190e6c,8366680389e5d0d1edd62c13658354ad32f46484754c55f32198f93f26fe1ab0,aac4b0de94fbf39d2f7d70d13236cfa2287d226403fb57614c811ea641c5b489,7ff1cb14d9f6a72e6b1b69db5fe94b6d0b3c7ea52a11d3034827996205814332,False
baseline_euler10,libero_spatial_ood:task8:state0,libero_spatial_ood,8,0,7,True,98,5.821928986988496,200,0,0,0,0,0,,15678d0ed59eccc1d3460ed19ff88d0039e963c8742787e62797f10fa3c98be2,released_modified_libero,300,test,astra-pi05-ood-baseline-20260924-1,af5d3b1dd04426222c35c01ab8cd48d9e12a577e6ccec8adec123a171b190e6c,6ba51f8b4cd6d2242b043cc1fb737103d7f81cc0175b1b85330a254b189a496b,aac4b0de94fbf39d2f7d70d13236cfa2287d226403fb57614c811ea641c5b489,4ea56ac4f15f411c6db1a4a27cd14b6320e2eeb16c980925e7fc57bae5b643a5,False
baseline_euler10,libero_spatial_ood:task8:state1,libero_spatial_ood,8,1,7,False,300,17.218517533969134,600,0,0,0,0,0,,03dcff1d5ef54d9acf5b28766562e32e50ac509682c43737d5447b3228be055e,released_modified_libero,300,test,astra-pi05-ood-baseline-20260924-1,af5d3b1dd04426222c35c01ab8cd48d9e12a577e6ccec8adec123a171b190e6c,365fc484cb3eab8baadba54670689f5d30c863318b7227c43c89ebd23eb06ee1,aac4b0de94fbf39d2f7d70d13236cfa2287d226403fb57614c811ea641c5b489,1daa09a63b2337d32c05b49653aab455880139633496a93c322a092420d18eaa,False
baseline_euler10,libero_spatial_ood:task8:state2,libero_spatial_ood,8,2,7,False,300,16.71815776999574,600,0,0,0,0,0,,75c58f3551dadbdb9286359a87e2d3fc9c8b229c84cbc1d3700fd73f3758e9b7,released_modified_libero,300,test,astra-pi05-ood-baseline-20260924-1,af5d3b1dd04426222c35c01ab8cd48d9e12a577e6ccec8adec123a171b190e6c,3138801ada7a104b536abc128b75dcab1fd14dcd9dee904964eb716be2aa27ac,aac4b0de94fbf39d2f7d70d13236cfa2287d226403fb57614c811ea641c5b489,4988caedbde53d359d55a8d1eff755eef1e38a15a1f5207915cb2aac0925caec,False
baseline_euler10,libero_spatial_ood:task8:state3,libero_spatial_ood,8,3,7,False,300,16.973835760029033,600,0,0,0,0,0,,59697967cf485b199471d897c7543c92e7596356061d013cec8f7047e19dcae2,released_modified_libero,300,test,astra-pi05-ood-baseline-20260924-1,af5d3b1dd04426222c35c01ab8cd48d9e12a577e6ccec8adec123a171b190e6c,b7253dfb27fe08232089747a92a76becd0216a13f4a4bf4ceb973a553756dc4a,aac4b0de94fbf39d2f7d70d13236cfa2287d226403fb57614c811ea641c5b489,ead3890d434121fe42751763d9f8f44c8a76c1b470437ec44104010858024669,False
baseline_euler10,libero_spatial_ood:task8:state4,libero_spatial_ood,8,4,7,True,103,6.013254901976325,210,0,0,0,0,0,,30c543bc2200a5143cef3e17b409d8c28af9bd49fc1f53ab9a657ed63011dd2f,released_modified_libero,300,test,astra-pi05-ood-baseline-20260924-1,af5d3b1dd04426222c35c01ab8cd48d9e12a577e6ccec8adec123a171b190e6c,55f42f1a0945d4f00d20c318c0b51e189c467602b97570cb53c0ccf6f436418e,aac4b0de94fbf39d2f7d70d13236cfa2287d226403fb57614c811ea641c5b489,a6eed1279c91e1250ffbde19b001c40db4ffbc16149af47113f1b642c3df04eb,False
baseline_euler10,libero_spatial_ood:task8:state5,libero_spatial_ood,8,5,7,False,300,16.969116049003787,600,0,0,0,0,0,,651ad77702a2130f439e35d326e4a69f69e7bd6984b2e434efc701490360c569,released_modified_libero,300,test,astra-pi05-ood-baseline-20260924-1,af5d3b1dd04426222c35c01ab8cd48d9e12a577e6ccec8adec123a171b190e6c,defa8aa75bdd70ca4624d44d2f71edc52db0d65a417a838416dfb85dc1ec122a,aac4b0de94fbf39d2f7d70d13236cfa2287d226403fb57614c811ea641c5b489,fe2fdebf54d89f6fef0e1085b4e6549b727de49e0f4b000aadb5a55d06593216,False
baseline_euler10,libero_spatial_ood:task8:state6,libero_spatial_ood,8,6,7,True,102,5.8101285219891,210,0,0,0,0,0,,44b6f6c395dc422280d1e7e648b7b355989c55c3cce55ba6217b529b576ac200,released_modified_libero,300,test,astra-pi05-ood-baseline-20260924-1,af5d3b1dd04426222c35c01ab8cd48d9e12a577e6ccec8adec123a171b190e6c,2a1de3042c1f5077adbc3b49ed5aeaf70d814d9c582d232fd856e981e49c50c5,aac4b0de94fbf39d2f7d70d13236cfa2287d226403fb57614c811ea641c5b489,511509a99a24241fad3cd421f36087041e336e5c3320eeb061776be15024ea76,False
baseline_euler10,libero_spatial_ood:task8:state7,libero_spatial_ood,8,7,7,False,300,17.090992000012193,600,0,0,0,0,0,,61e73be643290919c50d449596ba131c9afdf969fd7a0f8daf760a9dcc8a2d47,released_modified_libero,300,test,astra-pi05-ood-baseline-20260924-1,af5d3b1dd04426222c35c01ab8cd48d9e12a577e6ccec8adec123a171b190e6c,90a9945c1fbde5c3989c6e7da5c0be8344fbce56bbb12226b229d70dcfd2dfbc,aac4b0de94fbf39d2f7d70d13236cfa2287d226403fb57614c811ea641c5b489,46dc76474b61491cf00d05d390cb229eddc6e7c41cfeff8eaf6c946a15c05998,False
baseline_euler10,libero_spatial_ood:task8:state8,libero_spatial_ood,8,8,7,True,102,6.005369891994633,210,0,0,0,0,0,,73ec3efd90e237378fc292c12a1b188df50402357fc27272c1dc106a31ceb265,released_modified_libero,300,test,astra-pi05-ood-baseline-20260924-1,af5d3b1dd04426222c35c01ab8cd48d9e12a577e6ccec8adec123a171b190e6c,4f9d96d8805b15e61c85cd99bd53569a40e088d36dfe1594df91b0c625089502,aac4b0de94fbf39d2f7d70d13236cfa2287d226403fb57614c811ea641c5b489,e669c1fea754d276b37d8e8dfd6c0071ec495f2f20c565be1d57b95bed716653,False
baseline_euler10,libero_spatial_ood:task8:state9,libero_spatial_ood,8,9,7,False,300,17.221557138953358,600,0,0,0,0,0,,9c423b7ef3a930cef3869fa8fc3778e539cd6233d3c0aa7c4324f6e69957c592,released_modified_libero,300,test,astra-pi05-ood-baseline-20260924-1,af5d3b1dd04426222c35c01ab8cd48d9e12a577e6ccec8adec123a171b190e6c,4e981e2ee2483ed4548f00a53285b09258cb11061bdb29af66a20d8830834651,aac4b0de94fbf39d2f7d70d13236cfa2287d226403fb57614c811ea641c5b489,ce58719a92b49b06c9d466047cb46ca80da60e6a458bc2e36162626edb780174,False
baseline_euler10,libero_spatial_ood:task9:state0,libero_spatial_ood,9,0,7,False,300,17.083913076028693,600,0,0,0,0,0,,15678d0ed59eccc1d3460ed19ff88d0039e963c8742787e62797f10fa3c98be2,released_modified_libero,300,test,astra-pi05-ood-baseline-20260924-1,af5d3b1dd04426222c35c01ab8cd48d9e12a577e6ccec8adec123a171b190e6c,265eb870ee331c6d2d4f241a40cff88ef8c5f62b06da294abe8e43180d582e7e,aac4b0de94fbf39d2f7d70d13236cfa2287d226403fb57614c811ea641c5b489,4ea56ac4f15f411c6db1a4a27cd14b6320e2eeb16c980925e7fc57bae5b643a5,False
baseline_euler10,libero_spatial_ood:task9:state1,libero_spatial_ood,9,1,7,False,300,16.964081790996715,600,0,0,0,0,0,,03dcff1d5ef54d9acf5b28766562e32e50ac509682c43737d5447b3228be055e,released_modified_libero,300,test,astra-pi05-ood-baseline-20260924-1,af5d3b1dd04426222c35c01ab8cd48d9e12a577e6ccec8adec123a171b190e6c,66294c8f5d95591d4ef23689adc44ca49b2761dc2d50a5b84f2f12e25d74e61d,aac4b0de94fbf39d2f7d70d13236cfa2287d226403fb57614c811ea641c5b489,1daa09a63b2337d32c05b49653aab455880139633496a93c322a092420d18eaa,False
baseline_euler10,libero_spatial_ood:task9:state2,libero_spatial_ood,9,2,7,True,107,6.175308643956669,220,0,0,0,0,0,,75c58f3551dadbdb9286359a87e2d3fc9c8b229c84cbc1d3700fd73f3758e9b7,released_modified_libero,300,test,astra-pi05-ood-baseline-20260924-1,af5d3b1dd04426222c35c01ab8cd48d9e12a577e6ccec8adec123a171b190e6c,0ef6c22812fd154bc11dcc195daba9912adf2ec25d76acea353aaca28bae89c2,aac4b0de94fbf39d2f7d70d13236cfa2287d226403fb57614c811ea641c5b489,4988caedbde53d359d55a8d1eff755eef1e38a15a1f5207915cb2aac0925caec,False
baseline_euler10,libero_spatial_ood:task9:state3,libero_spatial_ood,9,3,7,False,300,17.350312841008417,600,0,0,0,0,0,,59697967cf485b199471d897c7543c92e7596356061d013cec8f7047e19dcae2,released_modified_libero,300,test,astra-pi05-ood-baseline-20260924-1,af5d3b1dd04426222c35c01ab8cd48d9e12a577e6ccec8adec123a171b190e6c,836ccae101ad7f7c8ca07ad9f963e0aaf37b9e1670dab411d6ad5bc8e2a3821f,aac4b0de94fbf39d2f7d70d13236cfa2287d226403fb57614c811ea641c5b489,ead3890d434121fe42751763d9f8f44c8a76c1b470437ec44104010858024669,False
baseline_euler10,libero_spatial_ood:task9:state4,libero_spatial_ood,9,4,7,False,300,16.535945807991084,600,0,0,0,0,0,,30c543bc2200a5143cef3e17b409d8c28af9bd49fc1f53ab9a657ed63011dd2f,released_modified_libero,300,test,astra-pi05-ood-baseline-20260924-1,af5d3b1dd04426222c35c01ab8cd48d9e12a577e6ccec8adec123a171b190e6c,91146674e267402dcd840f52f1dc64d5583a715ca064d00c6e070504faa27c28,aac4b0de94fbf39d2f7d70d13236cfa2287d226403fb57614c811ea641c5b489,a6eed1279c91e1250ffbde19b001c40db4ffbc16149af47113f1b642c3df04eb,False
baseline_euler10,libero_spatial_ood:task9:state5,libero_spatial_ood,9,5,7,False,300,16.59632051299559,600,0,0,0,0,0,,651ad77702a2130f439e35d326e4a69f69e7bd6984b2e434efc701490360c569,released_modified_libero,300,test,astra-pi05-ood-baseline-20260924-1,af5d3b1dd04426222c35c01ab8cd48d9e12a577e6ccec8adec123a171b190e6c,c1e78349c35668f4105209b6d5421662822ec3de31a717f72dd6c1bc743406e3,aac4b0de94fbf39d2f7d70d13236cfa2287d226403fb57614c811ea641c5b489,fe2fdebf54d89f6fef0e1085b4e6549b727de49e0f4b000aadb5a55d06593216,False
baseline_euler10,libero_spatial_ood:task9:state6,libero_spatial_ood,9,6,7,False,300,17.203823779011145,600,0,0,0,0,0,,44b6f6c395dc422280d1e7e648b7b355989c55c3cce55ba6217b529b576ac200,released_modified_libero,300,test,astra-pi05-ood-baseline-20260924-1,af5d3b1dd04426222c35c01ab8cd48d9e12a577e6ccec8adec123a171b190e6c,328559052cc6c2d848108aaeed2b7bf762a0f80d38fd3a4eb313f628a91464d1,aac4b0de94fbf39d2f7d70d13236cfa2287d226403fb57614c811ea641c5b489,511509a99a24241fad3cd421f36087041e336e5c3320eeb061776be15024ea76,False
baseline_euler10,libero_spatial_ood:task9:state7,libero_spatial_ood,9,7,7,False,300,17.319391167955473,600,0,0,0,0,0,,61e73be643290919c50d449596ba131c9afdf969fd7a0f8daf760a9dcc8a2d47,released_modified_libero,300,test,astra-pi05-ood-baseline-20260924-1,af5d3b1dd04426222c35c01ab8cd48d9e12a577e6ccec8adec123a171b190e6c,b56538ac3e60eb22bebe5c2f990dd586b5e426e459303437e41fd7a313729cd1,aac4b0de94fbf39d2f7d70d13236cfa2287d226403fb57614c811ea641c5b489,46dc76474b61491cf00d05d390cb229eddc6e7c41cfeff8eaf6c946a15c05998,False
baseline_euler10,libero_spatial_ood:task9:state8,libero_spatial_ood,9,8,7,False,300,16.5205173100112,600,0,0,0,0,0,,73ec3efd90e237378fc292c12a1b188df50402357fc27272c1dc106a31ceb265,released_modified_libero,300,test,astra-pi05-ood-baseline-20260924-1,af5d3b1dd04426222c35c01ab8cd48d9e12a577e6ccec8adec123a171b190e6c,35b16e39531cbc7da5c932d630065304113bf6d97831544587dd0d27802176b7,aac4b0de94fbf39d2f7d70d13236cfa2287d226403fb57614c811ea641c5b489,e669c1fea754d276b37d8e8dfd6c0071ec495f2f20c565be1d57b95bed716653,False
baseline_euler10,libero_spatial_ood:task9:state9,libero_spatial_ood,9,9,7,False,300,16.859282968973275,600,0,0,0,0,0,,9c423b7ef3a930cef3869fa8fc3778e539cd6233d3c0aa7c4324f6e69957c592,released_modified_libero,300,test,astra-pi05-ood-baseline-20260924-1,af5d3b1dd04426222c35c01ab8cd48d9e12a577e6ccec8adec123a171b190e6c,ee9113e0ac3edeb55a16a2915ab214b2ebbf871ba8928f15fef5ecceda594915,aac4b0de94fbf39d2f7d70d13236cfa2287d226403fb57614c811ea641c5b489,ce58719a92b49b06c9d466047cb46ca80da60e6a458bc2e36162626edb780174,False
matched_fresh_noise,libero_goal_ood:task0:state0,libero_goal_ood,0,0,7,False,300,284.6929122049987,24000,0,0,0,0,0,,773f08d7590969699c6094221327a8665249ca64ccb56ace8312cd4e5232f221,released_modified_libero,300,test,astra-pi05-ood-steering-20260924-1,d749f537625b8f5dcc93d50e9eb59f019c1c1f40585d20dc40ef1fe0ed21f6a5,eca24814f450ead2ea957e061004a6946ea717059fb4632c7749b606880a13f9,f9b51a9929093f8f50f6e4106ff0da562f66c287b8583c569d719fc7b8ffad5f,87cc7943d6d92d986061707c276d2e7a8f4fafd95a5bcc6a5e2d03ffd0b1e130,False
matched_fresh_noise,libero_goal_ood:task0:state1,libero_goal_ood,0,1,7,False,300,278.9700350310013,24000,0,0,0,0,0,,69218d2d2a2c235ad3eb9cdd5cfa8b2f3f8be157c3070868b00a0425eea8e7c6,released_modified_libero,300,test,astra-pi05-ood-steering-20260924-1,d749f537625b8f5dcc93d50e9eb59f019c1c1f40585d20dc40ef1fe0ed21f6a5,ed66675677ee146ff6a842709c3feefe0e546ae12e5349611733cc760a279784,f9b51a9929093f8f50f6e4106ff0da562f66c287b8583c569d719fc7b8ffad5f,d0caff58198486de7859d2287ba6a300f2c4aad52623e910a316b1ce4629a1fb,False
matched_fresh_noise,libero_goal_ood:task0:state2,libero_goal_ood,0,2,7,True,262,251.57412626799487,21200,0,0,0,0,0,,c3ec1ed72036d84e05d2614c8db3dd2acc1e2e75045dfca05554ab28e677c37b,released_modified_libero,300,test,astra-pi05-ood-steering-20260924-1,d749f537625b8f5dcc93d50e9eb59f019c1c1f40585d20dc40ef1fe0ed21f6a5,fc6470120c2db6ae350bb2f5349cc72896ca50226e58eb7cd7c76ffd8439efd9,f9b51a9929093f8f50f6e4106ff0da562f66c287b8583c569d719fc7b8ffad5f,f77f8701c11585809fef7f9d94b487a4f7367986aa7ff8bd13807f9f4fb0b83f,False
matched_fresh_noise,libero_goal_ood:task0:state3,libero_goal_ood,0,3,7,False,300,282.8334236399969,24000,0,0,0,0,0,,22a7a9d5d51f9c7c69ec2dfe29b15376e11ceb2a48922e57cf32d924a2024d8a,released_modified_libero,300,test,astra-pi05-ood-steering-20260924-1,d749f537625b8f5dcc93d50e9eb59f019c1c1f40585d20dc40ef1fe0ed21f6a5,b3682e8bcd0ad8aa24b72357346f42cad8b7a3a4dacf6f6b9a90a2f806536cca,f9b51a9929093f8f50f6e4106ff0da562f66c287b8583c569d719fc7b8ffad5f,dc48145ea754d7dc0bbe6667a69e5ced9c796d4e06d72ae03d120dcf5f65a138,False
matched_fresh_noise,libero_goal_ood:task0:state4,libero_goal_ood,0,4,7,True,169,163.25330664706416,13600,0,0,0,0,0,,06c0992cf47024abbc39330b456a4fbae6d15d374868af379c9b4ddfdff31d75,released_modified_libero,300,test,astra-pi05-ood-distributed-20260924-1,1c3fade5747fcd519f306cbd4b7366dfdb2295c91df2ed56d5486729394a3571,b7b9202ad3adca6be2793373ee1eace3370253ee46b1f6e98fb1b4f35dc560ab,f9b51a9929093f8f50f6e4106ff0da562f66c287b8583c569d719fc7b8ffad5f,4b5f83a16029fe8737976074fb8cd28c482836062036deea065632d0c35f04b3,False
matched_fresh_noise,libero_goal_ood:task0:state5,libero_goal_ood,0,5,7,False,300,282.1292007500306,24000,0,0,0,0,0,,f3be2bf1676453ead6d4a413585eb2489e54bec1597562f6383ed54bd5b4b924,released_modified_libero,300,test,astra-pi05-ood-distributed-20260924-1,fe0b09dcb4aff0ee4f584d3ee660d0937cbd070b072f8a229de1baf38ddf4258,5c1d160ba6f7a8f76fdbebfc89f989d25afd64bf38ac122e52f77794d9f5bb07,f9b51a9929093f8f50f6e4106ff0da562f66c287b8583c569d719fc7b8ffad5f,f847490c4731bc0caf879d6be84be694ac9f34c811d5b5388548e64e8618f793,False
matched_fresh_noise,libero_goal_ood:task0:state6,libero_goal_ood,0,6,7,False,300,286.44403249700554,24000,0,0,0,0,0,,9f72fd5cb009e3b043bb387c236d4c92ae7410ec1776b7edccf0c75b3a866e1f,released_modified_libero,300,test,astra-pi05-ood-distributed-20260924-1,07fe6767678f1bcb5c0e327a211f0af24cf5f00badb54b12cae4bedbd9c257d4,e24b98b1c28db4bdc16a3f73c18bc3a796808294781df794f68d9282921a62ee,f9b51a9929093f8f50f6e4106ff0da562f66c287b8583c569d719fc7b8ffad5f,8c095aef6c6be65e8dac0390e1793753bedd618a510fd84b4d705cc2a8d52d0c,False
matched_fresh_noise,libero_goal_ood:task0:state7,libero_goal_ood,0,7,7,True,158,148.88166454597376,12800,0,0,0,0,0,,73092b903c0b342755cc2d9edd35a68309c958353622bda2b0914b7de12eaabd,released_modified_libero,300,test,astra-pi05-ood-distributed-20260924-1,ca3ae4d7c2769595410337eb0e732e01dad1d3aef624947f70b70435a249db13,2e716327e8d238d3a94f2eb417c0187747d5db2108ba0a2459fd2b9e1dda0cb9,f9b51a9929093f8f50f6e4106ff0da562f66c287b8583c569d719fc7b8ffad5f,62bc5c61443bde832e8811328ae244ef36505aa5fa22af60cfb2f6b38172def3,False
matched_fresh_noise,libero_goal_ood:task0:state8,libero_goal_ood,0,8,7,False,300,302.28915868792683,24000,0,0,0,0,0,,ed09e92e157d713dae781c699824106ffe9640a27207be3aeb5f1c019b16f97b,released_modified_libero,300,test,astra-pi05-ood-distributed-20260924-2,9c01a734a1ffb8edd736b0c87c170afc78a28a718fa617b7c1ed7bd853fb584a,3b037098aacc8ff1152ef6ba23228bdd4868a382bd1d77b3f76e95c26b4725a7,f9b51a9929093f8f50f6e4106ff0da562f66c287b8583c569d719fc7b8ffad5f,f8d191df3741b798e02da273d179ac24b5413be551107e2a5f0072c248e07add,False
matched_fresh_noise,libero_goal_ood:task0:state9,libero_goal_ood,0,9,7,True,139,135.9127388279885,11200,0,0,0,0,0,,3440d4830880a9d1e63c888e4dd8dcc3107a198fd65c183a2d8221fd3d9e3576,released_modified_libero,300,test,astra-pi05-ood-distributed-20260924-2,09bb2d878ab77525129a560c7c716e671232f9657469167d3662f3d8d04306db,c860f53bf31874922d023660d6a94c42040e26271be563b45e7dbc7714904398,f9b51a9929093f8f50f6e4106ff0da562f66c287b8583c569d719fc7b8ffad5f,71ce7c1b948295e352dadd8009eed36c2071f6b40741dfc0914adcd3567c9d03,False
matched_fresh_noise,libero_goal_ood:task1:state0,libero_goal_ood,1,0,7,True,84,81.63853553798981,6800,0,0,0,0,0,,9f25523998bea7a394dc5ac25921fceab4c4dd3905f0eaab7f2343c8d8987637,released_modified_libero,300,test,astra-pi05-ood-distributed-20260924-2,e60568d1cbe88388e12d275530b6ce09e4bad5fc2d7a02dd5fc6ac31f21d3e81,94004735bb8d1c447eef39772f1a6c95491e94a141a665daae03ce95d10c955d,f9b51a9929093f8f50f6e4106ff0da562f66c287b8583c569d719fc7b8ffad5f,a4bfdc5bd508e1d9cb7908190bf46fb47ca47630efb89499c92be9402ab8a5df,False
matched_fresh_noise,libero_goal_ood:task1:state1,libero_goal_ood,1,1,7,True,75,70.92178461002186,6000,0,0,0,0,0,,437f9ed44fa71250a5ce437ad9244a79da728efbd6d23ef1140bd328f3183bfb,released_modified_libero,300,test,astra-pi05-ood-distributed-20260924-2,0748024c7b6d712c8f82ea9a399c45188b678b07ac1b31bc0f6902a6203484c5,d483a19f0dfde54df245c5160c62cf6a19b3e9c27647cac841f78512d09c986d,f9b51a9929093f8f50f6e4106ff0da562f66c287b8583c569d719fc7b8ffad5f,390fccab78efba60149d4f9aebcc51e1ae7f1eb4e3619be95c2fd71a6eaf9098,False
matched_fresh_noise,libero_goal_ood:task1:state2,libero_goal_ood,1,2,7,True,78,76.88679685001262,6400,0,0,0,0,0,,5c9442bda661901aec14eab647d17e7c4456cfeb4d595d2f7583a99200b5e7ea,released_modified_libero,300,test,astra-pi05-ood-distributed-20260924-3,ed87555495c67ac35b9c94ccf7416050d8cca787c4fda3bab5e787a6c9bce761,f970ad183a4be1818c74265f600737a6f8c04cd88c6046a376f326f5c7cb97e9,f9b51a9929093f8f50f6e4106ff0da562f66c287b8583c569d719fc7b8ffad5f,ad5619f902d3dd40735cc1f72edcfdd9be2be3bde9c9b2e2c217920f41acd95d,False
matched_fresh_noise,libero_goal_ood:task1:state3,libero_goal_ood,1,3,7,False,300,286.1457235100679,24000,0,0,0,0,0,,76163ef09393d252b13d6bff46533f23879076e0d699514be67147480fdd92f0,released_modified_libero,300,test,astra-pi05-ood-distributed-20260924-3,f27059c375a6b7f8493d00ea02c119959f34bf0d6d39aab5218f1d7ab762b503,42e96ba38dcf89141b6c3846b327f6c590a93d3e8e57aa0abe458f35a4310b21,f9b51a9929093f8f50f6e4106ff0da562f66c287b8583c569d719fc7b8ffad5f,eab02019deccb8cf7ee957f960cb3abc180642a236120ec4e45c56adca00c179,False
matched_fresh_noise,libero_goal_ood:task1:state4,libero_goal_ood,1,4,7,True,78,77.43854383705184,6400,0,0,0,0,0,,8d1459a304b71f880b8d8d89f4be62c80bab0fe56a4204cdb6a649ec0b5b5752,released_modified_libero,300,test,astra-pi05-ood-distributed-20260924-3,0147a1fbd5043db67f9d49ca2f04ae99b97bed7ac560839498af3b50472b67bd,23d0c5a896dff67fb1fb79ab79fa0d33efc54a693163b480049ed93ce3c64617,f9b51a9929093f8f50f6e4106ff0da562f66c287b8583c569d719fc7b8ffad5f,68eddd5824cf062a53889df391de10cf5f87c6c404a38507787223c7c325b07d,False
matched_fresh_noise,libero_goal_ood:task1:state5,libero_goal_ood,1,5,7,True,81,80.85130287706852,6800,0,0,0,0,0,,ea7e971dbf8e560ff316f01cde5cce84153d1e3dbf32884969d0bfa5ad3d5544,released_modified_libero,300,test,astra-pi05-ood-distributed-20260924-3,1dea407f57511353b9be773bf18af67ebac4817872c54fac93e4f315c5b8ffba,62e9a89d04a0c33dac3f859ca56c30c2f09a18f882604a03b3ba7cb83e3606ac,f9b51a9929093f8f50f6e4106ff0da562f66c287b8583c569d719fc7b8ffad5f,8e47460590feec83d28080a8f190eee37c582f42b54f28e5a15bf8f424cba6f1,False
matched_fresh_noise,libero_goal_ood:task1:state6,libero_goal_ood,1,6,7,True,83,79.77831468400109,6800,0,0,0,0,0,,80c6f0f6a0c0d708dcdd7489f98cd8eafef3084f121210aaa3cc8496f9df664a,released_modified_libero,300,test,astra-pi05-ood-steering-20260924-1,d749f537625b8f5dcc93d50e9eb59f019c1c1f40585d20dc40ef1fe0ed21f6a5,c6d0c6676ca2b028c822aeed9ec7d09fef5203ae9b4e23ffb859b6263afe769a,f9b51a9929093f8f50f6e4106ff0da562f66c287b8583c569d719fc7b8ffad5f,81b0a094e63b2b068332a6e1bff74edcd2cf69eff3d37f96e01eac7977595613,False
matched_fresh_noise,libero_goal_ood:task1:state7,libero_goal_ood,1,7,7,False,300,276.39686101099505,24000,0,0,0,0,0,,5a4e92f4648fdbc1126c0f5f590108a4dbbeb9e0a07f1ce98b2fa02851209e6a,released_modified_libero,300,test,astra-pi05-ood-steering-20260924-1,d749f537625b8f5dcc93d50e9eb59f019c1c1f40585d20dc40ef1fe0ed21f6a5,26a38e9e9a5e15bb26bf63f4fc9eb586f1dd608962da64eb70dc026514596f6d,f9b51a9929093f8f50f6e4106ff0da562f66c287b8583c569d719fc7b8ffad5f,6327fb4168ddcacd7c590c4b0237d9922ff2467650cde626d7f20a4c5d7f7fd4,False
matched_fresh_noise,libero_goal_ood:task1:state8,libero_goal_ood,1,8,7,True,78,75.0921849860024,6400,0,0,0,0,0,,be1f6cf054284db2a73b0629e894bddb51a9a73176a3729e0f8f8492ada1491e,released_modified_libero,300,test,astra-pi05-ood-steering-20260924-1,d749f537625b8f5dcc93d50e9eb59f019c1c1f40585d20dc40ef1fe0ed21f6a5,779c471b21cb249066b74a61316553dbc3a10b8ac054fda2f8d48da6ffb0c818,f9b51a9929093f8f50f6e4106ff0da562f66c287b8583c569d719fc7b8ffad5f,f8459131fc9aed9dbe871e086296fbde84a668a043dfa07f1cd75a9c8cfc72bb,False
matched_fresh_noise,libero_goal_ood:task1:state9,libero_goal_ood,1,9,7,True,76,74.61455958300212,6400,0,0,0,0,0,,d5f0c4b3c4cd825ab2cb8747628da1c9bbfa070333493d3913a79fa1ae7b43ce,released_modified_libero,300,test,astra-pi05-ood-steering-20260924-1,d749f537625b8f5dcc93d50e9eb59f019c1c1f40585d20dc40ef1fe0ed21f6a5,73b1aa65028a9601d24ae1b7c425954c1c966fac9b11871335bf8ec2e79e1e2a,f9b51a9929093f8f50f6e4106ff0da562f66c287b8583c569d719fc7b8ffad5f,e05d8b5d42425550886ea0bb9a32d0f82af7f16cdbe95d0aaf08128da57580ed,False
matched_fresh_noise,libero_goal_ood:task2:state0,libero_goal_ood,2,0,7,True,269,255.7235626440961,21600,0,0,0,0,0,,77393612048452ae4df4d2b79acc22fe240d1d06bb860dfea8c6855834e50a5c,released_modified_libero,300,test,astra-pi05-ood-distributed-20260924-1,1c3fade5747fcd519f306cbd4b7366dfdb2295c91df2ed56d5486729394a3571,f50de00b9b9dfd5f6e65d2ddcb443e1ccae1696f49b5344a6e6a939678dc5e3a,f9b51a9929093f8f50f6e4106ff0da562f66c287b8583c569d719fc7b8ffad5f,a2fd6530b7b19ba8faa5c024a4032a33cafffe32124254d1904a0a3ff2ed4e2b,False
matched_fresh_noise,libero_goal_ood:task2:state1,libero_goal_ood,2,1,7,False,300,279.0010034618899,24000,0,0,0,0,0,,fcc1d145f28363ce5647361a3b92d92b7ee8cc09908c7e8217888107fde34a10,released_modified_libero,300,test,astra-pi05-ood-distributed-20260924-1,fe0b09dcb4aff0ee4f584d3ee660d0937cbd070b072f8a229de1baf38ddf4258,de7702f952256e50a13c5b157fc5231546b72ba57313ef89fca76b2a74b3a2b8,f9b51a9929093f8f50f6e4106ff0da562f66c287b8583c569d719fc7b8ffad5f,4c24bf6ce76c77657ef7efb6ab55f09bb362c994a41f23d3f6b5dfbf19b6a882,False
matched_fresh_noise,libero_goal_ood:task2:state2,libero_goal_ood,2,2,7,False,300,285.3075855621137,24000,0,0,0,0,0,,d4625546118d3b455ad096903bf66b86f540f14901fb63060f2f824e2496fe09,released_modified_libero,300,test,astra-pi05-ood-distributed-20260924-1,07fe6767678f1bcb5c0e327a211f0af24cf5f00badb54b12cae4bedbd9c257d4,84767b2138373834c70f68eb1f12d22e53a807c08e822463344e2a0b78fcf2d2,f9b51a9929093f8f50f6e4106ff0da562f66c287b8583c569d719fc7b8ffad5f,a688f49f994bf42fa930aeb32a09f9f84c97e829bb83024bbd8ec5fe4fdf40d7,False
matched_fresh_noise,libero_goal_ood:task2:state3,libero_goal_ood,2,3,7,False,300,280.441852533957,24000,0,0,0,0,0,,4f7217d89591eabfe3c91df56e510ae9b300474d2797b6aafc4ba76786469607,released_modified_libero,300,test,astra-pi05-ood-distributed-20260924-1,ca3ae4d7c2769595410337eb0e732e01dad1d3aef624947f70b70435a249db13,1312a98bc5faa86e3e1f847d4f70e3ea5d1c030dffa3779342db5448d08683db,f9b51a9929093f8f50f6e4106ff0da562f66c287b8583c569d719fc7b8ffad5f,bb12b88e97882542d54294034a1fd0e02f4809bb6c957b47c18358410d87486f,False
matched_fresh_noise,libero_goal_ood:task2:state4,libero_goal_ood,2,4,7,False,300,300.81751467403956,24000,0,0,0,0,0,,06455ca154f5059c8b312e1236b1973e00bbb94a72c37323670f208e9674b5e0,released_modified_libero,300,test,astra-pi05-ood-distributed-20260924-2,9c01a734a1ffb8edd736b0c87c170afc78a28a718fa617b7c1ed7bd853fb584a,405690ebcdbce0a8cd5a25fa1fdca222cb1da3747f20e77c9c798df2343ef16b,f9b51a9929093f8f50f6e4106ff0da562f66c287b8583c569d719fc7b8ffad5f,267834cecb6805b7f20d30bf3c5e1129a944c1dc3a10de1d6d2f95a3a4fde0fa,False
matched_fresh_noise,libero_goal_ood:task2:state5,libero_goal_ood,2,5,7,False,300,288.00613132305443,24000,0,0,0,0,0,,bcd669dbb32fa918a44a6f13c04a91fe0b64aa3b50783a14f5b1aeffff06cc96,released_modified_libero,300,test,astra-pi05-ood-distributed-20260924-2,09bb2d878ab77525129a560c7c716e671232f9657469167d3662f3d8d04306db,5e1603ec7dc1ad18140771dd86c48dfea92b021acdc2245d9ed76c249a0b0fe1,f9b51a9929093f8f50f6e4106ff0da562f66c287b8583c569d719fc7b8ffad5f,b1068affb32e473209294cd7c5160826acb9e4f5bc524d89a44b8e49016a47ea,False
matched_fresh_noise,libero_goal_ood:task2:state6,libero_goal_ood,2,6,7,False,300,284.5387654840015,24000,0,0,0,0,0,,2f45cf51ee44ef2b7010028864fa9cd5087f79c6f9a0a76645ca5e756665d3b2,released_modified_libero,300,test,astra-pi05-ood-distributed-20260924-2,e60568d1cbe88388e12d275530b6ce09e4bad5fc2d7a02dd5fc6ac31f21d3e81,8837f1080556a204d311121297b10a12726129dda8f77ba678fdfbd19c3a8b39,f9b51a9929093f8f50f6e4106ff0da562f66c287b8583c569d719fc7b8ffad5f,b1c3ab116ed8d1e68ed0bffdc7747bc9bb80395289ab9cbf2ff142523766a1e5,False
matched_fresh_noise,libero_goal_ood:task2:state7,libero_goal_ood,2,7,7,False,300,307.7672016080469,24000,0,0,0,0,0,,0654d8796456af585e9bbf6c6eb98c47cfc71bc191a673de5bd116d5c1ebeb2f,released_modified_libero,300,test,astra-pi05-ood-distributed-20260924-2,0748024c7b6d712c8f82ea9a399c45188b678b07ac1b31bc0f6902a6203484c5,107ef89518792ffa1ea19172901a5a2010d395af6e08c015f98c05455eac42e4,f9b51a9929093f8f50f6e4106ff0da562f66c287b8583c569d719fc7b8ffad5f,988f6d4cef431e728869d11fd1b736f6fdecc856cfe2b99f05e3e5df01509119,False
matched_fresh_noise,libero_goal_ood:task2:state8,libero_goal_ood,2,8,7,True,85,81.16982505097985,6800,0,0,0,0,0,,a156bdae1f9c5634cad598f4188e514c6f877af2fcd7d44cbeec9625f981ccc9,released_modified_libero,300,test,astra-pi05-ood-distributed-20260924-3,ed87555495c67ac35b9c94ccf7416050d8cca787c4fda3bab5e787a6c9bce761,1163970a8ebf09a65f10c20087c983bfc9235890cdf426d46ae754fae432985f,f9b51a9929093f8f50f6e4106ff0da562f66c287b8583c569d719fc7b8ffad5f,30d8d8a8558ef0c7754654cf3ff3ec619e0b475502dc132ed1334e21a980047d,False
matched_fresh_noise,libero_goal_ood:task2:state9,libero_goal_ood,2,9,7,True,85,81.57679903693497,6800,0,0,0,0,0,,75503f90a11d2c472cfa3d2406f30f6bf20a896da3402188e792ec46a45689a8,released_modified_libero,300,test,astra-pi05-ood-distributed-20260924-3,f27059c375a6b7f8493d00ea02c119959f34bf0d6d39aab5218f1d7ab762b503,75bca709f12c31438e0859912b56783013371df6ce347fbd567cea4a6029e1be,f9b51a9929093f8f50f6e4106ff0da562f66c287b8583c569d719fc7b8ffad5f,ea609e541c4cf08c341881b8c83801626ac5e24903b31dc95fdd0f872b6f8219,False
matched_fresh_noise,libero_goal_ood:task3:state0,libero_goal_ood,3,0,7,False,300,286.1502562898677,24000,0,0,0,0,0,,8b94c09ee8676dda2e3515306779b44562800e6be35b51a0fc794207fb45051e,released_modified_libero,300,test,astra-pi05-ood-distributed-20260924-3,0147a1fbd5043db67f9d49ca2f04ae99b97bed7ac560839498af3b50472b67bd,705cc672c979ebaf238c2fd214a1ee8610daaa5d4a84de12c845b790e6e5277a,f9b51a9929093f8f50f6e4106ff0da562f66c287b8583c569d719fc7b8ffad5f,18b9618bf5bae08e4b6f3e3af6193bb9a9588b203b349c002449352961f7aac0,False
matched_fresh_noise,libero_goal_ood:task3:state1,libero_goal_ood,3,1,7,False,300,285.390690586064,24000,0,0,0,0,0,,b552d41f70be099b80f4d6610ae64b24fa9f2491cb9e28208e6a50c0fd07e5f0,released_modified_libero,300,test,astra-pi05-ood-distributed-20260924-3,1dea407f57511353b9be773bf18af67ebac4817872c54fac93e4f315c5b8ffba,38d91aa12fb74ad57f17366aec351890a6602810bc88e2e22a6e9fd4cecace64,f9b51a9929093f8f50f6e4106ff0da562f66c287b8583c569d719fc7b8ffad5f,1aa44d8c7d15d42c53de342ed7b4d731dad5df911a188734faa1b5e3821f7935,False
matched_fresh_noise,libero_goal_ood:task3:state2,libero_goal_ood,3,2,7,False,300,284.2209784639999,24000,0,0,0,0,0,,dd459f7875ecd467556590e60c7bfba4f8864c07693ff69c07c6fdccecacfa29,released_modified_libero,300,test,astra-pi05-ood-steering-20260924-1,d749f537625b8f5dcc93d50e9eb59f019c1c1f40585d20dc40ef1fe0ed21f6a5,56d7a213590a1c2cc73ebd1f246fb3ea02bb2169a9aa8508d4f88d47745f5712,f9b51a9929093f8f50f6e4106ff0da562f66c287b8583c569d719fc7b8ffad5f,1023a0aed79a29e8ad4886ff80f01aa513f5204fa7ef47f1400dd3a34261684a,False
matched_fresh_noise,libero_goal_ood:task3:state3,libero_goal_ood,3,3,7,False,300,280.0876598210016,24000,0,0,0,0,0,,3a6902ceb0916d29d1b0818fae65bcfa43f6388795a5de90d9d4e2d7de9f23c2,released_modified_libero,300,test,astra-pi05-ood-steering-20260924-1,d749f537625b8f5dcc93d50e9eb59f019c1c1f40585d20dc40ef1fe0ed21f6a5,d052935471a13ac14647bfec1143dba82f5db8ccebfb44a2fd3097d594d441d8,f9b51a9929093f8f50f6e4106ff0da562f66c287b8583c569d719fc7b8ffad5f,9c82bde90424eba540f148274783eb937da09f2cef19adbea4daf23d55d4f7c1,False
matched_fresh_noise,libero_goal_ood:task3:state4,libero_goal_ood,3,4,7,False,300,281.318596608995,24000,0,0,0,0,0,,bb23ed2276c9b90b73fb84b0d36a33413e2b2c4434846451265e9cf7469ff8a2,released_modified_libero,300,test,astra-pi05-ood-steering-20260924-1,d749f537625b8f5dcc93d50e9eb59f019c1c1f40585d20dc40ef1fe0ed21f6a5,790cf1ca183dab17917549daa07874522b0188317b68f4644658ad09ee8e06a0,f9b51a9929093f8f50f6e4106ff0da562f66c287b8583c569d719fc7b8ffad5f,c572b3d564b4fdef62cc467cc697114a4e05dbc61602b8ced1cfd91c5570750c,False
matched_fresh_noise,libero_goal_ood:task3:state5,libero_goal_ood,3,5,7,False,300,278.6358832909973,24000,0,0,0,0,0,,acf0796c8ccd5c44edfe177c1d06b79f2d2cfc09171df0a73a4d6d2580557999,released_modified_libero,300,test,astra-pi05-ood-steering-20260924-1,d749f537625b8f5dcc93d50e9eb59f019c1c1f40585d20dc40ef1fe0ed21f6a5,f09e59db7fc33e7bd17bf9c7e195a6d281ea1fe6342b0bcd1401487c1d747b71,f9b51a9929093f8f50f6e4106ff0da562f66c287b8583c569d719fc7b8ffad5f,5b2e67add082e34dc34c7384f4aaddeb4298751482b48805f4f59c5656d91914,False
matched_fresh_noise,libero_goal_ood:task3:state6,libero_goal_ood,3,6,7,False,300,285.36769974580966,24000,0,0,0,0,0,,375201c70c4017ad934fdcb2a72eab620b062e6713778f166716cef164eabd16,released_modified_libero,300,test,astra-pi05-ood-distributed-20260924-1,1c3fade5747fcd519f306cbd4b7366dfdb2295c91df2ed56d5486729394a3571,58876cfd28a06b303c03d807b5e81d03185e6ed72061e4822de040d7462b2c52,f9b51a9929093f8f50f6e4106ff0da562f66c287b8583c569d719fc7b8ffad5f,4438c202c2798eb1641d2888e602479cf504c208cf381ac9bce6e67456cc9ae3,False
matched_fresh_noise,libero_goal_ood:task3:state7,libero_goal_ood,3,7,7,False,300,281.6218096141238,24000,0,0,0,0,0,,9b6cc70cf7230e261f27d828ee38f6f1d13ef72e86685bd1cc1f04e682add160,released_modified_libero,300,test,astra-pi05-ood-distributed-20260924-1,fe0b09dcb4aff0ee4f584d3ee660d0937cbd070b072f8a229de1baf38ddf4258,78dbf297ad3494578e8644860bd64a961c4202da3241baf9913f95e15e11c656,f9b51a9929093f8f50f6e4106ff0da562f66c287b8583c569d719fc7b8ffad5f,f0853630c9308abe94a8521d7ef6412896e8053b5036b3fe4a106ab60d38976e,False
matched_fresh_noise,libero_goal_ood:task3:state8,libero_goal_ood,3,8,7,False,300,287.58171913493425,24000,0,0,0,0,0,,ec8cade64b7f56636113a23c25301a39a2ea97017c69c33a91b7360bf4350f60,released_modified_libero,300,test,astra-pi05-ood-distributed-20260924-1,07fe6767678f1bcb5c0e327a211f0af24cf5f00badb54b12cae4bedbd9c257d4,e71efd648aa254014d7c437c84cf4d9f6f9ec45aa56f7ea664bc7b568743d725,f9b51a9929093f8f50f6e4106ff0da562f66c287b8583c569d719fc7b8ffad5f,420d66204cd89c74fdfeaeefc72556657801daff529a5caa0c9f7251bf4a2795,False
matched_fresh_noise,libero_goal_ood:task3:state9,libero_goal_ood,3,9,7,False,300,279.238574008923,24000,0,0,0,0,0,,65128381070737f5d61f63efdf0c0aa70f441cf0f2f568c7fb18e9473062bf74,released_modified_libero,300,test,astra-pi05-ood-distributed-20260924-1,ca3ae4d7c2769595410337eb0e732e01dad1d3aef624947f70b70435a249db13,9183b2067b66c968ae40ed0625e47304a802458c1fdc6e2e38be94021e7757ef,f9b51a9929093f8f50f6e4106ff0da562f66c287b8583c569d719fc7b8ffad5f,9e58643227b3f3812761b18ba6331802728b931e972f7037e63dd2a4fd89905b,False
matched_fresh_noise,libero_goal_ood:task4:state0,libero_goal_ood,4,0,7,True,82,86.12104226788506,6800,0,0,0,0,0,,dc6532a1ae5cb7b404f1877193f60c27889b1ed2587b17c52b699236c000119e,released_modified_libero,300,test,astra-pi05-ood-distributed-20260924-2,9c01a734a1ffb8edd736b0c87c170afc78a28a718fa617b7c1ed7bd853fb584a,67d5edf86aba504d1433841fe5e9f80a577d2457401052cfc7590a7dfff0ee9d,f9b51a9929093f8f50f6e4106ff0da562f66c287b8583c569d719fc7b8ffad5f,18b9618bf5bae08e4b6f3e3af6193bb9a9588b203b349c002449352961f7aac0,False
matched_fresh_noise,libero_goal_ood:task4:state1,libero_goal_ood,4,1,7,True,75,72.81415838585235,6000,0,0,0,0,0,,9b7f9a52b3dd2e147376938aca67c519c8366d5faf916d8a9986e58d1f5bab4d,released_modified_libero,300,test,astra-pi05-ood-distributed-20260924-2,09bb2d878ab77525129a560c7c716e671232f9657469167d3662f3d8d04306db,532f60f1af27e11de260124ee11a5c0280be90d8f3997fc61e178a5de8f0aa83,f9b51a9929093f8f50f6e4106ff0da562f66c287b8583c569d719fc7b8ffad5f,1aa44d8c7d15d42c53de342ed7b4d731dad5df911a188734faa1b5e3821f7935,False
matched_fresh_noise,libero_goal_ood:task4:state2,libero_goal_ood,4,2,7,True,85,81.08584092301317,6800,0,0,0,0,0,,3114ffe11317deee77fc55bbff95b3767d22b0c6e83f91105cd61e4ffe68cb40,released_modified_libero,300,test,astra-pi05-ood-distributed-20260924-2,e60568d1cbe88388e12d275530b6ce09e4bad5fc2d7a02dd5fc6ac31f21d3e81,13480820ea56d2b7bda4a34d264b7cc1f4015c29d9337148135a7dcdd79f74a5,f9b51a9929093f8f50f6e4106ff0da562f66c287b8583c569d719fc7b8ffad5f,1023a0aed79a29e8ad4886ff80f01aa513f5204fa7ef47f1400dd3a34261684a,False
matched_fresh_noise,libero_goal_ood:task4:state3,libero_goal_ood,4,3,7,True,83,87.46990655409172,6800,0,0,0,0,0,,1e3d420abe08c26e4af316c0d774d3cd14b7b0bb64575c59cc19cdf59b80d215,released_modified_libero,300,test,astra-pi05-ood-distributed-20260924-2,0748024c7b6d712c8f82ea9a399c45188b678b07ac1b31bc0f6902a6203484c5,e3463ca494f9264fc60a4a3d992f98c7dc3e000125155290d24a4a8d2d9bef98,f9b51a9929093f8f50f6e4106ff0da562f66c287b8583c569d719fc7b8ffad5f,9c82bde90424eba540f148274783eb937da09f2cef19adbea4daf23d55d4f7c1,False
matched_fresh_noise,libero_goal_ood:task4:state4,libero_goal_ood,4,4,7,True,76,76.75661266595125,6400,0,0,0,0,0,,0e5dc4e0b0aa111fc84e10064eb2731514be348223448d192b3f680b0a2136f1,released_modified_libero,300,test,astra-pi05-ood-distributed-20260924-3,ed87555495c67ac35b9c94ccf7416050d8cca787c4fda3bab5e787a6c9bce761,684795f95d8896a4e99f5148ca179216acc47ec7e58a19fd0c814200ad195f32,f9b51a9929093f8f50f6e4106ff0da562f66c287b8583c569d719fc7b8ffad5f,c572b3d564b4fdef62cc467cc697114a4e05dbc61602b8ced1cfd91c5570750c,False
matched_fresh_noise,libero_goal_ood:task4:state5,libero_goal_ood,4,5,7,True,106,104.95696334401146,8800,0,0,0,0,0,,bfd2a6c4f67ce45fb037750d14b1344d405463eed15dc29359e214e90a6ec566,released_modified_libero,300,test,astra-pi05-ood-distributed-20260924-3,f27059c375a6b7f8493d00ea02c119959f34bf0d6d39aab5218f1d7ab762b503,65713de526ca3f69ef81d16522cc9d6f1fd516eef88ad5f156096c18527ac004,f9b51a9929093f8f50f6e4106ff0da562f66c287b8583c569d719fc7b8ffad5f,5b2e67add082e34dc34c7384f4aaddeb4298751482b48805f4f59c5656d91914,False
matched_fresh_noise,libero_goal_ood:task4:state6,libero_goal_ood,4,6,7,True,88,85.66938242409378,7200,0,0,0,0,0,,13cf58dffea9167a19e74f0ddcd81ac91abcf494c4604bd66d13cd22bd56724a,released_modified_libero,300,test,astra-pi05-ood-distributed-20260924-3,0147a1fbd5043db67f9d49ca2f04ae99b97bed7ac560839498af3b50472b67bd,a41a29d217080c51dc07b7ead32f421b92c73b131758c5d4ea85cb64d0f67940,f9b51a9929093f8f50f6e4106ff0da562f66c287b8583c569d719fc7b8ffad5f,4438c202c2798eb1641d2888e602479cf504c208cf381ac9bce6e67456cc9ae3,False
matched_fresh_noise,libero_goal_ood:task4:state7,libero_goal_ood,4,7,7,True,77,76.29930193000473,6400,0,0,0,0,0,,140008524eb44946a9f4adc559ea6515dc07d5d693da25184cfd284e51adec5b,released_modified_libero,300,test,astra-pi05-ood-distributed-20260924-3,1dea407f57511353b9be773bf18af67ebac4817872c54fac93e4f315c5b8ffba,42c7d1397d9615dbb6633ed4171fa71e4c71f879801e666e9811397fad66441d,f9b51a9929093f8f50f6e4106ff0da562f66c287b8583c569d719fc7b8ffad5f,f0853630c9308abe94a8521d7ef6412896e8053b5036b3fe4a106ab60d38976e,False
matched_fresh_noise,libero_goal_ood:task4:state8,libero_goal_ood,4,8,7,True,80,75.63232739199884,6400,0,0,0,0,0,,e07c82f0bf4a230c7484bac713960d7f1d74340e26d2b75bdfa26cd2237a8afa,released_modified_libero,300,test,astra-pi05-ood-steering-20260924-1,d749f537625b8f5dcc93d50e9eb59f019c1c1f40585d20dc40ef1fe0ed21f6a5,69ed758aa67415c487b941927170411edeec87d156786fba4d0f169b2b76d23e,f9b51a9929093f8f50f6e4106ff0da562f66c287b8583c569d719fc7b8ffad5f,420d66204cd89c74fdfeaeefc72556657801daff529a5caa0c9f7251bf4a2795,False
matched_fresh_noise,libero_goal_ood:task4:state9,libero_goal_ood,4,9,7,True,79,74.14160464100132,6400,0,0,0,0,0,,6935fb2f88af214caadf6165cdce62b7cd5ec7301c4fdcad8096725dca0e8fd2,released_modified_libero,300,test,astra-pi05-ood-steering-20260924-1,d749f537625b8f5dcc93d50e9eb59f019c1c1f40585d20dc40ef1fe0ed21f6a5,82d9b8eaafc8e1746bdd54111b1c223a8c7454f2ebb28b58d0e5896d1053ad02,f9b51a9929093f8f50f6e4106ff0da562f66c287b8583c569d719fc7b8ffad5f,9e58643227b3f3812761b18ba6331802728b931e972f7037e63dd2a4fd89905b,False
matched_fresh_noise,libero_goal_ood:task5:state0,libero_goal_ood,5,0,7,True,110,103.36600984899997,8800,0,0,0,0,0,,11bf8483ac2410cc177a35822f322631d260c952cd74a777199e4f4f937b88bd,released_modified_libero,300,test,astra-pi05-ood-steering-20260924-1,d749f537625b8f5dcc93d50e9eb59f019c1c1f40585d20dc40ef1fe0ed21f6a5,9e87683b8fd7c199920fd263f3cb72353dffaa9cb4f7c44fcee45f7f5c7c1b5f,f9b51a9929093f8f50f6e4106ff0da562f66c287b8583c569d719fc7b8ffad5f,18b9618bf5bae08e4b6f3e3af6193bb9a9588b203b349c002449352961f7aac0,False
matched_fresh_noise,libero_goal_ood:task5:state1,libero_goal_ood,5,1,7,True,105,97.61675961099536,8400,0,0,0,0,0,,5c933bf49e1fa1c98a901e4084c3e3f105207df5c656f7e7a121b08ea09fe61e,released_modified_libero,300,test,astra-pi05-ood-steering-20260924-1,d749f537625b8f5dcc93d50e9eb59f019c1c1f40585d20dc40ef1fe0ed21f6a5,ced83d111abf3849e58bf6b7fba880104986fe98bac1c40eb8be677eaecb589a,f9b51a9929093f8f50f6e4106ff0da562f66c287b8583c569d719fc7b8ffad5f,1aa44d8c7d15d42c53de342ed7b4d731dad5df911a188734faa1b5e3821f7935,False
matched_fresh_noise,libero_goal_ood:task5:state2,libero_goal_ood,5,2,7,True,101,99.88708287500776,8400,0,0,0,0,0,,b3cdb0ad916fd23d5f42ab9bdaaded49cc2c7ad804d2cbc193093273bd6c1bed,released_modified_libero,300,test,astra-pi05-ood-distributed-20260924-1,1c3fade5747fcd519f306cbd4b7366dfdb2295c91df2ed56d5486729394a3571,5e88c0389d14aea4a7f117b8055fe9e27127a40c22d637d0a471223904c3651a,f9b51a9929093f8f50f6e4106ff0da562f66c287b8583c569d719fc7b8ffad5f,1023a0aed79a29e8ad4886ff80f01aa513f5204fa7ef47f1400dd3a34261684a,False
matched_fresh_noise,libero_goal_ood:task5:state3,libero_goal_ood,5,3,7,True,112,108.23221038398333,9200,0,0,0,0,0,,480b662f670a2e74900a0aa7c299c5f94e2db5f5609cc7e7a438eb1b1c8114f9,released_modified_libero,300,test,astra-pi05-ood-distributed-20260924-1,fe0b09dcb4aff0ee4f584d3ee660d0937cbd070b072f8a229de1baf38ddf4258,bb5334e21a08d8fcc26df9bcbe8229ae6000311bcf191c1d675e1eaedf409f1d,f9b51a9929093f8f50f6e4106ff0da562f66c287b8583c569d719fc7b8ffad5f,9c82bde90424eba540f148274783eb937da09f2cef19adbea4daf23d55d4f7c1,False
matched_fresh_noise,libero_goal_ood:task5:state4,libero_goal_ood,5,4,7,True,100,95.56162051204592,8000,0,0,0,0,0,,3c2568ab9d45762dda8517f0ac1bf482558ab0b0054629ec653401b87b6481d4,released_modified_libero,300,test,astra-pi05-ood-distributed-20260924-1,07fe6767678f1bcb5c0e327a211f0af24cf5f00badb54b12cae4bedbd9c257d4,8ad9b6b5d942b59be3124085fbc9493ad77f3934ead3fa3ef01ebcbf74f37cc1,f9b51a9929093f8f50f6e4106ff0da562f66c287b8583c569d719fc7b8ffad5f,c572b3d564b4fdef62cc467cc697114a4e05dbc61602b8ced1cfd91c5570750c,False
matched_fresh_noise,libero_goal_ood:task5:state5,libero_goal_ood,5,5,7,False,300,304.45725032989867,24000,0,0,0,0,0,,b1819839fd26f5148c3bc1461168222546a3507a77866a83665296610aa2e1f9,released_modified_libero,300,test,astra-pi05-ood-distributed-20260924-1,ca3ae4d7c2769595410337eb0e732e01dad1d3aef624947f70b70435a249db13,0d445a5ed58f753a772dfe32eaa952f383f24871cb9f4d118971c8004a14ef61,f9b51a9929093f8f50f6e4106ff0da562f66c287b8583c569d719fc7b8ffad5f,5b2e67add082e34dc34c7384f4aaddeb4298751482b48805f4f59c5656d91914,False
matched_fresh_noise,libero_goal_ood:task5:state6,libero_goal_ood,5,6,7,True,95,96.60947461496107,7600,0,0,0,0,0,,c477f7faf1b655389b53ef47feed70a03a20d161f8e09164a877edc415cebf1b,released_modified_libero,300,test,astra-pi05-ood-distributed-20260924-2,9c01a734a1ffb8edd736b0c87c170afc78a28a718fa617b7c1ed7bd853fb584a,70a005f0a6eca4a5bd4e95374843b949b8e9d3da4f13fec00c76a9bb5756b16d,f9b51a9929093f8f50f6e4106ff0da562f66c287b8583c569d719fc7b8ffad5f,4438c202c2798eb1641d2888e602479cf504c208cf381ac9bce6e67456cc9ae3,False
matched_fresh_noise,libero_goal_ood:task5:state7,libero_goal_ood,5,7,7,True,90,91.43623457080685,7200,0,0,0,0,0,,e6ef4d6d82b3104ee98dca179ced9b5b1f4ac10559bfd1997235da184f6af3f6,released_modified_libero,300,test,astra-pi05-ood-distributed-20260924-2,09bb2d878ab77525129a560c7c716e671232f9657469167d3662f3d8d04306db,ab07641c78959decd92cef3c6aba6361d51df7f3055f39ae4783156e40965854,f9b51a9929093f8f50f6e4106ff0da562f66c287b8583c569d719fc7b8ffad5f,f0853630c9308abe94a8521d7ef6412896e8053b5036b3fe4a106ab60d38976e,False
matched_fresh_noise,libero_goal_ood:task5:state8,libero_goal_ood,5,8,7,True,212,204.511900318088,17200,0,0,0,0,0,,80a0e976daa2dd15a231aa9843b6d4f7fe44fe494772de6711ea4aefaeadca99,released_modified_libero,300,test,astra-pi05-ood-distributed-20260924-2,e60568d1cbe88388e12d275530b6ce09e4bad5fc2d7a02dd5fc6ac31f21d3e81,c6bf16c7344d13a71a3ee43416b131c2017a3599f047992a4d7c0ebb843e33c9,f9b51a9929093f8f50f6e4106ff0da562f66c287b8583c569d719fc7b8ffad5f,420d66204cd89c74fdfeaeefc72556657801daff529a5caa0c9f7251bf4a2795,False
matched_fresh_noise,libero_goal_ood:task5:state9,libero_goal_ood,5,9,7,True,101,108.5977632519789,8400,0,0,0,0,0,,6fadbd17785237e825a5c443c453ad77f4e37ec2e375804c79cbda400c404dcc,released_modified_libero,300,test,astra-pi05-ood-distributed-20260924-2,0748024c7b6d712c8f82ea9a399c45188b678b07ac1b31bc0f6902a6203484c5,6969291418c6cf1a6812297127ee73a6be5cd1dec197e6681a671dbcf077a445,f9b51a9929093f8f50f6e4106ff0da562f66c287b8583c569d719fc7b8ffad5f,9e58643227b3f3812761b18ba6331802728b931e972f7037e63dd2a4fd89905b,False
matched_fresh_noise,libero_goal_ood:task6:state0,libero_goal_ood,6,0,7,True,104,101.54542936594225,8400,0,0,0,0,0,,11bf8483ac2410cc177a35822f322631d260c952cd74a777199e4f4f937b88bd,released_modified_libero,300,test,astra-pi05-ood-distributed-20260924-3,ed87555495c67ac35b9c94ccf7416050d8cca787c4fda3bab5e787a6c9bce761,da362fddb289594ab3ca22f0e52a35d4bb8d020f0ad2ee0601129f678bf0436f,f9b51a9929093f8f50f6e4106ff0da562f66c287b8583c569d719fc7b8ffad5f,18b9618bf5bae08e4b6f3e3af6193bb9a9588b203b349c002449352961f7aac0,False
matched_fresh_noise,libero_goal_ood:task6:state1,libero_goal_ood,6,1,7,False,300,287.920919920085,24000,0,0,0,0,0,,5c933bf49e1fa1c98a901e4084c3e3f105207df5c656f7e7a121b08ea09fe61e,released_modified_libero,300,test,astra-pi05-ood-distributed-20260924-3,f27059c375a6b7f8493d00ea02c119959f34bf0d6d39aab5218f1d7ab762b503,964d7687b96713f1bc8dd7d5afccc887aa6fc187a06342da372465c2a1226b6c,f9b51a9929093f8f50f6e4106ff0da562f66c287b8583c569d719fc7b8ffad5f,1aa44d8c7d15d42c53de342ed7b4d731dad5df911a188734faa1b5e3821f7935,False
matched_fresh_noise,libero_goal_ood:task6:state2,libero_goal_ood,6,2,7,True,94,90.80086951400153,7600,0,0,0,0,0,,b3cdb0ad916fd23d5f42ab9bdaaded49cc2c7ad804d2cbc193093273bd6c1bed,released_modified_libero,300,test,astra-pi05-ood-distributed-20260924-3,0147a1fbd5043db67f9d49ca2f04ae99b97bed7ac560839498af3b50472b67bd,62e16ab0e6e5860fbb756dfe93bc00c10e09d2874964912fc2167a2617a6b711,f9b51a9929093f8f50f6e4106ff0da562f66c287b8583c569d719fc7b8ffad5f,1023a0aed79a29e8ad4886ff80f01aa513f5204fa7ef47f1400dd3a34261684a,False
matched_fresh_noise,libero_goal_ood:task6:state3,libero_goal_ood,6,3,7,False,300,285.77556979400106,24000,0,0,0,0,0,,480b662f670a2e74900a0aa7c299c5f94e2db5f5609cc7e7a438eb1b1c8114f9,released_modified_libero,300,test,astra-pi05-ood-distributed-20260924-3,1dea407f57511353b9be773bf18af67ebac4817872c54fac93e4f315c5b8ffba,8a87541a97b2f345e68d688ede93b3690781af939eccdffa29174c672bd1a674,f9b51a9929093f8f50f6e4106ff0da562f66c287b8583c569d719fc7b8ffad5f,9c82bde90424eba540f148274783eb937da09f2cef19adbea4daf23d55d4f7c1,False
matched_fresh_noise,libero_goal_ood:task6:state4,libero_goal_ood,6,4,7,False,300,284.4201710369962,24000,0,0,0,0,0,,3c2568ab9d45762dda8517f0ac1bf482558ab0b0054629ec653401b87b6481d4,released_modified_libero,300,test,astra-pi05-ood-steering-20260924-1,d749f537625b8f5dcc93d50e9eb59f019c1c1f40585d20dc40ef1fe0ed21f6a5,e657f99bf4cf0ced22e152fa6958287fb7d095876800018b5902b37dc293f855,f9b51a9929093f8f50f6e4106ff0da562f66c287b8583c569d719fc7b8ffad5f,c572b3d564b4fdef62cc467cc697114a4e05dbc61602b8ced1cfd91c5570750c,False
matched_fresh_noise,libero_goal_ood:task6:state5,libero_goal_ood,6,5,7,False,300,280.93979017100355,24000,0,0,0,0,0,,b1819839fd26f5148c3bc1461168222546a3507a77866a83665296610aa2e1f9,released_modified_libero,300,test,astra-pi05-ood-steering-20260924-1,d749f537625b8f5dcc93d50e9eb59f019c1c1f40585d20dc40ef1fe0ed21f6a5,7c2af50af917d540bad6f9cb9039c54eb578c7c567298510c7ef73e8a45c3c0a,f9b51a9929093f8f50f6e4106ff0da562f66c287b8583c569d719fc7b8ffad5f,5b2e67add082e34dc34c7384f4aaddeb4298751482b48805f4f59c5656d91914,False
matched_fresh_noise,libero_goal_ood:task6:state6,libero_goal_ood,6,6,7,False,300,281.65293867499713,24000,0,0,0,0,0,,c477f7faf1b655389b53ef47feed70a03a20d161f8e09164a877edc415cebf1b,released_modified_libero,300,test,astra-pi05-ood-steering-20260924-1,d749f537625b8f5dcc93d50e9eb59f019c1c1f40585d20dc40ef1fe0ed21f6a5,d1df022f6fb4f6f225a6639c483397dad3783d11a5b23a18d7055250b4139050,f9b51a9929093f8f50f6e4106ff0da562f66c287b8583c569d719fc7b8ffad5f,4438c202c2798eb1641d2888e602479cf504c208cf381ac9bce6e67456cc9ae3,False
matched_fresh_noise,libero_goal_ood:task6:state7,libero_goal_ood,6,7,7,True,69,65.14076874900638,5600,0,0,0,0,0,,e6ef4d6d82b3104ee98dca179ced9b5b1f4ac10559bfd1997235da184f6af3f6,released_modified_libero,300,test,astra-pi05-ood-steering-20260924-1,d749f537625b8f5dcc93d50e9eb59f019c1c1f40585d20dc40ef1fe0ed21f6a5,c1aee973ca1d1708a69eddf43f1e450b9efc85cf03619d0239da9f0c701b15e6,f9b51a9929093f8f50f6e4106ff0da562f66c287b8583c569d719fc7b8ffad5f,f0853630c9308abe94a8521d7ef6412896e8053b5036b3fe4a106ab60d38976e,False
matched_fresh_noise,libero_goal_ood:task6:state8,libero_goal_ood,6,8,7,True,84,80.88524344284087,6800,0,0,0,0,0,,80a0e976daa2dd15a231aa9843b6d4f7fe44fe494772de6711ea4aefaeadca99,released_modified_libero,300,test,astra-pi05-ood-distributed-20260924-1,1c3fade5747fcd519f306cbd4b7366dfdb2295c91df2ed56d5486729394a3571,9ae45cae9fd1d55cafd4ef36e1b79f1f90b2f4c7feb6084ef331144abcb12d02,f9b51a9929093f8f50f6e4106ff0da562f66c287b8583c569d719fc7b8ffad5f,420d66204cd89c74fdfeaeefc72556657801daff529a5caa0c9f7251bf4a2795,False
matched_fresh_noise,libero_goal_ood:task6:state9,libero_goal_ood,6,9,7,True,84,79.80312190717086,6800,0,0,0,0,0,,6fadbd17785237e825a5c443c453ad77f4e37ec2e375804c79cbda400c404dcc,released_modified_libero,300,test,astra-pi05-ood-distributed-20260924-1,fe0b09dcb4aff0ee4f584d3ee660d0937cbd070b072f8a229de1baf38ddf4258,8d8b2d44080abc8e5763cf7101f1965ab0b73f539eb52b2d5bde86afa09c1a12,f9b51a9929093f8f50f6e4106ff0da562f66c287b8583c569d719fc7b8ffad5f,9e58643227b3f3812761b18ba6331802728b931e972f7037e63dd2a4fd89905b,False
matched_fresh_noise,libero_goal_ood:task7:state0,libero_goal_ood,7,0,7,True,109,105.07235702918842,8800,0,0,0,0,0,,11bf8483ac2410cc177a35822f322631d260c952cd74a777199e4f4f937b88bd,released_modified_libero,300,test,astra-pi05-ood-distributed-20260924-1,07fe6767678f1bcb5c0e327a211f0af24cf5f00badb54b12cae4bedbd9c257d4,b7914f407049a9d8d09d1f7b2a8ccb2d207c3126d483d35b0036643e4f9a2a1a,f9b51a9929093f8f50f6e4106ff0da562f66c287b8583c569d719fc7b8ffad5f,18b9618bf5bae08e4b6f3e3af6193bb9a9588b203b349c002449352961f7aac0,False
matched_fresh_noise,libero_goal_ood:task7:state1,libero_goal_ood,7,1,7,False,300,304.0294391210191,24000,0,0,0,0,0,,5c933bf49e1fa1c98a901e4084c3e3f105207df5c656f7e7a121b08ea09fe61e,released_modified_libero,300,test,astra-pi05-ood-distributed-20260924-1,ca3ae4d7c2769595410337eb0e732e01dad1d3aef624947f70b70435a249db13,05d27b947da8edf2c7162543af9b4e3ffffc9445130e717c140da2607a3743ea,f9b51a9929093f8f50f6e4106ff0da562f66c287b8583c569d719fc7b8ffad5f,1aa44d8c7d15d42c53de342ed7b4d731dad5df911a188734faa1b5e3821f7935,False
matched_fresh_noise,libero_goal_ood:task7:state2,libero_goal_ood,7,2,7,False,300,303.3766513040755,24000,0,0,0,0,0,,b3cdb0ad916fd23d5f42ab9bdaaded49cc2c7ad804d2cbc193093273bd6c1bed,released_modified_libero,300,test,astra-pi05-ood-distributed-20260924-2,9c01a734a1ffb8edd736b0c87c170afc78a28a718fa617b7c1ed7bd853fb584a,ff99a82f67c9a9addf6b7a7b0599ccca21b8a4de85784f627b571f257de435e7,f9b51a9929093f8f50f6e4106ff0da562f66c287b8583c569d719fc7b8ffad5f,1023a0aed79a29e8ad4886ff80f01aa513f5204fa7ef47f1400dd3a34261684a,False
matched_fresh_noise,libero_goal_ood:task7:state3,libero_goal_ood,7,3,7,True,90,91.18208491592668,7200,0,0,0,0,0,,480b662f670a2e74900a0aa7c299c5f94e2db5f5609cc7e7a438eb1b1c8114f9,released_modified_libero,300,test,astra-pi05-ood-distributed-20260924-2,09bb2d878ab77525129a560c7c716e671232f9657469167d3662f3d8d04306db,691067e4f6556724784bf059dc9edd961f4beedea2809ee528dc22c48f9198dd,f9b51a9929093f8f50f6e4106ff0da562f66c287b8583c569d719fc7b8ffad5f,9c82bde90424eba540f148274783eb937da09f2cef19adbea4daf23d55d4f7c1,False
matched_fresh_noise,libero_goal_ood:task7:state4,libero_goal_ood,7,4,7,True,100,100.40371787990443,8000,0,0,0,0,0,,3c2568ab9d45762dda8517f0ac1bf482558ab0b0054629ec653401b87b6481d4,released_modified_libero,300,test,astra-pi05-ood-distributed-20260924-2,e60568d1cbe88388e12d275530b6ce09e4bad5fc2d7a02dd5fc6ac31f21d3e81,14f43b08d18e15f15ccc292564cfe34efe4ff4a651c9201e5717b8588a455a05,f9b51a9929093f8f50f6e4106ff0da562f66c287b8583c569d719fc7b8ffad5f,c572b3d564b4fdef62cc467cc697114a4e05dbc61602b8ced1cfd91c5570750c,False
matched_fresh_noise,libero_goal_ood:task7:state5,libero_goal_ood,7,5,7,False,300,307.4186580828391,24000,0,0,0,0,0,,b1819839fd26f5148c3bc1461168222546a3507a77866a83665296610aa2e1f9,released_modified_libero,300,test,astra-pi05-ood-distributed-20260924-2,0748024c7b6d712c8f82ea9a399c45188b678b07ac1b31bc0f6902a6203484c5,f5a6bf1aeffa0b9cd74857606ee66897aa9154d812e3470f2e57afdc3b661be2,f9b51a9929093f8f50f6e4106ff0da562f66c287b8583c569d719fc7b8ffad5f,5b2e67add082e34dc34c7384f4aaddeb4298751482b48805f4f59c5656d91914,False
matched_fresh_noise,libero_goal_ood:task7:state6,libero_goal_ood,7,6,7,False,300,288.6386526559945,24000,0,0,0,0,0,,c477f7faf1b655389b53ef47feed70a03a20d161f8e09164a877edc415cebf1b,released_modified_libero,300,test,astra-pi05-ood-distributed-20260924-3,ed87555495c67ac35b9c94ccf7416050d8cca787c4fda3bab5e787a6c9bce761,29fee2519494949af16625652e8f5e91f86cb96522ff9ec264810230853d9ac2,f9b51a9929093f8f50f6e4106ff0da562f66c287b8583c569d719fc7b8ffad5f,4438c202c2798eb1641d2888e602479cf504c208cf381ac9bce6e67456cc9ae3,False
matched_fresh_noise,libero_goal_ood:task7:state7,libero_goal_ood,7,7,7,False,300,288.22533727507107,24000,0,0,0,0,0,,e6ef4d6d82b3104ee98dca179ced9b5b1f4ac10559bfd1997235da184f6af3f6,released_modified_libero,300,test,astra-pi05-ood-distributed-20260924-3,f27059c375a6b7f8493d00ea02c119959f34bf0d6d39aab5218f1d7ab762b503,840451b87c1fd3b5b581b175c9c16addfeaed3ca523888249d02b1366d32e499,f9b51a9929093f8f50f6e4106ff0da562f66c287b8583c569d719fc7b8ffad5f,f0853630c9308abe94a8521d7ef6412896e8053b5036b3fe4a106ab60d38976e,False
matched_fresh_noise,libero_goal_ood:task7:state8,libero_goal_ood,7,8,7,False,300,288.32565010199323,24000,0,0,0,0,0,,80a0e976daa2dd15a231aa9843b6d4f7fe44fe494772de6711ea4aefaeadca99,released_modified_libero,300,test,astra-pi05-ood-distributed-20260924-3,0147a1fbd5043db67f9d49ca2f04ae99b97bed7ac560839498af3b50472b67bd,3c45090c484e2d6eff7e9a1b230c793b9f4b595699f8dc965a322013b0936995,f9b51a9929093f8f50f6e4106ff0da562f66c287b8583c569d719fc7b8ffad5f,420d66204cd89c74fdfeaeefc72556657801daff529a5caa0c9f7251bf4a2795,False
matched_fresh_noise,libero_goal_ood:task7:state9,libero_goal_ood,7,9,7,False,300,286.01071839709766,24000,0,0,0,0,0,,6fadbd17785237e825a5c443c453ad77f4e37ec2e375804c79cbda400c404dcc,released_modified_libero,300,test,astra-pi05-ood-distributed-20260924-3,1dea407f57511353b9be773bf18af67ebac4817872c54fac93e4f315c5b8ffba,cb7c10caa340441f93effeb3d76de1204aed6cbb778ef87602304478e95c28fe,f9b51a9929093f8f50f6e4106ff0da562f66c287b8583c569d719fc7b8ffad5f,9e58643227b3f3812761b18ba6331802728b931e972f7037e63dd2a4fd89905b,False
matched_fresh_noise,libero_goal_ood:task8:state0,libero_goal_ood,8,0,7,True,275,259.0407251439974,22000,0,0,0,0,0,,11bf8483ac2410cc177a35822f322631d260c952cd74a777199e4f4f937b88bd,released_modified_libero,300,test,astra-pi05-ood-steering-20260924-1,d749f537625b8f5dcc93d50e9eb59f019c1c1f40585d20dc40ef1fe0ed21f6a5,41c5d4ce28bd74d1f4d44bd119957782cf4a7c4a552087775473e22f7990c3df,f9b51a9929093f8f50f6e4106ff0da562f66c287b8583c569d719fc7b8ffad5f,18b9618bf5bae08e4b6f3e3af6193bb9a9588b203b349c002449352961f7aac0,False
matched_fresh_noise,libero_goal_ood:task8:state1,libero_goal_ood,8,1,7,False,300,278.09649110199825,24000,0,0,0,0,0,,5c933bf49e1fa1c98a901e4084c3e3f105207df5c656f7e7a121b08ea09fe61e,released_modified_libero,300,test,astra-pi05-ood-steering-20260924-1,d749f537625b8f5dcc93d50e9eb59f019c1c1f40585d20dc40ef1fe0ed21f6a5,8e9d67bc8472fab9f974bb98774fdc673160a064ac7410f00a14184dfef62454,f9b51a9929093f8f50f6e4106ff0da562f66c287b8583c569d719fc7b8ffad5f,1aa44d8c7d15d42c53de342ed7b4d731dad5df911a188734faa1b5e3821f7935,False
matched_fresh_noise,libero_goal_ood:task8:state2,libero_goal_ood,8,2,7,True,155,147.68327551100083,12400,0,0,0,0,0,,b3cdb0ad916fd23d5f42ab9bdaaded49cc2c7ad804d2cbc193093273bd6c1bed,released_modified_libero,300,test,astra-pi05-ood-steering-20260924-1,d749f537625b8f5dcc93d50e9eb59f019c1c1f40585d20dc40ef1fe0ed21f6a5,63184e6c532d90f8349c2ded9006b0fb59824b4b0eb129ced526014262a7b984,f9b51a9929093f8f50f6e4106ff0da562f66c287b8583c569d719fc7b8ffad5f,1023a0aed79a29e8ad4886ff80f01aa513f5204fa7ef47f1400dd3a34261684a,False
matched_fresh_noise,libero_goal_ood:task8:state3,libero_goal_ood,8,3,7,False,300,280.505792472999,24000,0,0,0,0,0,,480b662f670a2e74900a0aa7c299c5f94e2db5f5609cc7e7a438eb1b1c8114f9,released_modified_libero,300,test,astra-pi05-ood-steering-20260924-1,d749f537625b8f5dcc93d50e9eb59f019c1c1f40585d20dc40ef1fe0ed21f6a5,ad807448dd2b99203b89560a54d491c70c7619cddd8a6b5a7c9b15ee3616f796,f9b51a9929093f8f50f6e4106ff0da562f66c287b8583c569d719fc7b8ffad5f,9c82bde90424eba540f148274783eb937da09f2cef19adbea4daf23d55d4f7c1,False
matched_fresh_noise,libero_goal_ood:task8:state4,libero_goal_ood,8,4,7,False,300,284.76162252691574,24000,0,0,0,0,0,,3c2568ab9d45762dda8517f0ac1bf482558ab0b0054629ec653401b87b6481d4,released_modified_libero,300,test,astra-pi05-ood-distributed-20260924-1,1c3fade5747fcd519f306cbd4b7366dfdb2295c91df2ed56d5486729394a3571,64da919d1c944cf61bb4ff2d116a6cc7192ec303b4244287a391ea1c77db90ca,f9b51a9929093f8f50f6e4106ff0da562f66c287b8583c569d719fc7b8ffad5f,c572b3d564b4fdef62cc467cc697114a4e05dbc61602b8ced1cfd91c5570750c,False
matched_fresh_noise,libero_goal_ood:task8:state5,libero_goal_ood,8,5,7,False,300,283.2614381699823,24000,0,0,0,0,0,,b1819839fd26f5148c3bc1461168222546a3507a77866a83665296610aa2e1f9,released_modified_libero,300,test,astra-pi05-ood-distributed-20260924-1,fe0b09dcb4aff0ee4f584d3ee660d0937cbd070b072f8a229de1baf38ddf4258,8b59c4af8908b402c7685b06a63c3693aeadbcd4ac5f8dd29152c978e1913dba,f9b51a9929093f8f50f6e4106ff0da562f66c287b8583c569d719fc7b8ffad5f,5b2e67add082e34dc34c7384f4aaddeb4298751482b48805f4f59c5656d91914,False
matched_fresh_noise,libero_goal_ood:task8:state6,libero_goal_ood,8,6,7,False,300,292.8432375548873,24000,0,0,0,0,0,,c477f7faf1b655389b53ef47feed70a03a20d161f8e09164a877edc415cebf1b,released_modified_libero,300,test,astra-pi05-ood-distributed-20260924-1,07fe6767678f1bcb5c0e327a211f0af24cf5f00badb54b12cae4bedbd9c257d4,fcf5ef88831b4028f2582c071ae3f422db6feac072d6de61f1422a75d4bd8bbd,f9b51a9929093f8f50f6e4106ff0da562f66c287b8583c569d719fc7b8ffad5f,4438c202c2798eb1641d2888e602479cf504c208cf381ac9bce6e67456cc9ae3,False
matched_fresh_noise,libero_goal_ood:task8:state7,libero_goal_ood,8,7,7,False,300,304.23021764610894,24000,0,0,0,0,0,,e6ef4d6d82b3104ee98dca179ced9b5b1f4ac10559bfd1997235da184f6af3f6,released_modified_libero,300,test,astra-pi05-ood-distributed-20260924-1,ca3ae4d7c2769595410337eb0e732e01dad1d3aef624947f70b70435a249db13,7df2729d66ca0df558e3aaf945debb34853bf4df8565e403e93b3b455808c880,f9b51a9929093f8f50f6e4106ff0da562f66c287b8583c569d719fc7b8ffad5f,f0853630c9308abe94a8521d7ef6412896e8053b5036b3fe4a106ab60d38976e,False
matched_fresh_noise,libero_goal_ood:task8:state8,libero_goal_ood,8,8,7,False,300,303.45676749688573,24000,0,0,0,0,0,,80a0e976daa2dd15a231aa9843b6d4f7fe44fe494772de6711ea4aefaeadca99,released_modified_libero,300,test,astra-pi05-ood-distributed-20260924-2,9c01a734a1ffb8edd736b0c87c170afc78a28a718fa617b7c1ed7bd853fb584a,91956f7f8db6b0749a7f2b1f2f2ea88da1cb9a55a90214acd65eaf6cd07e8f95,f9b51a9929093f8f50f6e4106ff0da562f66c287b8583c569d719fc7b8ffad5f,420d66204cd89c74fdfeaeefc72556657801daff529a5caa0c9f7251bf4a2795,False
matched_fresh_noise,libero_goal_ood:task8:state9,libero_goal_ood,8,9,7,False,300,303.0177811968606,24000,0,0,0,0,0,,6fadbd17785237e825a5c443c453ad77f4e37ec2e375804c79cbda400c404dcc,released_modified_libero,300,test,astra-pi05-ood-distributed-20260924-2,09bb2d878ab77525129a560c7c716e671232f9657469167d3662f3d8d04306db,eb64151da8369ffc980cb3580057a581a34c0192d240d2ad0afce6e6929d6979,f9b51a9929093f8f50f6e4106ff0da562f66c287b8583c569d719fc7b8ffad5f,9e58643227b3f3812761b18ba6331802728b931e972f7037e63dd2a4fd89905b,False
matched_fresh_noise,libero_goal_ood:task9:state0,libero_goal_ood,9,0,7,False,300,302.0484880860895,24000,0,0,0,0,0,,11bf8483ac2410cc177a35822f322631d260c952cd74a777199e4f4f937b88bd,released_modified_libero,300,test,astra-pi05-ood-distributed-20260924-2,e60568d1cbe88388e12d275530b6ce09e4bad5fc2d7a02dd5fc6ac31f21d3e81,9e19e8e677f839f57c88aee89f5e65dc1b6c2d5a817e898bb3c3d8675912517a,f9b51a9929093f8f50f6e4106ff0da562f66c287b8583c569d719fc7b8ffad5f,18b9618bf5bae08e4b6f3e3af6193bb9a9588b203b349c002449352961f7aac0,False
matched_fresh_noise,libero_goal_ood:task9:state1,libero_goal_ood,9,1,7,False,300,309.1884125811048,24000,0,0,0,0,0,,5c933bf49e1fa1c98a901e4084c3e3f105207df5c656f7e7a121b08ea09fe61e,released_modified_libero,300,test,astra-pi05-ood-distributed-20260924-2,0748024c7b6d712c8f82ea9a399c45188b678b07ac1b31bc0f6902a6203484c5,242de686f6bcbc92a113bb5ebb4df4c33cf11cdc5bb73d57e577b2211525ec05,f9b51a9929093f8f50f6e4106ff0da562f66c287b8583c569d719fc7b8ffad5f,1aa44d8c7d15d42c53de342ed7b4d731dad5df911a188734faa1b5e3821f7935,False
matched_fresh_noise,libero_goal_ood:task9:state2,libero_goal_ood,9,2,7,True,101,100.56804481497966,8400,0,0,0,0,0,,b3cdb0ad916fd23d5f42ab9bdaaded49cc2c7ad804d2cbc193093273bd6c1bed,released_modified_libero,300,test,astra-pi05-ood-distributed-20260924-3,ed87555495c67ac35b9c94ccf7416050d8cca787c4fda3bab5e787a6c9bce761,630999d2c9a935846c411271b79c25732c3113118964c5e992ad815b27501aea,f9b51a9929093f8f50f6e4106ff0da562f66c287b8583c569d719fc7b8ffad5f,1023a0aed79a29e8ad4886ff80f01aa513f5204fa7ef47f1400dd3a34261684a,False
matched_fresh_noise,libero_goal_ood:task9:state3,libero_goal_ood,9,3,7,True,109,105.76386803900823,8800,0,0,0,0,0,,480b662f670a2e74900a0aa7c299c5f94e2db5f5609cc7e7a438eb1b1c8114f9,released_modified_libero,300,test,astra-pi05-ood-distributed-20260924-3,f27059c375a6b7f8493d00ea02c119959f34bf0d6d39aab5218f1d7ab762b503,890c850d959f6070faac4a4a6de5db4ad91616dec3b9801a6b3322c9242025a0,f9b51a9929093f8f50f6e4106ff0da562f66c287b8583c569d719fc7b8ffad5f,9c82bde90424eba540f148274783eb937da09f2cef19adbea4daf23d55d4f7c1,False
matched_fresh_noise,libero_goal_ood:task9:state4,libero_goal_ood,9,4,7,True,118,115.63666745903902,9600,0,0,0,0,0,,3c2568ab9d45762dda8517f0ac1bf482558ab0b0054629ec653401b87b6481d4,released_modified_libero,300,test,astra-pi05-ood-distributed-20260924-3,0147a1fbd5043db67f9d49ca2f04ae99b97bed7ac560839498af3b50472b67bd,b353b3f7034e24c75f8bc46f60eb6d3bf3f90c30934822273c2e99a1b0b9ad7c,f9b51a9929093f8f50f6e4106ff0da562f66c287b8583c569d719fc7b8ffad5f,c572b3d564b4fdef62cc467cc697114a4e05dbc61602b8ced1cfd91c5570750c,False
matched_fresh_noise,libero_goal_ood:task9:state5,libero_goal_ood,9,5,7,True,104,99.66599510982633,8400,0,0,0,0,0,,b1819839fd26f5148c3bc1461168222546a3507a77866a83665296610aa2e1f9,released_modified_libero,300,test,astra-pi05-ood-distributed-20260924-3,1dea407f57511353b9be773bf18af67ebac4817872c54fac93e4f315c5b8ffba,90335ecfab2c79e0a378fba39b72101327a2a2db82a72a7fe496cb0f46d01fc4,f9b51a9929093f8f50f6e4106ff0da562f66c287b8583c569d719fc7b8ffad5f,5b2e67add082e34dc34c7384f4aaddeb4298751482b48805f4f59c5656d91914,False
matched_fresh_noise,libero_goal_ood:task9:state6,libero_goal_ood,9,6,7,True,118,113.3001113930004,9600,0,0,0,0,0,,c477f7faf1b655389b53ef47feed70a03a20d161f8e09164a877edc415cebf1b,released_modified_libero,300,test,astra-pi05-ood-steering-20260924-1,d749f537625b8f5dcc93d50e9eb59f019c1c1f40585d20dc40ef1fe0ed21f6a5,83ca0af07d8f26da4211833ba562aae3aefdbc7357e375aa206f00b4de1db7f4,f9b51a9929093f8f50f6e4106ff0da562f66c287b8583c569d719fc7b8ffad5f,4438c202c2798eb1641d2888e602479cf504c208cf381ac9bce6e67456cc9ae3,False
matched_fresh_noise,libero_goal_ood:task9:state7,libero_goal_ood,9,7,7,False,300,276.75744014099473,24000,0,0,0,0,0,,e6ef4d6d82b3104ee98dca179ced9b5b1f4ac10559bfd1997235da184f6af3f6,released_modified_libero,300,test,astra-pi05-ood-steering-20260924-1,d749f537625b8f5dcc93d50e9eb59f019c1c1f40585d20dc40ef1fe0ed21f6a5,209d6c6f1705ab81b958258a7840ce67c5493b2105351078896ad117df2dd479,f9b51a9929093f8f50f6e4106ff0da562f66c287b8583c569d719fc7b8ffad5f,f0853630c9308abe94a8521d7ef6412896e8053b5036b3fe4a106ab60d38976e,False
matched_fresh_noise,libero_goal_ood:task9:state8,libero_goal_ood,9,8,7,True,184,177.9993306969991,14800,0,0,0,0,0,,80a0e976daa2dd15a231aa9843b6d4f7fe44fe494772de6711ea4aefaeadca99,released_modified_libero,300,test,astra-pi05-ood-steering-20260924-1,d749f537625b8f5dcc93d50e9eb59f019c1c1f40585d20dc40ef1fe0ed21f6a5,260f122085205455d6573cca01c37421714f97d8de3b7e10da491bdbe099b760,f9b51a9929093f8f50f6e4106ff0da562f66c287b8583c569d719fc7b8ffad5f,420d66204cd89c74fdfeaeefc72556657801daff529a5caa0c9f7251bf4a2795,False
matched_fresh_noise,libero_goal_ood:task9:state9,libero_goal_ood,9,9,7,True,113,107.09662221900362,9200,0,0,0,0,0,,6fadbd17785237e825a5c443c453ad77f4e37ec2e375804c79cbda400c404dcc,released_modified_libero,300,test,astra-pi05-ood-steering-20260924-1,d749f537625b8f5dcc93d50e9eb59f019c1c1f40585d20dc40ef1fe0ed21f6a5,52fd52c8816d5080529efe4e9e4849e147f449b42f6a50e98cdfae113d89ac56,f9b51a9929093f8f50f6e4106ff0da562f66c287b8583c569d719fc7b8ffad5f,9e58643227b3f3812761b18ba6331802728b931e972f7037e63dd2a4fd89905b,False
matched_fresh_noise,libero_spatial_ood:task0:state0,libero_spatial_ood,0,0,7,True,84,79.23297871800605,6800,0,0,0,0,0,,1c3788a9329e7161abc79e0b78c80e87dad0d39ac44abe7201ed54acbdd8f89e,released_modified_libero,300,test,astra-pi05-ood-steering-20260924-1,d749f537625b8f5dcc93d50e9eb59f019c1c1f40585d20dc40ef1fe0ed21f6a5,0b52f898a3a032d88f283b5e2abd6a7ff08c0c6fa6c09e73fdd9bef7eff447cd,aac4b0de94fbf39d2f7d70d13236cfa2287d226403fb57614c811ea641c5b489,900f9dcf2c47898cf413e7259406e7109fc09d541e070d24dadaf53c4467d7cb,False
matched_fresh_noise,libero_spatial_ood:task0:state1,libero_spatial_ood,0,1,7,True,83,82.24084702599794,6800,0,0,0,0,0,,8be3c6d02e877d1736b1aae3c47824ea2871d54b20acb3235a3648ab60c20145,released_modified_libero,300,test,astra-pi05-ood-steering-20260924-1,d749f537625b8f5dcc93d50e9eb59f019c1c1f40585d20dc40ef1fe0ed21f6a5,cd18c2f8af464366aab7b20778a21415ac0f75b58bb9542938cafaea7f206343,aac4b0de94fbf39d2f7d70d13236cfa2287d226403fb57614c811ea641c5b489,d3e19e346d7b054c7a28f83ec7335868cb48005a3e27ef4881197b51ead193e5,False
matched_fresh_noise,libero_spatial_ood:task0:state2,libero_spatial_ood,0,2,7,True,98,93.50629361000028,8000,0,0,0,0,0,,628495a152550a73523b6175cf17dab720d019ad5aad0be7d9b9a4bca458192f,released_modified_libero,300,test,astra-pi05-ood-steering-20260924-1,d749f537625b8f5dcc93d50e9eb59f019c1c1f40585d20dc40ef1fe0ed21f6a5,0fb2d06ee03304fe27aabe9b2a34dca72d0ab00f6e5b5fcc0cf32fe969599e61,aac4b0de94fbf39d2f7d70d13236cfa2287d226403fb57614c811ea641c5b489,2b13edb61f4a21c538f28dbf29d2ad396ab88b60f378ec123d12b49880c0750f,False
matched_fresh_noise,libero_spatial_ood:task0:state3,libero_spatial_ood,0,3,7,True,82,78.6700275599942,6800,0,0,0,0,0,,33382a6ad007e9a9f5d913f8098fed66548c2481cfc863638130e70eeb7dff88,released_modified_libero,300,test,astra-pi05-ood-steering-20260924-1,d749f537625b8f5dcc93d50e9eb59f019c1c1f40585d20dc40ef1fe0ed21f6a5,4e16fa0fc8db6fee5f1dc24ae811948f384cef6f0f69235a94cd0cc864dcdb54,aac4b0de94fbf39d2f7d70d13236cfa2287d226403fb57614c811ea641c5b489,aba3dff0644b4f7300b0a855ad155c80e11cccbff4e4d028d52176d88b214066,False
matched_fresh_noise,libero_spatial_ood:task0:state4,libero_spatial_ood,0,4,7,True,127,133.87816268811002,10400,0,0,0,0,0,,8508d398a4f59624d6bf1e359bbdff9cd060d480709dcc3d9b1477dbcdaa0978,released_modified_libero,300,test,astra-pi05-ood-distributed-20260924-1,5eff8b7c9cec2a4864481235ad15cd95bc68de5b1efe4ac530bc26b3eb51e6e4,f7c4f81631de78e0f5f60fd5b0d8e85374728f51baa4465c17376d6636534959,aac4b0de94fbf39d2f7d70d13236cfa2287d226403fb57614c811ea641c5b489,86804e330e873b58b80a3bcc51d7414aca77fba29d73d2ae34380d9e15d65383,False
matched_fresh_noise,libero_spatial_ood:task0:state5,libero_spatial_ood,0,5,7,True,122,118.91333543509245,10000,0,0,0,0,0,,6951bb79586b982c35bb9e31a7960b030b5b162b59f8beaf42cdd909354f6513,released_modified_libero,300,test,astra-pi05-ood-distributed-20260924-1,7ae6bf1aa44bf9f10593da369d17b404ab221ae2db1a43a85589e1faaef4b43c,52c6e4417110a569ac4088d6c7e76a3cad1e3d3d3e503dc99a78eb76dc945456,aac4b0de94fbf39d2f7d70d13236cfa2287d226403fb57614c811ea641c5b489,4c79b45f54c1394332c35a9e86858a499153e874b8c9bc3e251708a591c5fc81,False
matched_fresh_noise,libero_spatial_ood:task0:state6,libero_spatial_ood,0,6,7,True,86,89.01173004298471,7200,0,0,0,0,0,,83734f0911ec8a435b895123a3cb049948457eaa1a2442fe70d9a34e055de288,released_modified_libero,300,test,astra-pi05-ood-distributed-20260924-1,bd4090846602fed467c85f473c8a97892271196742fb942db1f84da85f485879,5f3d15ab4d6f87d5a88a9443bafbd393717cff30c1ee327dfe8a5799b1ca8148,aac4b0de94fbf39d2f7d70d13236cfa2287d226403fb57614c811ea641c5b489,24d6e9d0f309839ed3b75a2fc25dbb593645fd0d6e60bfa4082703f8c070202a,False
matched_fresh_noise,libero_spatial_ood:task0:state7,libero_spatial_ood,0,7,7,True,144,135.99782689893618,11600,0,0,0,0,0,,1430ff56c3ff0879af7b61180bf89487a150fe34c9c41334c4b583f741792244,released_modified_libero,300,test,astra-pi05-ood-distributed-20260924-1,15733e032488815e880a7e7b9a5bf9fcd06752055cf00dc95a27f65f35b8d026,88322e9a81874ae6a9a887474f2e9da1b63cd79347e745da5fe7d8573545d86c,aac4b0de94fbf39d2f7d70d13236cfa2287d226403fb57614c811ea641c5b489,d377450e4e180bbb1732472505064e9255807e707e8f5d9efd0b219434b149c2,False
matched_fresh_noise,libero_spatial_ood:task0:state8,libero_spatial_ood,0,8,7,True,84,82.68688296712935,6800,0,0,0,0,0,,50b8db3307d94e09400bd61d0bf95f2a02b48c6b4c351b93ddee27835c53e863,released_modified_libero,300,test,astra-pi05-ood-distributed-20260924-2,6fb6dc3e5d4fcff2abaaa32bb3ae314b4aff2ceb4432ebcdff32111cdf64e682,b4d715495448e5cec039a35b8453a8daee73446fd8dc96e7fed091cd4cd71770,aac4b0de94fbf39d2f7d70d13236cfa2287d226403fb57614c811ea641c5b489,51a27270eddb50799ce0b6ae9312bc2b0c44160436287f48ed2b04242625690e,False
matched_fresh_noise,libero_spatial_ood:task0:state9,libero_spatial_ood,0,9,7,True,83,82.64406751981005,6800,0,0,0,0,0,,267cdc212f9d48b3208bd6df2c4038d970839a617b251b33825df5c235ce411d,released_modified_libero,300,test,astra-pi05-ood-distributed-20260924-2,564fc16c386ef74451d7ecd3192d3a17156831ffaa0b5b5434116dcccff440dc,a6ba06081dd3d4be9e022d7facdb4cb7522418dae38cdf9e26ea60ce257aba16,aac4b0de94fbf39d2f7d70d13236cfa2287d226403fb57614c811ea641c5b489,72b959fc344209901ef81ce578322098a36c0002276ea29f58c895476a46a9a4,False
matched_fresh_noise,libero_spatial_ood:task1:state0,libero_spatial_ood,1,0,7,True,87,86.8551963227801,7200,0,0,0,0,0,,db406f5ecc1a18ccec799477885125212885e4e5aefcca5e3746cf149da5ade0,released_modified_libero,300,test,astra-pi05-ood-distributed-20260924-2,c9e0c89dcc5465ae8c0b5d27dd78b454248af5a2d4d444ef87f139d047246d48,aa9936ab6230eb5f0712b4df147f70336727060fc39658467c323514052fe7af,aac4b0de94fbf39d2f7d70d13236cfa2287d226403fb57614c811ea641c5b489,900f9dcf2c47898cf413e7259406e7109fc09d541e070d24dadaf53c4467d7cb,False
matched_fresh_noise,libero_spatial_ood:task1:state1,libero_spatial_ood,1,1,7,True,93,90.70677573792636,7600,0,0,0,0,0,,0ab8fb534bd831810b251ad2b3cfe5b7ef7c283dadb2e604ea3b23dbbcd7da5f,released_modified_libero,300,test,astra-pi05-ood-distributed-20260924-2,41656f0f623c0d72c869f775aaae260c407291f5bcb36f2f9ab2576d3b06b84f,7ed19a7e07184a528d7893454b920e0ec1b44951745f0790e1154849f58017a1,aac4b0de94fbf39d2f7d70d13236cfa2287d226403fb57614c811ea641c5b489,d3e19e346d7b054c7a28f83ec7335868cb48005a3e27ef4881197b51ead193e5,False
matched_fresh_noise,libero_spatial_ood:task1:state2,libero_spatial_ood,1,2,7,True,93,90.01180066098459,7600,0,0,0,0,0,,76e6ae2be499d5e19786af9b228e9957c3b33d4fba83709bb526f1dadcb47a95,released_modified_libero,300,test,astra-pi05-ood-distributed-20260924-3,082c128179e6a001539f107d3740693163d543e88187f172840bfaa1c3b04a63,1d325fcfee9cb68c96e07fdee71ff88d8424c31d40691e24a3bdc590c774b2b7,aac4b0de94fbf39d2f7d70d13236cfa2287d226403fb57614c811ea641c5b489,2b13edb61f4a21c538f28dbf29d2ad396ab88b60f378ec123d12b49880c0750f,False
matched_fresh_noise,libero_spatial_ood:task1:state3,libero_spatial_ood,1,3,7,True,101,109.3479761572089,8400,0,0,0,0,0,,2f5f3a5dad47e007612c6b673559e67bb940e6e7072749cf302e23ce2d1d52dd,released_modified_libero,300,test,astra-pi05-ood-distributed-20260924-3,c82e8be077b62460553076411d12b7b16f8e0f5d346d69c20fab46d704c8e868,eb322b9e6ea484daeb6d5402201e9e9dc0a782da8d7fbc25bd9a0038b386684c,aac4b0de94fbf39d2f7d70d13236cfa2287d226403fb57614c811ea641c5b489,aba3dff0644b4f7300b0a855ad155c80e11cccbff4e4d028d52176d88b214066,False
matched_fresh_noise,libero_spatial_ood:task1:state4,libero_spatial_ood,1,4,7,True,135,136.51687682792544,10800,0,0,0,0,0,,e2888f3578e1e51058a1959f215bbab8e9e2255f87bbed71193ea15019be8c60,released_modified_libero,300,test,astra-pi05-ood-distributed-20260924-3,8f1b596c06d4d18dffe8292176f58feae00a7f34c3c9d9c53878229b45a6279f,e751c23556694a4f6e5e3646eb012dca9ea00710b84c847c449796dbe8c307dd,aac4b0de94fbf39d2f7d70d13236cfa2287d226403fb57614c811ea641c5b489,86804e330e873b58b80a3bcc51d7414aca77fba29d73d2ae34380d9e15d65383,False
matched_fresh_noise,libero_spatial_ood:task1:state5,libero_spatial_ood,1,5,7,True,93,89.88426812994294,7600,0,0,0,0,0,,61b065ab7a3d1a7c04dcb8c0cb5d534ca240a64ed40cc2e19b15bb8ca6547c15,released_modified_libero,300,test,astra-pi05-ood-distributed-20260924-3,5993df12f5bd20fddaea821a1cf649380abfdeed10222a4924934120e261e39d,8d8d98046b2e1046d6b218b2dd70dee59569286e4d20dc1aec21b19fdeef8184,aac4b0de94fbf39d2f7d70d13236cfa2287d226403fb57614c811ea641c5b489,4c79b45f54c1394332c35a9e86858a499153e874b8c9bc3e251708a591c5fc81,False
matched_fresh_noise,libero_spatial_ood:task1:state6,libero_spatial_ood,1,6,7,True,98,91.266947651995,8000,0,0,0,0,0,,f07bfd2f349f2bab08cf6527cef79580fe4dc12cbd45551cb99d13789e46c148,released_modified_libero,300,test,astra-pi05-ood-steering-20260924-1,d749f537625b8f5dcc93d50e9eb59f019c1c1f40585d20dc40ef1fe0ed21f6a5,d4e21225d1c03130f131ed6107dd2d0751a98dc08f2ff2a67b8560fe324aaab0,aac4b0de94fbf39d2f7d70d13236cfa2287d226403fb57614c811ea641c5b489,24d6e9d0f309839ed3b75a2fc25dbb593645fd0d6e60bfa4082703f8c070202a,False
matched_fresh_noise,libero_spatial_ood:task1:state7,libero_spatial_ood,1,7,7,True,139,132.80973445600102,11200,0,0,0,0,0,,ae01ec977058e22e686b101ae1940107346eeefd22261ec8441cc83f3fd3bbac,released_modified_libero,300,test,astra-pi05-ood-steering-20260924-1,d749f537625b8f5dcc93d50e9eb59f019c1c1f40585d20dc40ef1fe0ed21f6a5,930b1a3e6db7a0a37624a2b330038261a63c590aca4ecca0c0827019e0d7c1fb,aac4b0de94fbf39d2f7d70d13236cfa2287d226403fb57614c811ea641c5b489,d377450e4e180bbb1732472505064e9255807e707e8f5d9efd0b219434b149c2,False
matched_fresh_noise,libero_spatial_ood:task1:state8,libero_spatial_ood,1,8,7,True,132,123.08568161800213,10800,0,0,0,0,0,,163f1dc6a2d73ed867c002ac7ddac15f073417645e14103b9991a83661e87efe,released_modified_libero,300,test,astra-pi05-ood-steering-20260924-1,d749f537625b8f5dcc93d50e9eb59f019c1c1f40585d20dc40ef1fe0ed21f6a5,c38f0c79d04b944775419a6415dd124ab5f4c35e101f4ab40e774c65bdab066e,aac4b0de94fbf39d2f7d70d13236cfa2287d226403fb57614c811ea641c5b489,51a27270eddb50799ce0b6ae9312bc2b0c44160436287f48ed2b04242625690e,False
matched_fresh_noise,libero_spatial_ood:task1:state9,libero_spatial_ood,1,9,7,True,92,85.49110931199539,7600,0,0,0,0,0,,49c11a58f25c5eb0ff11a09e1da481f7df819bcbb04d46f1b5cb3658c9c17d3c,released_modified_libero,300,test,astra-pi05-ood-steering-20260924-1,d749f537625b8f5dcc93d50e9eb59f019c1c1f40585d20dc40ef1fe0ed21f6a5,9f4a166e8a91f2d6b9207069289a44bf70eea73b2c74908fdca176345c3e5759,aac4b0de94fbf39d2f7d70d13236cfa2287d226403fb57614c811ea641c5b489,72b959fc344209901ef81ce578322098a36c0002276ea29f58c895476a46a9a4,False
matched_fresh_noise,libero_spatial_ood:task2:state0,libero_spatial_ood,2,0,7,False,300,308.02342894882895,24000,0,0,0,0,0,,0d960d215fc36fb3cdb747e38f7b88416e9d73ee8d92ce4e54c75fa26d5567c9,released_modified_libero,300,test,astra-pi05-ood-distributed-20260924-1,5eff8b7c9cec2a4864481235ad15cd95bc68de5b1efe4ac530bc26b3eb51e6e4,64d89f84b77864259f7997a93224a5c0c744336e382f602f2a8736e273209b90,aac4b0de94fbf39d2f7d70d13236cfa2287d226403fb57614c811ea641c5b489,3d768b00c00dc99e17f0d4c4b0f751bb04a35140990d9188648ffff61708f070,False
matched_fresh_noise,libero_spatial_ood:task2:state1,libero_spatial_ood,2,1,7,True,84,88.05990975396708,6800,0,0,0,0,0,,176730e9c115ce5e021373fa16aafd48e5591811e3c4da093bf73cf891aaa382,released_modified_libero,300,test,astra-pi05-ood-distributed-20260924-1,7ae6bf1aa44bf9f10593da369d17b404ab221ae2db1a43a85589e1faaef4b43c,063bb0bfed64894ef960638524396794141e608a39495a19acbc292ab519e52f,aac4b0de94fbf39d2f7d70d13236cfa2287d226403fb57614c811ea641c5b489,bad796b32547a5408b5cbe237e39285df47dc2b66a4ac3f4309f6127e123bd6a,False
matched_fresh_noise,libero_spatial_ood:task2:state2,libero_spatial_ood,2,2,7,False,300,290.3762944161426,24000,0,0,0,0,0,,237f6ebf09a61d0bf5e2fe34127aa4ec35bbd5976bbb00474a604a45874dc3c9,released_modified_libero,300,test,astra-pi05-ood-distributed-20260924-1,bd4090846602fed467c85f473c8a97892271196742fb942db1f84da85f485879,ac1b6abcd03c2aa53fd127d815f7fcbc25333d4bc6b17e705147043deff6b0f7,aac4b0de94fbf39d2f7d70d13236cfa2287d226403fb57614c811ea641c5b489,685a015a44b2901e7104fc8e717da702d097724303b96514924d77e9c5448e89,False
matched_fresh_noise,libero_spatial_ood:task2:state3,libero_spatial_ood,2,3,7,False,300,282.78273512609303,24000,0,0,0,0,0,,7a12da01fc65437803bf629cec9e1ecb97506c7036e6092490214e10f08a21f7,released_modified_libero,300,test,astra-pi05-ood-distributed-20260924-1,15733e032488815e880a7e7b9a5bf9fcd06752055cf00dc95a27f65f35b8d026,692a9f27656b78274f29a0f0dddeccde200da1c1bc16a85adac267d445f425fd,aac4b0de94fbf39d2f7d70d13236cfa2287d226403fb57614c811ea641c5b489,5d375f728d8d6e764316917d0f8f35daf2353ae43aa046bf2695b6b6595fccc5,False
matched_fresh_noise,libero_spatial_ood:task2:state4,libero_spatial_ood,2,4,7,False,300,292.7973097190261,24000,0,0,0,0,0,,cf12acb038c3f67bb532b39a139a3f12cc0c1fa170eee8067cf5260e57eb3898,released_modified_libero,300,test,astra-pi05-ood-distributed-20260924-2,6fb6dc3e5d4fcff2abaaa32bb3ae314b4aff2ceb4432ebcdff32111cdf64e682,fb9329eb767b0b2b797440d7a1e19f26184bf61ef63097731979c621bb8d2ada,aac4b0de94fbf39d2f7d70d13236cfa2287d226403fb57614c811ea641c5b489,2d5e7ee0833288a615f12bae2073b8c07a5768d64bb85f73d334d7c73eda1f9d,False
matched_fresh_noise,libero_spatial_ood:task2:state5,libero_spatial_ood,2,5,7,True,81,81.9221517490223,6800,0,0,0,0,0,,67b0c06b9d269b6748614de36e5a8c81e5c937e729a640a058faccc8e49fb4c0,released_modified_libero,300,test,astra-pi05-ood-distributed-20260924-2,564fc16c386ef74451d7ecd3192d3a17156831ffaa0b5b5434116dcccff440dc,0b7e14b1c8941e49be7d6054a54f6825cfdd0a90544f02a7c2c77d268a984541,aac4b0de94fbf39d2f7d70d13236cfa2287d226403fb57614c811ea641c5b489,b7430596cd4c9970161b9ea219858027f250f98b1b3744bfffe992a5b395b571,False
matched_fresh_noise,libero_spatial_ood:task2:state6,libero_spatial_ood,2,6,7,False,300,288.6049555200152,24000,0,0,0,0,0,,4fee64996c01064e8a41f6efe1784a34feb8472d94093dafd05d2a5ae9bd0816,released_modified_libero,300,test,astra-pi05-ood-distributed-20260924-2,c9e0c89dcc5465ae8c0b5d27dd78b454248af5a2d4d444ef87f139d047246d48,4d2e90426de81fab595217339402715344bf3c85a6b961cc876587a2fc788ade,aac4b0de94fbf39d2f7d70d13236cfa2287d226403fb57614c811ea641c5b489,4536298fddaf938e85f0f4c432e9685e5ed6dbb16dd0f070f4352fde88a2c1bc,False
matched_fresh_noise,libero_spatial_ood:task2:state7,libero_spatial_ood,2,7,7,True,90,86.52083626808599,7200,0,0,0,0,0,,3ab833079edc9fe676aecf48651826f47b437d68ca269691de7a697af5ea3d3c,released_modified_libero,300,test,astra-pi05-ood-distributed-20260924-2,41656f0f623c0d72c869f775aaae260c407291f5bcb36f2f9ab2576d3b06b84f,47c38ae5a3263376f1fe4e4fc642077f89f9001ecc209ac44adcacd88cb88736,aac4b0de94fbf39d2f7d70d13236cfa2287d226403fb57614c811ea641c5b489,73bcf453b1e0d7f175b5cfe70a27ac44c382b348ab047670b25086da70bcecae,False
matched_fresh_noise,libero_spatial_ood:task2:state8,libero_spatial_ood,2,8,7,False,300,285.3654742250219,24000,0,0,0,0,0,,db4610aa44b09fe367719180fb2e5b11a78969104019701fb96080b885727606,released_modified_libero,300,test,astra-pi05-ood-distributed-20260924-3,082c128179e6a001539f107d3740693163d543e88187f172840bfaa1c3b04a63,71f235b5b7a549187700ae7e649cdc9bb67e8ad73fda6009dc865eecc4c3d1b8,aac4b0de94fbf39d2f7d70d13236cfa2287d226403fb57614c811ea641c5b489,84cfef6c66cb5f14028d053714879276f7f846fd496960bf8c9499be3098f3d6,False
matched_fresh_noise,libero_spatial_ood:task2:state9,libero_spatial_ood,2,9,7,False,300,311.997205829015,24000,0,0,0,0,0,,dabb9db67a76ecfc67e7ed368f366b789854d8a61d29ad67dcbf7b6c78b4b167,released_modified_libero,300,test,astra-pi05-ood-distributed-20260924-3,c82e8be077b62460553076411d12b7b16f8e0f5d346d69c20fab46d704c8e868,9750b39b1bc5b6ba8e1a95576f030b627fc3568a9a70d1cd211e674b53351ee4,aac4b0de94fbf39d2f7d70d13236cfa2287d226403fb57614c811ea641c5b489,bb92d4e98cdc921ac5439512d80ca818c7fef0474ea649e226a4b0e2e8140347,False
matched_fresh_noise,libero_spatial_ood:task3:state0,libero_spatial_ood,3,0,7,True,98,101.24513815389946,8000,0,0,0,0,0,,3c3c2b5ae34f3a5dbb239c711a3fff3aa00cda0695a26980d4853e1d0b65edac,released_modified_libero,300,test,astra-pi05-ood-distributed-20260924-3,8f1b596c06d4d18dffe8292176f58feae00a7f34c3c9d9c53878229b45a6279f,abd02936748a5421a5864a9d5751fbb1abe930b91626aae4f2408b141fd361c3,aac4b0de94fbf39d2f7d70d13236cfa2287d226403fb57614c811ea641c5b489,3d768b00c00dc99e17f0d4c4b0f751bb04a35140990d9188648ffff61708f070,False
matched_fresh_noise,libero_spatial_ood:task3:state1,libero_spatial_ood,3,1,7,True,90,85.15546720894054,7200,0,0,0,0,0,,bb1ce0732c1b8dbeac798b0f1e9b35957b5f17b12edb61744b1a060a71d085b8,released_modified_libero,300,test,astra-pi05-ood-distributed-20260924-3,5993df12f5bd20fddaea821a1cf649380abfdeed10222a4924934120e261e39d,e6082dec50d020df8a41fa314b10af8738ab73fe6a870fd64fa943c8c2677cd5,aac4b0de94fbf39d2f7d70d13236cfa2287d226403fb57614c811ea641c5b489,bad796b32547a5408b5cbe237e39285df47dc2b66a4ac3f4309f6127e123bd6a,False
matched_fresh_noise,libero_spatial_ood:task3:state2,libero_spatial_ood,3,2,7,True,100,91.17789418800385,8000,0,0,0,0,0,,075b7228ca42329acf3842a172e9f8a33e7c917c9c10e3e67af6382602588c5f,released_modified_libero,300,test,astra-pi05-ood-steering-20260924-1,d749f537625b8f5dcc93d50e9eb59f019c1c1f40585d20dc40ef1fe0ed21f6a5,daf1a50f121dece25b8f5c7a0736bb5a0276f49e9324f32b0148203b746bab95,aac4b0de94fbf39d2f7d70d13236cfa2287d226403fb57614c811ea641c5b489,685a015a44b2901e7104fc8e717da702d097724303b96514924d77e9c5448e89,False
matched_fresh_noise,libero_spatial_ood:task3:state3,libero_spatial_ood,3,3,7,True,97,94.9139560850017,8000,0,0,0,0,0,,e5b827300873d7c7c08d1187d8c6863cabc12079dcfad084eb9bc61af5174ea3,released_modified_libero,300,test,astra-pi05-ood-steering-20260924-1,d749f537625b8f5dcc93d50e9eb59f019c1c1f40585d20dc40ef1fe0ed21f6a5,61bd9ed1aff539734946c6b0d9728f4e6f57e6594974f3b37f6c6a8fa3644a2f,aac4b0de94fbf39d2f7d70d13236cfa2287d226403fb57614c811ea641c5b489,5d375f728d8d6e764316917d0f8f35daf2353ae43aa046bf2695b6b6595fccc5,False
matched_fresh_noise,libero_spatial_ood:task3:state4,libero_spatial_ood,3,4,7,True,101,95.82382234199758,8400,0,0,0,0,0,,ae0693002a4ed9662c11fd693a01818281435850768f5cd8718dc38a7ce85a6b,released_modified_libero,300,test,astra-pi05-ood-steering-20260924-1,d749f537625b8f5dcc93d50e9eb59f019c1c1f40585d20dc40ef1fe0ed21f6a5,ea05a224f3a52f10c66910c1dab4983b96eed827880a0482dfd019dc1bcbb9a4,aac4b0de94fbf39d2f7d70d13236cfa2287d226403fb57614c811ea641c5b489,2d5e7ee0833288a615f12bae2073b8c07a5768d64bb85f73d334d7c73eda1f9d,False
matched_fresh_noise,libero_spatial_ood:task3:state5,libero_spatial_ood,3,5,7,True,93,85.64835666900035,7600,0,0,0,0,0,,3f211a047d7c699984375d211615f6c69439ab450d15f3dbcc7f6905bb502bab,released_modified_libero,300,test,astra-pi05-ood-steering-20260924-1,d749f537625b8f5dcc93d50e9eb59f019c1c1f40585d20dc40ef1fe0ed21f6a5,7503be9705121bf691fdf01fae57246a6050f0a96821521f03ade041cc709670,aac4b0de94fbf39d2f7d70d13236cfa2287d226403fb57614c811ea641c5b489,b7430596cd4c9970161b9ea219858027f250f98b1b3744bfffe992a5b395b571,False
matched_fresh_noise,libero_spatial_ood:task3:state6,libero_spatial_ood,3,6,7,True,97,103.25028148014098,8000,0,0,0,0,0,,7ee4a431edab8cfa1d97fb783546c03429e8f40e2d927b1fef29a1395740fa72,released_modified_libero,300,test,astra-pi05-ood-distributed-20260924-1,5eff8b7c9cec2a4864481235ad15cd95bc68de5b1efe4ac530bc26b3eb51e6e4,98dd8a081ca4cea75cfdf731f79b934d4e08985c7368401045aba17d8e699fdf,aac4b0de94fbf39d2f7d70d13236cfa2287d226403fb57614c811ea641c5b489,4536298fddaf938e85f0f4c432e9685e5ed6dbb16dd0f070f4352fde88a2c1bc,False
matched_fresh_noise,libero_spatial_ood:task3:state7,libero_spatial_ood,3,7,7,True,92,99.33755235909484,7600,0,0,0,0,0,,1ded6dc66f08e7cf45602e9c8bef4762ab2e8179500113ce71c52398f16f4a0c,released_modified_libero,300,test,astra-pi05-ood-distributed-20260924-1,7ae6bf1aa44bf9f10593da369d17b404ab221ae2db1a43a85589e1faaef4b43c,82f2d2b9f9daed02cf260e8ea8d36dec29a7caca5b7c35337545e97868a9b473,aac4b0de94fbf39d2f7d70d13236cfa2287d226403fb57614c811ea641c5b489,73bcf453b1e0d7f175b5cfe70a27ac44c382b348ab047670b25086da70bcecae,False
matched_fresh_noise,libero_spatial_ood:task3:state8,libero_spatial_ood,3,8,7,True,97,96.84848520206288,8000,0,0,0,0,0,,beff22ccb8777798a520bea399f4238d3dcab4652cb9e4bc6ee033ae8be5614a,released_modified_libero,300,test,astra-pi05-ood-distributed-20260924-1,bd4090846602fed467c85f473c8a97892271196742fb942db1f84da85f485879,b22c6cef128d7a3e51b87b5db1739085caf6c294958aaf540eaab21a6e7847d5,aac4b0de94fbf39d2f7d70d13236cfa2287d226403fb57614c811ea641c5b489,84cfef6c66cb5f14028d053714879276f7f846fd496960bf8c9499be3098f3d6,False
matched_fresh_noise,libero_spatial_ood:task3:state9,libero_spatial_ood,3,9,7,True,87,85.05364776100032,7200,0,0,0,0,0,,b4dac74b2d2abef13d633a3dc3311fb24762740f9f6a9865993b257e0bdc0f19,released_modified_libero,300,test,astra-pi05-ood-distributed-20260924-1,15733e032488815e880a7e7b9a5bf9fcd06752055cf00dc95a27f65f35b8d026,29d95168795980a4e9a8025c2fe0749043ecf62d95532c37c0ff9bcf661a1089,aac4b0de94fbf39d2f7d70d13236cfa2287d226403fb57614c811ea641c5b489,bb92d4e98cdc921ac5439512d80ca818c7fef0474ea649e226a4b0e2e8140347,False
matched_fresh_noise,libero_spatial_ood:task4:state0,libero_spatial_ood,4,0,7,False,300,291.5603717688937,24000,0,0,0,0,0,,28df671666928058e8db710a67f3d6f4b4b1e08d6496a1ea6736906a119fcc7c,released_modified_libero,300,test,astra-pi05-ood-distributed-20260924-2,6fb6dc3e5d4fcff2abaaa32bb3ae314b4aff2ceb4432ebcdff32111cdf64e682,47afb9af1503a23286d5c3bda628311003d1f3e4ef836b8579c6eb70e1e6de01,aac4b0de94fbf39d2f7d70d13236cfa2287d226403fb57614c811ea641c5b489,fa0188a614a5865c706b3261e6773b7202452941c2cef8323c4620c599284ce6,False
matched_fresh_noise,libero_spatial_ood:task4:state1,libero_spatial_ood,4,1,7,False,300,289.9809579651337,24000,0,0,0,0,0,,659b4bbfe3f8c9889a30d67143c8059cd30a43fa64cc124415eef43137fafa11,released_modified_libero,300,test,astra-pi05-ood-distributed-20260924-2,564fc16c386ef74451d7ecd3192d3a17156831ffaa0b5b5434116dcccff440dc,23b87b929a4eee2d0d20f6b8377583b1755f122aef29052063215099648a42bf,aac4b0de94fbf39d2f7d70d13236cfa2287d226403fb57614c811ea641c5b489,bbb1c69871eecff3c7cf4bb41c10836720fcffc98c1d62ba9bea5ee47b864390,False
matched_fresh_noise,libero_spatial_ood:task4:state2,libero_spatial_ood,4,2,7,False,300,288.3157551488839,24000,0,0,0,0,0,,2587117c4e41648214a92b7e6cafd391c9dddfb64c996711a78f0e023ace82b0,released_modified_libero,300,test,astra-pi05-ood-distributed-20260924-2,c9e0c89dcc5465ae8c0b5d27dd78b454248af5a2d4d444ef87f139d047246d48,633cc04b74eb1a15e8b9a51df05458c11821211c375e5a299105f3391786e6c2,aac4b0de94fbf39d2f7d70d13236cfa2287d226403fb57614c811ea641c5b489,990fee20defb5925b2e082e98f7ad98bb4e8c5f16ecf68c6f121f2cc93397169,False
matched_fresh_noise,libero_spatial_ood:task4:state3,libero_spatial_ood,4,3,7,False,300,310.48737388220616,24000,0,0,0,0,0,,acf9a422359310f3d0a8b68acf7abf0608a998b16c934f90497fc242b61d2653,released_modified_libero,300,test,astra-pi05-ood-distributed-20260924-2,41656f0f623c0d72c869f775aaae260c407291f5bcb36f2f9ab2576d3b06b84f,9c98d901c829a39b5305ca77900114fd0fd415e695dc50c14f2539a80b380b34,aac4b0de94fbf39d2f7d70d13236cfa2287d226403fb57614c811ea641c5b489,747a7afca3477aacce1032c419183ebc0fc01560386e79226f76e2d754569b86,False
matched_fresh_noise,libero_spatial_ood:task4:state4,libero_spatial_ood,4,4,7,False,300,283.4732813250739,24000,0,0,0,0,0,,30fc8f0fe6120c8b51f8b84094c9a12dbaea52cd9ac52f7ae935299fddbe3463,released_modified_libero,300,test,astra-pi05-ood-distributed-20260924-3,082c128179e6a001539f107d3740693163d543e88187f172840bfaa1c3b04a63,163bc959efc8860333d34bb7466eb70c0b66729c8c013cd695e171d92f0a95ce,aac4b0de94fbf39d2f7d70d13236cfa2287d226403fb57614c811ea641c5b489,4ce2147330dbcd5d56011c61e305570ac41b4463d46c7a3514349da5b2f3934b,False
matched_fresh_noise,libero_spatial_ood:task4:state5,libero_spatial_ood,4,5,7,False,300,311.0030839610845,24000,0,0,0,0,0,,11344f336c62c0bd91acfe2beefe5c98cdb131e45f4c9d7244f3cd749ab1df16,released_modified_libero,300,test,astra-pi05-ood-distributed-20260924-3,c82e8be077b62460553076411d12b7b16f8e0f5d346d69c20fab46d704c8e868,e21d53c13b6f7bd6bef0e2b6ea301a6173e9ac16b94357bea6d79d8420f87a01,aac4b0de94fbf39d2f7d70d13236cfa2287d226403fb57614c811ea641c5b489,a8800f9d950a0b1398b00d477aac54ce828fe774a6988a9421a3b8913f97bfa1,False
matched_fresh_noise,libero_spatial_ood:task4:state6,libero_spatial_ood,4,6,7,False,300,303.04739332781173,24000,0,0,0,0,0,,702e65a82b5ee331737c963b41ff781fcff94d7f8491c9adfb29f9f997dc9272,released_modified_libero,300,test,astra-pi05-ood-distributed-20260924-3,8f1b596c06d4d18dffe8292176f58feae00a7f34c3c9d9c53878229b45a6279f,9f3491cd9e27e5f9859563a9e94f13ae017b0c004c2f7f3bd61e5c8857ce2e2c,aac4b0de94fbf39d2f7d70d13236cfa2287d226403fb57614c811ea641c5b489,d1fbe94c9b7b01888b91b6ad02999d328b5b19def94c8a75b9fe59e8f2ad5a7e,False
matched_fresh_noise,libero_spatial_ood:task4:state7,libero_spatial_ood,4,7,7,False,300,283.3684782560449,24000,0,0,0,0,0,,f2e081173d41098ea435d16605ffe01a25e4961c8aea2746c2e42ac6a97d5b1f,released_modified_libero,300,test,astra-pi05-ood-distributed-20260924-3,5993df12f5bd20fddaea821a1cf649380abfdeed10222a4924934120e261e39d,2f53d219c3f16c703ebcf864ff5aaff731632ae0771959e1fc9e0cf54cc8a18c,aac4b0de94fbf39d2f7d70d13236cfa2287d226403fb57614c811ea641c5b489,ccdbf13f7c11f90a6b46959aa2fba974f12896e003e9c8f6bd61c94c59a1af27,False
matched_fresh_noise,libero_spatial_ood:task4:state8,libero_spatial_ood,4,8,7,False,300,271.9559110199989,24000,0,0,0,0,0,,c98aef39bbd257468322a49408f7cbbe74d01febc3be3310e10355ac6fed31fe,released_modified_libero,300,test,astra-pi05-ood-steering-20260924-1,d749f537625b8f5dcc93d50e9eb59f019c1c1f40585d20dc40ef1fe0ed21f6a5,b2adfbeabe38b3f5d4ee43c51d139840938f4c2ea93e37e18307226834a44660,aac4b0de94fbf39d2f7d70d13236cfa2287d226403fb57614c811ea641c5b489,8d9e2fdfdb37a06f4da73c554ce4f019ddeda9c0e596e1762128a799f5e28cf1,False
matched_fresh_noise,libero_spatial_ood:task4:state9,libero_spatial_ood,4,9,7,False,300,283.03369172100065,24000,0,0,0,0,0,,ef0777e8615c38b442afb7406ef3ee3b551a2079eacf1daabd328a72c4062694,released_modified_libero,300,test,astra-pi05-ood-steering-20260924-1,d749f537625b8f5dcc93d50e9eb59f019c1c1f40585d20dc40ef1fe0ed21f6a5,fad60840b235b4716fd6d2538af5865b52a1d495476a283ac58cc08f19f3587d,aac4b0de94fbf39d2f7d70d13236cfa2287d226403fb57614c811ea641c5b489,fcba07961f38b5e778d5eb2771eafc54dac6d56e121cb553c4f20768484f21f7,False
matched_fresh_noise,libero_spatial_ood:task5:state0,libero_spatial_ood,5,0,7,False,300,274.85046115899604,24000,0,0,0,0,0,,bb490c379779d494c61487ab7000e3e6d431e845d6d5d4f36b907109f8d7ae56,released_modified_libero,300,test,astra-pi05-ood-steering-20260924-1,d749f537625b8f5dcc93d50e9eb59f019c1c1f40585d20dc40ef1fe0ed21f6a5,373ac94789d410103a38022a9c6c477c0e23f7c5b684554fc3d2d2099184a5f5,aac4b0de94fbf39d2f7d70d13236cfa2287d226403fb57614c811ea641c5b489,fa0188a614a5865c706b3261e6773b7202452941c2cef8323c4620c599284ce6,False
matched_fresh_noise,libero_spatial_ood:task5:state1,libero_spatial_ood,5,1,7,False,300,269.69573179299914,24000,0,0,0,0,0,,00d2cbaae74ad116a68d1dad01ffaf8ca9e78ea0e97f33052df5f29c63094a00,released_modified_libero,300,test,astra-pi05-ood-steering-20260924-1,d749f537625b8f5dcc93d50e9eb59f019c1c1f40585d20dc40ef1fe0ed21f6a5,05bc57d38c6160792c2c3ff565639bde829bc8812bd1e3d4cafcbdcb4325aa86,aac4b0de94fbf39d2f7d70d13236cfa2287d226403fb57614c811ea641c5b489,92bd25b866d76c483d76f5cb05ca1e70565edc1e17e3532fe697883ad52e335b,False
matched_fresh_noise,libero_spatial_ood:task5:state2,libero_spatial_ood,5,2,7,False,300,306.7976640628185,24000,0,0,0,0,0,,92e79b4b733f630eb44201350bfb19509c9b3127eb93ddb4910c50e0c04a2cc5,released_modified_libero,300,test,astra-pi05-ood-distributed-20260924-1,5eff8b7c9cec2a4864481235ad15cd95bc68de5b1efe4ac530bc26b3eb51e6e4,0ae7e14a6b8db5c4541894649110a89798d48899b54cf632805c98d42f811e00,aac4b0de94fbf39d2f7d70d13236cfa2287d226403fb57614c811ea641c5b489,73b5813f2630615c844f42f6a565206a36451984f6e581f92773ecf33d4a5ed1,False
matched_fresh_noise,libero_spatial_ood:task5:state3,libero_spatial_ood,5,3,7,False,300,310.6737163080834,24000,0,0,0,0,0,,8f3fc19e609fee93e159d5184c67f44e3d81e6134141718bcfe133ae61ae4be5,released_modified_libero,300,test,astra-pi05-ood-distributed-20260924-1,7ae6bf1aa44bf9f10593da369d17b404ab221ae2db1a43a85589e1faaef4b43c,23bdd2fe13c9c81610ef9e2b0e0d7a1fc5ba7fb3ab2cf69055561ff3f9c7ef96,aac4b0de94fbf39d2f7d70d13236cfa2287d226403fb57614c811ea641c5b489,e2fdc7ec2ba958e129af3ecd9f7fbf370e8b85803fa6b326fcbe2a464eccf728,False
matched_fresh_noise,libero_spatial_ood:task5:state4,libero_spatial_ood,5,4,7,False,300,292.39606706704944,24000,0,0,0,0,0,,22d7504edbf70eb1daff7df3f0bc2a5f436b9f8f1f1a1efea134e2509c36b129,released_modified_libero,300,test,astra-pi05-ood-distributed-20260924-1,bd4090846602fed467c85f473c8a97892271196742fb942db1f84da85f485879,f1807dc38a95f7abfc19db74a17e09620aeec66cd2b432ec21f4213505fd8eed,aac4b0de94fbf39d2f7d70d13236cfa2287d226403fb57614c811ea641c5b489,8b422fcaa23a5ac72c2d2b649e9af29141b71acfc0c02a793b17fa5d2c263279,False
matched_fresh_noise,libero_spatial_ood:task5:state5,libero_spatial_ood,5,5,7,False,300,283.508128328016,24000,0,0,0,0,0,,b4c1fa73e85489da8201b8bc688c01c82d8020fe85f62c2d823b9c660adb4369,released_modified_libero,300,test,astra-pi05-ood-distributed-20260924-1,15733e032488815e880a7e7b9a5bf9fcd06752055cf00dc95a27f65f35b8d026,464622d14d2a5afb271fb1e81fe98fd2c58b2835d31d725a3551b501ebfbfc30,aac4b0de94fbf39d2f7d70d13236cfa2287d226403fb57614c811ea641c5b489,7e1f88e916bdc475553d763d0d685855dd9078e2d666c1dd445aaf4d14de0d33,False
matched_fresh_noise,libero_spatial_ood:task5:state6,libero_spatial_ood,5,6,7,False,300,292.6786055311095,24000,0,0,0,0,0,,e3510e6780e57d456afe389f741868bec4beccf7691b3c17655b3192ab0e5043,released_modified_libero,300,test,astra-pi05-ood-distributed-20260924-2,6fb6dc3e5d4fcff2abaaa32bb3ae314b4aff2ceb4432ebcdff32111cdf64e682,2df51c9b7d21307356167a2d342ccc49e639eeff6c33cc526f6b5235d90245d9,aac4b0de94fbf39d2f7d70d13236cfa2287d226403fb57614c811ea641c5b489,6d7deb3bd17c4b22ed0633b8a94a4afa99adbf3b9b0a1e407714e7debdfd1170,False
matched_fresh_noise,libero_spatial_ood:task5:state7,libero_spatial_ood,5,7,7,False,300,289.860642316984,24000,0,0,0,0,0,,822b2423df235a741d4ac239df22fe45e321e2786168558c1a72329620734d81,released_modified_libero,300,test,astra-pi05-ood-distributed-20260924-2,564fc16c386ef74451d7ecd3192d3a17156831ffaa0b5b5434116dcccff440dc,818b76c649e268491a7b7b595de8669b0482e271e013a3a27d26ef7ae8fe73da,aac4b0de94fbf39d2f7d70d13236cfa2287d226403fb57614c811ea641c5b489,e9ab05dcc3e07b0eec20763833eaf682034af090fcce94e283f5ca2a8e415627,False
matched_fresh_noise,libero_spatial_ood:task5:state8,libero_spatial_ood,5,8,7,False,300,289.2280278841499,24000,0,0,0,0,0,,80c2b8a650ec4d68f4df7c7a6b4e66f27d4fcf0b5139b93be3bf1d903acbb052,released_modified_libero,300,test,astra-pi05-ood-distributed-20260924-2,c9e0c89dcc5465ae8c0b5d27dd78b454248af5a2d4d444ef87f139d047246d48,40e9be38f0fed8a9d6acee21f08b477514c45eb4fa6f3881cef639b3bc9f01ef,aac4b0de94fbf39d2f7d70d13236cfa2287d226403fb57614c811ea641c5b489,6765a7ed64401549b929bb889e7e574e706b8b8b2c91d5da5136f7caff8bb1d2,False
matched_fresh_noise,libero_spatial_ood:task5:state9,libero_spatial_ood,5,9,7,False,300,312.2145004130434,24000,0,0,0,0,0,,db4b60a4b04fa979ff8b99c468d8f01bc9f2302568246d7bfec1b02563a129eb,released_modified_libero,300,test,astra-pi05-ood-distributed-20260924-2,41656f0f623c0d72c869f775aaae260c407291f5bcb36f2f9ab2576d3b06b84f,81ad658a003304ab92fe967c0fb9e07c3cf31abd55160e010171b9f7e609a365,aac4b0de94fbf39d2f7d70d13236cfa2287d226403fb57614c811ea641c5b489,b58154960e74ba86b060819dab34b3549f4565084914d06e92367bf549e4dc14,False
matched_fresh_noise,libero_spatial_ood:task6:state0,libero_spatial_ood,6,0,7,False,300,283.9581946299877,24000,0,0,0,0,0,,9631908702cf67947cc17c362d249ffd2d1d6ddaf2e04761cb1b8059aed1a775,released_modified_libero,300,test,astra-pi05-ood-distributed-20260924-3,082c128179e6a001539f107d3740693163d543e88187f172840bfaa1c3b04a63,b889e34f194745e6aeb1ad49d04650834d649e981c7e09b8ee3ad9faeac6a88c,aac4b0de94fbf39d2f7d70d13236cfa2287d226403fb57614c811ea641c5b489,8db44885465434ba44e553861b64dda02657fbad445db67434b7a3dcd7b1fa8b,False
matched_fresh_noise,libero_spatial_ood:task6:state1,libero_spatial_ood,6,1,7,False,300,309.1702269669622,24000,0,0,0,0,0,,2d0c6fbe39c41d2a0ba5e5a118732ef60417719f48d742bb23a333dbbe6d9ce1,released_modified_libero,300,test,astra-pi05-ood-distributed-20260924-3,c82e8be077b62460553076411d12b7b16f8e0f5d346d69c20fab46d704c8e868,4f930f1f2b6570b03d3f4f5424c96c339fefe2ea6c7b718ee0b31cc4e34d897e,aac4b0de94fbf39d2f7d70d13236cfa2287d226403fb57614c811ea641c5b489,bbb1c69871eecff3c7cf4bb41c10836720fcffc98c1d62ba9bea5ee47b864390,False
matched_fresh_noise,libero_spatial_ood:task6:state2,libero_spatial_ood,6,2,7,False,300,303.53146791807376,24000,0,0,0,0,0,,e009e4bb8c37edc4a6fa67e039434d4a92b514b6fa5d6b4eb3ee0c42c895abf5,released_modified_libero,300,test,astra-pi05-ood-distributed-20260924-3,8f1b596c06d4d18dffe8292176f58feae00a7f34c3c9d9c53878229b45a6279f,2fea8597ede2926a7e91e66f1956f923ee366548d528a9d3d6a6d7baeabb4b27,aac4b0de94fbf39d2f7d70d13236cfa2287d226403fb57614c811ea641c5b489,d2d83639dc476c98ee278ecc1053829f5af293dd389523df91e275f01cb59431,False
matched_fresh_noise,libero_spatial_ood:task6:state3,libero_spatial_ood,6,3,7,False,300,286.15319972508587,24000,0,0,0,0,0,,2ac2982feb75b9490316990fdcdea695204b4876f6890f97d793074ede967fb6,released_modified_libero,300,test,astra-pi05-ood-distributed-20260924-3,5993df12f5bd20fddaea821a1cf649380abfdeed10222a4924934120e261e39d,c69c2be922e51c0ad2976f29e70e6abee76b589dcd7ed01c92c2f247153ccc54,aac4b0de94fbf39d2f7d70d13236cfa2287d226403fb57614c811ea641c5b489,94febe56b887563c816fe0b781804b810f82a49e94544d4518cfb544e00a5ca2,False
matched_fresh_noise,libero_spatial_ood:task6:state4,libero_spatial_ood,6,4,7,False,300,274.10514513999806,24000,0,0,0,0,0,,1971ba8551f7bda8e71131e88a335ded1ce032ef16ceb6dea4f0c42a705d3420,released_modified_libero,300,test,astra-pi05-ood-steering-20260924-1,d749f537625b8f5dcc93d50e9eb59f019c1c1f40585d20dc40ef1fe0ed21f6a5,e504b1c3ec4e94f6f378441b084d4275ad33f14e464f7f2e306dfcc3802c09a8,aac4b0de94fbf39d2f7d70d13236cfa2287d226403fb57614c811ea641c5b489,7377342da6513e1794c0a3d24ce002e999423ed02c0602cfb5bdbd10adc42ed3,False
matched_fresh_noise,libero_spatial_ood:task6:state5,libero_spatial_ood,6,5,7,False,300,283.41496721099975,24000,0,0,0,0,0,,7a69386f85bcd8ee9bde345e8cdce133f92b7fe344c425c82762c807a0fcab64,released_modified_libero,300,test,astra-pi05-ood-steering-20260924-1,d749f537625b8f5dcc93d50e9eb59f019c1c1f40585d20dc40ef1fe0ed21f6a5,3f88e573e78cee255d05bab39a4e27fa65253fa2775c7af948fc33c1b73e1daa,aac4b0de94fbf39d2f7d70d13236cfa2287d226403fb57614c811ea641c5b489,1159329a20845d79660005c869d2ec661810a8431f52c9ec5b488e5caa6104b6,False
matched_fresh_noise,libero_spatial_ood:task6:state6,libero_spatial_ood,6,6,7,False,300,274.1116713110023,24000,0,0,0,0,0,,46fa048b108b573586df1ad23690d33516b9159fd03a69c660f4edf432de8f65,released_modified_libero,300,test,astra-pi05-ood-steering-20260924-1,d749f537625b8f5dcc93d50e9eb59f019c1c1f40585d20dc40ef1fe0ed21f6a5,57ec4129100a593c27765ad83355fd92fc033ac6eaab21a6f83d97ae02e0c1f9,aac4b0de94fbf39d2f7d70d13236cfa2287d226403fb57614c811ea641c5b489,a91987ee6806f7b0d81399a139297d05b4881186b48de816e074a063c64486f6,False
matched_fresh_noise,libero_spatial_ood:task6:state7,libero_spatial_ood,6,7,7,False,300,270.8708944480022,24000,0,0,0,0,0,,0127648a698f54937fd88e350037e04eb135a7329073ed1fd9012f8896f11660,released_modified_libero,300,test,astra-pi05-ood-steering-20260924-1,d749f537625b8f5dcc93d50e9eb59f019c1c1f40585d20dc40ef1fe0ed21f6a5,bca222bd0c643ca6a652ba46ec9c9179a4c32e8cd6ce1434dfa62a090057e3d9,aac4b0de94fbf39d2f7d70d13236cfa2287d226403fb57614c811ea641c5b489,879d7114db3ef0088e190ee819e57f72e2ec93ddbfefbd9bd3e1889137795634,False
matched_fresh_noise,libero_spatial_ood:task6:state8,libero_spatial_ood,6,8,7,False,300,308.0346715550404,24000,0,0,0,0,0,,fd80c56cb5c0f8fc96a0dcdc5988289735da894579e7e20ab09383337419eff1,released_modified_libero,300,test,astra-pi05-ood-distributed-20260924-1,5eff8b7c9cec2a4864481235ad15cd95bc68de5b1efe4ac530bc26b3eb51e6e4,ff170cb9586c8e73abe43d37f05a5dff6fd9e4a1df205b50537466996d85f800,aac4b0de94fbf39d2f7d70d13236cfa2287d226403fb57614c811ea641c5b489,5b797e18d7d13978144fc64c77a520f641c24daee83d06f2d709e6f46f111d55,False
matched_fresh_noise,libero_spatial_ood:task6:state9,libero_spatial_ood,6,9,7,False,300,311.87622230290435,24000,0,0,0,0,0,,c7963e4ed6dfefc079110a8576d0263386b7624f41b1f2c234f5e328a7eac675,released_modified_libero,300,test,astra-pi05-ood-distributed-20260924-1,7ae6bf1aa44bf9f10593da369d17b404ab221ae2db1a43a85589e1faaef4b43c,101431a9c3be90cd3070af88022011fbdfc68c1d2a057fccc94dffdaee00366a,aac4b0de94fbf39d2f7d70d13236cfa2287d226403fb57614c811ea641c5b489,7ff1cb14d9f6a72e6b1b69db5fe94b6d0b3c7ea52a11d3034827996205814332,False
matched_fresh_noise,libero_spatial_ood:task7:state0,libero_spatial_ood,7,0,7,False,300,291.9760050200857,24000,0,0,0,0,0,,9631908702cf67947cc17c362d249ffd2d1d6ddaf2e04761cb1b8059aed1a775,released_modified_libero,300,test,astra-pi05-ood-distributed-20260924-1,bd4090846602fed467c85f473c8a97892271196742fb942db1f84da85f485879,abe88d03adc3f3af3eb38b38d88e0c7a99972c85c19ef465b32e5b06ad34755d,aac4b0de94fbf39d2f7d70d13236cfa2287d226403fb57614c811ea641c5b489,8db44885465434ba44e553861b64dda02657fbad445db67434b7a3dcd7b1fa8b,False
matched_fresh_noise,libero_spatial_ood:task7:state1,libero_spatial_ood,7,1,7,False,300,285.6662138791289,24000,0,0,0,0,0,,2d0c6fbe39c41d2a0ba5e5a118732ef60417719f48d742bb23a333dbbe6d9ce1,released_modified_libero,300,test,astra-pi05-ood-distributed-20260924-1,15733e032488815e880a7e7b9a5bf9fcd06752055cf00dc95a27f65f35b8d026,8de92be4e5d4be0a34bafa3dab6571b6f2964c75d105f179fcbe1d015b0c5444,aac4b0de94fbf39d2f7d70d13236cfa2287d226403fb57614c811ea641c5b489,bbb1c69871eecff3c7cf4bb41c10836720fcffc98c1d62ba9bea5ee47b864390,False
matched_fresh_noise,libero_spatial_ood:task7:state2,libero_spatial_ood,7,2,7,False,300,289.90365674183704,24000,0,0,0,0,0,,e009e4bb8c37edc4a6fa67e039434d4a92b514b6fa5d6b4eb3ee0c42c895abf5,released_modified_libero,300,test,astra-pi05-ood-distributed-20260924-2,6fb6dc3e5d4fcff2abaaa32bb3ae314b4aff2ceb4432ebcdff32111cdf64e682,ef5d62c6ea9cd8b71011cfa620154f5eb1864db41669e8d263fa9e7bc5737590,aac4b0de94fbf39d2f7d70d13236cfa2287d226403fb57614c811ea641c5b489,d2d83639dc476c98ee278ecc1053829f5af293dd389523df91e275f01cb59431,False
matched_fresh_noise,libero_spatial_ood:task7:state3,libero_spatial_ood,7,3,7,False,300,289.01946316706017,24000,0,0,0,0,0,,2ac2982feb75b9490316990fdcdea695204b4876f6890f97d793074ede967fb6,released_modified_libero,300,test,astra-pi05-ood-distributed-20260924-2,564fc16c386ef74451d7ecd3192d3a17156831ffaa0b5b5434116dcccff440dc,68a51ecfa825a143b1a5efffd54106a4fc99b4d3a879cd925721938192e4d86f,aac4b0de94fbf39d2f7d70d13236cfa2287d226403fb57614c811ea641c5b489,94febe56b887563c816fe0b781804b810f82a49e94544d4518cfb544e00a5ca2,False
matched_fresh_noise,libero_spatial_ood:task7:state4,libero_spatial_ood,7,4,7,False,300,289.34854115196504,24000,0,0,0,0,0,,1971ba8551f7bda8e71131e88a335ded1ce032ef16ceb6dea4f0c42a705d3420,released_modified_libero,300,test,astra-pi05-ood-distributed-20260924-2,c9e0c89dcc5465ae8c0b5d27dd78b454248af5a2d4d444ef87f139d047246d48,210286f22d22a2a349886a55069c0b39a1e76d468e17b668cd04e4ac56a681c3,aac4b0de94fbf39d2f7d70d13236cfa2287d226403fb57614c811ea641c5b489,7377342da6513e1794c0a3d24ce002e999423ed02c0602cfb5bdbd10adc42ed3,False
matched_fresh_noise,libero_spatial_ood:task7:state5,libero_spatial_ood,7,5,7,False,300,310.1021802839823,24000,0,0,0,0,0,,7a69386f85bcd8ee9bde345e8cdce133f92b7fe344c425c82762c807a0fcab64,released_modified_libero,300,test,astra-pi05-ood-distributed-20260924-2,41656f0f623c0d72c869f775aaae260c407291f5bcb36f2f9ab2576d3b06b84f,98048b58839f9872c89f3ea5870621559403581aeeb4c295de93486bba1d796a,aac4b0de94fbf39d2f7d70d13236cfa2287d226403fb57614c811ea641c5b489,1159329a20845d79660005c869d2ec661810a8431f52c9ec5b488e5caa6104b6,False
matched_fresh_noise,libero_spatial_ood:task7:state6,libero_spatial_ood,7,6,7,False,300,281.28305162489414,24000,0,0,0,0,0,,46fa048b108b573586df1ad23690d33516b9159fd03a69c660f4edf432de8f65,released_modified_libero,300,test,astra-pi05-ood-distributed-20260924-3,082c128179e6a001539f107d3740693163d543e88187f172840bfaa1c3b04a63,6a90eeb02858a68947d7d4dd40b87b27f6c6c447fea6190826c6ccaadf4f3d00,aac4b0de94fbf39d2f7d70d13236cfa2287d226403fb57614c811ea641c5b489,a91987ee6806f7b0d81399a139297d05b4881186b48de816e074a063c64486f6,False
matched_fresh_noise,libero_spatial_ood:task7:state7,libero_spatial_ood,7,7,7,False,300,311.0687431760598,24000,0,0,0,0,0,,0127648a698f54937fd88e350037e04eb135a7329073ed1fd9012f8896f11660,released_modified_libero,300,test,astra-pi05-ood-distributed-20260924-3,c82e8be077b62460553076411d12b7b16f8e0f5d346d69c20fab46d704c8e868,2892ef1e46a63e3304b5fc591244dc9aa6c8d9d193bae74f1085c6ef00a5f6a4,aac4b0de94fbf39d2f7d70d13236cfa2287d226403fb57614c811ea641c5b489,879d7114db3ef0088e190ee819e57f72e2ec93ddbfefbd9bd3e1889137795634,False
matched_fresh_noise,libero_spatial_ood:task7:state8,libero_spatial_ood,7,8,7,False,300,302.4158502360806,24000,0,0,0,0,0,,fd80c56cb5c0f8fc96a0dcdc5988289735da894579e7e20ab09383337419eff1,released_modified_libero,300,test,astra-pi05-ood-distributed-20260924-3,8f1b596c06d4d18dffe8292176f58feae00a7f34c3c9d9c53878229b45a6279f,c802ea139352e99025a26b5e27a9f7cb8f80a506326d576fded42b56ab363e90,aac4b0de94fbf39d2f7d70d13236cfa2287d226403fb57614c811ea641c5b489,5b797e18d7d13978144fc64c77a520f641c24daee83d06f2d709e6f46f111d55,False
matched_fresh_noise,libero_spatial_ood:task7:state9,libero_spatial_ood,7,9,7,False,300,287.64721059892327,24000,0,0,0,0,0,,c7963e4ed6dfefc079110a8576d0263386b7624f41b1f2c234f5e328a7eac675,released_modified_libero,300,test,astra-pi05-ood-distributed-20260924-3,5993df12f5bd20fddaea821a1cf649380abfdeed10222a4924934120e261e39d,42b2654756802e1281458548bd0861092dff7d91cfc5033e2855803ffde3c76a,aac4b0de94fbf39d2f7d70d13236cfa2287d226403fb57614c811ea641c5b489,7ff1cb14d9f6a72e6b1b69db5fe94b6d0b3c7ea52a11d3034827996205814332,False
matched_fresh_noise,libero_spatial_ood:task8:state0,libero_spatial_ood,8,0,7,True,97,91.19068232199788,8000,0,0,0,0,0,,15678d0ed59eccc1d3460ed19ff88d0039e963c8742787e62797f10fa3c98be2,released_modified_libero,300,test,astra-pi05-ood-steering-20260924-1,d749f537625b8f5dcc93d50e9eb59f019c1c1f40585d20dc40ef1fe0ed21f6a5,200a073b51bf2138890589f03f56dcb9687683964dd98b455ce7664b34bddbdb,aac4b0de94fbf39d2f7d70d13236cfa2287d226403fb57614c811ea641c5b489,4ea56ac4f15f411c6db1a4a27cd14b6320e2eeb16c980925e7fc57bae5b643a5,False
matched_fresh_noise,libero_spatial_ood:task8:state1,libero_spatial_ood,8,1,7,False,300,282.5276322080026,24000,0,0,0,0,0,,03dcff1d5ef54d9acf5b28766562e32e50ac509682c43737d5447b3228be055e,released_modified_libero,300,test,astra-pi05-ood-steering-20260924-1,d749f537625b8f5dcc93d50e9eb59f019c1c1f40585d20dc40ef1fe0ed21f6a5,d71a29f8cfdefe85c2b85cea72015169da407033610596dd46d932aec9aa9934,aac4b0de94fbf39d2f7d70d13236cfa2287d226403fb57614c811ea641c5b489,1daa09a63b2337d32c05b49653aab455880139633496a93c322a092420d18eaa,False
matched_fresh_noise,libero_spatial_ood:task8:state2,libero_spatial_ood,8,2,7,False,300,274.00148839600297,24000,0,0,0,0,0,,75c58f3551dadbdb9286359a87e2d3fc9c8b229c84cbc1d3700fd73f3758e9b7,released_modified_libero,300,test,astra-pi05-ood-steering-20260924-1,d749f537625b8f5dcc93d50e9eb59f019c1c1f40585d20dc40ef1fe0ed21f6a5,ae4f7437217dad8f7e79fb158fc249ec965bcdd22b8fd2a4147f3c636dded66c,aac4b0de94fbf39d2f7d70d13236cfa2287d226403fb57614c811ea641c5b489,4988caedbde53d359d55a8d1eff755eef1e38a15a1f5207915cb2aac0925caec,False
matched_fresh_noise,libero_spatial_ood:task8:state3,libero_spatial_ood,8,3,7,True,103,94.78368079700158,8400,0,0,0,0,0,,59697967cf485b199471d897c7543c92e7596356061d013cec8f7047e19dcae2,released_modified_libero,300,test,astra-pi05-ood-steering-20260924-1,d749f537625b8f5dcc93d50e9eb59f019c1c1f40585d20dc40ef1fe0ed21f6a5,17bdf19f9514b037486680448a41139f62ade77409740c3f04b9a31b5d444370,aac4b0de94fbf39d2f7d70d13236cfa2287d226403fb57614c811ea641c5b489,ead3890d434121fe42751763d9f8f44c8a76c1b470437ec44104010858024669,False
matched_fresh_noise,libero_spatial_ood:task8:state4,libero_spatial_ood,8,4,7,True,98,102.90195866697468,8000,0,0,0,0,0,,30c543bc2200a5143cef3e17b409d8c28af9bd49fc1f53ab9a657ed63011dd2f,released_modified_libero,300,test,astra-pi05-ood-distributed-20260924-1,5eff8b7c9cec2a4864481235ad15cd95bc68de5b1efe4ac530bc26b3eb51e6e4,05de80dffd70172c60a2e6cceda74129af558b4a3d627aa0a1c78488d91e5202,aac4b0de94fbf39d2f7d70d13236cfa2287d226403fb57614c811ea641c5b489,a6eed1279c91e1250ffbde19b001c40db4ffbc16149af47113f1b642c3df04eb,False
matched_fresh_noise,libero_spatial_ood:task8:state5,libero_spatial_ood,8,5,7,False,300,312.4643546848092,24000,0,0,0,0,0,,651ad77702a2130f439e35d326e4a69f69e7bd6984b2e434efc701490360c569,released_modified_libero,300,test,astra-pi05-ood-distributed-20260924-1,7ae6bf1aa44bf9f10593da369d17b404ab221ae2db1a43a85589e1faaef4b43c,ac4affa3067abf59dd94887566b3fb0e606d4b4204a55867aa7fc0fc729f8084,aac4b0de94fbf39d2f7d70d13236cfa2287d226403fb57614c811ea641c5b489,fe2fdebf54d89f6fef0e1085b4e6549b727de49e0f4b000aadb5a55d06593216,False
matched_fresh_noise,libero_spatial_ood:task8:state6,libero_spatial_ood,8,6,7,True,118,116.54666284704581,9600,0,0,0,0,0,,44b6f6c395dc422280d1e7e648b7b355989c55c3cce55ba6217b529b576ac200,released_modified_libero,300,test,astra-pi05-ood-distributed-20260924-1,bd4090846602fed467c85f473c8a97892271196742fb942db1f84da85f485879,34e5801fe53205bb177555b930e5aa273844955879f163a4cf9f4268d3ffdaf0,aac4b0de94fbf39d2f7d70d13236cfa2287d226403fb57614c811ea641c5b489,511509a99a24241fad3cd421f36087041e336e5c3320eeb061776be15024ea76,False
matched_fresh_noise,libero_spatial_ood:task8:state7,libero_spatial_ood,8,7,7,True,106,104.70341339893639,8800,0,0,0,0,0,,61e73be643290919c50d449596ba131c9afdf969fd7a0f8daf760a9dcc8a2d47,released_modified_libero,300,test,astra-pi05-ood-distributed-20260924-1,15733e032488815e880a7e7b9a5bf9fcd06752055cf00dc95a27f65f35b8d026,903ed18275747032b0577333a2380fa3e41ffd832b99e3f438e774065c073841,aac4b0de94fbf39d2f7d70d13236cfa2287d226403fb57614c811ea641c5b489,46dc76474b61491cf00d05d390cb229eddc6e7c41cfeff8eaf6c946a15c05998,False
matched_fresh_noise,libero_spatial_ood:task8:state8,libero_spatial_ood,8,8,7,True,108,112.43717047199607,8800,0,0,0,0,0,,73ec3efd90e237378fc292c12a1b188df50402357fc27272c1dc106a31ceb265,released_modified_libero,300,test,astra-pi05-ood-distributed-20260924-2,6fb6dc3e5d4fcff2abaaa32bb3ae314b4aff2ceb4432ebcdff32111cdf64e682,cb74774fd83833555ae28c7604c60d13a50298e07f46a7ba6097d0a6c25234d4,aac4b0de94fbf39d2f7d70d13236cfa2287d226403fb57614c811ea641c5b489,e669c1fea754d276b37d8e8dfd6c0071ec495f2f20c565be1d57b95bed716653,False
matched_fresh_noise,libero_spatial_ood:task8:state9,libero_spatial_ood,8,9,7,False,300,290.0686356560327,24000,0,0,0,0,0,,9c423b7ef3a930cef3869fa8fc3778e539cd6233d3c0aa7c4324f6e69957c592,released_modified_libero,300,test,astra-pi05-ood-distributed-20260924-2,564fc16c386ef74451d7ecd3192d3a17156831ffaa0b5b5434116dcccff440dc,4cfa619d214952788c939ab6067db02ecc1b220d03c7b8ef386e08be5630296f,aac4b0de94fbf39d2f7d70d13236cfa2287d226403fb57614c811ea641c5b489,ce58719a92b49b06c9d466047cb46ca80da60e6a458bc2e36162626edb780174,False
matched_fresh_noise,libero_spatial_ood:task9:state0,libero_spatial_ood,9,0,7,False,300,290.56298799603246,24000,0,0,0,0,0,,15678d0ed59eccc1d3460ed19ff88d0039e963c8742787e62797f10fa3c98be2,released_modified_libero,300,test,astra-pi05-ood-distributed-20260924-2,c9e0c89dcc5465ae8c0b5d27dd78b454248af5a2d4d444ef87f139d047246d48,c2171566d1e5d4ddd115a2919369f1e512d7f07615a14206a4860392eaa528bf,aac4b0de94fbf39d2f7d70d13236cfa2287d226403fb57614c811ea641c5b489,4ea56ac4f15f411c6db1a4a27cd14b6320e2eeb16c980925e7fc57bae5b643a5,False
matched_fresh_noise,libero_spatial_ood:task9:state1,libero_spatial_ood,9,1,7,False,300,312.10199453495443,24000,0,0,0,0,0,,03dcff1d5ef54d9acf5b28766562e32e50ac509682c43737d5447b3228be055e,released_modified_libero,300,test,astra-pi05-ood-distributed-20260924-2,41656f0f623c0d72c869f775aaae260c407291f5bcb36f2f9ab2576d3b06b84f,7e76cf7631103c6879c84d3e6b62409a1e027520ba00f83e8df9d931eea50e20,aac4b0de94fbf39d2f7d70d13236cfa2287d226403fb57614c811ea641c5b489,1daa09a63b2337d32c05b49653aab455880139633496a93c322a092420d18eaa,False
matched_fresh_noise,libero_spatial_ood:task9:state2,libero_spatial_ood,9,2,7,True,107,103.44891277491115,8800,0,0,0,0,0,,75c58f3551dadbdb9286359a87e2d3fc9c8b229c84cbc1d3700fd73f3758e9b7,released_modified_libero,300,test,astra-pi05-ood-distributed-20260924-3,082c128179e6a001539f107d3740693163d543e88187f172840bfaa1c3b04a63,85b53fdb330c7ed457df51ceef2bd2b489761c0c69a4bfcf849628809d15fdbc,aac4b0de94fbf39d2f7d70d13236cfa2287d226403fb57614c811ea641c5b489,4988caedbde53d359d55a8d1eff755eef1e38a15a1f5207915cb2aac0925caec,False
matched_fresh_noise,libero_spatial_ood:task9:state3,libero_spatial_ood,9,3,7,False,300,311.01890223799273,24000,0,0,0,0,0,,59697967cf485b199471d897c7543c92e7596356061d013cec8f7047e19dcae2,released_modified_libero,300,test,astra-pi05-ood-distributed-20260924-3,c82e8be077b62460553076411d12b7b16f8e0f5d346d69c20fab46d704c8e868,d77303334b68239985a596cb4e4d86467e7302dfee19c46a77e7938720827468,aac4b0de94fbf39d2f7d70d13236cfa2287d226403fb57614c811ea641c5b489,ead3890d434121fe42751763d9f8f44c8a76c1b470437ec44104010858024669,False
matched_fresh_noise,libero_spatial_ood:task9:state4,libero_spatial_ood,9,4,7,False,300,303.4393673900049,24000,0,0,0,0,0,,30c543bc2200a5143cef3e17b409d8c28af9bd49fc1f53ab9a657ed63011dd2f,released_modified_libero,300,test,astra-pi05-ood-distributed-20260924-3,8f1b596c06d4d18dffe8292176f58feae00a7f34c3c9d9c53878229b45a6279f,aae63b51799d4c15ba3f6598685a16ceb06d58c63e3735e7072d633fdeb05efd,aac4b0de94fbf39d2f7d70d13236cfa2287d226403fb57614c811ea641c5b489,a6eed1279c91e1250ffbde19b001c40db4ffbc16149af47113f1b642c3df04eb,False
matched_fresh_noise,libero_spatial_ood:task9:state5,libero_spatial_ood,9,5,7,False,300,287.5594246671535,24000,0,0,0,0,0,,651ad77702a2130f439e35d326e4a69f69e7bd6984b2e434efc701490360c569,released_modified_libero,300,test,astra-pi05-ood-distributed-20260924-3,5993df12f5bd20fddaea821a1cf649380abfdeed10222a4924934120e261e39d,ae23b83998e44b047419dcc178559483aa3bcb8c8c42d305c21ad86802b6782b,aac4b0de94fbf39d2f7d70d13236cfa2287d226403fb57614c811ea641c5b489,fe2fdebf54d89f6fef0e1085b4e6549b727de49e0f4b000aadb5a55d06593216,False
matched_fresh_noise,libero_spatial_ood:task9:state6,libero_spatial_ood,9,6,7,False,300,273.3989564529984,24000,0,0,0,0,0,,44b6f6c395dc422280d1e7e648b7b355989c55c3cce55ba6217b529b576ac200,released_modified_libero,300,test,astra-pi05-ood-steering-20260924-1,d749f537625b8f5dcc93d50e9eb59f019c1c1f40585d20dc40ef1fe0ed21f6a5,8e035b2c5a717b60cb47734eefabb56c3d43700e1979b04c6916d331c4c246f3,aac4b0de94fbf39d2f7d70d13236cfa2287d226403fb57614c811ea641c5b489,511509a99a24241fad3cd421f36087041e336e5c3320eeb061776be15024ea76,False
matched_fresh_noise,libero_spatial_ood:task9:state7,libero_spatial_ood,9,7,7,False,300,283.143954444,24000,0,0,0,0,0,,61e73be643290919c50d449596ba131c9afdf969fd7a0f8daf760a9dcc8a2d47,released_modified_libero,300,test,astra-pi05-ood-steering-20260924-1,d749f537625b8f5dcc93d50e9eb59f019c1c1f40585d20dc40ef1fe0ed21f6a5,c4b3d348024a50b0ebb46e17770f4934211bd8789c86a5ad33c8b751f93dff21,aac4b0de94fbf39d2f7d70d13236cfa2287d226403fb57614c811ea641c5b489,46dc76474b61491cf00d05d390cb229eddc6e7c41cfeff8eaf6c946a15c05998,False
matched_fresh_noise,libero_spatial_ood:task9:state8,libero_spatial_ood,9,8,7,False,300,274.0336093700025,24000,0,0,0,0,0,,73ec3efd90e237378fc292c12a1b188df50402357fc27272c1dc106a31ceb265,released_modified_libero,300,test,astra-pi05-ood-steering-20260924-1,d749f537625b8f5dcc93d50e9eb59f019c1c1f40585d20dc40ef1fe0ed21f6a5,0511dfa5a061621df9c49dd8d7b45fab5c3e92b11fcc718d76a0eb51fb37e827,aac4b0de94fbf39d2f7d70d13236cfa2287d226403fb57614c811ea641c5b489,e669c1fea754d276b37d8e8dfd6c0071ec495f2f20c565be1d57b95bed716653,False
matched_fresh_noise,libero_spatial_ood:task9:state9,libero_spatial_ood,9,9,7,False,300,299.93602962099976,24000,0,0,0,0,0,,9c423b7ef3a930cef3869fa8fc3778e539cd6233d3c0aa7c4324f6e69957c592,released_modified_libero,300,test,astra-pi05-ood-steering-20260924-1,d749f537625b8f5dcc93d50e9eb59f019c1c1f40585d20dc40ef1fe0ed21f6a5,43f064a770a6b625c203de565ad7ff5deaad65e5a0a3615fa470e02827de3dda,aac4b0de94fbf39d2f7d70d13236cfa2287d226403fb57614c811ea641c5b489,ce58719a92b49b06c9d466047cb46ca80da60e6a458bc2e36162626edb780174,False
matched_reused_noise,libero_goal_ood:task0:state0,libero_goal_ood,0,0,7,False,300,279.7302957120046,24000,0,0,0,0,0,,773f08d7590969699c6094221327a8665249ca64ccb56ace8312cd4e5232f221,released_modified_libero,300,test,astra-pi05-ood-steering-20260924-1,11477af765be454e2720fb294e0c06f316b7bd641a5b2f359e16e180e8567a91,38aadd94f9c3db3bd3c2e4ff1065b6415386c538dbfee4784b2cf0d55b334cbf,f9b51a9929093f8f50f6e4106ff0da562f66c287b8583c569d719fc7b8ffad5f,87cc7943d6d92d986061707c276d2e7a8f4fafd95a5bcc6a5e2d03ffd0b1e130,False
matched_reused_noise,libero_goal_ood:task0:state1,libero_goal_ood,0,1,7,True,223,210.1745007110003,18000,0,0,0,0,0,,69218d2d2a2c235ad3eb9cdd5cfa8b2f3f8be157c3070868b00a0425eea8e7c6,released_modified_libero,300,test,astra-pi05-ood-steering-20260924-1,11477af765be454e2720fb294e0c06f316b7bd641a5b2f359e16e180e8567a91,a78ef0e676d11b9eac5991a61a5dba33b060a7da93e5b86e6a0d2b287df2065a,f9b51a9929093f8f50f6e4106ff0da562f66c287b8583c569d719fc7b8ffad5f,d0caff58198486de7859d2287ba6a300f2c4aad52623e910a316b1ce4629a1fb,False
matched_reused_noise,libero_goal_ood:task0:state2,libero_goal_ood,0,2,7,False,300,280.31687984100427,24000,0,0,0,0,0,,c3ec1ed72036d84e05d2614c8db3dd2acc1e2e75045dfca05554ab28e677c37b,released_modified_libero,300,test,astra-pi05-ood-steering-20260924-1,11477af765be454e2720fb294e0c06f316b7bd641a5b2f359e16e180e8567a91,72e25d0a1d8184782d67cafa43e1459a9e66ab574a8c02fe9023728407f5378b,f9b51a9929093f8f50f6e4106ff0da562f66c287b8583c569d719fc7b8ffad5f,f77f8701c11585809fef7f9d94b487a4f7367986aa7ff8bd13807f9f4fb0b83f,False
matched_reused_noise,libero_goal_ood:task0:state3,libero_goal_ood,0,3,7,True,230,216.30484946900106,18400,0,0,0,0,0,,22a7a9d5d51f9c7c69ec2dfe29b15376e11ceb2a48922e57cf32d924a2024d8a,released_modified_libero,300,test,astra-pi05-ood-steering-20260924-1,11477af765be454e2720fb294e0c06f316b7bd641a5b2f359e16e180e8567a91,a38c922958a0b9df6f1c32219d51f77d591fdd0f05eea32f7c7b0642ac88bdc3,f9b51a9929093f8f50f6e4106ff0da562f66c287b8583c569d719fc7b8ffad5f,dc48145ea754d7dc0bbe6667a69e5ced9c796d4e06d72ae03d120dcf5f65a138,False
matched_reused_noise,libero_goal_ood:task0:state4,libero_goal_ood,0,4,7,True,108,105.75365523993969,8800,0,0,0,0,0,,06c0992cf47024abbc39330b456a4fbae6d15d374868af379c9b4ddfdff31d75,released_modified_libero,300,test,astra-pi05-ood-distributed-20260924-1,1269f0119f0d0a2af2ebbbe6822320a77b2e86e40d7f62da8a2bd201ed0f6bce,4df063ecc849e33ebbedbdddeb1666e421c02bedcec697930e66046681c44b11,f9b51a9929093f8f50f6e4106ff0da562f66c287b8583c569d719fc7b8ffad5f,4b5f83a16029fe8737976074fb8cd28c482836062036deea065632d0c35f04b3,False
matched_reused_noise,libero_goal_ood:task0:state5,libero_goal_ood,0,5,7,True,171,177.77093566698022,14000,0,0,0,0,0,,f3be2bf1676453ead6d4a413585eb2489e54bec1597562f6383ed54bd5b4b924,released_modified_libero,300,test,astra-pi05-ood-distributed-20260924-1,a39e8ca266a7c450eec8a4f0a457f2c664a213d63e15bd1ff239414553ab2e6f,c54947fa499d7de06fc16bd055db73541ed57291c116c41e9fc5e246cfb11d94,f9b51a9929093f8f50f6e4106ff0da562f66c287b8583c569d719fc7b8ffad5f,f847490c4731bc0caf879d6be84be694ac9f34c811d5b5388548e64e8618f793,False
matched_reused_noise,libero_goal_ood:task0:state6,libero_goal_ood,0,6,7,True,295,285.9919276898727,23600,0,0,0,0,0,,9f72fd5cb009e3b043bb387c236d4c92ae7410ec1776b7edccf0c75b3a866e1f,released_modified_libero,300,test,astra-pi05-ood-distributed-20260924-1,911699665f293ef26bc11e159ff25cfaaad0469e02d809c44f75b703209c8c06,2480d5b2e7f5b3010ad617bfe58b5a9e05984d25568ff9e9bf2024f2f87f7100,f9b51a9929093f8f50f6e4106ff0da562f66c287b8583c569d719fc7b8ffad5f,8c095aef6c6be65e8dac0390e1793753bedd618a510fd84b4d705cc2a8d52d0c,False
matched_reused_noise,libero_goal_ood:task0:state7,libero_goal_ood,0,7,7,False,300,302.30667600687593,24000,0,0,0,0,0,,73092b903c0b342755cc2d9edd35a68309c958353622bda2b0914b7de12eaabd,released_modified_libero,300,test,astra-pi05-ood-distributed-20260924-1,83cb4bdf24987bcea734a92a5eb9f1716a828bb6f067e6f5d0cf02c32364a621,d347542ff51c7d5c44f74606ccb1141cbbcfe0e682e75f478e0b954f9c297963,f9b51a9929093f8f50f6e4106ff0da562f66c287b8583c569d719fc7b8ffad5f,62bc5c61443bde832e8811328ae244ef36505aa5fa22af60cfb2f6b38172def3,False
matched_reused_noise,libero_goal_ood:task0:state8,libero_goal_ood,0,8,7,False,300,286.1063098909799,24000,0,0,0,0,0,,ed09e92e157d713dae781c699824106ffe9640a27207be3aeb5f1c019b16f97b,released_modified_libero,300,test,astra-pi05-ood-distributed-20260924-2,344107c1f02034ce7845b89647ccf86249a4556115b5a312a390484b232f4173,f908aab23d10c179a76f30b9a4ed934213e1ee1436c0b429f05a35501ebbdc59,f9b51a9929093f8f50f6e4106ff0da562f66c287b8583c569d719fc7b8ffad5f,f8d191df3741b798e02da273d179ac24b5413be551107e2a5f0072c248e07add,False
matched_reused_noise,libero_goal_ood:task0:state9,libero_goal_ood,0,9,7,True,173,164.99859092896804,14000,0,0,0,0,0,,3440d4830880a9d1e63c888e4dd8dcc3107a198fd65c183a2d8221fd3d9e3576,released_modified_libero,300,test,astra-pi05-ood-distributed-20260924-2,a98c79b748b134cb3bcc394ad3a44661b719ec2e2151d017817b035230d02ea4,6484c77c5de56a22f95a4c1a4f4d7703438a628809343ddbafdf0418cad89cac,f9b51a9929093f8f50f6e4106ff0da562f66c287b8583c569d719fc7b8ffad5f,71ce7c1b948295e352dadd8009eed36c2071f6b40741dfc0914adcd3567c9d03,False
matched_reused_noise,libero_goal_ood:task1:state0,libero_goal_ood,1,0,7,True,82,81.96087614493445,6800,0,0,0,0,0,,9f25523998bea7a394dc5ac25921fceab4c4dd3905f0eaab7f2343c8d8987637,released_modified_libero,300,test,astra-pi05-ood-distributed-20260924-2,1c74224ef1adfd3bc73fecba57ddf7acb492757be0935dd1e17750b9f9be2581,aa424064da87fd263ca69400a328ffb692784df7a4124c38b3a89708710bbb0f,f9b51a9929093f8f50f6e4106ff0da562f66c287b8583c569d719fc7b8ffad5f,a4bfdc5bd508e1d9cb7908190bf46fb47ca47630efb89499c92be9402ab8a5df,False
matched_reused_noise,libero_goal_ood:task1:state1,libero_goal_ood,1,1,7,True,82,79.77062521106564,6800,0,0,0,0,0,,437f9ed44fa71250a5ce437ad9244a79da728efbd6d23ef1140bd328f3183bfb,released_modified_libero,300,test,astra-pi05-ood-distributed-20260924-2,73de024835b2e8d7c3b5205d166a7f7869c62a0fc02f2a9163d0f2f48537428f,60d7e0972a7c19b8a3d12317c7701820ab1b11523f9dab702945a93787b3ee31,f9b51a9929093f8f50f6e4106ff0da562f66c287b8583c569d719fc7b8ffad5f,390fccab78efba60149d4f9aebcc51e1ae7f1eb4e3619be95c2fd71a6eaf9098,False
matched_reused_noise,libero_goal_ood:task1:state2,libero_goal_ood,1,2,7,True,76,77.56330989394337,6400,0,0,0,0,0,,5c9442bda661901aec14eab647d17e7c4456cfeb4d595d2f7583a99200b5e7ea,released_modified_libero,300,test,astra-pi05-ood-distributed-20260924-3,f5368e1b7660eeb888e66c7f2c8c1f8c1a084582a3a0a890e47b5a328b484640,f957b896c9348d099ca9e76fa272d45d3472f9cb38b01c62fdc667d1e190248b,f9b51a9929093f8f50f6e4106ff0da562f66c287b8583c569d719fc7b8ffad5f,ad5619f902d3dd40735cc1f72edcfdd9be2be3bde9c9b2e2c217920f41acd95d,False
matched_reused_noise,libero_goal_ood:task1:state3,libero_goal_ood,1,3,7,True,84,80.58892441377975,6800,0,0,0,0,0,,76163ef09393d252b13d6bff46533f23879076e0d699514be67147480fdd92f0,released_modified_libero,300,test,astra-pi05-ood-distributed-20260924-3,7172a5a19e713ee1ab3c16a0adc134897f9c5630e11cd0135389ef8db953589f,b7d551ed6bca6a22185a35b37f9c2e064496a0eb7675185ed9f453abafc40fac,f9b51a9929093f8f50f6e4106ff0da562f66c287b8583c569d719fc7b8ffad5f,eab02019deccb8cf7ee957f960cb3abc180642a236120ec4e45c56adca00c179,False
matched_reused_noise,libero_goal_ood:task1:state4,libero_goal_ood,1,4,7,True,82,82.72394105489366,6800,0,0,0,0,0,,8d1459a304b71f880b8d8d89f4be62c80bab0fe56a4204cdb6a649ec0b5b5752,released_modified_libero,300,test,astra-pi05-ood-distributed-20260924-3,b8bba962d0c620bd7614aabd18a796eb62b063a240d7edb4ea56d70a73eff550,e521ded3e3bb459445d1c3d11ee306d7b78f6eb548c955a5f70381e2d2b457a5,f9b51a9929093f8f50f6e4106ff0da562f66c287b8583c569d719fc7b8ffad5f,68eddd5824cf062a53889df391de10cf5f87c6c404a38507787223c7c325b07d,False
matched_reused_noise,libero_goal_ood:task1:state5,libero_goal_ood,1,5,7,True,85,79.9830900079105,6800,0,0,0,0,0,,ea7e971dbf8e560ff316f01cde5cce84153d1e3dbf32884969d0bfa5ad3d5544,released_modified_libero,300,test,astra-pi05-ood-distributed-20260924-3,020c3a1ebe4535a01a69bb1bb7cb0c1a3b2f934a548a8ffc18b09409389cd252,86283015ef422b45e4d6e40ce7ec031d6ffa7fbf1a227ff571db42b07f130f50,f9b51a9929093f8f50f6e4106ff0da562f66c287b8583c569d719fc7b8ffad5f,8e47460590feec83d28080a8f190eee37c582f42b54f28e5a15bf8f424cba6f1,False
matched_reused_noise,libero_goal_ood:task1:state6,libero_goal_ood,1,6,7,True,89,83.4030246090042,7200,0,0,0,0,0,,80c6f0f6a0c0d708dcdd7489f98cd8eafef3084f121210aaa3cc8496f9df664a,released_modified_libero,300,test,astra-pi05-ood-steering-20260924-1,11477af765be454e2720fb294e0c06f316b7bd641a5b2f359e16e180e8567a91,e692bf7e4618f87aab6f3b776eb1fa135416e6bd3e135139658915158a83d3e3,f9b51a9929093f8f50f6e4106ff0da562f66c287b8583c569d719fc7b8ffad5f,81b0a094e63b2b068332a6e1bff74edcd2cf69eff3d37f96e01eac7977595613,False
matched_reused_noise,libero_goal_ood:task1:state7,libero_goal_ood,1,7,7,False,300,278.67786197100213,24000,0,0,0,0,0,,5a4e92f4648fdbc1126c0f5f590108a4dbbeb9e0a07f1ce98b2fa02851209e6a,released_modified_libero,300,test,astra-pi05-ood-steering-20260924-1,11477af765be454e2720fb294e0c06f316b7bd641a5b2f359e16e180e8567a91,196b771e42804286beebda3c2cf981e97024aa692da89ce6dc711feae1bcc065,f9b51a9929093f8f50f6e4106ff0da562f66c287b8583c569d719fc7b8ffad5f,6327fb4168ddcacd7c590c4b0237d9922ff2467650cde626d7f20a4c5d7f7fd4,False
matched_reused_noise,libero_goal_ood:task1:state8,libero_goal_ood,1,8,7,True,83,78.48437709700374,6800,0,0,0,0,0,,be1f6cf054284db2a73b0629e894bddb51a9a73176a3729e0f8f8492ada1491e,released_modified_libero,300,test,astra-pi05-ood-steering-20260924-1,11477af765be454e2720fb294e0c06f316b7bd641a5b2f359e16e180e8567a91,943723c49fa7ece49d13658dc86fba7f6da10e95cb075fa5b602fd7d66d48266,f9b51a9929093f8f50f6e4106ff0da562f66c287b8583c569d719fc7b8ffad5f,f8459131fc9aed9dbe871e086296fbde84a668a043dfa07f1cd75a9c8cfc72bb,False
matched_reused_noise,libero_goal_ood:task1:state9,libero_goal_ood,1,9,7,True,80,74.47192893800093,6400,0,0,0,0,0,,d5f0c4b3c4cd825ab2cb8747628da1c9bbfa070333493d3913a79fa1ae7b43ce,released_modified_libero,300,test,astra-pi05-ood-steering-20260924-1,11477af765be454e2720fb294e0c06f316b7bd641a5b2f359e16e180e8567a91,30170a86e6a7d11f97b77451f1cd5f63bd888384c84a7780520ac0aeed1ec6f9,f9b51a9929093f8f50f6e4106ff0da562f66c287b8583c569d719fc7b8ffad5f,e05d8b5d42425550886ea0bb9a32d0f82af7f16cdbe95d0aaf08128da57580ed,False
matched_reused_noise,libero_goal_ood:task2:state0,libero_goal_ood,2,0,7,True,246,246.32363720005378,20000,0,0,0,0,0,,77393612048452ae4df4d2b79acc22fe240d1d06bb860dfea8c6855834e50a5c,released_modified_libero,300,test,astra-pi05-ood-distributed-20260924-1,1269f0119f0d0a2af2ebbbe6822320a77b2e86e40d7f62da8a2bd201ed0f6bce,81aeccc29324293e74e6550569ad874c0d403804a4c0be2c03828ba70a70a22d,f9b51a9929093f8f50f6e4106ff0da562f66c287b8583c569d719fc7b8ffad5f,a2fd6530b7b19ba8faa5c024a4032a33cafffe32124254d1904a0a3ff2ed4e2b,False
matched_reused_noise,libero_goal_ood:task2:state1,libero_goal_ood,2,1,7,True,119,122.9007035351824,9600,0,0,0,0,0,,fcc1d145f28363ce5647361a3b92d92b7ee8cc09908c7e8217888107fde34a10,released_modified_libero,300,test,astra-pi05-ood-distributed-20260924-1,a39e8ca266a7c450eec8a4f0a457f2c664a213d63e15bd1ff239414553ab2e6f,9e02bead2a37cefe5ad973fd2a8a169c133a1f239346a6197ab135e53c0793ff,f9b51a9929093f8f50f6e4106ff0da562f66c287b8583c569d719fc7b8ffad5f,4c24bf6ce76c77657ef7efb6ab55f09bb362c994a41f23d3f6b5dfbf19b6a882,False
matched_reused_noise,libero_goal_ood:task2:state2,libero_goal_ood,2,2,7,False,300,288.43971401196904,24000,0,0,0,0,0,,d4625546118d3b455ad096903bf66b86f540f14901fb63060f2f824e2496fe09,released_modified_libero,300,test,astra-pi05-ood-distributed-20260924-1,911699665f293ef26bc11e159ff25cfaaad0469e02d809c44f75b703209c8c06,114a76badcb8a5a4ba9c075b5f8cb96c816e309dca6c9df09049ed5379493024,f9b51a9929093f8f50f6e4106ff0da562f66c287b8583c569d719fc7b8ffad5f,a688f49f994bf42fa930aeb32a09f9f84c97e829bb83024bbd8ec5fe4fdf40d7,False
matched_reused_noise,libero_goal_ood:task2:state3,libero_goal_ood,2,3,7,False,300,299.29619365604594,24000,0,0,0,0,0,,4f7217d89591eabfe3c91df56e510ae9b300474d2797b6aafc4ba76786469607,released_modified_libero,300,test,astra-pi05-ood-distributed-20260924-1,83cb4bdf24987bcea734a92a5eb9f1716a828bb6f067e6f5d0cf02c32364a621,39dd73101f7d9301f0dea927481ef5bbb3decf6d1a7e7bc5736065cd46b3cff9,f9b51a9929093f8f50f6e4106ff0da562f66c287b8583c569d719fc7b8ffad5f,bb12b88e97882542d54294034a1fd0e02f4809bb6c957b47c18358410d87486f,False
matched_reused_noise,libero_goal_ood:task2:state4,libero_goal_ood,2,4,7,False,300,299.7360870989505,24000,0,0,0,0,0,,06455ca154f5059c8b312e1236b1973e00bbb94a72c37323670f208e9674b5e0,released_modified_libero,300,test,astra-pi05-ood-distributed-20260924-2,344107c1f02034ce7845b89647ccf86249a4556115b5a312a390484b232f4173,11c8df33cb6d3d1f34f08b948550da587115b61602a95f31c48f357f5534bc01,f9b51a9929093f8f50f6e4106ff0da562f66c287b8583c569d719fc7b8ffad5f,267834cecb6805b7f20d30bf3c5e1129a944c1dc3a10de1d6d2f95a3a4fde0fa,False
matched_reused_noise,libero_goal_ood:task2:state5,libero_goal_ood,2,5,7,False,300,281.62330557382666,24000,0,0,0,0,0,,bcd669dbb32fa918a44a6f13c04a91fe0b64aa3b50783a14f5b1aeffff06cc96,released_modified_libero,300,test,astra-pi05-ood-distributed-20260924-2,a98c79b748b134cb3bcc394ad3a44661b719ec2e2151d017817b035230d02ea4,e3689b970d0e4a9a67e657f468881b060930d3776373787660b1f5b1f9c7beb4,f9b51a9929093f8f50f6e4106ff0da562f66c287b8583c569d719fc7b8ffad5f,b1068affb32e473209294cd7c5160826acb9e4f5bc524d89a44b8e49016a47ea,False
matched_reused_noise,libero_goal_ood:task2:state6,libero_goal_ood,2,6,7,False,300,299.784153241897,24000,0,0,0,0,0,,2f45cf51ee44ef2b7010028864fa9cd5087f79c6f9a0a76645ca5e756665d3b2,released_modified_libero,300,test,astra-pi05-ood-distributed-20260924-2,1c74224ef1adfd3bc73fecba57ddf7acb492757be0935dd1e17750b9f9be2581,6d467df85dedc2dafd511c23829f34abb039ebabd276c09e61a1ff1ec3b2da87,f9b51a9929093f8f50f6e4106ff0da562f66c287b8583c569d719fc7b8ffad5f,b1c3ab116ed8d1e68ed0bffdc7747bc9bb80395289ab9cbf2ff142523766a1e5,False
matched_reused_noise,libero_goal_ood:task2:state7,libero_goal_ood,2,7,7,False,300,280.51743701216765,24000,0,0,0,0,0,,0654d8796456af585e9bbf6c6eb98c47cfc71bc191a673de5bd116d5c1ebeb2f,released_modified_libero,300,test,astra-pi05-ood-distributed-20260924-2,73de024835b2e8d7c3b5205d166a7f7869c62a0fc02f2a9163d0f2f48537428f,6a57a34cdc110c59f69fd5052889b27eb2ecd1e3067e1c56078989019373f099,f9b51a9929093f8f50f6e4106ff0da562f66c287b8583c569d719fc7b8ffad5f,988f6d4cef431e728869d11fd1b736f6fdecc856cfe2b99f05e3e5df01509119,False
matched_reused_noise,libero_goal_ood:task2:state8,libero_goal_ood,2,8,7,True,153,149.6895806081593,12400,0,0,0,0,0,,a156bdae1f9c5634cad598f4188e514c6f877af2fcd7d44cbeec9625f981ccc9,released_modified_libero,300,test,astra-pi05-ood-distributed-20260924-3,f5368e1b7660eeb888e66c7f2c8c1f8c1a084582a3a0a890e47b5a328b484640,3b30eb91ebb1632e8836c189f0c911e67b1758ac12d0e8116505c312b1a3dc80,f9b51a9929093f8f50f6e4106ff0da562f66c287b8583c569d719fc7b8ffad5f,30d8d8a8558ef0c7754654cf3ff3ec619e0b475502dc132ed1334e21a980047d,False
matched_reused_noise,libero_goal_ood:task2:state9,libero_goal_ood,2,9,7,True,91,89.67051486787386,7600,0,0,0,0,0,,75503f90a11d2c472cfa3d2406f30f6bf20a896da3402188e792ec46a45689a8,released_modified_libero,300,test,astra-pi05-ood-distributed-20260924-3,7172a5a19e713ee1ab3c16a0adc134897f9c5630e11cd0135389ef8db953589f,293decee90e4afe8b761b3e6d8afcaa6ebc7d0d8400fba4b6304ae57df934681,f9b51a9929093f8f50f6e4106ff0da562f66c287b8583c569d719fc7b8ffad5f,ea609e541c4cf08c341881b8c83801626ac5e24903b31dc95fdd0f872b6f8219,False
matched_reused_noise,libero_goal_ood:task3:state0,libero_goal_ood,3,0,7,False,300,288.9595712958835,24000,0,0,0,0,0,,8b94c09ee8676dda2e3515306779b44562800e6be35b51a0fc794207fb45051e,released_modified_libero,300,test,astra-pi05-ood-distributed-20260924-3,b8bba962d0c620bd7614aabd18a796eb62b063a240d7edb4ea56d70a73eff550,c23428b0bdffa25d78392bf9af7f248af5aed7610f0a4ef42f3aac2d39f98d6d,f9b51a9929093f8f50f6e4106ff0da562f66c287b8583c569d719fc7b8ffad5f,18b9618bf5bae08e4b6f3e3af6193bb9a9588b203b349c002449352961f7aac0,False
matched_reused_noise,libero_goal_ood:task3:state1,libero_goal_ood,3,1,7,False,300,282.5598712400533,24000,0,0,0,0,0,,b552d41f70be099b80f4d6610ae64b24fa9f2491cb9e28208e6a50c0fd07e5f0,released_modified_libero,300,test,astra-pi05-ood-distributed-20260924-3,020c3a1ebe4535a01a69bb1bb7cb0c1a3b2f934a548a8ffc18b09409389cd252,f367a47cbb1c57b6d43ec12352b05c268006d174cd89479c1e2778777ab2bcfe,f9b51a9929093f8f50f6e4106ff0da562f66c287b8583c569d719fc7b8ffad5f,1aa44d8c7d15d42c53de342ed7b4d731dad5df911a188734faa1b5e3821f7935,False
matched_reused_noise,libero_goal_ood:task3:state2,libero_goal_ood,3,2,7,False,300,277.84994818500127,24000,0,0,0,0,0,,dd459f7875ecd467556590e60c7bfba4f8864c07693ff69c07c6fdccecacfa29,released_modified_libero,300,test,astra-pi05-ood-steering-20260924-1,11477af765be454e2720fb294e0c06f316b7bd641a5b2f359e16e180e8567a91,e2932eded2b9503431230459d6295428d4500830ecb3d26d6c05d55014d9f92a,f9b51a9929093f8f50f6e4106ff0da562f66c287b8583c569d719fc7b8ffad5f,1023a0aed79a29e8ad4886ff80f01aa513f5204fa7ef47f1400dd3a34261684a,False
matched_reused_noise,libero_goal_ood:task3:state3,libero_goal_ood,3,3,7,False,300,277.37768158700055,24000,0,0,0,0,0,,3a6902ceb0916d29d1b0818fae65bcfa43f6388795a5de90d9d4e2d7de9f23c2,released_modified_libero,300,test,astra-pi05-ood-steering-20260924-1,11477af765be454e2720fb294e0c06f316b7bd641a5b2f359e16e180e8567a91,175025f2fc91ad92756dde17a5ea1b03055eead4d4f500f23bd3fa2a8ee92f7b,f9b51a9929093f8f50f6e4106ff0da562f66c287b8583c569d719fc7b8ffad5f,9c82bde90424eba540f148274783eb937da09f2cef19adbea4daf23d55d4f7c1,False
matched_reused_noise,libero_goal_ood:task3:state4,libero_goal_ood,3,4,7,False,300,277.55673285000375,24000,0,0,0,0,0,,bb23ed2276c9b90b73fb84b0d36a33413e2b2c4434846451265e9cf7469ff8a2,released_modified_libero,300,test,astra-pi05-ood-steering-20260924-1,11477af765be454e2720fb294e0c06f316b7bd641a5b2f359e16e180e8567a91,890fffdf7ad3fe53ebc273630cf7b05a1f8103beb65435334851173039297416,f9b51a9929093f8f50f6e4106ff0da562f66c287b8583c569d719fc7b8ffad5f,c572b3d564b4fdef62cc467cc697114a4e05dbc61602b8ced1cfd91c5570750c,False
matched_reused_noise,libero_goal_ood:task3:state5,libero_goal_ood,3,5,7,False,300,278.96865889200126,24000,0,0,0,0,0,,acf0796c8ccd5c44edfe177c1d06b79f2d2cfc09171df0a73a4d6d2580557999,released_modified_libero,300,test,astra-pi05-ood-steering-20260924-1,11477af765be454e2720fb294e0c06f316b7bd641a5b2f359e16e180e8567a91,9449059519d2827c6f25a6d76ec05f00aab38ccfd0de689546b57230869b8632,f9b51a9929093f8f50f6e4106ff0da562f66c287b8583c569d719fc7b8ffad5f,5b2e67add082e34dc34c7384f4aaddeb4298751482b48805f4f59c5656d91914,False
matched_reused_noise,libero_goal_ood:task3:state6,libero_goal_ood,3,6,7,False,300,310.52893324010074,24000,0,0,0,0,0,,375201c70c4017ad934fdcb2a72eab620b062e6713778f166716cef164eabd16,released_modified_libero,300,test,astra-pi05-ood-distributed-20260924-1,1269f0119f0d0a2af2ebbbe6822320a77b2e86e40d7f62da8a2bd201ed0f6bce,f48ea69481aa79c2dbb58b03386e5777ae468d997e2f3fcb5f6c2ed858c306c5,f9b51a9929093f8f50f6e4106ff0da562f66c287b8583c569d719fc7b8ffad5f,4438c202c2798eb1641d2888e602479cf504c208cf381ac9bce6e67456cc9ae3,False
matched_reused_noise,libero_goal_ood:task3:state7,libero_goal_ood,3,7,7,False,300,306.4749592959415,24000,0,0,0,0,0,,9b6cc70cf7230e261f27d828ee38f6f1d13ef72e86685bd1cc1f04e682add160,released_modified_libero,300,test,astra-pi05-ood-distributed-20260924-1,a39e8ca266a7c450eec8a4f0a457f2c664a213d63e15bd1ff239414553ab2e6f,208731c89b0f423ea2d6ce89db917d55cd7573f19b23d4d4718307e5fca7bd71,f9b51a9929093f8f50f6e4106ff0da562f66c287b8583c569d719fc7b8ffad5f,f0853630c9308abe94a8521d7ef6412896e8053b5036b3fe4a106ab60d38976e,False
matched_reused_noise,libero_goal_ood:task3:state8,libero_goal_ood,3,8,7,False,300,291.1790943199303,24000,0,0,0,0,0,,ec8cade64b7f56636113a23c25301a39a2ea97017c69c33a91b7360bf4350f60,released_modified_libero,300,test,astra-pi05-ood-distributed-20260924-1,911699665f293ef26bc11e159ff25cfaaad0469e02d809c44f75b703209c8c06,e30bbc852d675d69482a6feec518efc033b4eb525a5f45711a47750a3c6f3b82,f9b51a9929093f8f50f6e4106ff0da562f66c287b8583c569d719fc7b8ffad5f,420d66204cd89c74fdfeaeefc72556657801daff529a5caa0c9f7251bf4a2795,False
matched_reused_noise,libero_goal_ood:task3:state9,libero_goal_ood,3,9,7,False,300,299.69592624600045,24000,0,0,0,0,0,,65128381070737f5d61f63efdf0c0aa70f441cf0f2f568c7fb18e9473062bf74,released_modified_libero,300,test,astra-pi05-ood-distributed-20260924-1,83cb4bdf24987bcea734a92a5eb9f1716a828bb6f067e6f5d0cf02c32364a621,835c509dc7cf480c34466238108e8e0ebcea715c0878db691891b83a40602d77,f9b51a9929093f8f50f6e4106ff0da562f66c287b8583c569d719fc7b8ffad5f,9e58643227b3f3812761b18ba6331802728b931e972f7037e63dd2a4fd89905b,False
matched_reused_noise,libero_goal_ood:task4:state0,libero_goal_ood,4,0,7,True,80,80.95741985691711,6400,0,0,0,0,0,,dc6532a1ae5cb7b404f1877193f60c27889b1ed2587b17c52b699236c000119e,released_modified_libero,300,test,astra-pi05-ood-distributed-20260924-2,344107c1f02034ce7845b89647ccf86249a4556115b5a312a390484b232f4173,9418a39faa9f8199291c24b647cdeb64c56679a809595506745b873a32d2c316,f9b51a9929093f8f50f6e4106ff0da562f66c287b8583c569d719fc7b8ffad5f,18b9618bf5bae08e4b6f3e3af6193bb9a9588b203b349c002449352961f7aac0,False
matched_reused_noise,libero_goal_ood:task4:state1,libero_goal_ood,4,1,7,True,80,75.59073359891772,6400,0,0,0,0,0,,9b7f9a52b3dd2e147376938aca67c519c8366d5faf916d8a9986e58d1f5bab4d,released_modified_libero,300,test,astra-pi05-ood-distributed-20260924-2,a98c79b748b134cb3bcc394ad3a44661b719ec2e2151d017817b035230d02ea4,74f516f5c4b32ab76c151aecc224baa7815b0bf90035660741c7874266502def,f9b51a9929093f8f50f6e4106ff0da562f66c287b8583c569d719fc7b8ffad5f,1aa44d8c7d15d42c53de342ed7b4d731dad5df911a188734faa1b5e3821f7935,False
matched_reused_noise,libero_goal_ood:task4:state2,libero_goal_ood,4,2,7,True,83,85.28916511707939,6800,0,0,0,0,0,,3114ffe11317deee77fc55bbff95b3767d22b0c6e83f91105cd61e4ffe68cb40,released_modified_libero,300,test,astra-pi05-ood-distributed-20260924-2,1c74224ef1adfd3bc73fecba57ddf7acb492757be0935dd1e17750b9f9be2581,2061cd8ea23ab9de9a483674b484ec671259c150fd8c4cb0bdeaf4570e2064f1,f9b51a9929093f8f50f6e4106ff0da562f66c287b8583c569d719fc7b8ffad5f,1023a0aed79a29e8ad4886ff80f01aa513f5204fa7ef47f1400dd3a34261684a,False
matched_reused_noise,libero_goal_ood:task4:state3,libero_goal_ood,4,3,7,True,86,84.32827327516861,7200,0,0,0,0,0,,1e3d420abe08c26e4af316c0d774d3cd14b7b0bb64575c59cc19cdf59b80d215,released_modified_libero,300,test,astra-pi05-ood-distributed-20260924-2,73de024835b2e8d7c3b5205d166a7f7869c62a0fc02f2a9163d0f2f48537428f,68675edafd01a2f1a5d5abd6ecb50d64c5c45b113ddcbf7f78cacec51340518a,f9b51a9929093f8f50f6e4106ff0da562f66c287b8583c569d719fc7b8ffad5f,9c82bde90424eba540f148274783eb937da09f2cef19adbea4daf23d55d4f7c1,False
matched_reused_noise,libero_goal_ood:task4:state4,libero_goal_ood,4,4,7,True,80,77.5849063959904,6400,0,0,0,0,0,,0e5dc4e0b0aa111fc84e10064eb2731514be348223448d192b3f680b0a2136f1,released_modified_libero,300,test,astra-pi05-ood-distributed-20260924-3,f5368e1b7660eeb888e66c7f2c8c1f8c1a084582a3a0a890e47b5a328b484640,937a0160df4097ebc2156407ae89ec773b369c15653f2527b52571b3772eacab,f9b51a9929093f8f50f6e4106ff0da562f66c287b8583c569d719fc7b8ffad5f,c572b3d564b4fdef62cc467cc697114a4e05dbc61602b8ced1cfd91c5570750c,False
matched_reused_noise,libero_goal_ood:task4:state5,libero_goal_ood,4,5,7,True,82,79.34065867890604,6800,0,0,0,0,0,,bfd2a6c4f67ce45fb037750d14b1344d405463eed15dc29359e214e90a6ec566,released_modified_libero,300,test,astra-pi05-ood-distributed-20260924-3,7172a5a19e713ee1ab3c16a0adc134897f9c5630e11cd0135389ef8db953589f,9da13ca9ff12754aa28bcbc62621da4967812e145d980629c16ca62065d9ab52,f9b51a9929093f8f50f6e4106ff0da562f66c287b8583c569d719fc7b8ffad5f,5b2e67add082e34dc34c7384f4aaddeb4298751482b48805f4f59c5656d91914,False
matched_reused_noise,libero_goal_ood:task4:state6,libero_goal_ood,4,6,7,True,89,91.93800129182637,7200,0,0,0,0,0,,13cf58dffea9167a19e74f0ddcd81ac91abcf494c4604bd66d13cd22bd56724a,released_modified_libero,300,test,astra-pi05-ood-distributed-20260924-3,b8bba962d0c620bd7614aabd18a796eb62b063a240d7edb4ea56d70a73eff550,bc213027df58203c9c910c229d402dd88f99ccb6f81e847a317a3f631d18d5f0,f9b51a9929093f8f50f6e4106ff0da562f66c287b8583c569d719fc7b8ffad5f,4438c202c2798eb1641d2888e602479cf504c208cf381ac9bce6e67456cc9ae3,False
matched_reused_noise,libero_goal_ood:task4:state7,libero_goal_ood,4,7,7,True,84,80.06880240212195,6800,0,0,0,0,0,,140008524eb44946a9f4adc559ea6515dc07d5d693da25184cfd284e51adec5b,released_modified_libero,300,test,astra-pi05-ood-distributed-20260924-3,020c3a1ebe4535a01a69bb1bb7cb0c1a3b2f934a548a8ffc18b09409389cd252,a8fc4e3fb51582d703c989591bbf00ba2af4641360447fad2399b4009cd59818,f9b51a9929093f8f50f6e4106ff0da562f66c287b8583c569d719fc7b8ffad5f,f0853630c9308abe94a8521d7ef6412896e8053b5036b3fe4a106ab60d38976e,False
matched_reused_noise,libero_goal_ood:task4:state8,libero_goal_ood,4,8,7,True,84,78.7231140820004,6800,0,0,0,0,0,,e07c82f0bf4a230c7484bac713960d7f1d74340e26d2b75bdfa26cd2237a8afa,released_modified_libero,300,test,astra-pi05-ood-steering-20260924-1,11477af765be454e2720fb294e0c06f316b7bd641a5b2f359e16e180e8567a91,22de86aaac4651608f9e731f5b1398049a2cf4fe4c77640a4a0fdfb1b2b7ba62,f9b51a9929093f8f50f6e4106ff0da562f66c287b8583c569d719fc7b8ffad5f,420d66204cd89c74fdfeaeefc72556657801daff529a5caa0c9f7251bf4a2795,False
matched_reused_noise,libero_goal_ood:task4:state9,libero_goal_ood,4,9,7,True,81,78.96110930800205,6800,0,0,0,0,0,,6935fb2f88af214caadf6165cdce62b7cd5ec7301c4fdcad8096725dca0e8fd2,released_modified_libero,300,test,astra-pi05-ood-steering-20260924-1,11477af765be454e2720fb294e0c06f316b7bd641a5b2f359e16e180e8567a91,ca3c8910e9bb40c717158489ad0a7288539d6166f48531670daa1250e1ba9f18,f9b51a9929093f8f50f6e4106ff0da562f66c287b8583c569d719fc7b8ffad5f,9e58643227b3f3812761b18ba6331802728b931e972f7037e63dd2a4fd89905b,False
matched_reused_noise,libero_goal_ood:task5:state0,libero_goal_ood,5,0,7,True,243,227.20642903800035,19600,0,0,0,0,0,,11bf8483ac2410cc177a35822f322631d260c952cd74a777199e4f4f937b88bd,released_modified_libero,300,test,astra-pi05-ood-steering-20260924-1,11477af765be454e2720fb294e0c06f316b7bd641a5b2f359e16e180e8567a91,c4ea45035a1c87d5a4b3dbd57bb5910e3fbd50f5f7f98d7d517afcbf7d69717a,f9b51a9929093f8f50f6e4106ff0da562f66c287b8583c569d719fc7b8ffad5f,18b9618bf5bae08e4b6f3e3af6193bb9a9588b203b349c002449352961f7aac0,False
matched_reused_noise,libero_goal_ood:task5:state1,libero_goal_ood,5,1,7,False,300,278.47698064999713,24000,0,0,0,0,0,,5c933bf49e1fa1c98a901e4084c3e3f105207df5c656f7e7a121b08ea09fe61e,released_modified_libero,300,test,astra-pi05-ood-steering-20260924-1,11477af765be454e2720fb294e0c06f316b7bd641a5b2f359e16e180e8567a91,ff83bc963f3c1045f3a5b2ebb597ea3a067d0885a80d57fed804b7aacdbc4876,f9b51a9929093f8f50f6e4106ff0da562f66c287b8583c569d719fc7b8ffad5f,1aa44d8c7d15d42c53de342ed7b4d731dad5df911a188734faa1b5e3821f7935,False
matched_reused_noise,libero_goal_ood:task5:state2,libero_goal_ood,5,2,7,True,146,155.3086071179714,12000,0,0,0,0,0,,b3cdb0ad916fd23d5f42ab9bdaaded49cc2c7ad804d2cbc193093273bd6c1bed,released_modified_libero,300,test,astra-pi05-ood-distributed-20260924-1,1269f0119f0d0a2af2ebbbe6822320a77b2e86e40d7f62da8a2bd201ed0f6bce,ea617ea2f508558f2289a2e8646a930904570a690c8ab2a876b803f6a4ed6de9,f9b51a9929093f8f50f6e4106ff0da562f66c287b8583c569d719fc7b8ffad5f,1023a0aed79a29e8ad4886ff80f01aa513f5204fa7ef47f1400dd3a34261684a,False
matched_reused_noise,libero_goal_ood:task5:state3,libero_goal_ood,5,3,7,False,300,306.4318702900782,24000,0,0,0,0,0,,480b662f670a2e74900a0aa7c299c5f94e2db5f5609cc7e7a438eb1b1c8114f9,released_modified_libero,300,test,astra-pi05-ood-distributed-20260924-1,a39e8ca266a7c450eec8a4f0a457f2c664a213d63e15bd1ff239414553ab2e6f,b2b9cde27e49a1389d8c3599a40eab384f9a922a4840b262f99b8beb07126c1c,f9b51a9929093f8f50f6e4106ff0da562f66c287b8583c569d719fc7b8ffad5f,9c82bde90424eba540f148274783eb937da09f2cef19adbea4daf23d55d4f7c1,False
matched_reused_noise,libero_goal_ood:task5:state4,libero_goal_ood,5,4,7,False,300,290.6014722341206,24000,0,0,0,0,0,,3c2568ab9d45762dda8517f0ac1bf482558ab0b0054629ec653401b87b6481d4,released_modified_libero,300,test,astra-pi05-ood-distributed-20260924-1,911699665f293ef26bc11e159ff25cfaaad0469e02d809c44f75b703209c8c06,0ccab93d14dc5e95d821069a2bce980066de055d89d2df2ea61517395b3459e2,f9b51a9929093f8f50f6e4106ff0da562f66c287b8583c569d719fc7b8ffad5f,c572b3d564b4fdef62cc467cc697114a4e05dbc61602b8ced1cfd91c5570750c,False
matched_reused_noise,libero_goal_ood:task5:state5,libero_goal_ood,5,5,7,False,300,300.49023600295186,24000,0,0,0,0,0,,b1819839fd26f5148c3bc1461168222546a3507a77866a83665296610aa2e1f9,released_modified_libero,300,test,astra-pi05-ood-distributed-20260924-1,83cb4bdf24987bcea734a92a5eb9f1716a828bb6f067e6f5d0cf02c32364a621,46fa6047348e4bb9cc52712dd146575103668255bcde6f7a1ea53b95af0e12ad,f9b51a9929093f8f50f6e4106ff0da562f66c287b8583c569d719fc7b8ffad5f,5b2e67add082e34dc34c7384f4aaddeb4298751482b48805f4f59c5656d91914,False
matched_reused_noise,libero_goal_ood:task5:state6,libero_goal_ood,5,6,7,False,300,300.43086074711755,24000,0,0,0,0,0,,c477f7faf1b655389b53ef47feed70a03a20d161f8e09164a877edc415cebf1b,released_modified_libero,300,test,astra-pi05-ood-distributed-20260924-2,344107c1f02034ce7845b89647ccf86249a4556115b5a312a390484b232f4173,1bb223cf3a4c2c1db74a84fb010407e2075980d67aaf3856cefa61fe1ffef749,f9b51a9929093f8f50f6e4106ff0da562f66c287b8583c569d719fc7b8ffad5f,4438c202c2798eb1641d2888e602479cf504c208cf381ac9bce6e67456cc9ae3,False
matched_reused_noise,libero_goal_ood:task5:state7,libero_goal_ood,5,7,7,True,91,89.80808196379803,7600,0,0,0,0,0,,e6ef4d6d82b3104ee98dca179ced9b5b1f4ac10559bfd1997235da184f6af3f6,released_modified_libero,300,test,astra-pi05-ood-distributed-20260924-2,a98c79b748b134cb3bcc394ad3a44661b719ec2e2151d017817b035230d02ea4,5f26f235cd4fb9b4a51947d0a91eea4a3727bf21ec5861ae4513a9eaa73f9799,f9b51a9929093f8f50f6e4106ff0da562f66c287b8583c569d719fc7b8ffad5f,f0853630c9308abe94a8521d7ef6412896e8053b5036b3fe4a106ab60d38976e,False
matched_reused_noise,libero_goal_ood:task5:state8,libero_goal_ood,5,8,7,True,100,100.51605842006393,8000,0,0,0,0,0,,80a0e976daa2dd15a231aa9843b6d4f7fe44fe494772de6711ea4aefaeadca99,released_modified_libero,300,test,astra-pi05-ood-distributed-20260924-2,1c74224ef1adfd3bc73fecba57ddf7acb492757be0935dd1e17750b9f9be2581,3e200af6dff69022c11c1bc9ffd88a8d0df0433fc73f4c6530c2d2437217b3e7,f9b51a9929093f8f50f6e4106ff0da562f66c287b8583c569d719fc7b8ffad5f,420d66204cd89c74fdfeaeefc72556657801daff529a5caa0c9f7251bf4a2795,False
matched_reused_noise,libero_goal_ood:task5:state9,libero_goal_ood,5,9,7,True,103,98.9915097921621,8400,0,0,0,0,0,,6fadbd17785237e825a5c443c453ad77f4e37ec2e375804c79cbda400c404dcc,released_modified_libero,300,test,astra-pi05-ood-distributed-20260924-2,73de024835b2e8d7c3b5205d166a7f7869c62a0fc02f2a9163d0f2f48537428f,232838dc0fed32c0875a2599057465bc8008ebfda4935655b9bb89d3badc8fd2,f9b51a9929093f8f50f6e4106ff0da562f66c287b8583c569d719fc7b8ffad5f,9e58643227b3f3812761b18ba6331802728b931e972f7037e63dd2a4fd89905b,False
matched_reused_noise,libero_goal_ood:task6:state0,libero_goal_ood,6,0,7,True,92,91.87401649588719,7600,0,0,0,0,0,,11bf8483ac2410cc177a35822f322631d260c952cd74a777199e4f4f937b88bd,released_modified_libero,300,test,astra-pi05-ood-distributed-20260924-3,f5368e1b7660eeb888e66c7f2c8c1f8c1a084582a3a0a890e47b5a328b484640,babbe7711c015081eeb6e94eb62be3abebf59f145b0d7955a421b5ab72e779b3,f9b51a9929093f8f50f6e4106ff0da562f66c287b8583c569d719fc7b8ffad5f,18b9618bf5bae08e4b6f3e3af6193bb9a9588b203b349c002449352961f7aac0,False
matched_reused_noise,libero_goal_ood:task6:state1,libero_goal_ood,6,1,7,False,300,283.7708919919096,24000,0,0,0,0,0,,5c933bf49e1fa1c98a901e4084c3e3f105207df5c656f7e7a121b08ea09fe61e,released_modified_libero,300,test,astra-pi05-ood-distributed-20260924-3,7172a5a19e713ee1ab3c16a0adc134897f9c5630e11cd0135389ef8db953589f,c64abd698ded7b1c048d70f4702c63d3e49307009c878e0def4a8663056572e4,f9b51a9929093f8f50f6e4106ff0da562f66c287b8583c569d719fc7b8ffad5f,1aa44d8c7d15d42c53de342ed7b4d731dad5df911a188734faa1b5e3821f7935,False
matched_reused_noise,libero_goal_ood:task6:state2,libero_goal_ood,6,2,7,True,94,96.34041959792376,7600,0,0,0,0,0,,b3cdb0ad916fd23d5f42ab9bdaaded49cc2c7ad804d2cbc193093273bd6c1bed,released_modified_libero,300,test,astra-pi05-ood-distributed-20260924-3,b8bba962d0c620bd7614aabd18a796eb62b063a240d7edb4ea56d70a73eff550,8d6e04435e01a0bd5e2da9b732fa53e137bd2746a6e97f84c45aca475d244bd8,f9b51a9929093f8f50f6e4106ff0da562f66c287b8583c569d719fc7b8ffad5f,1023a0aed79a29e8ad4886ff80f01aa513f5204fa7ef47f1400dd3a34261684a,False
matched_reused_noise,libero_goal_ood:task6:state3,libero_goal_ood,6,3,7,False,300,281.673437617952,24000,0,0,0,0,0,,480b662f670a2e74900a0aa7c299c5f94e2db5f5609cc7e7a438eb1b1c8114f9,released_modified_libero,300,test,astra-pi05-ood-distributed-20260924-3,020c3a1ebe4535a01a69bb1bb7cb0c1a3b2f934a548a8ffc18b09409389cd252,86c06f49aee9adcd698307a2c1a826c546644b0a26116000ddf58d417e9bda06,f9b51a9929093f8f50f6e4106ff0da562f66c287b8583c569d719fc7b8ffad5f,9c82bde90424eba540f148274783eb937da09f2cef19adbea4daf23d55d4f7c1,False
matched_reused_noise,libero_goal_ood:task6:state4,libero_goal_ood,6,4,7,False,300,277.62280036200536,24000,0,0,0,0,0,,3c2568ab9d45762dda8517f0ac1bf482558ab0b0054629ec653401b87b6481d4,released_modified_libero,300,test,astra-pi05-ood-steering-20260924-1,11477af765be454e2720fb294e0c06f316b7bd641a5b2f359e16e180e8567a91,0f78da73a25b84ce83f72052e01fef25f32d2d71d405c0587e82a37387947942,f9b51a9929093f8f50f6e4106ff0da562f66c287b8583c569d719fc7b8ffad5f,c572b3d564b4fdef62cc467cc697114a4e05dbc61602b8ced1cfd91c5570750c,False
matched_reused_noise,libero_goal_ood:task6:state5,libero_goal_ood,6,5,7,False,300,277.7966310969932,24000,0,0,0,0,0,,b1819839fd26f5148c3bc1461168222546a3507a77866a83665296610aa2e1f9,released_modified_libero,300,test,astra-pi05-ood-steering-20260924-1,11477af765be454e2720fb294e0c06f316b7bd641a5b2f359e16e180e8567a91,f15071ced8ef608dd2ba9f2ccf81bcbcbaa91adf5f94014fd8f31732d8cc8fbe,f9b51a9929093f8f50f6e4106ff0da562f66c287b8583c569d719fc7b8ffad5f,5b2e67add082e34dc34c7384f4aaddeb4298751482b48805f4f59c5656d91914,False
matched_reused_noise,libero_goal_ood:task6:state6,libero_goal_ood,6,6,7,False,300,276.776864499996,24000,0,0,0,0,0,,c477f7faf1b655389b53ef47feed70a03a20d161f8e09164a877edc415cebf1b,released_modified_libero,300,test,astra-pi05-ood-steering-20260924-1,11477af765be454e2720fb294e0c06f316b7bd641a5b2f359e16e180e8567a91,575bc021fa798c8377f1604ba73a23195d293369d63c99cdd49560b09d6b7c46,f9b51a9929093f8f50f6e4106ff0da562f66c287b8583c569d719fc7b8ffad5f,4438c202c2798eb1641d2888e602479cf504c208cf381ac9bce6e67456cc9ae3,False
matched_reused_noise,libero_goal_ood:task6:state7,libero_goal_ood,6,7,7,True,53,51.361841687998094,4400,0,0,0,0,0,,e6ef4d6d82b3104ee98dca179ced9b5b1f4ac10559bfd1997235da184f6af3f6,released_modified_libero,300,test,astra-pi05-ood-steering-20260924-1,11477af765be454e2720fb294e0c06f316b7bd641a5b2f359e16e180e8567a91,a6ef2c51f4d1438846711c63c5f45a35fffdcb8df9a85bbf3c91b26699a417b5,f9b51a9929093f8f50f6e4106ff0da562f66c287b8583c569d719fc7b8ffad5f,f0853630c9308abe94a8521d7ef6412896e8053b5036b3fe4a106ab60d38976e,False
matched_reused_noise,libero_goal_ood:task6:state8,libero_goal_ood,6,8,7,False,300,308.49059813912027,24000,0,0,0,0,0,,80a0e976daa2dd15a231aa9843b6d4f7fe44fe494772de6711ea4aefaeadca99,released_modified_libero,300,test,astra-pi05-ood-distributed-20260924-1,1269f0119f0d0a2af2ebbbe6822320a77b2e86e40d7f62da8a2bd201ed0f6bce,873b4d201a676ee4b31eeea86655b281245aae0f475528579e898fb30d68952e,f9b51a9929093f8f50f6e4106ff0da562f66c287b8583c569d719fc7b8ffad5f,420d66204cd89c74fdfeaeefc72556657801daff529a5caa0c9f7251bf4a2795,False
matched_reused_noise,libero_goal_ood:task6:state9,libero_goal_ood,6,9,7,True,82,86.7227672280278,6800,0,0,0,0,0,,6fadbd17785237e825a5c443c453ad77f4e37ec2e375804c79cbda400c404dcc,released_modified_libero,300,test,astra-pi05-ood-distributed-20260924-1,a39e8ca266a7c450eec8a4f0a457f2c664a213d63e15bd1ff239414553ab2e6f,b2593f136eb509632f31f1af9be9ebff6851f10effa63e07404bc184c0eefa29,f9b51a9929093f8f50f6e4106ff0da562f66c287b8583c569d719fc7b8ffad5f,9e58643227b3f3812761b18ba6331802728b931e972f7037e63dd2a4fd89905b,False
matched_reused_noise,libero_goal_ood:task7:state0,libero_goal_ood,7,0,7,False,300,289.64910258585587,24000,0,0,0,0,0,,11bf8483ac2410cc177a35822f322631d260c952cd74a777199e4f4f937b88bd,released_modified_libero,300,test,astra-pi05-ood-distributed-20260924-1,911699665f293ef26bc11e159ff25cfaaad0469e02d809c44f75b703209c8c06,e973d3509104e07d56a20d56717e684cbd6edcec59033e3b6eae6d143e0cf933,f9b51a9929093f8f50f6e4106ff0da562f66c287b8583c569d719fc7b8ffad5f,18b9618bf5bae08e4b6f3e3af6193bb9a9588b203b349c002449352961f7aac0,False
matched_reused_noise,libero_goal_ood:task7:state1,libero_goal_ood,7,1,7,True,137,134.86481707706116,11200,0,0,0,0,0,,5c933bf49e1fa1c98a901e4084c3e3f105207df5c656f7e7a121b08ea09fe61e,released_modified_libero,300,test,astra-pi05-ood-distributed-20260924-1,83cb4bdf24987bcea734a92a5eb9f1716a828bb6f067e6f5d0cf02c32364a621,9f21859f49d2b12752d10549e8796d6c4cf9b934833c2d2d51b45b723fc10b90,f9b51a9929093f8f50f6e4106ff0da562f66c287b8583c569d719fc7b8ffad5f,1aa44d8c7d15d42c53de342ed7b4d731dad5df911a188734faa1b5e3821f7935,False
matched_reused_noise,libero_goal_ood:task7:state2,libero_goal_ood,7,2,7,False,300,301.1197938360274,24000,0,0,0,0,0,,b3cdb0ad916fd23d5f42ab9bdaaded49cc2c7ad804d2cbc193093273bd6c1bed,released_modified_libero,300,test,astra-pi05-ood-distributed-20260924-2,344107c1f02034ce7845b89647ccf86249a4556115b5a312a390484b232f4173,99812e8fe004c2b1a3bcc36c5ded4580e68ccecd1843b4d3b17c0cea68eeebc5,f9b51a9929093f8f50f6e4106ff0da562f66c287b8583c569d719fc7b8ffad5f,1023a0aed79a29e8ad4886ff80f01aa513f5204fa7ef47f1400dd3a34261684a,False
matched_reused_noise,libero_goal_ood:task7:state3,libero_goal_ood,7,3,7,False,300,280.3299977132119,24000,0,0,0,0,0,,480b662f670a2e74900a0aa7c299c5f94e2db5f5609cc7e7a438eb1b1c8114f9,released_modified_libero,300,test,astra-pi05-ood-distributed-20260924-2,a98c79b748b134cb3bcc394ad3a44661b719ec2e2151d017817b035230d02ea4,cdf416388a6c61b51df0e87826e321dbf91f45bec08be98723dc6624c5588edc,f9b51a9929093f8f50f6e4106ff0da562f66c287b8583c569d719fc7b8ffad5f,9c82bde90424eba540f148274783eb937da09f2cef19adbea4daf23d55d4f7c1,False
matched_reused_noise,libero_goal_ood:task7:state4,libero_goal_ood,7,4,7,True,112,115.02917627990246,9200,0,0,0,0,0,,3c2568ab9d45762dda8517f0ac1bf482558ab0b0054629ec653401b87b6481d4,released_modified_libero,300,test,astra-pi05-ood-distributed-20260924-2,1c74224ef1adfd3bc73fecba57ddf7acb492757be0935dd1e17750b9f9be2581,b4d691c4b27804c1c003c03774c4446130f0c72f9c718d9937631dbd0e572643,f9b51a9929093f8f50f6e4106ff0da562f66c287b8583c569d719fc7b8ffad5f,c572b3d564b4fdef62cc467cc697114a4e05dbc61602b8ced1cfd91c5570750c,False
matched_reused_noise,libero_goal_ood:task7:state5,libero_goal_ood,7,5,7,True,106,102.53619147581048,8800,0,0,0,0,0,,b1819839fd26f5148c3bc1461168222546a3507a77866a83665296610aa2e1f9,released_modified_libero,300,test,astra-pi05-ood-distributed-20260924-2,73de024835b2e8d7c3b5205d166a7f7869c62a0fc02f2a9163d0f2f48537428f,a4b6ae7d7c932b2c3d9a15dd0f1caf051f522694a500c845a735eaefa834ee9b,f9b51a9929093f8f50f6e4106ff0da562f66c287b8583c569d719fc7b8ffad5f,5b2e67add082e34dc34c7384f4aaddeb4298751482b48805f4f59c5656d91914,False
matched_reused_noise,libero_goal_ood:task7:state6,libero_goal_ood,7,6,7,False,300,287.8277987500187,24000,0,0,0,0,0,,c477f7faf1b655389b53ef47feed70a03a20d161f8e09164a877edc415cebf1b,released_modified_libero,300,test,astra-pi05-ood-distributed-20260924-3,f5368e1b7660eeb888e66c7f2c8c1f8c1a084582a3a0a890e47b5a328b484640,fdcf601d5837b0c0d74fdcee3da2374df86a87f2f5252585662f7017255a0d67,f9b51a9929093f8f50f6e4106ff0da562f66c287b8583c569d719fc7b8ffad5f,4438c202c2798eb1641d2888e602479cf504c208cf381ac9bce6e67456cc9ae3,False
matched_reused_noise,libero_goal_ood:task7:state7,libero_goal_ood,7,7,7,False,300,282.7330174171366,24000,0,0,0,0,0,,e6ef4d6d82b3104ee98dca179ced9b5b1f4ac10559bfd1997235da184f6af3f6,released_modified_libero,300,test,astra-pi05-ood-distributed-20260924-3,7172a5a19e713ee1ab3c16a0adc134897f9c5630e11cd0135389ef8db953589f,6aed7b88fd7f765a6e2ed5ea03e681be986d2b1f166d89aabb1d49d99f142f6c,f9b51a9929093f8f50f6e4106ff0da562f66c287b8583c569d719fc7b8ffad5f,f0853630c9308abe94a8521d7ef6412896e8053b5036b3fe4a106ab60d38976e,False
matched_reused_noise,libero_goal_ood:task7:state8,libero_goal_ood,7,8,7,True,92,96.14562301384285,7600,0,0,0,0,0,,80a0e976daa2dd15a231aa9843b6d4f7fe44fe494772de6711ea4aefaeadca99,released_modified_libero,300,test,astra-pi05-ood-distributed-20260924-3,b8bba962d0c620bd7614aabd18a796eb62b063a240d7edb4ea56d70a73eff550,db553abeb0e307d95528aa8ebdc1cf13a8eb475fbe658221bd9b2ac5d5cb3fde,f9b51a9929093f8f50f6e4106ff0da562f66c287b8583c569d719fc7b8ffad5f,420d66204cd89c74fdfeaeefc72556657801daff529a5caa0c9f7251bf4a2795,False
matched_reused_noise,libero_goal_ood:task7:state9,libero_goal_ood,7,9,7,False,300,281.9875947460532,24000,0,0,0,0,0,,6fadbd17785237e825a5c443c453ad77f4e37ec2e375804c79cbda400c404dcc,released_modified_libero,300,test,astra-pi05-ood-distributed-20260924-3,020c3a1ebe4535a01a69bb1bb7cb0c1a3b2f934a548a8ffc18b09409389cd252,9040fa81bd5e7f7dd362f5cfb1c1438686c15494228667381ea02206f0d00e1c,f9b51a9929093f8f50f6e4106ff0da562f66c287b8583c569d719fc7b8ffad5f,9e58643227b3f3812761b18ba6331802728b931e972f7037e63dd2a4fd89905b,False
matched_reused_noise,libero_goal_ood:task8:state0,libero_goal_ood,8,0,7,False,300,277.3157310269962,24000,0,0,0,0,0,,11bf8483ac2410cc177a35822f322631d260c952cd74a777199e4f4f937b88bd,released_modified_libero,300,test,astra-pi05-ood-steering-20260924-1,11477af765be454e2720fb294e0c06f316b7bd641a5b2f359e16e180e8567a91,b2de0de8f7a6a9ed539c764f18d3236eb131ffff0d80dd43dcd13ac5f87ae215,f9b51a9929093f8f50f6e4106ff0da562f66c287b8583c569d719fc7b8ffad5f,18b9618bf5bae08e4b6f3e3af6193bb9a9588b203b349c002449352961f7aac0,False
matched_reused_noise,libero_goal_ood:task8:state1,libero_goal_ood,8,1,7,False,300,277.92116297600296,24000,0,0,0,0,0,,5c933bf49e1fa1c98a901e4084c3e3f105207df5c656f7e7a121b08ea09fe61e,released_modified_libero,300,test,astra-pi05-ood-steering-20260924-1,11477af765be454e2720fb294e0c06f316b7bd641a5b2f359e16e180e8567a91,1123bd44fe96ad67b064a13ce729a2ba136162ecacef09250036f9265ad3d3ce,f9b51a9929093f8f50f6e4106ff0da562f66c287b8583c569d719fc7b8ffad5f,1aa44d8c7d15d42c53de342ed7b4d731dad5df911a188734faa1b5e3821f7935,False
matched_reused_noise,libero_goal_ood:task8:state2,libero_goal_ood,8,2,7,True,294,272.93445979399985,23600,0,0,0,0,0,,b3cdb0ad916fd23d5f42ab9bdaaded49cc2c7ad804d2cbc193093273bd6c1bed,released_modified_libero,300,test,astra-pi05-ood-steering-20260924-1,11477af765be454e2720fb294e0c06f316b7bd641a5b2f359e16e180e8567a91,2c60b3f196295cc188af80fe87b80a08b1e0d8946b3ed599376dc52907920d9b,f9b51a9929093f8f50f6e4106ff0da562f66c287b8583c569d719fc7b8ffad5f,1023a0aed79a29e8ad4886ff80f01aa513f5204fa7ef47f1400dd3a34261684a,False
matched_reused_noise,libero_goal_ood:task8:state3,libero_goal_ood,8,3,7,False,300,279.25488491800206,24000,0,0,0,0,0,,480b662f670a2e74900a0aa7c299c5f94e2db5f5609cc7e7a438eb1b1c8114f9,released_modified_libero,300,test,astra-pi05-ood-steering-20260924-1,11477af765be454e2720fb294e0c06f316b7bd641a5b2f359e16e180e8567a91,43d24fa5575e21354210c578430908edbf9f65975f5871788fb521400f86ae14,f9b51a9929093f8f50f6e4106ff0da562f66c287b8583c569d719fc7b8ffad5f,9c82bde90424eba540f148274783eb937da09f2cef19adbea4daf23d55d4f7c1,False
matched_reused_noise,libero_goal_ood:task8:state4,libero_goal_ood,8,4,7,True,142,148.89852899918333,11600,0,0,0,0,0,,3c2568ab9d45762dda8517f0ac1bf482558ab0b0054629ec653401b87b6481d4,released_modified_libero,300,test,astra-pi05-ood-distributed-20260924-1,1269f0119f0d0a2af2ebbbe6822320a77b2e86e40d7f62da8a2bd201ed0f6bce,b1bfef80b5309b68eba2d511758f9b1dce3d2077670551f5e356b8b34cf2f738,f9b51a9929093f8f50f6e4106ff0da562f66c287b8583c569d719fc7b8ffad5f,c572b3d564b4fdef62cc467cc697114a4e05dbc61602b8ced1cfd91c5570750c,False
matched_reused_noise,libero_goal_ood:task8:state5,libero_goal_ood,8,5,7,False,300,307.4727369910106,24000,0,0,0,0,0,,b1819839fd26f5148c3bc1461168222546a3507a77866a83665296610aa2e1f9,released_modified_libero,300,test,astra-pi05-ood-distributed-20260924-1,a39e8ca266a7c450eec8a4f0a457f2c664a213d63e15bd1ff239414553ab2e6f,de180a9000288bd2873e8f8a1c8188729c91d270270516874bd4034d55e82956,f9b51a9929093f8f50f6e4106ff0da562f66c287b8583c569d719fc7b8ffad5f,5b2e67add082e34dc34c7384f4aaddeb4298751482b48805f4f59c5656d91914,False
matched_reused_noise,libero_goal_ood:task8:state6,libero_goal_ood,8,6,7,False,300,303.3296308389399,24000,0,0,0,0,0,,c477f7faf1b655389b53ef47feed70a03a20d161f8e09164a877edc415cebf1b,released_modified_libero,300,test,astra-pi05-ood-distributed-20260924-1,911699665f293ef26bc11e159ff25cfaaad0469e02d809c44f75b703209c8c06,bd3b9fba37afb1c5715e5b42d8c7138edd29ca5848de55f0460d3de9ed5186cf,f9b51a9929093f8f50f6e4106ff0da562f66c287b8583c569d719fc7b8ffad5f,4438c202c2798eb1641d2888e602479cf504c208cf381ac9bce6e67456cc9ae3,False
matched_reused_noise,libero_goal_ood:task8:state7,libero_goal_ood,8,7,7,False,300,286.9451063920278,24000,0,0,0,0,0,,e6ef4d6d82b3104ee98dca179ced9b5b1f4ac10559bfd1997235da184f6af3f6,released_modified_libero,300,test,astra-pi05-ood-distributed-20260924-1,83cb4bdf24987bcea734a92a5eb9f1716a828bb6f067e6f5d0cf02c32364a621,9691d69b941b5f7662daf5f363054113ebb971948925655d82759d13121cff90,f9b51a9929093f8f50f6e4106ff0da562f66c287b8583c569d719fc7b8ffad5f,f0853630c9308abe94a8521d7ef6412896e8053b5036b3fe4a106ab60d38976e,False
matched_reused_noise,libero_goal_ood:task8:state8,libero_goal_ood,8,8,7,False,300,300.2102577169426,24000,0,0,0,0,0,,80a0e976daa2dd15a231aa9843b6d4f7fe44fe494772de6711ea4aefaeadca99,released_modified_libero,300,test,astra-pi05-ood-distributed-20260924-2,344107c1f02034ce7845b89647ccf86249a4556115b5a312a390484b232f4173,93678b93c0d6d19ab2971a3d05609dbcd193aaec997281633c48397c79ea11b3,f9b51a9929093f8f50f6e4106ff0da562f66c287b8583c569d719fc7b8ffad5f,420d66204cd89c74fdfeaeefc72556657801daff529a5caa0c9f7251bf4a2795,False
matched_reused_noise,libero_goal_ood:task8:state9,libero_goal_ood,8,9,7,False,300,283.3254739630502,24000,0,0,0,0,0,,6fadbd17785237e825a5c443c453ad77f4e37ec2e375804c79cbda400c404dcc,released_modified_libero,300,test,astra-pi05-ood-distributed-20260924-2,a98c79b748b134cb3bcc394ad3a44661b719ec2e2151d017817b035230d02ea4,f44a6593eeb199657c4acb664e0dedfa76276660ac410a4e1d0fed3ad0c07b7c,f9b51a9929093f8f50f6e4106ff0da562f66c287b8583c569d719fc7b8ffad5f,9e58643227b3f3812761b18ba6331802728b931e972f7037e63dd2a4fd89905b,False
matched_reused_noise,libero_goal_ood:task9:state0,libero_goal_ood,9,0,7,True,109,110.68951510009356,8800,0,0,0,0,0,,11bf8483ac2410cc177a35822f322631d260c952cd74a777199e4f4f937b88bd,released_modified_libero,300,test,astra-pi05-ood-distributed-20260924-2,1c74224ef1adfd3bc73fecba57ddf7acb492757be0935dd1e17750b9f9be2581,4a63a28f077a355b429b3448b6650018766d3c90c683e24cc0e074192d166c33,f9b51a9929093f8f50f6e4106ff0da562f66c287b8583c569d719fc7b8ffad5f,18b9618bf5bae08e4b6f3e3af6193bb9a9588b203b349c002449352961f7aac0,False
matched_reused_noise,libero_goal_ood:task9:state1,libero_goal_ood,9,1,7,False,300,281.0919801911805,24000,0,0,0,0,0,,5c933bf49e1fa1c98a901e4084c3e3f105207df5c656f7e7a121b08ea09fe61e,released_modified_libero,300,test,astra-pi05-ood-distributed-20260924-2,73de024835b2e8d7c3b5205d166a7f7869c62a0fc02f2a9163d0f2f48537428f,5e9899240c7f5f2a9ddf6ea3c762aa41c256db608fec50d168fe28048b74e519,f9b51a9929093f8f50f6e4106ff0da562f66c287b8583c569d719fc7b8ffad5f,1aa44d8c7d15d42c53de342ed7b4d731dad5df911a188734faa1b5e3821f7935,False
matched_reused_noise,libero_goal_ood:task9:state2,libero_goal_ood,9,2,7,False,300,287.3498942491133,24000,0,0,0,0,0,,b3cdb0ad916fd23d5f42ab9bdaaded49cc2c7ad804d2cbc193093273bd6c1bed,released_modified_libero,300,test,astra-pi05-ood-distributed-20260924-3,f5368e1b7660eeb888e66c7f2c8c1f8c1a084582a3a0a890e47b5a328b484640,1ffabc7406a1e6426887dd42840b0026a6f014a41fa51c3c29b119116c032728,f9b51a9929093f8f50f6e4106ff0da562f66c287b8583c569d719fc7b8ffad5f,1023a0aed79a29e8ad4886ff80f01aa513f5204fa7ef47f1400dd3a34261684a,False
matched_reused_noise,libero_goal_ood:task9:state3,libero_goal_ood,9,3,7,True,115,107.7199158151634,9200,0,0,0,0,0,,480b662f670a2e74900a0aa7c299c5f94e2db5f5609cc7e7a438eb1b1c8114f9,released_modified_libero,300,test,astra-pi05-ood-distributed-20260924-3,7172a5a19e713ee1ab3c16a0adc134897f9c5630e11cd0135389ef8db953589f,d050cda28dcf92143d4d1f5dbf11df1d3d262bdb5c3bb34971e367a71673a759,f9b51a9929093f8f50f6e4106ff0da562f66c287b8583c569d719fc7b8ffad5f,9c82bde90424eba540f148274783eb937da09f2cef19adbea4daf23d55d4f7c1,False
matched_reused_noise,libero_goal_ood:task9:state4,libero_goal_ood,9,4,7,True,122,126.51492626406252,10000,0,0,0,0,0,,3c2568ab9d45762dda8517f0ac1bf482558ab0b0054629ec653401b87b6481d4,released_modified_libero,300,test,astra-pi05-ood-distributed-20260924-3,b8bba962d0c620bd7614aabd18a796eb62b063a240d7edb4ea56d70a73eff550,84e0419eb747373b51a6f622f0e79b6f5733d0563fb7cc1801826514c6def7bb,f9b51a9929093f8f50f6e4106ff0da562f66c287b8583c569d719fc7b8ffad5f,c572b3d564b4fdef62cc467cc697114a4e05dbc61602b8ced1cfd91c5570750c,False
matched_reused_noise,libero_goal_ood:task9:state5,libero_goal_ood,9,5,7,True,206,198.70363044110127,16800,0,0,0,0,0,,b1819839fd26f5148c3bc1461168222546a3507a77866a83665296610aa2e1f9,released_modified_libero,300,test,astra-pi05-ood-distributed-20260924-3,020c3a1ebe4535a01a69bb1bb7cb0c1a3b2f934a548a8ffc18b09409389cd252,1ee2e222dad607e317284f00237ae425035439370269fbb304981809d2c79f42,f9b51a9929093f8f50f6e4106ff0da562f66c287b8583c569d719fc7b8ffad5f,5b2e67add082e34dc34c7384f4aaddeb4298751482b48805f4f59c5656d91914,False
matched_reused_noise,libero_goal_ood:task9:state6,libero_goal_ood,9,6,7,True,122,115.61719828700006,10000,0,0,0,0,0,,c477f7faf1b655389b53ef47feed70a03a20d161f8e09164a877edc415cebf1b,released_modified_libero,300,test,astra-pi05-ood-steering-20260924-1,11477af765be454e2720fb294e0c06f316b7bd641a5b2f359e16e180e8567a91,29c04441c627ae88e5fc324824391bd1a37396228eb913985f3cbfc816b1f545,f9b51a9929093f8f50f6e4106ff0da562f66c287b8583c569d719fc7b8ffad5f,4438c202c2798eb1641d2888e602479cf504c208cf381ac9bce6e67456cc9ae3,False
matched_reused_noise,libero_goal_ood:task9:state7,libero_goal_ood,9,7,7,False,300,276.10643967500073,24000,0,0,0,0,0,,e6ef4d6d82b3104ee98dca179ced9b5b1f4ac10559bfd1997235da184f6af3f6,released_modified_libero,300,test,astra-pi05-ood-steering-20260924-1,11477af765be454e2720fb294e0c06f316b7bd641a5b2f359e16e180e8567a91,c048040f725778e0a3e1f85eded598cb565416d89abc36ff065e9f7e3c8fa10b,f9b51a9929093f8f50f6e4106ff0da562f66c287b8583c569d719fc7b8ffad5f,f0853630c9308abe94a8521d7ef6412896e8053b5036b3fe4a106ab60d38976e,False
matched_reused_noise,libero_goal_ood:task9:state8,libero_goal_ood,9,8,7,True,156,147.54959722099738,12800,0,0,0,0,0,,80a0e976daa2dd15a231aa9843b6d4f7fe44fe494772de6711ea4aefaeadca99,released_modified_libero,300,test,astra-pi05-ood-steering-20260924-1,11477af765be454e2720fb294e0c06f316b7bd641a5b2f359e16e180e8567a91,c7b76c7c0379f620004b0c293e632f7651fce7d2030a76101be206a1b57a7873,f9b51a9929093f8f50f6e4106ff0da562f66c287b8583c569d719fc7b8ffad5f,420d66204cd89c74fdfeaeefc72556657801daff529a5caa0c9f7251bf4a2795,False
matched_reused_noise,libero_goal_ood:task9:state9,libero_goal_ood,9,9,7,True,119,111.65133438000339,9600,0,0,0,0,0,,6fadbd17785237e825a5c443c453ad77f4e37ec2e375804c79cbda400c404dcc,released_modified_libero,300,test,astra-pi05-ood-steering-20260924-1,11477af765be454e2720fb294e0c06f316b7bd641a5b2f359e16e180e8567a91,f6f30483a05ea9e7da79c69be059cb257fc16463d036616ee5118afa16ad3a65,f9b51a9929093f8f50f6e4106ff0da562f66c287b8583c569d719fc7b8ffad5f,9e58643227b3f3812761b18ba6331802728b931e972f7037e63dd2a4fd89905b,False
matched_reused_noise,libero_spatial_ood:task0:state0,libero_spatial_ood,0,0,7,True,86,86.66771747000166,7200,0,0,0,0,0,,1c3788a9329e7161abc79e0b78c80e87dad0d39ac44abe7201ed54acbdd8f89e,released_modified_libero,300,test,astra-pi05-ood-steering-20260924-1,11477af765be454e2720fb294e0c06f316b7bd641a5b2f359e16e180e8567a91,b34412fb670e414fc1f81a828ba172fc2b4123cb840eda33e09830420cfd8c90,aac4b0de94fbf39d2f7d70d13236cfa2287d226403fb57614c811ea641c5b489,900f9dcf2c47898cf413e7259406e7109fc09d541e070d24dadaf53c4467d7cb,False
matched_reused_noise,libero_spatial_ood:task0:state1,libero_spatial_ood,0,1,7,True,83,79.13903013600066,6800,0,0,0,0,0,,8be3c6d02e877d1736b1aae3c47824ea2871d54b20acb3235a3648ab60c20145,released_modified_libero,300,test,astra-pi05-ood-steering-20260924-1,11477af765be454e2720fb294e0c06f316b7bd641a5b2f359e16e180e8567a91,afb94a389e4634e89a2d645bf43531ad0a33b93632aecd2da09132679dcb3edb,aac4b0de94fbf39d2f7d70d13236cfa2287d226403fb57614c811ea641c5b489,d3e19e346d7b054c7a28f83ec7335868cb48005a3e27ef4881197b51ead193e5,False
matched_reused_noise,libero_spatial_ood:task0:state2,libero_spatial_ood,0,2,7,True,168,164.30032838300394,13600,0,0,0,0,0,,628495a152550a73523b6175cf17dab720d019ad5aad0be7d9b9a4bca458192f,released_modified_libero,300,test,astra-pi05-ood-steering-20260924-1,11477af765be454e2720fb294e0c06f316b7bd641a5b2f359e16e180e8567a91,fabdfb1ad295db93b0b7aca8db3da53eb12ade6f045d12bc2a4dc6969638e960,aac4b0de94fbf39d2f7d70d13236cfa2287d226403fb57614c811ea641c5b489,2b13edb61f4a21c538f28dbf29d2ad396ab88b60f378ec123d12b49880c0750f,False
matched_reused_noise,libero_spatial_ood:task0:state3,libero_spatial_ood,0,3,7,True,85,79.26788671899703,6800,0,0,0,0,0,,33382a6ad007e9a9f5d913f8098fed66548c2481cfc863638130e70eeb7dff88,released_modified_libero,300,test,astra-pi05-ood-steering-20260924-1,11477af765be454e2720fb294e0c06f316b7bd641a5b2f359e16e180e8567a91,e6926b310211f01361269bf25aedca366ae1a4697d6cc481f3e54c854d34fb27,aac4b0de94fbf39d2f7d70d13236cfa2287d226403fb57614c811ea641c5b489,aba3dff0644b4f7300b0a855ad155c80e11cccbff4e4d028d52176d88b214066,False
matched_reused_noise,libero_spatial_ood:task0:state4,libero_spatial_ood,0,4,7,True,128,126.11159114795737,10400,0,0,0,0,0,,8508d398a4f59624d6bf1e359bbdff9cd060d480709dcc3d9b1477dbcdaa0978,released_modified_libero,300,test,astra-pi05-ood-distributed-20260924-1,bf468983c03392b6477d694efd9649d05fea95f7c79c99c984860a7a9bafc3a3,a4a76b1ae493b63f2acf0a762557b24682de9cfd49ac2dba389258661056f1fc,aac4b0de94fbf39d2f7d70d13236cfa2287d226403fb57614c811ea641c5b489,86804e330e873b58b80a3bcc51d7414aca77fba29d73d2ae34380d9e15d65383,False
matched_reused_noise,libero_spatial_ood:task0:state5,libero_spatial_ood,0,5,7,True,85,81.0087855560705,6800,0,0,0,0,0,,6951bb79586b982c35bb9e31a7960b030b5b162b59f8beaf42cdd909354f6513,released_modified_libero,300,test,astra-pi05-ood-distributed-20260924-1,a24825130bd3385916561ce33ad58e76065f7340c2fc0deffeb10f5484628071,f1a356eb0f1460babfb585e65274d2520f8b2ae73d33b7933202e10da64b668d,aac4b0de94fbf39d2f7d70d13236cfa2287d226403fb57614c811ea641c5b489,4c79b45f54c1394332c35a9e86858a499153e874b8c9bc3e251708a591c5fc81,False
matched_reused_noise,libero_spatial_ood:task0:state6,libero_spatial_ood,0,6,7,True,85,83.37539623607881,6800,0,0,0,0,0,,83734f0911ec8a435b895123a3cb049948457eaa1a2442fe70d9a34e055de288,released_modified_libero,300,test,astra-pi05-ood-distributed-20260924-1,12445059e057b6c1aa84596dbf69de82f1f2a289397e43d956f3eb54d43302ee,1066258791203a69b642522c2a45521957f67203491fbb7e14a8f9a607930cfc,aac4b0de94fbf39d2f7d70d13236cfa2287d226403fb57614c811ea641c5b489,24d6e9d0f309839ed3b75a2fc25dbb593645fd0d6e60bfa4082703f8c070202a,False
matched_reused_noise,libero_spatial_ood:task0:state7,libero_spatial_ood,0,7,7,True,165,161.88283831090666,13200,0,0,0,0,0,,1430ff56c3ff0879af7b61180bf89487a150fe34c9c41334c4b583f741792244,released_modified_libero,300,test,astra-pi05-ood-distributed-20260924-1,22aaa483971944cfeb7e41adc1266eeebf22f85572d30a673a83a2a521c88b06,c3d273ec1b28b92e381aae6e3c5ce8d1a027b78f5193d15fcd55dafea664a2e9,aac4b0de94fbf39d2f7d70d13236cfa2287d226403fb57614c811ea641c5b489,d377450e4e180bbb1732472505064e9255807e707e8f5d9efd0b219434b149c2,False
matched_reused_noise,libero_spatial_ood:task0:state8,libero_spatial_ood,0,8,7,True,83,81.58158902893774,6800,0,0,0,0,0,,50b8db3307d94e09400bd61d0bf95f2a02b48c6b4c351b93ddee27835c53e863,released_modified_libero,300,test,astra-pi05-ood-distributed-20260924-2,2ae7788650ecd0c83783e1200d5c5f24ec26117a1429df1f138d6e7ba456535e,ffb69222574d85196b0523142580a33943087c4d908a81bf843e81085dcfd4a5,aac4b0de94fbf39d2f7d70d13236cfa2287d226403fb57614c811ea641c5b489,51a27270eddb50799ce0b6ae9312bc2b0c44160436287f48ed2b04242625690e,False
matched_reused_noise,libero_spatial_ood:task0:state9,libero_spatial_ood,0,9,7,True,165,159.82408578204922,13200,0,0,0,0,0,,267cdc212f9d48b3208bd6df2c4038d970839a617b251b33825df5c235ce411d,released_modified_libero,300,test,astra-pi05-ood-distributed-20260924-2,cd039c1000b6b4ee49e2099cce7f703fc3b7fdb2f8cf1b357bc3e0f84f2aa6a6,23ebd2acd4e9c6b91d9616a8c93f41acc76ac4712e2ff12e7eaa98a007759259,aac4b0de94fbf39d2f7d70d13236cfa2287d226403fb57614c811ea641c5b489,72b959fc344209901ef81ce578322098a36c0002276ea29f58c895476a46a9a4,False
matched_reused_noise,libero_spatial_ood:task1:state0,libero_spatial_ood,1,0,7,True,127,121.97148752189241,10400,0,0,0,0,0,,db406f5ecc1a18ccec799477885125212885e4e5aefcca5e3746cf149da5ade0,released_modified_libero,300,test,astra-pi05-ood-distributed-20260924-2,75014f03f13989822f1767cf05c05d34113c17a4390cd3595e307acfbbf48bf5,4ac840a5c6b1accd2df5f3fa707a3462bdf38a6eb024665775b6fc7a07c28833,aac4b0de94fbf39d2f7d70d13236cfa2287d226403fb57614c811ea641c5b489,900f9dcf2c47898cf413e7259406e7109fc09d541e070d24dadaf53c4467d7cb,False
matched_reused_noise,libero_spatial_ood:task1:state1,libero_spatial_ood,1,1,7,True,93,94.06257555587217,7600,0,0,0,0,0,,0ab8fb534bd831810b251ad2b3cfe5b7ef7c283dadb2e604ea3b23dbbcd7da5f,released_modified_libero,300,test,astra-pi05-ood-distributed-20260924-2,95c0712a376ab3d78d67bdd060830e60e940b8891fc5b2c411c6b3dd1d912325,c3a9584d822251d7bec555cd9b646adb0f899f2da721c6550fbc85ce60c3a975,aac4b0de94fbf39d2f7d70d13236cfa2287d226403fb57614c811ea641c5b489,d3e19e346d7b054c7a28f83ec7335868cb48005a3e27ef4881197b51ead193e5,False
matched_reused_noise,libero_spatial_ood:task1:state2,libero_spatial_ood,1,2,7,True,92,91.0440813479945,7600,0,0,0,0,0,,76e6ae2be499d5e19786af9b228e9957c3b33d4fba83709bb526f1dadcb47a95,released_modified_libero,300,test,astra-pi05-ood-distributed-20260924-3,a8dd5c1c1ac1c4785701e2e90ee132d88e8f1c7a6d731eb9a042dec35adaef92,0d75cba1b9743a0518b601f533f7d384f8f1319944fa7d385f9b339c7bc12afb,aac4b0de94fbf39d2f7d70d13236cfa2287d226403fb57614c811ea641c5b489,2b13edb61f4a21c538f28dbf29d2ad396ab88b60f378ec123d12b49880c0750f,False
matched_reused_noise,libero_spatial_ood:task1:state3,libero_spatial_ood,1,3,7,True,96,97.19755712896585,8000,0,0,0,0,0,,2f5f3a5dad47e007612c6b673559e67bb940e6e7072749cf302e23ce2d1d52dd,released_modified_libero,300,test,astra-pi05-ood-distributed-20260924-3,ab3af847dbf08f777d6518acd27b62eaa3076817231d9c31d95448a65a48240a,de7a826c1a947527f12694fb51be8e87ef17b6d3d2befbf327587a8dd61cb62e,aac4b0de94fbf39d2f7d70d13236cfa2287d226403fb57614c811ea641c5b489,aba3dff0644b4f7300b0a855ad155c80e11cccbff4e4d028d52176d88b214066,False
matched_reused_noise,libero_spatial_ood:task1:state4,libero_spatial_ood,1,4,7,True,207,202.89436422497965,16800,0,0,0,0,0,,e2888f3578e1e51058a1959f215bbab8e9e2255f87bbed71193ea15019be8c60,released_modified_libero,300,test,astra-pi05-ood-distributed-20260924-3,11adc2020f645d2f9bbbe6871114de759316b77760c60731ab5849db382eef54,0f3168f3bf60425f72e514451cfe496935c1e155bfb5c84e0e5c2af7a5a5a3ba,aac4b0de94fbf39d2f7d70d13236cfa2287d226403fb57614c811ea641c5b489,86804e330e873b58b80a3bcc51d7414aca77fba29d73d2ae34380d9e15d65383,False
matched_reused_noise,libero_spatial_ood:task1:state5,libero_spatial_ood,1,5,7,True,98,95.22253723209724,8000,0,0,0,0,0,,61b065ab7a3d1a7c04dcb8c0cb5d534ca240a64ed40cc2e19b15bb8ca6547c15,released_modified_libero,300,test,astra-pi05-ood-distributed-20260924-3,2fc9a5ed86a597896c1658ba0a93db868db21743f7528a7c419b4a224f1a5fd3,6e36a1610a5e2ff9289192bb8f365d69332ae9e1d77ff7667e89be8ab1c2bff6,aac4b0de94fbf39d2f7d70d13236cfa2287d226403fb57614c811ea641c5b489,4c79b45f54c1394332c35a9e86858a499153e874b8c9bc3e251708a591c5fc81,False
matched_reused_noise,libero_spatial_ood:task1:state6,libero_spatial_ood,1,6,7,True,111,107.69998924600077,9200,0,0,0,0,0,,f07bfd2f349f2bab08cf6527cef79580fe4dc12cbd45551cb99d13789e46c148,released_modified_libero,300,test,astra-pi05-ood-steering-20260924-1,11477af765be454e2720fb294e0c06f316b7bd641a5b2f359e16e180e8567a91,646d0dcb4c789e05de6a028958652034d45db76ba1c53f1dafcc05ab5fcce22a,aac4b0de94fbf39d2f7d70d13236cfa2287d226403fb57614c811ea641c5b489,24d6e9d0f309839ed3b75a2fc25dbb593645fd0d6e60bfa4082703f8c070202a,False
matched_reused_noise,libero_spatial_ood:task1:state7,libero_spatial_ood,1,7,7,True,138,126.97448507199442,11200,0,0,0,0,0,,ae01ec977058e22e686b101ae1940107346eeefd22261ec8441cc83f3fd3bbac,released_modified_libero,300,test,astra-pi05-ood-steering-20260924-1,11477af765be454e2720fb294e0c06f316b7bd641a5b2f359e16e180e8567a91,0edef927fad13e2a9a9e6d0bc4310cfa53e34b8fab0a26ab4b17d01e8f21a643,aac4b0de94fbf39d2f7d70d13236cfa2287d226403fb57614c811ea641c5b489,d377450e4e180bbb1732472505064e9255807e707e8f5d9efd0b219434b149c2,False
matched_reused_noise,libero_spatial_ood:task1:state8,libero_spatial_ood,1,8,7,True,155,149.3731900720013,12400,0,0,0,0,0,,163f1dc6a2d73ed867c002ac7ddac15f073417645e14103b9991a83661e87efe,released_modified_libero,300,test,astra-pi05-ood-steering-20260924-1,11477af765be454e2720fb294e0c06f316b7bd641a5b2f359e16e180e8567a91,3e3ca005e51d31c8cd2a56204501a947b9b570cda43880e83d4f8e0beb994beb,aac4b0de94fbf39d2f7d70d13236cfa2287d226403fb57614c811ea641c5b489,51a27270eddb50799ce0b6ae9312bc2b0c44160436287f48ed2b04242625690e,False
matched_reused_noise,libero_spatial_ood:task1:state9,libero_spatial_ood,1,9,7,True,148,136.40306602700002,12000,0,0,0,0,0,,49c11a58f25c5eb0ff11a09e1da481f7df819bcbb04d46f1b5cb3658c9c17d3c,released_modified_libero,300,test,astra-pi05-ood-steering-20260924-1,11477af765be454e2720fb294e0c06f316b7bd641a5b2f359e16e180e8567a91,0721b4ededef17b537c532c1624eeb8f89fea8e7018a7e342320c38e9411e124,aac4b0de94fbf39d2f7d70d13236cfa2287d226403fb57614c811ea641c5b489,72b959fc344209901ef81ce578322098a36c0002276ea29f58c895476a46a9a4,False
matched_reused_noise,libero_spatial_ood:task2:state0,libero_spatial_ood,2,0,7,False,300,291.57094985991716,24000,0,0,0,0,0,,0d960d215fc36fb3cdb747e38f7b88416e9d73ee8d92ce4e54c75fa26d5567c9,released_modified_libero,300,test,astra-pi05-ood-distributed-20260924-1,bf468983c03392b6477d694efd9649d05fea95f7c79c99c984860a7a9bafc3a3,43e7a06689a65e661bca577c2b4cbc304b52117c7f84d0e73d19141d67ce2bf9,aac4b0de94fbf39d2f7d70d13236cfa2287d226403fb57614c811ea641c5b489,3d768b00c00dc99e17f0d4c4b0f751bb04a35140990d9188648ffff61708f070,False
matched_reused_noise,libero_spatial_ood:task2:state1,libero_spatial_ood,2,1,7,True,88,85.14146821689792,7200,0,0,0,0,0,,176730e9c115ce5e021373fa16aafd48e5591811e3c4da093bf73cf891aaa382,released_modified_libero,300,test,astra-pi05-ood-distributed-20260924-1,a24825130bd3385916561ce33ad58e76065f7340c2fc0deffeb10f5484628071,897cbe107ab15b876e8255f55d083fbafd1c134747e73d464eae0bdad04b83fa,aac4b0de94fbf39d2f7d70d13236cfa2287d226403fb57614c811ea641c5b489,bad796b32547a5408b5cbe237e39285df47dc2b66a4ac3f4309f6127e123bd6a,False
matched_reused_noise,libero_spatial_ood:task2:state2,libero_spatial_ood,2,2,7,False,300,299.1539317849092,24000,0,0,0,0,0,,237f6ebf09a61d0bf5e2fe34127aa4ec35bbd5976bbb00474a604a45874dc3c9,released_modified_libero,300,test,astra-pi05-ood-distributed-20260924-1,12445059e057b6c1aa84596dbf69de82f1f2a289397e43d956f3eb54d43302ee,b4feb29ebf0a4b44e3ea26dc061f3c966e068986045927f3ea8bbfbe7a6a74ad,aac4b0de94fbf39d2f7d70d13236cfa2287d226403fb57614c811ea641c5b489,685a015a44b2901e7104fc8e717da702d097724303b96514924d77e9c5448e89,False
matched_reused_noise,libero_spatial_ood:task2:state3,libero_spatial_ood,2,3,7,False,300,309.54189299885184,24000,0,0,0,0,0,,7a12da01fc65437803bf629cec9e1ecb97506c7036e6092490214e10f08a21f7,released_modified_libero,300,test,astra-pi05-ood-distributed-20260924-1,22aaa483971944cfeb7e41adc1266eeebf22f85572d30a673a83a2a521c88b06,0d2e7cc7ae55bc1feeb310ccf6884fa38cab39b37971142073d92b7877c5477e,aac4b0de94fbf39d2f7d70d13236cfa2287d226403fb57614c811ea641c5b489,5d375f728d8d6e764316917d0f8f35daf2353ae43aa046bf2695b6b6595fccc5,False
matched_reused_noise,libero_spatial_ood:task2:state4,libero_spatial_ood,2,4,7,False,300,287.3117258590646,24000,0,0,0,0,0,,cf12acb038c3f67bb532b39a139a3f12cc0c1fa170eee8067cf5260e57eb3898,released_modified_libero,300,test,astra-pi05-ood-distributed-20260924-2,2ae7788650ecd0c83783e1200d5c5f24ec26117a1429df1f138d6e7ba456535e,da170b5bebd67cd3f8d6347824e1be370f5e1b963b1a300e2825c24b94ff71da,aac4b0de94fbf39d2f7d70d13236cfa2287d226403fb57614c811ea641c5b489,2d5e7ee0833288a615f12bae2073b8c07a5768d64bb85f73d334d7c73eda1f9d,False
matched_reused_noise,libero_spatial_ood:task2:state5,libero_spatial_ood,2,5,7,True,98,96.48098763404414,8000,0,0,0,0,0,,67b0c06b9d269b6748614de36e5a8c81e5c937e729a640a058faccc8e49fb4c0,released_modified_libero,300,test,astra-pi05-ood-distributed-20260924-2,cd039c1000b6b4ee49e2099cce7f703fc3b7fdb2f8cf1b357bc3e0f84f2aa6a6,9088961f729803440f5a8486b58d7aa5b832532ac731d7a8517f4e6d4f7c83d6,aac4b0de94fbf39d2f7d70d13236cfa2287d226403fb57614c811ea641c5b489,b7430596cd4c9970161b9ea219858027f250f98b1b3744bfffe992a5b395b571,False
matched_reused_noise,libero_spatial_ood:task2:state6,libero_spatial_ood,2,6,7,False,300,281.55537934508175,24000,0,0,0,0,0,,4fee64996c01064e8a41f6efe1784a34feb8472d94093dafd05d2a5ae9bd0816,released_modified_libero,300,test,astra-pi05-ood-distributed-20260924-2,75014f03f13989822f1767cf05c05d34113c17a4390cd3595e307acfbbf48bf5,506be338128f78206784c4a6b0d26dcd014a63b5f8cf1d99ad4a89c74ffb7175,aac4b0de94fbf39d2f7d70d13236cfa2287d226403fb57614c811ea641c5b489,4536298fddaf938e85f0f4c432e9685e5ed6dbb16dd0f070f4352fde88a2c1bc,False
matched_reused_noise,libero_spatial_ood:task2:state7,libero_spatial_ood,2,7,7,True,89,92.1292396329809,7200,0,0,0,0,0,,3ab833079edc9fe676aecf48651826f47b437d68ca269691de7a697af5ea3d3c,released_modified_libero,300,test,astra-pi05-ood-distributed-20260924-2,95c0712a376ab3d78d67bdd060830e60e940b8891fc5b2c411c6b3dd1d912325,5d946423ae9c8ad1c8beded5e1a1a192447e2a701048ac567d74a0ed8a339a0b,aac4b0de94fbf39d2f7d70d13236cfa2287d226403fb57614c811ea641c5b489,73bcf453b1e0d7f175b5cfe70a27ac44c382b348ab047670b25086da70bcecae,False
matched_reused_noise,libero_spatial_ood:task2:state8,libero_spatial_ood,2,8,7,False,300,283.99644693592563,24000,0,0,0,0,0,,db4610aa44b09fe367719180fb2e5b11a78969104019701fb96080b885727606,released_modified_libero,300,test,astra-pi05-ood-distributed-20260924-3,a8dd5c1c1ac1c4785701e2e90ee132d88e8f1c7a6d731eb9a042dec35adaef92,f7baa0e16478a0b02dfef9f3ea11f869c6dcbadc40437aca08e5d5f11c8e7687,aac4b0de94fbf39d2f7d70d13236cfa2287d226403fb57614c811ea641c5b489,84cfef6c66cb5f14028d053714879276f7f846fd496960bf8c9499be3098f3d6,False
matched_reused_noise,libero_spatial_ood:task2:state9,libero_spatial_ood,2,9,7,True,88,87.36331137199886,7200,0,0,0,0,0,,dabb9db67a76ecfc67e7ed368f366b789854d8a61d29ad67dcbf7b6c78b4b167,released_modified_libero,300,test,astra-pi05-ood-distributed-20260924-3,ab3af847dbf08f777d6518acd27b62eaa3076817231d9c31d95448a65a48240a,3eb72bc14b7d3c0f7479b81b0b4a935d6c4f442523fc7cfbf69c8d02456b11d9,aac4b0de94fbf39d2f7d70d13236cfa2287d226403fb57614c811ea641c5b489,bb92d4e98cdc921ac5439512d80ca818c7fef0474ea649e226a4b0e2e8140347,False
matched_reused_noise,libero_spatial_ood:task3:state0,libero_spatial_ood,3,0,7,True,97,100.6923997970298,8000,0,0,0,0,0,,3c3c2b5ae34f3a5dbb239c711a3fff3aa00cda0695a26980d4853e1d0b65edac,released_modified_libero,300,test,astra-pi05-ood-distributed-20260924-3,11adc2020f645d2f9bbbe6871114de759316b77760c60731ab5849db382eef54,aae34d7902e2753dcb94c09ce2af3415df386cabe6c1041072ad41ef787678eb,aac4b0de94fbf39d2f7d70d13236cfa2287d226403fb57614c811ea641c5b489,3d768b00c00dc99e17f0d4c4b0f751bb04a35140990d9188648ffff61708f070,False
matched_reused_noise,libero_spatial_ood:task3:state1,libero_spatial_ood,3,1,7,True,93,97.38033750210889,7600,0,0,0,0,0,,bb1ce0732c1b8dbeac798b0f1e9b35957b5f17b12edb61744b1a060a71d085b8,released_modified_libero,300,test,astra-pi05-ood-distributed-20260924-3,2fc9a5ed86a597896c1658ba0a93db868db21743f7528a7c419b4a224f1a5fd3,d7f354fc39c3b99c32f4ea1540c35938b79feccd2130f580e0aa80ab15c3ebb6,aac4b0de94fbf39d2f7d70d13236cfa2287d226403fb57614c811ea641c5b489,bad796b32547a5408b5cbe237e39285df47dc2b66a4ac3f4309f6127e123bd6a,False
matched_reused_noise,libero_spatial_ood:task3:state2,libero_spatial_ood,3,2,7,True,107,103.5078326340008,8800,0,0,0,0,0,,075b7228ca42329acf3842a172e9f8a33e7c917c9c10e3e67af6382602588c5f,released_modified_libero,300,test,astra-pi05-ood-steering-20260924-1,11477af765be454e2720fb294e0c06f316b7bd641a5b2f359e16e180e8567a91,27d894582f9824d3ca916b6d744337e05de28d8935498fbf55413f7812c87473,aac4b0de94fbf39d2f7d70d13236cfa2287d226403fb57614c811ea641c5b489,685a015a44b2901e7104fc8e717da702d097724303b96514924d77e9c5448e89,False
matched_reused_noise,libero_spatial_ood:task3:state3,libero_spatial_ood,3,3,7,True,102,95.37780339500023,8400,0,0,0,0,0,,e5b827300873d7c7c08d1187d8c6863cabc12079dcfad084eb9bc61af5174ea3,released_modified_libero,300,test,astra-pi05-ood-steering-20260924-1,11477af765be454e2720fb294e0c06f316b7bd641a5b2f359e16e180e8567a91,89a4d1851d3c517ac46203e79f0e838d4f5b3d6596066ad7668bc1b439f7a44e,aac4b0de94fbf39d2f7d70d13236cfa2287d226403fb57614c811ea641c5b489,5d375f728d8d6e764316917d0f8f35daf2353ae43aa046bf2695b6b6595fccc5,False
matched_reused_noise,libero_spatial_ood:task3:state4,libero_spatial_ood,3,4,7,True,104,100.09721017999982,8400,0,0,0,0,0,,ae0693002a4ed9662c11fd693a01818281435850768f5cd8718dc38a7ce85a6b,released_modified_libero,300,test,astra-pi05-ood-steering-20260924-1,11477af765be454e2720fb294e0c06f316b7bd641a5b2f359e16e180e8567a91,1cc30268f3fdd61bc765226b0eb9d77705351c5ed313d6a266b491faa69bc658,aac4b0de94fbf39d2f7d70d13236cfa2287d226403fb57614c811ea641c5b489,2d5e7ee0833288a615f12bae2073b8c07a5768d64bb85f73d334d7c73eda1f9d,False
matched_reused_noise,libero_spatial_ood:task3:state5,libero_spatial_ood,3,5,7,True,93,86.29149488300027,7600,0,0,0,0,0,,3f211a047d7c699984375d211615f6c69439ab450d15f3dbcc7f6905bb502bab,released_modified_libero,300,test,astra-pi05-ood-steering-20260924-1,11477af765be454e2720fb294e0c06f316b7bd641a5b2f359e16e180e8567a91,90735a789973e02a354d76ef049681022ccf4155e89e94b0716ee06b4612fb66,aac4b0de94fbf39d2f7d70d13236cfa2287d226403fb57614c811ea641c5b489,b7430596cd4c9970161b9ea219858027f250f98b1b3744bfffe992a5b395b571,False
matched_reused_noise,libero_spatial_ood:task3:state6,libero_spatial_ood,3,6,7,True,103,100.72880767798051,8400,0,0,0,0,0,,7ee4a431edab8cfa1d97fb783546c03429e8f40e2d927b1fef29a1395740fa72,released_modified_libero,300,test,astra-pi05-ood-distributed-20260924-1,bf468983c03392b6477d694efd9649d05fea95f7c79c99c984860a7a9bafc3a3,fcd4c15cea395364c6dfbcb42bf580f1ce142fe46215f2f9522ee44c9cd345a1,aac4b0de94fbf39d2f7d70d13236cfa2287d226403fb57614c811ea641c5b489,4536298fddaf938e85f0f4c432e9685e5ed6dbb16dd0f070f4352fde88a2c1bc,False
matched_reused_noise,libero_spatial_ood:task3:state7,libero_spatial_ood,3,7,7,True,96,94.97287630895153,8000,0,0,0,0,0,,1ded6dc66f08e7cf45602e9c8bef4762ab2e8179500113ce71c52398f16f4a0c,released_modified_libero,300,test,astra-pi05-ood-distributed-20260924-1,a24825130bd3385916561ce33ad58e76065f7340c2fc0deffeb10f5484628071,393c9405726c527806c1eabd76977e027bb4b77c819b24d96f48f734a804d9df,aac4b0de94fbf39d2f7d70d13236cfa2287d226403fb57614c811ea641c5b489,73bcf453b1e0d7f175b5cfe70a27ac44c382b348ab047670b25086da70bcecae,False
matched_reused_noise,libero_spatial_ood:task3:state8,libero_spatial_ood,3,8,7,True,96,99.86978262313642,8000,0,0,0,0,0,,beff22ccb8777798a520bea399f4238d3dcab4652cb9e4bc6ee033ae8be5614a,released_modified_libero,300,test,astra-pi05-ood-distributed-20260924-1,12445059e057b6c1aa84596dbf69de82f1f2a289397e43d956f3eb54d43302ee,d38d51c5edbd3765485503ca3ced2df9c550e215b3af7eadbf7acdfd4d4deefc,aac4b0de94fbf39d2f7d70d13236cfa2287d226403fb57614c811ea641c5b489,84cfef6c66cb5f14028d053714879276f7f846fd496960bf8c9499be3098f3d6,False
matched_reused_noise,libero_spatial_ood:task3:state9,libero_spatial_ood,3,9,7,True,92,97.8117853871081,7600,0,0,0,0,0,,b4dac74b2d2abef13d633a3dc3311fb24762740f9f6a9865993b257e0bdc0f19,released_modified_libero,300,test,astra-pi05-ood-distributed-20260924-1,22aaa483971944cfeb7e41adc1266eeebf22f85572d30a673a83a2a521c88b06,c3c5ee9dbf8c32ff077e5699ace45f9d7751b5aa59fff61f2bcd386d7dac53ce,aac4b0de94fbf39d2f7d70d13236cfa2287d226403fb57614c811ea641c5b489,bb92d4e98cdc921ac5439512d80ca818c7fef0474ea649e226a4b0e2e8140347,False
matched_reused_noise,libero_spatial_ood:task4:state0,libero_spatial_ood,4,0,7,False,300,287.28235260699876,24000,0,0,0,0,0,,28df671666928058e8db710a67f3d6f4b4b1e08d6496a1ea6736906a119fcc7c,released_modified_libero,300,test,astra-pi05-ood-distributed-20260924-2,2ae7788650ecd0c83783e1200d5c5f24ec26117a1429df1f138d6e7ba456535e,d455b970799af32c4a0118605e301a9ebd0442269ffdbe21d3548db2cddaefd5,aac4b0de94fbf39d2f7d70d13236cfa2287d226403fb57614c811ea641c5b489,fa0188a614a5865c706b3261e6773b7202452941c2cef8323c4620c599284ce6,False
matched_reused_noise,libero_spatial_ood:task4:state1,libero_spatial_ood,4,1,7,False,300,288.54678125702776,24000,0,0,0,0,0,,659b4bbfe3f8c9889a30d67143c8059cd30a43fa64cc124415eef43137fafa11,released_modified_libero,300,test,astra-pi05-ood-distributed-20260924-2,cd039c1000b6b4ee49e2099cce7f703fc3b7fdb2f8cf1b357bc3e0f84f2aa6a6,8004a947bdd641cf2c90a64fb661a7dfd86ab8a2105e365ac56100fb35565cbf,aac4b0de94fbf39d2f7d70d13236cfa2287d226403fb57614c811ea641c5b489,bbb1c69871eecff3c7cf4bb41c10836720fcffc98c1d62ba9bea5ee47b864390,False
matched_reused_noise,libero_spatial_ood:task4:state2,libero_spatial_ood,4,2,7,False,300,281.9359189029783,24000,0,0,0,0,0,,2587117c4e41648214a92b7e6cafd391c9dddfb64c996711a78f0e023ace82b0,released_modified_libero,300,test,astra-pi05-ood-distributed-20260924-2,75014f03f13989822f1767cf05c05d34113c17a4390cd3595e307acfbbf48bf5,e1042f9ac6a42b8aff99a20d013f1b8990262587edf44b84fb5d3c26f2acea4c,aac4b0de94fbf39d2f7d70d13236cfa2287d226403fb57614c811ea641c5b489,990fee20defb5925b2e082e98f7ad98bb4e8c5f16ecf68c6f121f2cc93397169,False
matched_reused_noise,libero_spatial_ood:task4:state3,libero_spatial_ood,4,3,7,False,300,306.53188145905733,24000,0,0,0,0,0,,acf9a422359310f3d0a8b68acf7abf0608a998b16c934f90497fc242b61d2653,released_modified_libero,300,test,astra-pi05-ood-distributed-20260924-2,95c0712a376ab3d78d67bdd060830e60e940b8891fc5b2c411c6b3dd1d912325,fc9f8b43549cce010e3aee26b8156828aaabbfab8503372dec8df59b8aacc087,aac4b0de94fbf39d2f7d70d13236cfa2287d226403fb57614c811ea641c5b489,747a7afca3477aacce1032c419183ebc0fc01560386e79226f76e2d754569b86,False
matched_reused_noise,libero_spatial_ood:task4:state4,libero_spatial_ood,4,4,7,False,300,283.63368862704374,24000,0,0,0,0,0,,30fc8f0fe6120c8b51f8b84094c9a12dbaea52cd9ac52f7ae935299fddbe3463,released_modified_libero,300,test,astra-pi05-ood-distributed-20260924-3,a8dd5c1c1ac1c4785701e2e90ee132d88e8f1c7a6d731eb9a042dec35adaef92,d024976e9eb2ca769ef5e0ae9478faff19255e77a4563342c65e6320af089fd2,aac4b0de94fbf39d2f7d70d13236cfa2287d226403fb57614c811ea641c5b489,4ce2147330dbcd5d56011c61e305570ac41b4463d46c7a3514349da5b2f3934b,False
matched_reused_noise,libero_spatial_ood:task4:state5,libero_spatial_ood,4,5,7,False,300,289.19102757098153,24000,0,0,0,0,0,,11344f336c62c0bd91acfe2beefe5c98cdb131e45f4c9d7244f3cd749ab1df16,released_modified_libero,300,test,astra-pi05-ood-distributed-20260924-3,ab3af847dbf08f777d6518acd27b62eaa3076817231d9c31d95448a65a48240a,26e514ad01404421a90e1557ed92e9d44f67cd6e2ca14e152e722ede3aab8d05,aac4b0de94fbf39d2f7d70d13236cfa2287d226403fb57614c811ea641c5b489,a8800f9d950a0b1398b00d477aac54ce828fe774a6988a9421a3b8913f97bfa1,False
matched_reused_noise,libero_spatial_ood:task4:state6,libero_spatial_ood,4,6,7,False,300,301.10120571008883,24000,0,0,0,0,0,,702e65a82b5ee331737c963b41ff781fcff94d7f8491c9adfb29f9f997dc9272,released_modified_libero,300,test,astra-pi05-ood-distributed-20260924-3,11adc2020f645d2f9bbbe6871114de759316b77760c60731ab5849db382eef54,467af71fab0f13fc021f4c4a1bc4432338fb32724e594cf57879f7a595f85c1a,aac4b0de94fbf39d2f7d70d13236cfa2287d226403fb57614c811ea641c5b489,d1fbe94c9b7b01888b91b6ad02999d328b5b19def94c8a75b9fe59e8f2ad5a7e,False
matched_reused_noise,libero_spatial_ood:task4:state7,libero_spatial_ood,4,7,7,False,300,308.2468342159409,24000,0,0,0,0,0,,f2e081173d41098ea435d16605ffe01a25e4961c8aea2746c2e42ac6a97d5b1f,released_modified_libero,300,test,astra-pi05-ood-distributed-20260924-3,2fc9a5ed86a597896c1658ba0a93db868db21743f7528a7c419b4a224f1a5fd3,4c94991aaca32ee8cec5d5cbcf2778306bd41f725878b79bae708d85b5626e7c,aac4b0de94fbf39d2f7d70d13236cfa2287d226403fb57614c811ea641c5b489,ccdbf13f7c11f90a6b46959aa2fba974f12896e003e9c8f6bd61c94c59a1af27,False
matched_reused_noise,libero_spatial_ood:task4:state8,libero_spatial_ood,4,8,7,False,300,281.0274859130004,24000,0,0,0,0,0,,c98aef39bbd257468322a49408f7cbbe74d01febc3be3310e10355ac6fed31fe,released_modified_libero,300,test,astra-pi05-ood-steering-20260924-1,11477af765be454e2720fb294e0c06f316b7bd641a5b2f359e16e180e8567a91,dc587b83f3b133ebdfa629e90ee739867765229b0e4fa4a9082735a8a52c8ef6,aac4b0de94fbf39d2f7d70d13236cfa2287d226403fb57614c811ea641c5b489,8d9e2fdfdb37a06f4da73c554ce4f019ddeda9c0e596e1762128a799f5e28cf1,False
matched_reused_noise,libero_spatial_ood:task4:state9,libero_spatial_ood,4,9,7,False,300,272.8734607629958,24000,0,0,0,0,0,,ef0777e8615c38b442afb7406ef3ee3b551a2079eacf1daabd328a72c4062694,released_modified_libero,300,test,astra-pi05-ood-steering-20260924-1,11477af765be454e2720fb294e0c06f316b7bd641a5b2f359e16e180e8567a91,d7104631197d793d383f0ca37a179f418939c1c6402ef2b2bbacaa73f9727799,aac4b0de94fbf39d2f7d70d13236cfa2287d226403fb57614c811ea641c5b489,fcba07961f38b5e778d5eb2771eafc54dac6d56e121cb553c4f20768484f21f7,False
matched_reused_noise,libero_spatial_ood:task5:state0,libero_spatial_ood,5,0,7,False,300,282.4691781780057,24000,0,0,0,0,0,,bb490c379779d494c61487ab7000e3e6d431e845d6d5d4f36b907109f8d7ae56,released_modified_libero,300,test,astra-pi05-ood-steering-20260924-1,11477af765be454e2720fb294e0c06f316b7bd641a5b2f359e16e180e8567a91,b4905b0ec3462f0ecaab476c5724d4eda56255cbd1658f89199942e6434b1a53,aac4b0de94fbf39d2f7d70d13236cfa2287d226403fb57614c811ea641c5b489,fa0188a614a5865c706b3261e6773b7202452941c2cef8323c4620c599284ce6,False
matched_reused_noise,libero_spatial_ood:task5:state1,libero_spatial_ood,5,1,7,False,300,290.90875982700527,24000,0,0,0,0,0,,00d2cbaae74ad116a68d1dad01ffaf8ca9e78ea0e97f33052df5f29c63094a00,released_modified_libero,300,test,astra-pi05-ood-steering-20260924-1,11477af765be454e2720fb294e0c06f316b7bd641a5b2f359e16e180e8567a91,83a2f1fe81641e1a7dcc6f3767011640934f63faf92230601fe13c8828715644,aac4b0de94fbf39d2f7d70d13236cfa2287d226403fb57614c811ea641c5b489,92bd25b866d76c483d76f5cb05ca1e70565edc1e17e3532fe697883ad52e335b,False
matched_reused_noise,libero_spatial_ood:task5:state2,libero_spatial_ood,5,2,7,False,300,289.48656788817607,24000,0,0,0,0,0,,92e79b4b733f630eb44201350bfb19509c9b3127eb93ddb4910c50e0c04a2cc5,released_modified_libero,300,test,astra-pi05-ood-distributed-20260924-1,bf468983c03392b6477d694efd9649d05fea95f7c79c99c984860a7a9bafc3a3,afd4ef7aad40c3c5574e5efbcf89b044f5896bbfb20dc2b2ee2fe994b7ab0270,aac4b0de94fbf39d2f7d70d13236cfa2287d226403fb57614c811ea641c5b489,73b5813f2630615c844f42f6a565206a36451984f6e581f92773ecf33d4a5ed1,False
matched_reused_noise,libero_spatial_ood:task5:state3,libero_spatial_ood,5,3,7,False,300,282.7465250059031,24000,0,0,0,0,0,,8f3fc19e609fee93e159d5184c67f44e3d81e6134141718bcfe133ae61ae4be5,released_modified_libero,300,test,astra-pi05-ood-distributed-20260924-1,a24825130bd3385916561ce33ad58e76065f7340c2fc0deffeb10f5484628071,db0008c5c168490616cf5e9d8947739a8b8dbb79f6121c9e5eff4cefd4972fd5,aac4b0de94fbf39d2f7d70d13236cfa2287d226403fb57614c811ea641c5b489,e2fdc7ec2ba958e129af3ecd9f7fbf370e8b85803fa6b326fcbe2a464eccf728,False
matched_reused_noise,libero_spatial_ood:task5:state4,libero_spatial_ood,5,4,7,False,300,290.2751902269665,24000,0,0,0,0,0,,22d7504edbf70eb1daff7df3f0bc2a5f436b9f8f1f1a1efea134e2509c36b129,released_modified_libero,300,test,astra-pi05-ood-distributed-20260924-1,12445059e057b6c1aa84596dbf69de82f1f2a289397e43d956f3eb54d43302ee,718d0ef6c0c7379cc12a4b6132f1ac96eba5dcee409cb92ac4e351bfef685c1f,aac4b0de94fbf39d2f7d70d13236cfa2287d226403fb57614c811ea641c5b489,8b422fcaa23a5ac72c2d2b649e9af29141b71acfc0c02a793b17fa5d2c263279,False
matched_reused_noise,libero_spatial_ood:task5:state5,libero_spatial_ood,5,5,7,False,300,307.6721681840718,24000,0,0,0,0,0,,b4c1fa73e85489da8201b8bc688c01c82d8020fe85f62c2d823b9c660adb4369,released_modified_libero,300,test,astra-pi05-ood-distributed-20260924-1,22aaa483971944cfeb7e41adc1266eeebf22f85572d30a673a83a2a521c88b06,208a4f0fdf839f49d5a114f1ec744252ef86b515c555cf67a45dcebe3091c43d,aac4b0de94fbf39d2f7d70d13236cfa2287d226403fb57614c811ea641c5b489,7e1f88e916bdc475553d763d0d685855dd9078e2d666c1dd445aaf4d14de0d33,False
matched_reused_noise,libero_spatial_ood:task5:state6,libero_spatial_ood,5,6,7,False,300,286.264951006975,24000,0,0,0,0,0,,e3510e6780e57d456afe389f741868bec4beccf7691b3c17655b3192ab0e5043,released_modified_libero,300,test,astra-pi05-ood-distributed-20260924-2,2ae7788650ecd0c83783e1200d5c5f24ec26117a1429df1f138d6e7ba456535e,d152820953dc63f884952ca27d9e191579e15fbc3d5ef999e83f68f2c04d1990,aac4b0de94fbf39d2f7d70d13236cfa2287d226403fb57614c811ea641c5b489,6d7deb3bd17c4b22ed0633b8a94a4afa99adbf3b9b0a1e407714e7debdfd1170,False
matched_reused_noise,libero_spatial_ood:task5:state7,libero_spatial_ood,5,7,7,False,300,302.56032811501063,24000,0,0,0,0,0,,822b2423df235a741d4ac239df22fe45e321e2786168558c1a72329620734d81,released_modified_libero,300,test,astra-pi05-ood-distributed-20260924-2,cd039c1000b6b4ee49e2099cce7f703fc3b7fdb2f8cf1b357bc3e0f84f2aa6a6,a98377b3bb7d5d30988c6998506df278c045f9af29cea25d505406d1eabebcaf,aac4b0de94fbf39d2f7d70d13236cfa2287d226403fb57614c811ea641c5b489,e9ab05dcc3e07b0eec20763833eaf682034af090fcce94e283f5ca2a8e415627,False
matched_reused_noise,libero_spatial_ood:task5:state8,libero_spatial_ood,5,8,7,False,300,281.20187589805573,24000,0,0,0,0,0,,80c2b8a650ec4d68f4df7c7a6b4e66f27d4fcf0b5139b93be3bf1d903acbb052,released_modified_libero,300,test,astra-pi05-ood-distributed-20260924-2,75014f03f13989822f1767cf05c05d34113c17a4390cd3595e307acfbbf48bf5,765fb5f1221cdd080bcd141d224c943f33dd7aef75dc2e1fa55a81f9bfa25b68,aac4b0de94fbf39d2f7d70d13236cfa2287d226403fb57614c811ea641c5b489,6765a7ed64401549b929bb889e7e574e706b8b8b2c91d5da5136f7caff8bb1d2,False
matched_reused_noise,libero_spatial_ood:task5:state9,libero_spatial_ood,5,9,7,False,300,306.02911239489913,24000,0,0,0,0,0,,db4b60a4b04fa979ff8b99c468d8f01bc9f2302568246d7bfec1b02563a129eb,released_modified_libero,300,test,astra-pi05-ood-distributed-20260924-2,95c0712a376ab3d78d67bdd060830e60e940b8891fc5b2c411c6b3dd1d912325,ea3e29640d5ad83583352a5eb8dd1ea308430b43d07acec26d6339a9862c2904,aac4b0de94fbf39d2f7d70d13236cfa2287d226403fb57614c811ea641c5b489,b58154960e74ba86b060819dab34b3549f4565084914d06e92367bf549e4dc14,False
matched_reused_noise,libero_spatial_ood:task6:state0,libero_spatial_ood,6,0,7,False,300,283.47272482700646,24000,0,0,0,0,0,,9631908702cf67947cc17c362d249ffd2d1d6ddaf2e04761cb1b8059aed1a775,released_modified_libero,300,test,astra-pi05-ood-distributed-20260924-3,a8dd5c1c1ac1c4785701e2e90ee132d88e8f1c7a6d731eb9a042dec35adaef92,a6e58c6521244173bc49d6a1b90da2efd7bcf96ffac63a4d1058408438202f62,aac4b0de94fbf39d2f7d70d13236cfa2287d226403fb57614c811ea641c5b489,8db44885465434ba44e553861b64dda02657fbad445db67434b7a3dcd7b1fa8b,False
matched_reused_noise,libero_spatial_ood:task6:state1,libero_spatial_ood,6,1,7,False,300,288.8185972899664,24000,0,0,0,0,0,,2d0c6fbe39c41d2a0ba5e5a118732ef60417719f48d742bb23a333dbbe6d9ce1,released_modified_libero,300,test,astra-pi05-ood-distributed-20260924-3,ab3af847dbf08f777d6518acd27b62eaa3076817231d9c31d95448a65a48240a,d2c15f23377469613a7782bf4433f435285217851fea042327442fcfcaa1cc0e,aac4b0de94fbf39d2f7d70d13236cfa2287d226403fb57614c811ea641c5b489,bbb1c69871eecff3c7cf4bb41c10836720fcffc98c1d62ba9bea5ee47b864390,False
matched_reused_noise,libero_spatial_ood:task6:state2,libero_spatial_ood,6,2,7,False,300,302.30453302687965,24000,0,0,0,0,0,,e009e4bb8c37edc4a6fa67e039434d4a92b514b6fa5d6b4eb3ee0c42c895abf5,released_modified_libero,300,test,astra-pi05-ood-distributed-20260924-3,11adc2020f645d2f9bbbe6871114de759316b77760c60731ab5849db382eef54,84234842010c358c59196a312f99c931faec2f8047ce4c0be02c6805af1c3339,aac4b0de94fbf39d2f7d70d13236cfa2287d226403fb57614c811ea641c5b489,d2d83639dc476c98ee278ecc1053829f5af293dd389523df91e275f01cb59431,False
matched_reused_noise,libero_spatial_ood:task6:state3,libero_spatial_ood,6,3,7,False,300,309.747498621,24000,0,0,0,0,0,,2ac2982feb75b9490316990fdcdea695204b4876f6890f97d793074ede967fb6,released_modified_libero,300,test,astra-pi05-ood-distributed-20260924-3,2fc9a5ed86a597896c1658ba0a93db868db21743f7528a7c419b4a224f1a5fd3,201a10507dd05248032e4c9d8b085dfae38b6574a366e0a203a39f4eb69477f5,aac4b0de94fbf39d2f7d70d13236cfa2287d226403fb57614c811ea641c5b489,94febe56b887563c816fe0b781804b810f82a49e94544d4518cfb544e00a5ca2,False
matched_reused_noise,libero_spatial_ood:task6:state4,libero_spatial_ood,6,4,7,False,300,284.0371942569982,24000,0,0,0,0,0,,1971ba8551f7bda8e71131e88a335ded1ce032ef16ceb6dea4f0c42a705d3420,released_modified_libero,300,test,astra-pi05-ood-steering-20260924-1,11477af765be454e2720fb294e0c06f316b7bd641a5b2f359e16e180e8567a91,5d6563182ebacfb02284a5d81e823fa588d71c58db7d8b6134d7b475b9514339,aac4b0de94fbf39d2f7d70d13236cfa2287d226403fb57614c811ea641c5b489,7377342da6513e1794c0a3d24ce002e999423ed02c0602cfb5bdbd10adc42ed3,False
matched_reused_noise,libero_spatial_ood:task6:state5,libero_spatial_ood,6,5,7,False,300,273.2164725149996,24000,0,0,0,0,0,,7a69386f85bcd8ee9bde345e8cdce133f92b7fe344c425c82762c807a0fcab64,released_modified_libero,300,test,astra-pi05-ood-steering-20260924-1,11477af765be454e2720fb294e0c06f316b7bd641a5b2f359e16e180e8567a91,a35e03f121c6bccc4ede160228857ff2488e49f82b4c16fae72d3ee438e74349,aac4b0de94fbf39d2f7d70d13236cfa2287d226403fb57614c811ea641c5b489,1159329a20845d79660005c869d2ec661810a8431f52c9ec5b488e5caa6104b6,False
matched_reused_noise,libero_spatial_ood:task6:state6,libero_spatial_ood,6,6,7,False,300,283.5749303449993,24000,0,0,0,0,0,,46fa048b108b573586df1ad23690d33516b9159fd03a69c660f4edf432de8f65,released_modified_libero,300,test,astra-pi05-ood-steering-20260924-1,11477af765be454e2720fb294e0c06f316b7bd641a5b2f359e16e180e8567a91,b5d09d0799ba2193bc15301d1eff0550d075e1c3f9ccdfe8911eb9e41a7aa975,aac4b0de94fbf39d2f7d70d13236cfa2287d226403fb57614c811ea641c5b489,a91987ee6806f7b0d81399a139297d05b4881186b48de816e074a063c64486f6,False
matched_reused_noise,libero_spatial_ood:task6:state7,libero_spatial_ood,6,7,7,False,300,289.1987476209979,24000,0,0,0,0,0,,0127648a698f54937fd88e350037e04eb135a7329073ed1fd9012f8896f11660,released_modified_libero,300,test,astra-pi05-ood-steering-20260924-1,11477af765be454e2720fb294e0c06f316b7bd641a5b2f359e16e180e8567a91,c94e0c51a992d7944bd399df764ac759b68bbd683b66eb68f500395dbc5e4cf4,aac4b0de94fbf39d2f7d70d13236cfa2287d226403fb57614c811ea641c5b489,879d7114db3ef0088e190ee819e57f72e2ec93ddbfefbd9bd3e1889137795634,False
matched_reused_noise,libero_spatial_ood:task6:state8,libero_spatial_ood,6,8,7,False,300,289.27857436891645,24000,0,0,0,0,0,,fd80c56cb5c0f8fc96a0dcdc5988289735da894579e7e20ab09383337419eff1,released_modified_libero,300,test,astra-pi05-ood-distributed-20260924-1,bf468983c03392b6477d694efd9649d05fea95f7c79c99c984860a7a9bafc3a3,2608508f567338adce09f933ab7a677c1fcadb5294e2cec2788bebe4cc293a7f,aac4b0de94fbf39d2f7d70d13236cfa2287d226403fb57614c811ea641c5b489,5b797e18d7d13978144fc64c77a520f641c24daee83d06f2d709e6f46f111d55,False
matched_reused_noise,libero_spatial_ood:task6:state9,libero_spatial_ood,6,9,7,False,300,283.9620808220934,24000,0,0,0,0,0,,c7963e4ed6dfefc079110a8576d0263386b7624f41b1f2c234f5e328a7eac675,released_modified_libero,300,test,astra-pi05-ood-distributed-20260924-1,a24825130bd3385916561ce33ad58e76065f7340c2fc0deffeb10f5484628071,e9d8f9b0b0fe10bd7ff5381850cbee1766ad1dcb206d77436a5d994a65ef06de,aac4b0de94fbf39d2f7d70d13236cfa2287d226403fb57614c811ea641c5b489,7ff1cb14d9f6a72e6b1b69db5fe94b6d0b3c7ea52a11d3034827996205814332,False
matched_reused_noise,libero_spatial_ood:task7:state0,libero_spatial_ood,7,0,7,False,300,301.22301002102904,24000,0,0,0,0,0,,9631908702cf67947cc17c362d249ffd2d1d6ddaf2e04761cb1b8059aed1a775,released_modified_libero,300,test,astra-pi05-ood-distributed-20260924-1,12445059e057b6c1aa84596dbf69de82f1f2a289397e43d956f3eb54d43302ee,9baae9c2c65cc7a55772945008dca46ec38b10105f6109ef8584feeef00bba91,aac4b0de94fbf39d2f7d70d13236cfa2287d226403fb57614c811ea641c5b489,8db44885465434ba44e553861b64dda02657fbad445db67434b7a3dcd7b1fa8b,False
matched_reused_noise,libero_spatial_ood:task7:state1,libero_spatial_ood,7,1,7,False,300,309.1740060308948,24000,0,0,0,0,0,,2d0c6fbe39c41d2a0ba5e5a118732ef60417719f48d742bb23a333dbbe6d9ce1,released_modified_libero,300,test,astra-pi05-ood-distributed-20260924-1,22aaa483971944cfeb7e41adc1266eeebf22f85572d30a673a83a2a521c88b06,a91f093419980adf73c26bd95f73a04d7615f932cc24db17c996d602ecafbc8a,aac4b0de94fbf39d2f7d70d13236cfa2287d226403fb57614c811ea641c5b489,bbb1c69871eecff3c7cf4bb41c10836720fcffc98c1d62ba9bea5ee47b864390,False
matched_reused_noise,libero_spatial_ood:task7:state2,libero_spatial_ood,7,2,7,False,300,303.68134981789626,24000,0,0,0,0,0,,e009e4bb8c37edc4a6fa67e039434d4a92b514b6fa5d6b4eb3ee0c42c895abf5,released_modified_libero,300,test,astra-pi05-ood-distributed-20260924-2,2ae7788650ecd0c83783e1200d5c5f24ec26117a1429df1f138d6e7ba456535e,537a64210543a451ce8d50770688055dce12c2debd64eac660b4b640ea799ceb,aac4b0de94fbf39d2f7d70d13236cfa2287d226403fb57614c811ea641c5b489,d2d83639dc476c98ee278ecc1053829f5af293dd389523df91e275f01cb59431,False
matched_reused_noise,libero_spatial_ood:task7:state3,libero_spatial_ood,7,3,7,False,300,300.9571838090196,24000,0,0,0,0,0,,2ac2982feb75b9490316990fdcdea695204b4876f6890f97d793074ede967fb6,released_modified_libero,300,test,astra-pi05-ood-distributed-20260924-2,cd039c1000b6b4ee49e2099cce7f703fc3b7fdb2f8cf1b357bc3e0f84f2aa6a6,150caf1fbfd5f14ea978535295e72af316ecf379da4e793a83347690ae62b3d0,aac4b0de94fbf39d2f7d70d13236cfa2287d226403fb57614c811ea641c5b489,94febe56b887563c816fe0b781804b810f82a49e94544d4518cfb544e00a5ca2,False
matched_reused_noise,libero_spatial_ood:task7:state4,libero_spatial_ood,7,4,7,False,300,280.06626020697877,24000,0,0,0,0,0,,1971ba8551f7bda8e71131e88a335ded1ce032ef16ceb6dea4f0c42a705d3420,released_modified_libero,300,test,astra-pi05-ood-distributed-20260924-2,75014f03f13989822f1767cf05c05d34113c17a4390cd3595e307acfbbf48bf5,4739c4e3f4de1f4ee0b0da00f22192f8aebdd1ae2f1a8588c713d1e2ecea56dc,aac4b0de94fbf39d2f7d70d13236cfa2287d226403fb57614c811ea641c5b489,7377342da6513e1794c0a3d24ce002e999423ed02c0602cfb5bdbd10adc42ed3,False
matched_reused_noise,libero_spatial_ood:task7:state5,libero_spatial_ood,7,5,7,False,300,306.5339178801514,24000,0,0,0,0,0,,7a69386f85bcd8ee9bde345e8cdce133f92b7fe344c425c82762c807a0fcab64,released_modified_libero,300,test,astra-pi05-ood-distributed-20260924-2,95c0712a376ab3d78d67bdd060830e60e940b8891fc5b2c411c6b3dd1d912325,efa9078bac1fc330dc23e8288f83d70eff4977e9677633a391eb98a906437876,aac4b0de94fbf39d2f7d70d13236cfa2287d226403fb57614c811ea641c5b489,1159329a20845d79660005c869d2ec661810a8431f52c9ec5b488e5caa6104b6,False
matched_reused_noise,libero_spatial_ood:task7:state6,libero_spatial_ood,7,6,7,False,300,283.7629136128817,24000,0,0,0,0,0,,46fa048b108b573586df1ad23690d33516b9159fd03a69c660f4edf432de8f65,released_modified_libero,300,test,astra-pi05-ood-distributed-20260924-3,a8dd5c1c1ac1c4785701e2e90ee132d88e8f1c7a6d731eb9a042dec35adaef92,9e328dd1345f6a040a0ccb7b1137fec03193fc1dfe1482a8138e0361edc3ff7c,aac4b0de94fbf39d2f7d70d13236cfa2287d226403fb57614c811ea641c5b489,a91987ee6806f7b0d81399a139297d05b4881186b48de816e074a063c64486f6,False
matched_reused_noise,libero_spatial_ood:task7:state7,libero_spatial_ood,7,7,7,False,300,314.46115443180315,24000,0,0,0,0,0,,0127648a698f54937fd88e350037e04eb135a7329073ed1fd9012f8896f11660,released_modified_libero,300,test,astra-pi05-ood-distributed-20260924-3,ab3af847dbf08f777d6518acd27b62eaa3076817231d9c31d95448a65a48240a,50ae1e8ecee5aba04a02d08c0858ab98e570040bd507401d4d7f5ceea6514382,aac4b0de94fbf39d2f7d70d13236cfa2287d226403fb57614c811ea641c5b489,879d7114db3ef0088e190ee819e57f72e2ec93ddbfefbd9bd3e1889137795634,False
matched_reused_noise,libero_spatial_ood:task7:state8,libero_spatial_ood,7,8,7,False,300,302.03851812984794,24000,0,0,0,0,0,,fd80c56cb5c0f8fc96a0dcdc5988289735da894579e7e20ab09383337419eff1,released_modified_libero,300,test,astra-pi05-ood-distributed-20260924-3,11adc2020f645d2f9bbbe6871114de759316b77760c60731ab5849db382eef54,684dfe0c31ae5e35e529b3893f039d50e7ea60ecb661b1a4c9fae6bdf10225b7,aac4b0de94fbf39d2f7d70d13236cfa2287d226403fb57614c811ea641c5b489,5b797e18d7d13978144fc64c77a520f641c24daee83d06f2d709e6f46f111d55,False
matched_reused_noise,libero_spatial_ood:task7:state9,libero_spatial_ood,7,9,7,False,300,307.36202732799575,24000,0,0,0,0,0,,c7963e4ed6dfefc079110a8576d0263386b7624f41b1f2c234f5e328a7eac675,released_modified_libero,300,test,astra-pi05-ood-distributed-20260924-3,2fc9a5ed86a597896c1658ba0a93db868db21743f7528a7c419b4a224f1a5fd3,0937aae6f2da888c9f9e52b6ff30d4ca04a884627de514216640e54cf3c237f0,aac4b0de94fbf39d2f7d70d13236cfa2287d226403fb57614c811ea641c5b489,7ff1cb14d9f6a72e6b1b69db5fe94b6d0b3c7ea52a11d3034827996205814332,False
matched_reused_noise,libero_spatial_ood:task8:state0,libero_spatial_ood,8,0,7,True,91,89.27220097400277,7600,0,0,0,0,0,,15678d0ed59eccc1d3460ed19ff88d0039e963c8742787e62797f10fa3c98be2,released_modified_libero,300,test,astra-pi05-ood-steering-20260924-1,11477af765be454e2720fb294e0c06f316b7bd641a5b2f359e16e180e8567a91,c5686d61ee4d742389dc80c72b6d75533b40c5b48c4acd635375395d7c86f2fd,aac4b0de94fbf39d2f7d70d13236cfa2287d226403fb57614c811ea641c5b489,4ea56ac4f15f411c6db1a4a27cd14b6320e2eeb16c980925e7fc57bae5b643a5,False
matched_reused_noise,libero_spatial_ood:task8:state1,libero_spatial_ood,8,1,7,True,96,91.01832000799914,8000,0,0,0,0,0,,03dcff1d5ef54d9acf5b28766562e32e50ac509682c43737d5447b3228be055e,released_modified_libero,300,test,astra-pi05-ood-steering-20260924-1,11477af765be454e2720fb294e0c06f316b7bd641a5b2f359e16e180e8567a91,1db98af4cee734933f6a07653713a106435de68159674c82a7ab9fe55e5b9b82,aac4b0de94fbf39d2f7d70d13236cfa2287d226403fb57614c811ea641c5b489,1daa09a63b2337d32c05b49653aab455880139633496a93c322a092420d18eaa,False
matched_reused_noise,libero_spatial_ood:task8:state2,libero_spatial_ood,8,2,7,True,117,114.04599504900398,9600,0,0,0,0,0,,75c58f3551dadbdb9286359a87e2d3fc9c8b229c84cbc1d3700fd73f3758e9b7,released_modified_libero,300,test,astra-pi05-ood-steering-20260924-1,11477af765be454e2720fb294e0c06f316b7bd641a5b2f359e16e180e8567a91,51ce6b9b70a342b3cffa225cb9d99dff7d04f3d0773c33af537afc44b8f9eba1,aac4b0de94fbf39d2f7d70d13236cfa2287d226403fb57614c811ea641c5b489,4988caedbde53d359d55a8d1eff755eef1e38a15a1f5207915cb2aac0925caec,False
matched_reused_noise,libero_spatial_ood:task8:state3,libero_spatial_ood,8,3,7,True,94,92.59427069099911,7600,0,0,0,0,0,,59697967cf485b199471d897c7543c92e7596356061d013cec8f7047e19dcae2,released_modified_libero,300,test,astra-pi05-ood-steering-20260924-1,11477af765be454e2720fb294e0c06f316b7bd641a5b2f359e16e180e8567a91,ba28884a64bbdf21b160ee78bbbec572d44204eb9679123e3c1cbdbb34c74524,aac4b0de94fbf39d2f7d70d13236cfa2287d226403fb57614c811ea641c5b489,ead3890d434121fe42751763d9f8f44c8a76c1b470437ec44104010858024669,False
matched_reused_noise,libero_spatial_ood:task8:state4,libero_spatial_ood,8,4,7,True,92,92.3334830829408,7600,0,0,0,0,0,,30c543bc2200a5143cef3e17b409d8c28af9bd49fc1f53ab9a657ed63011dd2f,released_modified_libero,300,test,astra-pi05-ood-distributed-20260924-1,bf468983c03392b6477d694efd9649d05fea95f7c79c99c984860a7a9bafc3a3,811e9c865a2cdb3fdadcd86eaef5f712808c51b5a926845b25a4438b60201c30,aac4b0de94fbf39d2f7d70d13236cfa2287d226403fb57614c811ea641c5b489,a6eed1279c91e1250ffbde19b001c40db4ffbc16149af47113f1b642c3df04eb,False
matched_reused_noise,libero_spatial_ood:task8:state5,libero_spatial_ood,8,5,7,False,300,285.0413677438628,24000,0,0,0,0,0,,651ad77702a2130f439e35d326e4a69f69e7bd6984b2e434efc701490360c569,released_modified_libero,300,test,astra-pi05-ood-distributed-20260924-1,a24825130bd3385916561ce33ad58e76065f7340c2fc0deffeb10f5484628071,c1657b90bf547126af7e80bb08c14360ab5fce815e000d90b1fb07df8206b0f2,aac4b0de94fbf39d2f7d70d13236cfa2287d226403fb57614c811ea641c5b489,fe2fdebf54d89f6fef0e1085b4e6549b727de49e0f4b000aadb5a55d06593216,False
matched_reused_noise,libero_spatial_ood:task8:state6,libero_spatial_ood,8,6,7,False,300,289.47785403206944,24000,0,0,0,0,0,,44b6f6c395dc422280d1e7e648b7b355989c55c3cce55ba6217b529b576ac200,released_modified_libero,300,test,astra-pi05-ood-distributed-20260924-1,12445059e057b6c1aa84596dbf69de82f1f2a289397e43d956f3eb54d43302ee,886dfb0d31cb7ed10d4620ea44315adb1b109dae03c132264ce716cd7da28bf0,aac4b0de94fbf39d2f7d70d13236cfa2287d226403fb57614c811ea641c5b489,511509a99a24241fad3cd421f36087041e336e5c3320eeb061776be15024ea76,False
matched_reused_noise,libero_spatial_ood:task8:state7,libero_spatial_ood,8,7,7,False,300,301.8055806539487,24000,0,0,0,0,0,,61e73be643290919c50d449596ba131c9afdf969fd7a0f8daf760a9dcc8a2d47,released_modified_libero,300,test,astra-pi05-ood-distributed-20260924-1,22aaa483971944cfeb7e41adc1266eeebf22f85572d30a673a83a2a521c88b06,3310be0c7263d26fc9070f3f5dd4d08f276b1b6c3f8ecfb3e532e598909abd58,aac4b0de94fbf39d2f7d70d13236cfa2287d226403fb57614c811ea641c5b489,46dc76474b61491cf00d05d390cb229eddc6e7c41cfeff8eaf6c946a15c05998,False
matched_reused_noise,libero_spatial_ood:task8:state8,libero_spatial_ood,8,8,7,False,300,310.6129884060938,24000,0,0,0,0,0,,73ec3efd90e237378fc292c12a1b188df50402357fc27272c1dc106a31ceb265,released_modified_libero,300,test,astra-pi05-ood-distributed-20260924-2,2ae7788650ecd0c83783e1200d5c5f24ec26117a1429df1f138d6e7ba456535e,1d0b4f720186d6f386c915f2d5149948191b1bfd58557d44bddc0b46ba8133c1,aac4b0de94fbf39d2f7d70d13236cfa2287d226403fb57614c811ea641c5b489,e669c1fea754d276b37d8e8dfd6c0071ec495f2f20c565be1d57b95bed716653,False
matched_reused_noise,libero_spatial_ood:task8:state9,libero_spatial_ood,8,9,7,False,300,302.049389625201,24000,0,0,0,0,0,,9c423b7ef3a930cef3869fa8fc3778e539cd6233d3c0aa7c4324f6e69957c592,released_modified_libero,300,test,astra-pi05-ood-distributed-20260924-2,cd039c1000b6b4ee49e2099cce7f703fc3b7fdb2f8cf1b357bc3e0f84f2aa6a6,d1cc0bf5c39a3eb23d37d6ef587593637606af8d632c1d7eb6d65d9368b1b207,aac4b0de94fbf39d2f7d70d13236cfa2287d226403fb57614c811ea641c5b489,ce58719a92b49b06c9d466047cb46ca80da60e6a458bc2e36162626edb780174,False
matched_reused_noise,libero_spatial_ood:task9:state0,libero_spatial_ood,9,0,7,False,300,282.4087996829767,24000,0,0,0,0,0,,15678d0ed59eccc1d3460ed19ff88d0039e963c8742787e62797f10fa3c98be2,released_modified_libero,300,test,astra-pi05-ood-distributed-20260924-2,75014f03f13989822f1767cf05c05d34113c17a4390cd3595e307acfbbf48bf5,1c016a118b04a18f8cc6cf0e123305649b58b470d2a41228d6e9e274e2fdc2cc,aac4b0de94fbf39d2f7d70d13236cfa2287d226403fb57614c811ea641c5b489,4ea56ac4f15f411c6db1a4a27cd14b6320e2eeb16c980925e7fc57bae5b643a5,False
matched_reused_noise,libero_spatial_ood:task9:state1,libero_spatial_ood,9,1,7,False,300,309.33707643602975,24000,0,0,0,0,0,,03dcff1d5ef54d9acf5b28766562e32e50ac509682c43737d5447b3228be055e,released_modified_libero,300,test,astra-pi05-ood-distributed-20260924-2,95c0712a376ab3d78d67bdd060830e60e940b8891fc5b2c411c6b3dd1d912325,5b51f290a2bc22d9e5f942b1c8b0d16ec64fae573f5ad69e6632f338b5dc0131,aac4b0de94fbf39d2f7d70d13236cfa2287d226403fb57614c811ea641c5b489,1daa09a63b2337d32c05b49653aab455880139633496a93c322a092420d18eaa,False
matched_reused_noise,libero_spatial_ood:task9:state2,libero_spatial_ood,9,2,7,False,300,286.2634768579155,24000,0,0,0,0,0,,75c58f3551dadbdb9286359a87e2d3fc9c8b229c84cbc1d3700fd73f3758e9b7,released_modified_libero,300,test,astra-pi05-ood-distributed-20260924-3,a8dd5c1c1ac1c4785701e2e90ee132d88e8f1c7a6d731eb9a042dec35adaef92,e247590e3002bb5815e05bd0bc882ec83797b1b02984a40bbec139e84b615621,aac4b0de94fbf39d2f7d70d13236cfa2287d226403fb57614c811ea641c5b489,4988caedbde53d359d55a8d1eff755eef1e38a15a1f5207915cb2aac0925caec,False
matched_reused_noise,libero_spatial_ood:task9:state3,libero_spatial_ood,9,3,7,False,300,314.54538943292573,24000,0,0,0,0,0,,59697967cf485b199471d897c7543c92e7596356061d013cec8f7047e19dcae2,released_modified_libero,300,test,astra-pi05-ood-distributed-20260924-3,ab3af847dbf08f777d6518acd27b62eaa3076817231d9c31d95448a65a48240a,c79adbb8cf28b08949f535eb4fb0f1dee97f67bc0ef97a4b146dd995511e61f1,aac4b0de94fbf39d2f7d70d13236cfa2287d226403fb57614c811ea641c5b489,ead3890d434121fe42751763d9f8f44c8a76c1b470437ec44104010858024669,False
matched_reused_noise,libero_spatial_ood:task9:state4,libero_spatial_ood,9,4,7,False,300,302.8511023160536,24000,0,0,0,0,0,,30c543bc2200a5143cef3e17b409d8c28af9bd49fc1f53ab9a657ed63011dd2f,released_modified_libero,300,test,astra-pi05-ood-distributed-20260924-3,11adc2020f645d2f9bbbe6871114de759316b77760c60731ab5849db382eef54,cc6b778d86e75ab4b604d0a8ccf65af079527a8b2d0f0f46e8b3e674b09db848,aac4b0de94fbf39d2f7d70d13236cfa2287d226403fb57614c811ea641c5b489,a6eed1279c91e1250ffbde19b001c40db4ffbc16149af47113f1b642c3df04eb,False
matched_reused_noise,libero_spatial_ood:task9:state5,libero_spatial_ood,9,5,7,False,300,308.5127694820985,24000,0,0,0,0,0,,651ad77702a2130f439e35d326e4a69f69e7bd6984b2e434efc701490360c569,released_modified_libero,300,test,astra-pi05-ood-distributed-20260924-3,2fc9a5ed86a597896c1658ba0a93db868db21743f7528a7c419b4a224f1a5fd3,499c110276ed7a26e88d667186a98a0abc3d1ca672eb3e5672978489515ccc92,aac4b0de94fbf39d2f7d70d13236cfa2287d226403fb57614c811ea641c5b489,fe2fdebf54d89f6fef0e1085b4e6549b727de49e0f4b000aadb5a55d06593216,False
matched_reused_noise,libero_spatial_ood:task9:state6,libero_spatial_ood,9,6,7,False,300,284.06298180400336,24000,0,0,0,0,0,,44b6f6c395dc422280d1e7e648b7b355989c55c3cce55ba6217b529b576ac200,released_modified_libero,300,test,astra-pi05-ood-steering-20260924-1,11477af765be454e2720fb294e0c06f316b7bd641a5b2f359e16e180e8567a91,9f7f21236cc4bdafaef66e93ca2dc548b31b2af174bbffb95dd943c611c80893,aac4b0de94fbf39d2f7d70d13236cfa2287d226403fb57614c811ea641c5b489,511509a99a24241fad3cd421f36087041e336e5c3320eeb061776be15024ea76,False
matched_reused_noise,libero_spatial_ood:task9:state7,libero_spatial_ood,9,7,7,False,300,273.11673589799466,24000,0,0,0,0,0,,61e73be643290919c50d449596ba131c9afdf969fd7a0f8daf760a9dcc8a2d47,released_modified_libero,300,test,astra-pi05-ood-steering-20260924-1,11477af765be454e2720fb294e0c06f316b7bd641a5b2f359e16e180e8567a91,accd7ce05bf5fdc01788934a1316a8bcc56ffcb2b3d8ad4b34f7a632a001a3bd,aac4b0de94fbf39d2f7d70d13236cfa2287d226403fb57614c811ea641c5b489,46dc76474b61491cf00d05d390cb229eddc6e7c41cfeff8eaf6c946a15c05998,False
matched_reused_noise,libero_spatial_ood:task9:state8,libero_spatial_ood,9,8,7,False,300,286.2157095759976,24000,0,0,0,0,0,,73ec3efd90e237378fc292c12a1b188df50402357fc27272c1dc106a31ceb265,released_modified_libero,300,test,astra-pi05-ood-steering-20260924-1,11477af765be454e2720fb294e0c06f316b7bd641a5b2f359e16e180e8567a91,4c821d3644254fc769564eee51e981625f2e8f9973ef2d83ddbef71b3bd9fd78,aac4b0de94fbf39d2f7d70d13236cfa2287d226403fb57614c811ea641c5b489,e669c1fea754d276b37d8e8dfd6c0071ec495f2f20c565be1d57b95bed716653,False
matched_reused_noise,libero_spatial_ood:task9:state9,libero_spatial_ood,9,9,7,False,300,290.39290251399507,24000,0,0,0,0,0,,9c423b7ef3a930cef3869fa8fc3778e539cd6233d3c0aa7c4324f6e69957c592,released_modified_libero,300,test,astra-pi05-ood-steering-20260924-1,11477af765be454e2720fb294e0c06f316b7bd641a5b2f359e16e180e8567a91,b4c6eb1d92d5bb61e986fae68fd530f32a3059cff3ca67192f9c48f973d5c802,aac4b0de94fbf39d2f7d70d13236cfa2287d226403fb57614c811ea641c5b489,ce58719a92b49b06c9d466047cb46ca80da60e6a458bc2e36162626edb780174,False
astra_reversal,libero_goal_ood:task0:state0,libero_goal_ood,0,0,7,False,300,605.0935305609964,30000,16,1,1,0,0,,773f08d7590969699c6094221327a8665249ca64ccb56ace8312cd4e5232f221,released_modified_libero,300,test,astra-pi05-ood-steering-20260924-1,a51faf20c903fd91face0af8d7e2cc9bf5cce181487b830225a0715b5db65399,c3395fd8d42820b4beddc3047751a456a938c214abe6f0083e6102e6c18d5c96,f9b51a9929093f8f50f6e4106ff0da562f66c287b8583c569d719fc7b8ffad5f,87cc7943d6d92d986061707c276d2e7a8f4fafd95a5bcc6a5e2d03ffd0b1e130,False
astra_reversal,libero_goal_ood:task0:state1,libero_goal_ood,0,1,7,False,300,660.1254522289964,30400,19,3,3,0,1,,69218d2d2a2c235ad3eb9cdd5cfa8b2f3f8be157c3070868b00a0425eea8e7c6,released_modified_libero,300,test,astra-pi05-ood-steering-20260924-1,a51faf20c903fd91face0af8d7e2cc9bf5cce181487b830225a0715b5db65399,8de73410e37dd00e5bfc492d74b35e8b2c5ec4f12597040a56ffc3c01019e37e,f9b51a9929093f8f50f6e4106ff0da562f66c287b8583c569d719fc7b8ffad5f,d0caff58198486de7859d2287ba6a300f2c4aad52623e910a316b1ce4629a1fb,False
astra_reversal,libero_goal_ood:task0:state2,libero_goal_ood,0,2,7,False,300,770.5361544769985,30400,18,2,2,0,1,,c3ec1ed72036d84e05d2614c8db3dd2acc1e2e75045dfca05554ab28e677c37b,released_modified_libero,300,test,astra-pi05-ood-steering-20260924-1,a51faf20c903fd91face0af8d7e2cc9bf5cce181487b830225a0715b5db65399,70ed883d4457bad72a290c3fa9f5e46a81cc73e2c421a37287f3d54ecd56dc64,f9b51a9929093f8f50f6e4106ff0da562f66c287b8583c569d719fc7b8ffad5f,f77f8701c11585809fef7f9d94b487a4f7367986aa7ff8bd13807f9f4fb0b83f,False
astra_reversal,libero_goal_ood:task0:state3,libero_goal_ood,0,3,7,False,300,587.9968742720012,30400,17,1,1,0,1,,22a7a9d5d51f9c7c69ec2dfe29b15376e11ceb2a48922e57cf32d924a2024d8a,released_modified_libero,300,test,astra-pi05-ood-steering-20260924-1,a51faf20c903fd91face0af8d7e2cc9bf5cce181487b830225a0715b5db65399,2949ad59cfd598fdf64fe3e3682f2b09ff5c08379d529ea3d860388573e337df,f9b51a9929093f8f50f6e4106ff0da562f66c287b8583c569d719fc7b8ffad5f,dc48145ea754d7dc0bbe6667a69e5ced9c796d4e06d72ae03d120dcf5f65a138,False
astra_reversal,libero_goal_ood:task0:state4,libero_goal_ood,0,4,7,False,300,630.3040663469583,30000,17,2,2,0,0,,06c0992cf47024abbc39330b456a4fbae6d15d374868af379c9b4ddfdff31d75,released_modified_libero,300,test,astra-pi05-ood-distributed-20260924-1,0279e15a57447cf07941deacf9ce3182e1be845ad6392f64ddb8aa7a047f784c,63f155c0eb3ad82fe2803446f8cf70e3c6dd7ab7818d983f051c80137eaaf7db,f9b51a9929093f8f50f6e4106ff0da562f66c287b8583c569d719fc7b8ffad5f,4b5f83a16029fe8737976074fb8cd28c482836062036deea065632d0c35f04b3,False
astra_reversal,libero_goal_ood:task0:state5,libero_goal_ood,0,5,7,False,300,592.2950705841649,30400,19,3,3,0,0,,f3be2bf1676453ead6d4a413585eb2489e54bec1597562f6383ed54bd5b4b924,released_modified_libero,300,test,astra-pi05-ood-distributed-20260924-1,1a2a0cc67a08d2a0e744b7347bc28a4a8fadcc5f0714957cd03da5e67b17eade,704f9b9ac538b6c1c011b2f9e3c7f17edda4308353bf598f85b64f3c0a09c19f,f9b51a9929093f8f50f6e4106ff0da562f66c287b8583c569d719fc7b8ffad5f,f847490c4731bc0caf879d6be84be694ac9f34c811d5b5388548e64e8618f793,False
astra_reversal,libero_goal_ood:task0:state6,libero_goal_ood,0,6,7,False,300,676.9702552189119,30400,18,2,2,0,0,,9f72fd5cb009e3b043bb387c236d4c92ae7410ec1776b7edccf0c75b3a866e1f,released_modified_libero,300,test,astra-pi05-ood-distributed-20260924-1,b2af576bda4d55da5de03fa058415c212835deda2384cb7f8c45443170620b6e,0d69e3210fa4d22c0c4bf25a99fe6d878216f880bb1501aa94b5e6c1992b5169,f9b51a9929093f8f50f6e4106ff0da562f66c287b8583c569d719fc7b8ffad5f,8c095aef6c6be65e8dac0390e1793753bedd618a510fd84b4d705cc2a8d52d0c,False
astra_reversal,libero_goal_ood:task0:state7,libero_goal_ood,0,7,7,False,300,698.4468689919449,30400,18,2,2,0,0,,73092b903c0b342755cc2d9edd35a68309c958353622bda2b0914b7de12eaabd,released_modified_libero,300,test,astra-pi05-ood-distributed-20260924-1,4dcc7eec66e1dd7d275c146d0be96ae006d338259a5766ed497b86ba844e4592,4be46926262d97063fa5bc6d6415187d5ae1a501141a61c6df903e91ba0ad60f,f9b51a9929093f8f50f6e4106ff0da562f66c287b8583c569d719fc7b8ffad5f,62bc5c61443bde832e8811328ae244ef36505aa5fa22af60cfb2f6b38172def3,False
astra_reversal,libero_goal_ood:task0:state8,libero_goal_ood,0,8,7,False,300,669.3886199349072,30400,18,2,2,0,1,,ed09e92e157d713dae781c699824106ffe9640a27207be3aeb5f1c019b16f97b,released_modified_libero,300,test,astra-pi05-ood-distributed-20260924-2,8907dd8439a06c7040a4d43104eb0a4b487f3e05ae42daa2c993b3de6f0c1d36,f33cdb7eb4e1c137f4980402aaefb994cf2b37fa5ba2bff0a0dc10502c3991f4,f9b51a9929093f8f50f6e4106ff0da562f66c287b8583c569d719fc7b8ffad5f,f8d191df3741b798e02da273d179ac24b5413be551107e2a5f0072c248e07add,False
astra_reversal,libero_goal_ood:task0:state9,libero_goal_ood,0,9,7,False,300,659.9378033899702,30400,19,3,3,0,0,,3440d4830880a9d1e63c888e4dd8dcc3107a198fd65c183a2d8221fd3d9e3576,released_modified_libero,300,test,astra-pi05-ood-distributed-20260924-2,2cbe389777b9a1ece1cb384c210462f9449fb35af68a60ca56200a6b1dfcf6f9,63a8e99ad14b5f7467cec4e7dcc19d3d89f66995e9374a577ed9e394093f13f0,f9b51a9929093f8f50f6e4106ff0da562f66c287b8583c569d719fc7b8ffad5f,71ce7c1b948295e352dadd8009eed36c2071f6b40741dfc0914adcd3567c9d03,False
astra_reversal,libero_goal_ood:task1:state0,libero_goal_ood,1,0,7,False,300,663.673904215917,30800,19,2,2,0,1,,9f25523998bea7a394dc5ac25921fceab4c4dd3905f0eaab7f2343c8d8987637,released_modified_libero,300,test,astra-pi05-ood-distributed-20260924-2,f3256f6f8c37ed0d1350a6acc71045aefce0dc183d29981241c6661b6bf5adf6,955e726740bcfca2c07b03b6ba122d6666fb68febb3526d35aea1fabd200e788,f9b51a9929093f8f50f6e4106ff0da562f66c287b8583c569d719fc7b8ffad5f,a4bfdc5bd508e1d9cb7908190bf46fb47ca47630efb89499c92be9402ab8a5df,False
astra_reversal,libero_goal_ood:task1:state1,libero_goal_ood,1,1,7,True,135,257.5810266700573,13600,7,0,0,0,0,,437f9ed44fa71250a5ce437ad9244a79da728efbd6d23ef1140bd328f3183bfb,released_modified_libero,300,test,astra-pi05-ood-distributed-20260924-2,53104b3331dff3bdb8e1ce8a45084fe8b5ac508527444aec17a1ad2857362968,91a84146b428bf45bd895ce837b1cace996997688d9645161180011c31947c5e,f9b51a9929093f8f50f6e4106ff0da562f66c287b8583c569d719fc7b8ffad5f,390fccab78efba60149d4f9aebcc51e1ae7f1eb4e3619be95c2fd71a6eaf9098,False
astra_reversal,libero_goal_ood:task1:state2,libero_goal_ood,1,2,7,False,300,629.1535478690639,30400,17,1,1,0,1,,5c9442bda661901aec14eab647d17e7c4456cfeb4d595d2f7583a99200b5e7ea,released_modified_libero,300,test,astra-pi05-ood-distributed-20260924-3,cb72b301981aded7e545adbbebc556410f8cce2b8c538c46fe31eff3237688c9,ee1c86bc2c782e244c5776eced4033c9ae55d92f82f8c5a31497cbc35019d361,f9b51a9929093f8f50f6e4106ff0da562f66c287b8583c569d719fc7b8ffad5f,ad5619f902d3dd40735cc1f72edcfdd9be2be3bde9c9b2e2c217920f41acd95d,False
astra_reversal,libero_goal_ood:task1:state3,libero_goal_ood,1,3,7,False,300,634.711645449046,30800,20,3,3,0,1,,76163ef09393d252b13d6bff46533f23879076e0d699514be67147480fdd92f0,released_modified_libero,300,test,astra-pi05-ood-distributed-20260924-3,66e3354c93b7bbb21d0a3b7649cac7cf44ecd008595c2677b6c5e4148707e7c1,256235aba44e24bbdbe0019cdb760ff2c8f6b2b1b0a3e60a66080d8deda0d5fc,f9b51a9929093f8f50f6e4106ff0da562f66c287b8583c569d719fc7b8ffad5f,eab02019deccb8cf7ee957f960cb3abc180642a236120ec4e45c56adca00c179,False
astra_reversal,libero_goal_ood:task1:state4,libero_goal_ood,1,4,7,False,300,634.1848740968853,30000,17,2,2,0,0,,8d1459a304b71f880b8d8d89f4be62c80bab0fe56a4204cdb6a649ec0b5b5752,released_modified_libero,300,test,astra-pi05-ood-distributed-20260924-3,45cb88ae2515225037236ec0e857665e7d3a37623626d4a2eeb579fbf5207206,71fa3f580ea9b779a98d331fab357a7f759084ec2509c9505eb1d35626d776dd,f9b51a9929093f8f50f6e4106ff0da562f66c287b8583c569d719fc7b8ffad5f,68eddd5824cf062a53889df391de10cf5f87c6c404a38507787223c7c325b07d,False
astra_reversal,libero_goal_ood:task1:state5,libero_goal_ood,1,5,7,False,300,581.8687861368526,30800,19,2,2,0,1,,ea7e971dbf8e560ff316f01cde5cce84153d1e3dbf32884969d0bfa5ad3d5544,released_modified_libero,300,test,astra-pi05-ood-distributed-20260924-3,6cf37d7a0e9e415dccba5f1fa4cd0cb5de72a4885c66306ae2ce841558342c39,3f8fc25ff3d29bf012d879345a68da81a4fbcb6794395b94744dc5d88747a68f,f9b51a9929093f8f50f6e4106ff0da562f66c287b8583c569d719fc7b8ffad5f,8e47460590feec83d28080a8f190eee37c582f42b54f28e5a15bf8f424cba6f1,False
astra_reversal,libero_goal_ood:task1:state6,libero_goal_ood,1,6,7,False,300,691.7170983600008,30400,19,3,3,0,0,,80c6f0f6a0c0d708dcdd7489f98cd8eafef3084f121210aaa3cc8496f9df664a,released_modified_libero,300,test,astra-pi05-ood-steering-20260924-1,a51faf20c903fd91face0af8d7e2cc9bf5cce181487b830225a0715b5db65399,5b3db6973a20828a3ba5ce4fdcbb80bbb8adb7be51b95d9d24a5d75f22d388e9,f9b51a9929093f8f50f6e4106ff0da562f66c287b8583c569d719fc7b8ffad5f,81b0a094e63b2b068332a6e1bff74edcd2cf69eff3d37f96e01eac7977595613,False
astra_reversal,libero_goal_ood:task1:state7,libero_goal_ood,1,7,7,True,169,320.2922186299984,17600,10,0,0,0,1,,5a4e92f4648fdbc1126c0f5f590108a4dbbeb9e0a07f1ce98b2fa02851209e6a,released_modified_libero,300,test,astra-pi05-ood-steering-20260924-1,a51faf20c903fd91face0af8d7e2cc9bf5cce181487b830225a0715b5db65399,e8c84b8f2876d3c61be1987d621216bd66b2a91897f3db1d5c84465dbbe20a45,f9b51a9929093f8f50f6e4106ff0da562f66c287b8583c569d719fc7b8ffad5f,6327fb4168ddcacd7c590c4b0237d9922ff2467650cde626d7f20a4c5d7f7fd4,False
astra_reversal,libero_goal_ood:task1:state8,libero_goal_ood,1,8,7,False,300,571.2689930039996,30400,18,2,2,0,0,,be1f6cf054284db2a73b0629e894bddb51a9a73176a3729e0f8f8492ada1491e,released_modified_libero,300,test,astra-pi05-ood-steering-20260924-1,a51faf20c903fd91face0af8d7e2cc9bf5cce181487b830225a0715b5db65399,817281284379a26dafe315dd9c7bc7cc4f6718688b94ff583892f95bddf52cf3,f9b51a9929093f8f50f6e4106ff0da562f66c287b8583c569d719fc7b8ffad5f,f8459131fc9aed9dbe871e086296fbde84a668a043dfa07f1cd75a9c8cfc72bb,False
astra_reversal,libero_goal_ood:task1:state9,libero_goal_ood,1,9,7,False,300,644.567101898996,30400,21,5,4,4,0,,d5f0c4b3c4cd825ab2cb8747628da1c9bbfa070333493d3913a79fa1ae7b43ce,released_modified_libero,300,test,astra-pi05-ood-steering-20260924-1,a51faf20c903fd91face0af8d7e2cc9bf5cce181487b830225a0715b5db65399,092541ab1edfbaed010e5ae40a2560b5c2854d0f6253ff42788b54361d36bc8a,f9b51a9929093f8f50f6e4106ff0da562f66c287b8583c569d719fc7b8ffad5f,e05d8b5d42425550886ea0bb9a32d0f82af7f16cdbe95d0aaf08128da57580ed,False
astra_reversal,libero_goal_ood:task2:state0,libero_goal_ood,2,0,7,False,300,663.6701371408999,30000,16,1,1,0,0,,77393612048452ae4df4d2b79acc22fe240d1d06bb860dfea8c6855834e50a5c,released_modified_libero,300,test,astra-pi05-ood-distributed-20260924-1,0279e15a57447cf07941deacf9ce3182e1be845ad6392f64ddb8aa7a047f784c,80d39d35cb46c74fb9dbe48703cf3df2256567df972a6088d4d0f80166128a11,f9b51a9929093f8f50f6e4106ff0da562f66c287b8583c569d719fc7b8ffad5f,a2fd6530b7b19ba8faa5c024a4032a33cafffe32124254d1904a0a3ff2ed4e2b,False
astra_reversal,libero_goal_ood:task2:state1,libero_goal_ood,2,1,7,False,300,607.7922754869796,30000,16,1,1,0,0,,fcc1d145f28363ce5647361a3b92d92b7ee8cc09908c7e8217888107fde34a10,released_modified_libero,300,test,astra-pi05-ood-distributed-20260924-1,1a2a0cc67a08d2a0e744b7347bc28a4a8fadcc5f0714957cd03da5e67b17eade,4ed7db5d0e1d2035ce201c6f1e93b2b0322b4d5d573d26dd5a37a7d9bd9e8fa6,f9b51a9929093f8f50f6e4106ff0da562f66c287b8583c569d719fc7b8ffad5f,4c24bf6ce76c77657ef7efb6ab55f09bb362c994a41f23d3f6b5dfbf19b6a882,False
astra_reversal,libero_goal_ood:task2:state2,libero_goal_ood,2,2,7,False,300,616.800291219959,29600,18,4,3,4,0,,d4625546118d3b455ad096903bf66b86f540f14901fb63060f2f824e2496fe09,released_modified_libero,300,test,astra-pi05-ood-distributed-20260924-1,b2af576bda4d55da5de03fa058415c212835deda2384cb7f8c45443170620b6e,f53b86fd329d0d8432be253903640f925299d4ee2c8d43a2407dcb704a3505c5,f9b51a9929093f8f50f6e4106ff0da562f66c287b8583c569d719fc7b8ffad5f,a688f49f994bf42fa930aeb32a09f9f84c97e829bb83024bbd8ec5fe4fdf40d7,False
astra_reversal,libero_goal_ood:task2:state3,libero_goal_ood,2,3,7,False,300,657.8006573880557,30400,18,2,2,0,0,,4f7217d89591eabfe3c91df56e510ae9b300474d2797b6aafc4ba76786469607,released_modified_libero,300,test,astra-pi05-ood-distributed-20260924-1,4dcc7eec66e1dd7d275c146d0be96ae006d338259a5766ed497b86ba844e4592,3a9062ed547f136603185c257d2c79295ae5b1268c7ac739a2a00490c93fa3c5,f9b51a9929093f8f50f6e4106ff0da562f66c287b8583c569d719fc7b8ffad5f,bb12b88e97882542d54294034a1fd0e02f4809bb6c957b47c18358410d87486f,False
astra_reversal,libero_goal_ood:task2:state4,libero_goal_ood,2,4,7,False,300,599.5907024501357,30000,16,1,1,0,1,,06455ca154f5059c8b312e1236b1973e00bbb94a72c37323670f208e9674b5e0,released_modified_libero,300,test,astra-pi05-ood-distributed-20260924-2,8907dd8439a06c7040a4d43104eb0a4b487f3e05ae42daa2c993b3de6f0c1d36,e005953e282b9cccdbab24dcd6dbd73106b2b7d11f195b13295bf651d43ccab2,f9b51a9929093f8f50f6e4106ff0da562f66c287b8583c569d719fc7b8ffad5f,267834cecb6805b7f20d30bf3c5e1129a944c1dc3a10de1d6d2f95a3a4fde0fa,False
astra_reversal,libero_goal_ood:task2:state5,libero_goal_ood,2,5,7,False,300,646.9709751810879,30000,18,3,2,2,0,,bcd669dbb32fa918a44a6f13c04a91fe0b64aa3b50783a14f5b1aeffff06cc96,released_modified_libero,300,test,astra-pi05-ood-distributed-20260924-2,2cbe389777b9a1ece1cb384c210462f9449fb35af68a60ca56200a6b1dfcf6f9,edeb6642079208b1accf01108a69e864425bb29e34d6079b14d65bd479d89b50,f9b51a9929093f8f50f6e4106ff0da562f66c287b8583c569d719fc7b8ffad5f,b1068affb32e473209294cd7c5160826acb9e4f5bc524d89a44b8e49016a47ea,False
astra_reversal,libero_goal_ood:task2:state6,libero_goal_ood,2,6,7,False,300,621.7009856018703,30400,17,1,1,0,1,,2f45cf51ee44ef2b7010028864fa9cd5087f79c6f9a0a76645ca5e756665d3b2,released_modified_libero,300,test,astra-pi05-ood-distributed-20260924-2,f3256f6f8c37ed0d1350a6acc71045aefce0dc183d29981241c6661b6bf5adf6,b36e744ba53eebbc14efca285fb951b6bfb07b5e1e78641568b3ce0baa206e48,f9b51a9929093f8f50f6e4106ff0da562f66c287b8583c569d719fc7b8ffad5f,b1c3ab116ed8d1e68ed0bffdc7747bc9bb80395289ab9cbf2ff142523766a1e5,False
astra_reversal,libero_goal_ood:task2:state7,libero_goal_ood,2,7,7,False,300,622.2166539230384,30000,18,3,3,0,0,,0654d8796456af585e9bbf6c6eb98c47cfc71bc191a673de5bd116d5c1ebeb2f,released_modified_libero,300,test,astra-pi05-ood-distributed-20260924-2,53104b3331dff3bdb8e1ce8a45084fe8b5ac508527444aec17a1ad2857362968,3e39c07a9c3884fe38dc59a14da24d59a465c4c6810e4e03f670d66712fb74bc,f9b51a9929093f8f50f6e4106ff0da562f66c287b8583c569d719fc7b8ffad5f,988f6d4cef431e728869d11fd1b736f6fdecc856cfe2b99f05e3e5df01509119,False
astra_reversal,libero_goal_ood:task2:state8,libero_goal_ood,2,8,7,False,300,630.8654018889647,30000,16,1,1,0,1,,a156bdae1f9c5634cad598f4188e514c6f877af2fcd7d44cbeec9625f981ccc9,released_modified_libero,300,test,astra-pi05-ood-distributed-20260924-3,cb72b301981aded7e545adbbebc556410f8cce2b8c538c46fe31eff3237688c9,eab97684697e9fb18802492aaffb566bd3f26be4d076d71f8f342b73baa36096,f9b51a9929093f8f50f6e4106ff0da562f66c287b8583c569d719fc7b8ffad5f,30d8d8a8558ef0c7754654cf3ff3ec619e0b475502dc132ed1334e21a980047d,False
astra_reversal,libero_goal_ood:task2:state9,libero_goal_ood,2,9,7,False,300,694.0981840130407,30000,16,1,1,0,0,,75503f90a11d2c472cfa3d2406f30f6bf20a896da3402188e792ec46a45689a8,released_modified_libero,300,test,astra-pi05-ood-distributed-20260924-3,66e3354c93b7bbb21d0a3b7649cac7cf44ecd008595c2677b6c5e4148707e7c1,56e53efcb4d77d5089d7aee4aee45e66ceef6d5ef0964d5b0a5192104155bb5b,f9b51a9929093f8f50f6e4106ff0da562f66c287b8583c569d719fc7b8ffad5f,ea609e541c4cf08c341881b8c83801626ac5e24903b31dc95fdd0f872b6f8219,False
astra_reversal,libero_goal_ood:task3:state0,libero_goal_ood,3,0,7,False,300,595.916386713041,30000,17,2,2,0,0,,8b94c09ee8676dda2e3515306779b44562800e6be35b51a0fc794207fb45051e,released_modified_libero,300,test,astra-pi05-ood-distributed-20260924-3,45cb88ae2515225037236ec0e857665e7d3a37623626d4a2eeb579fbf5207206,a60d762a6affc3832c1045c6fce26d4a1ff56d3555f2bca3f6212321d57e604d,f9b51a9929093f8f50f6e4106ff0da562f66c287b8583c569d719fc7b8ffad5f,18b9618bf5bae08e4b6f3e3af6193bb9a9588b203b349c002449352961f7aac0,False
astra_reversal,libero_goal_ood:task3:state1,libero_goal_ood,3,1,7,False,300,596.6131203728728,30400,18,2,2,0,0,,b552d41f70be099b80f4d6610ae64b24fa9f2491cb9e28208e6a50c0fd07e5f0,released_modified_libero,300,test,astra-pi05-ood-distributed-20260924-3,6cf37d7a0e9e415dccba5f1fa4cd0cb5de72a4885c66306ae2ce841558342c39,88f2d218864f9c341d370f399f634366aa8a20b26b962c4251362d922d067d61,f9b51a9929093f8f50f6e4106ff0da562f66c287b8583c569d719fc7b8ffad5f,1aa44d8c7d15d42c53de342ed7b4d731dad5df911a188734faa1b5e3821f7935,False
astra_reversal,libero_goal_ood:task3:state2,libero_goal_ood,3,2,7,False,300,573.4028644470018,30000,16,1,1,0,0,,dd459f7875ecd467556590e60c7bfba4f8864c07693ff69c07c6fdccecacfa29,released_modified_libero,300,test,astra-pi05-ood-steering-20260924-1,a51faf20c903fd91face0af8d7e2cc9bf5cce181487b830225a0715b5db65399,f3f1b07d844d1ba577f8e5a936dae40b7b3852b357e1c15c8247bcd8e0df533d,f9b51a9929093f8f50f6e4106ff0da562f66c287b8583c569d719fc7b8ffad5f,1023a0aed79a29e8ad4886ff80f01aa513f5204fa7ef47f1400dd3a34261684a,False
astra_reversal,libero_goal_ood:task3:state3,libero_goal_ood,3,3,7,False,300,623.7926003059983,30000,18,3,3,0,0,,3a6902ceb0916d29d1b0818fae65bcfa43f6388795a5de90d9d4e2d7de9f23c2,released_modified_libero,300,test,astra-pi05-ood-steering-20260924-1,a51faf20c903fd91face0af8d7e2cc9bf5cce181487b830225a0715b5db65399,998490e769f6ec6259a9d97fa81dced0c40a428d4914109d8a965927dcf73afe,f9b51a9929093f8f50f6e4106ff0da562f66c287b8583c569d719fc7b8ffad5f,9c82bde90424eba540f148274783eb937da09f2cef19adbea4daf23d55d4f7c1,False
astra_reversal,libero_goal_ood:task3:state4,libero_goal_ood,3,4,7,False,300,582.8854563439963,30000,16,1,1,0,0,,bb23ed2276c9b90b73fb84b0d36a33413e2b2c4434846451265e9cf7469ff8a2,released_modified_libero,300,test,astra-pi05-ood-steering-20260924-1,a51faf20c903fd91face0af8d7e2cc9bf5cce181487b830225a0715b5db65399,4350a43a4a21ef6245bd011ce5a72733da7bc2739fcdcaae77e816cf94cd989e,f9b51a9929093f8f50f6e4106ff0da562f66c287b8583c569d719fc7b8ffad5f,c572b3d564b4fdef62cc467cc697114a4e05dbc61602b8ced1cfd91c5570750c,False
astra_reversal,libero_goal_ood:task3:state5,libero_goal_ood,3,5,7,False,300,657.7690940739994,30000,20,5,5,0,0,,acf0796c8ccd5c44edfe177c1d06b79f2d2cfc09171df0a73a4d6d2580557999,released_modified_libero,300,test,astra-pi05-ood-steering-20260924-1,a51faf20c903fd91face0af8d7e2cc9bf5cce181487b830225a0715b5db65399,c728aa1745a1eaf139c268284b2c560ae5d981c497a82f4caf35501551f8216b,f9b51a9929093f8f50f6e4106ff0da562f66c287b8583c569d719fc7b8ffad5f,5b2e67add082e34dc34c7384f4aaddeb4298751482b48805f4f59c5656d91914,False
astra_reversal,libero_goal_ood:task3:state6,libero_goal_ood,3,6,7,False,300,624.0569800180383,30000,18,3,3,0,0,,375201c70c4017ad934fdcb2a72eab620b062e6713778f166716cef164eabd16,released_modified_libero,300,test,astra-pi05-ood-distributed-20260924-1,0279e15a57447cf07941deacf9ce3182e1be845ad6392f64ddb8aa7a047f784c,bccfd34d346f59ec1388bfdef7487da23cc2cc34ffab1504d1a52b350c3203d8,f9b51a9929093f8f50f6e4106ff0da562f66c287b8583c569d719fc7b8ffad5f,4438c202c2798eb1641d2888e602479cf504c208cf381ac9bce6e67456cc9ae3,False
astra_reversal,libero_goal_ood:task3:state7,libero_goal_ood,3,7,7,False,300,591.8399141661357,30000,16,1,1,0,0,,9b6cc70cf7230e261f27d828ee38f6f1d13ef72e86685bd1cc1f04e682add160,released_modified_libero,300,test,astra-pi05-ood-distributed-20260924-1,1a2a0cc67a08d2a0e744b7347bc28a4a8fadcc5f0714957cd03da5e67b17eade,77d12fb70efe18904b5e60654a59f9d0598a49d89a08e5f39ec793634c8b6227,f9b51a9929093f8f50f6e4106ff0da562f66c287b8583c569d719fc7b8ffad5f,f0853630c9308abe94a8521d7ef6412896e8053b5036b3fe4a106ab60d38976e,False
astra_reversal,libero_goal_ood:task3:state8,libero_goal_ood,3,8,7,False,300,622.2626717230305,30000,16,1,1,0,0,,ec8cade64b7f56636113a23c25301a39a2ea97017c69c33a91b7360bf4350f60,released_modified_libero,300,test,astra-pi05-ood-distributed-20260924-1,b2af576bda4d55da5de03fa058415c212835deda2384cb7f8c45443170620b6e,a24d3cecdc6e620ef8581dd4da304aa93bfdac8ddf740317b49ccaff8ca9f06c,f9b51a9929093f8f50f6e4106ff0da562f66c287b8583c569d719fc7b8ffad5f,420d66204cd89c74fdfeaeefc72556657801daff529a5caa0c9f7251bf4a2795,False
astra_reversal,libero_goal_ood:task3:state9,libero_goal_ood,3,9,7,False,300,591.8019880880602,30000,17,2,2,0,0,,65128381070737f5d61f63efdf0c0aa70f441cf0f2f568c7fb18e9473062bf74,released_modified_libero,300,test,astra-pi05-ood-distributed-20260924-1,4dcc7eec66e1dd7d275c146d0be96ae006d338259a5766ed497b86ba844e4592,3f040fb04df0e34fb5fb912499626fb027c3bb28251cb13a6ec508f0c38a0537,f9b51a9929093f8f50f6e4106ff0da562f66c287b8583c569d719fc7b8ffad5f,9e58643227b3f3812761b18ba6331802728b931e972f7037e63dd2a4fd89905b,False
astra_reversal,libero_goal_ood:task4:state0,libero_goal_ood,4,0,7,False,300,627.4817854440771,30400,18,2,2,0,0,,dc6532a1ae5cb7b404f1877193f60c27889b1ed2587b17c52b699236c000119e,released_modified_libero,300,test,astra-pi05-ood-distributed-20260924-2,8907dd8439a06c7040a4d43104eb0a4b487f3e05ae42daa2c993b3de6f0c1d36,b4b78274aaeaf52d52a8557bb2223221410fa1d28e980f2351374694f20515a2,f9b51a9929093f8f50f6e4106ff0da562f66c287b8583c569d719fc7b8ffad5f,18b9618bf5bae08e4b6f3e3af6193bb9a9588b203b349c002449352961f7aac0,False
astra_reversal,libero_goal_ood:task4:state1,libero_goal_ood,4,1,7,False,300,602.704943211982,30800,18,1,1,0,2,,9b7f9a52b3dd2e147376938aca67c519c8366d5faf916d8a9986e58d1f5bab4d,released_modified_libero,300,test,astra-pi05-ood-distributed-20260924-2,2cbe389777b9a1ece1cb384c210462f9449fb35af68a60ca56200a6b1dfcf6f9,d7944f6693d65196d5b73784c757bfd5da6ab5fe56178e3154b9f61d07de69ef,f9b51a9929093f8f50f6e4106ff0da562f66c287b8583c569d719fc7b8ffad5f,1aa44d8c7d15d42c53de342ed7b4d731dad5df911a188734faa1b5e3821f7935,False
astra_reversal,libero_goal_ood:task4:state2,libero_goal_ood,4,2,7,False,300,650.3812712719664,30000,17,2,2,0,0,,3114ffe11317deee77fc55bbff95b3767d22b0c6e83f91105cd61e4ffe68cb40,released_modified_libero,300,test,astra-pi05-ood-distributed-20260924-2,f3256f6f8c37ed0d1350a6acc71045aefce0dc183d29981241c6661b6bf5adf6,0be24de11053e72a407ca17fbbae4455404421322f9114d2960209ed85ad3c50,f9b51a9929093f8f50f6e4106ff0da562f66c287b8583c569d719fc7b8ffad5f,1023a0aed79a29e8ad4886ff80f01aa513f5204fa7ef47f1400dd3a34261684a,False
astra_reversal,libero_goal_ood:task4:state3,libero_goal_ood,4,3,7,False,300,702.0130274149124,30400,18,2,2,0,0,,1e3d420abe08c26e4af316c0d774d3cd14b7b0bb64575c59cc19cdf59b80d215,released_modified_libero,300,test,astra-pi05-ood-distributed-20260924-2,53104b3331dff3bdb8e1ce8a45084fe8b5ac508527444aec17a1ad2857362968,10a505081a6f6af82b125391d5a793ee248158a0cba8035689f8fd1cdcf76e63,f9b51a9929093f8f50f6e4106ff0da562f66c287b8583c569d719fc7b8ffad5f,9c82bde90424eba540f148274783eb937da09f2cef19adbea4daf23d55d4f7c1,False
astra_reversal,libero_goal_ood:task4:state4,libero_goal_ood,4,4,7,False,300,670.7411908060312,30400,18,2,2,0,1,,0e5dc4e0b0aa111fc84e10064eb2731514be348223448d192b3f680b0a2136f1,released_modified_libero,300,test,astra-pi05-ood-distributed-20260924-3,cb72b301981aded7e545adbbebc556410f8cce2b8c538c46fe31eff3237688c9,5f2b0b419b8eb64af638bcc0a56c2c2dd3b9e834e11fe10196b694c9ffd8b6b0,f9b51a9929093f8f50f6e4106ff0da562f66c287b8583c569d719fc7b8ffad5f,c572b3d564b4fdef62cc467cc697114a4e05dbc61602b8ced1cfd91c5570750c,False
astra_reversal,libero_goal_ood:task4:state5,libero_goal_ood,4,5,7,True,101,224.96255680103786,10800,6,0,0,0,0,,bfd2a6c4f67ce45fb037750d14b1344d405463eed15dc29359e214e90a6ec566,released_modified_libero,300,test,astra-pi05-ood-distributed-20260924-3,66e3354c93b7bbb21d0a3b7649cac7cf44ecd008595c2677b6c5e4148707e7c1,58b750e6d9b885a86214e0b11e7fb08255c7991a3cd2fb27bb91b6b31117dbae,f9b51a9929093f8f50f6e4106ff0da562f66c287b8583c569d719fc7b8ffad5f,5b2e67add082e34dc34c7384f4aaddeb4298751482b48805f4f59c5656d91914,False
astra_reversal,libero_goal_ood:task4:state6,libero_goal_ood,4,6,7,False,300,656.5771244270727,30400,18,2,2,0,2,,13cf58dffea9167a19e74f0ddcd81ac91abcf494c4604bd66d13cd22bd56724a,released_modified_libero,300,test,astra-pi05-ood-distributed-20260924-3,45cb88ae2515225037236ec0e857665e7d3a37623626d4a2eeb579fbf5207206,b95802e08ba1512188b25ca023721db119042726c5e8e6ee8b634720b320f6e6,f9b51a9929093f8f50f6e4106ff0da562f66c287b8583c569d719fc7b8ffad5f,4438c202c2798eb1641d2888e602479cf504c208cf381ac9bce6e67456cc9ae3,False
astra_reversal,libero_goal_ood:task4:state7,libero_goal_ood,4,7,7,False,300,624.6909794588573,30400,19,3,2,4,0,,140008524eb44946a9f4adc559ea6515dc07d5d693da25184cfd284e51adec5b,released_modified_libero,300,test,astra-pi05-ood-distributed-20260924-3,6cf37d7a0e9e415dccba5f1fa4cd0cb5de72a4885c66306ae2ce841558342c39,f428af656f805d6acb88e70e17010a46162756be26eedfd70158a4e45d2b4046,f9b51a9929093f8f50f6e4106ff0da562f66c287b8583c569d719fc7b8ffad5f,f0853630c9308abe94a8521d7ef6412896e8053b5036b3fe4a106ab60d38976e,False
astra_reversal,libero_goal_ood:task4:state8,libero_goal_ood,4,8,7,False,300,653.5329495379992,29600,17,3,2,4,1,,e07c82f0bf4a230c7484bac713960d7f1d74340e26d2b75bdfa26cd2237a8afa,released_modified_libero,300,test,astra-pi05-ood-steering-20260924-1,a51faf20c903fd91face0af8d7e2cc9bf5cce181487b830225a0715b5db65399,3f2538329e9b84f46bf4a69d515db242776f844308dc1696071f70780000fb03,f9b51a9929093f8f50f6e4106ff0da562f66c287b8583c569d719fc7b8ffad5f,420d66204cd89c74fdfeaeefc72556657801daff529a5caa0c9f7251bf4a2795,False
astra_reversal,libero_goal_ood:task4:state9,libero_goal_ood,4,9,7,False,300,671.4244698199982,30400,18,2,2,0,1,,6935fb2f88af214caadf6165cdce62b7cd5ec7301c4fdcad8096725dca0e8fd2,released_modified_libero,300,test,astra-pi05-ood-steering-20260924-1,a51faf20c903fd91face0af8d7e2cc9bf5cce181487b830225a0715b5db65399,bb53113e3b747e4f30ef132199c8cb47ec4abc77167a3f33c53506bcb008e9df,f9b51a9929093f8f50f6e4106ff0da562f66c287b8583c569d719fc7b8ffad5f,9e58643227b3f3812761b18ba6331802728b931e972f7037e63dd2a4fd89905b,False
astra_reversal,libero_goal_ood:task5:state0,libero_goal_ood,5,0,7,False,300,648.6967329340041,30800,20,3,3,0,0,,11bf8483ac2410cc177a35822f322631d260c952cd74a777199e4f4f937b88bd,released_modified_libero,300,test,astra-pi05-ood-steering-20260924-1,a51faf20c903fd91face0af8d7e2cc9bf5cce181487b830225a0715b5db65399,c2f72c3ca0ba1f81d7627f63b92bb7f0d5096825c8c20b86ffaaf3864d789406,f9b51a9929093f8f50f6e4106ff0da562f66c287b8583c569d719fc7b8ffad5f,18b9618bf5bae08e4b6f3e3af6193bb9a9588b203b349c002449352961f7aac0,False
astra_reversal,libero_goal_ood:task5:state1,libero_goal_ood,5,1,7,False,300,676.3687568970054,30400,18,2,2,0,2,,5c933bf49e1fa1c98a901e4084c3e3f105207df5c656f7e7a121b08ea09fe61e,released_modified_libero,300,test,astra-pi05-ood-steering-20260924-1,a51faf20c903fd91face0af8d7e2cc9bf5cce181487b830225a0715b5db65399,fc3a7e683af96a9b6b24ce3c16a794fbeecb68b6a098b3c7286d08c2a4a32846,f9b51a9929093f8f50f6e4106ff0da562f66c287b8583c569d719fc7b8ffad5f,1aa44d8c7d15d42c53de342ed7b4d731dad5df911a188734faa1b5e3821f7935,False
astra_reversal,libero_goal_ood:task5:state2,libero_goal_ood,5,2,7,False,300,790.7169298590161,29600,17,3,2,4,0,,b3cdb0ad916fd23d5f42ab9bdaaded49cc2c7ad804d2cbc193093273bd6c1bed,released_modified_libero,300,test,astra-pi05-ood-distributed-20260924-1,0279e15a57447cf07941deacf9ce3182e1be845ad6392f64ddb8aa7a047f784c,c8d373463a86904bdfc951a4f51228ef95af33c3f5347e8528ae70698d7e2a57,f9b51a9929093f8f50f6e4106ff0da562f66c287b8583c569d719fc7b8ffad5f,1023a0aed79a29e8ad4886ff80f01aa513f5204fa7ef47f1400dd3a34261684a,False
astra_reversal,libero_goal_ood:task5:state3,libero_goal_ood,5,3,7,False,300,611.8695098711178,30000,16,1,1,0,1,,480b662f670a2e74900a0aa7c299c5f94e2db5f5609cc7e7a438eb1b1c8114f9,released_modified_libero,300,test,astra-pi05-ood-distributed-20260924-1,1a2a0cc67a08d2a0e744b7347bc28a4a8fadcc5f0714957cd03da5e67b17eade,dbb9aad212f0bbde3c152da1af36714a6718b5bed97f65eab4bed5f67be9f9c0,f9b51a9929093f8f50f6e4106ff0da562f66c287b8583c569d719fc7b8ffad5f,9c82bde90424eba540f148274783eb937da09f2cef19adbea4daf23d55d4f7c1,False
astra_reversal,libero_goal_ood:task5:state4,libero_goal_ood,5,4,7,False,300,667.1657006940804,30000,19,4,3,4,1,,3c2568ab9d45762dda8517f0ac1bf482558ab0b0054629ec653401b87b6481d4,released_modified_libero,300,test,astra-pi05-ood-distributed-20260924-1,b2af576bda4d55da5de03fa058415c212835deda2384cb7f8c45443170620b6e,d45cbc89732c7120dd3374794d85b67c21de6728002b251dd7f75bc008a698a4,f9b51a9929093f8f50f6e4106ff0da562f66c287b8583c569d719fc7b8ffad5f,c572b3d564b4fdef62cc467cc697114a4e05dbc61602b8ced1cfd91c5570750c,False
astra_reversal,libero_goal_ood:task5:state5,libero_goal_ood,5,5,7,False,300,638.9269468421116,30400,18,2,2,0,1,,b1819839fd26f5148c3bc1461168222546a3507a77866a83665296610aa2e1f9,released_modified_libero,300,test,astra-pi05-ood-distributed-20260924-1,4dcc7eec66e1dd7d275c146d0be96ae006d338259a5766ed497b86ba844e4592,fd6629f331fd6273751137f86f1a92dde5cb44d9116e7c1bd65c714523051085,f9b51a9929093f8f50f6e4106ff0da562f66c287b8583c569d719fc7b8ffad5f,5b2e67add082e34dc34c7384f4aaddeb4298751482b48805f4f59c5656d91914,False
astra_reversal,libero_goal_ood:task5:state6,libero_goal_ood,5,6,7,False,300,706.7565957731567,30400,18,2,2,0,0,,c477f7faf1b655389b53ef47feed70a03a20d161f8e09164a877edc415cebf1b,released_modified_libero,300,test,astra-pi05-ood-distributed-20260924-2,8907dd8439a06c7040a4d43104eb0a4b487f3e05ae42daa2c993b3de6f0c1d36,5c407a13eb7818d5c57e3a4316adce6c07fcb1783163868f10ebddd45506e38e,f9b51a9929093f8f50f6e4106ff0da562f66c287b8583c569d719fc7b8ffad5f,4438c202c2798eb1641d2888e602479cf504c208cf381ac9bce6e67456cc9ae3,False
astra_reversal,libero_goal_ood:task5:state7,libero_goal_ood,5,7,7,False,300,677.6061065201648,30400,18,2,2,0,0,,e6ef4d6d82b3104ee98dca179ced9b5b1f4ac10559bfd1997235da184f6af3f6,released_modified_libero,300,test,astra-pi05-ood-distributed-20260924-2,2cbe389777b9a1ece1cb384c210462f9449fb35af68a60ca56200a6b1dfcf6f9,e01b881c25b3392db2d89a62ca68ed0b7a75f9fa4fc80d08403645db1ace11ba,f9b51a9929093f8f50f6e4106ff0da562f66c287b8583c569d719fc7b8ffad5f,f0853630c9308abe94a8521d7ef6412896e8053b5036b3fe4a106ab60d38976e,False
astra_reversal,libero_goal_ood:task5:state8,libero_goal_ood,5,8,7,False,300,648.7354898569174,30000,16,1,1,0,1,,80a0e976daa2dd15a231aa9843b6d4f7fe44fe494772de6711ea4aefaeadca99,released_modified_libero,300,test,astra-pi05-ood-distributed-20260924-2,f3256f6f8c37ed0d1350a6acc71045aefce0dc183d29981241c6661b6bf5adf6,cbf0d03ab6340fe39c9747126e3129f15ca9d22b1c695c75e929b039f56c9eae,f9b51a9929093f8f50f6e4106ff0da562f66c287b8583c569d719fc7b8ffad5f,420d66204cd89c74fdfeaeefc72556657801daff529a5caa0c9f7251bf4a2795,False
astra_reversal,libero_goal_ood:task5:state9,libero_goal_ood,5,9,7,False,300,729.3927954889368,30400,17,1,1,0,1,,6fadbd17785237e825a5c443c453ad77f4e37ec2e375804c79cbda400c404dcc,released_modified_libero,300,test,astra-pi05-ood-distributed-20260924-2,53104b3331dff3bdb8e1ce8a45084fe8b5ac508527444aec17a1ad2857362968,a6694f18d20eaa48961302ffe715e9b5ddc3e9ffab6362d47bd16dfc1afe9a97,f9b51a9929093f8f50f6e4106ff0da562f66c287b8583c569d719fc7b8ffad5f,9e58643227b3f3812761b18ba6331802728b931e972f7037e63dd2a4fd89905b,False
astra_reversal,libero_goal_ood:task6:state0,libero_goal_ood,6,0,7,False,300,674.7457026748452,30000,17,2,2,0,0,,11bf8483ac2410cc177a35822f322631d260c952cd74a777199e4f4f937b88bd,released_modified_libero,300,test,astra-pi05-ood-distributed-20260924-3,cb72b301981aded7e545adbbebc556410f8cce2b8c538c46fe31eff3237688c9,d99e312ea29ac675c2db73e82a884847f6b5c976c5a11d68e91d66574d229a07,f9b51a9929093f8f50f6e4106ff0da562f66c287b8583c569d719fc7b8ffad5f,18b9618bf5bae08e4b6f3e3af6193bb9a9588b203b349c002449352961f7aac0,False
astra_reversal,libero_goal_ood:task6:state1,libero_goal_ood,6,1,7,False,300,637.8301460698713,29600,18,4,3,4,0,,5c933bf49e1fa1c98a901e4084c3e3f105207df5c656f7e7a121b08ea09fe61e,released_modified_libero,300,test,astra-pi05-ood-distributed-20260924-3,66e3354c93b7bbb21d0a3b7649cac7cf44ecd008595c2677b6c5e4148707e7c1,d7f59c54b61ebacbc793a2249b843eb7364dc68d7234dc9600b2c2e6ab431f58,f9b51a9929093f8f50f6e4106ff0da562f66c287b8583c569d719fc7b8ffad5f,1aa44d8c7d15d42c53de342ed7b4d731dad5df911a188734faa1b5e3821f7935,False
astra_reversal,libero_goal_ood:task6:state2,libero_goal_ood,6,2,7,False,300,696.4146104329266,29600,18,4,3,4,0,,b3cdb0ad916fd23d5f42ab9bdaaded49cc2c7ad804d2cbc193093273bd6c1bed,released_modified_libero,300,test,astra-pi05-ood-distributed-20260924-3,45cb88ae2515225037236ec0e857665e7d3a37623626d4a2eeb579fbf5207206,bacaa945909049c862dcb0086016b50d7f94a4e2f3ded752f8ab95dddf2c0808,f9b51a9929093f8f50f6e4106ff0da562f66c287b8583c569d719fc7b8ffad5f,1023a0aed79a29e8ad4886ff80f01aa513f5204fa7ef47f1400dd3a34261684a,False
astra_reversal,libero_goal_ood:task6:state3,libero_goal_ood,6,3,7,True,234,569.1052155510988,24000,16,3,3,0,0,,480b662f670a2e74900a0aa7c299c5f94e2db5f5609cc7e7a438eb1b1c8114f9,released_modified_libero,300,test,astra-pi05-ood-distributed-20260924-3,6cf37d7a0e9e415dccba5f1fa4cd0cb5de72a4885c66306ae2ce841558342c39,a779ad9c9c08ad50ea1cab55727809b52d4801387a996ac90881edb9fddca240,f9b51a9929093f8f50f6e4106ff0da562f66c287b8583c569d719fc7b8ffad5f,9c82bde90424eba540f148274783eb937da09f2cef19adbea4daf23d55d4f7c1,False
astra_reversal,libero_goal_ood:task6:state4,libero_goal_ood,6,4,7,False,300,693.5980048689962,30400,18,2,2,0,0,,3c2568ab9d45762dda8517f0ac1bf482558ab0b0054629ec653401b87b6481d4,released_modified_libero,300,test,astra-pi05-ood-steering-20260924-1,a51faf20c903fd91face0af8d7e2cc9bf5cce181487b830225a0715b5db65399,fd363368264cc4dc26e4fbcff06defa8274f256c002e9e729a29ffc47515568d,f9b51a9929093f8f50f6e4106ff0da562f66c287b8583c569d719fc7b8ffad5f,c572b3d564b4fdef62cc467cc697114a4e05dbc61602b8ced1cfd91c5570750c,False
astra_reversal,libero_goal_ood:task6:state5,libero_goal_ood,6,5,7,True,169,355.36235842199676,16800,11,3,2,4,0,,b1819839fd26f5148c3bc1461168222546a3507a77866a83665296610aa2e1f9,released_modified_libero,300,test,astra-pi05-ood-steering-20260924-1,a51faf20c903fd91face0af8d7e2cc9bf5cce181487b830225a0715b5db65399,241007b52ec6d8d74ca5e01e074cdccb1db09824aee4b5015bf0d268663e1fd3,f9b51a9929093f8f50f6e4106ff0da562f66c287b8583c569d719fc7b8ffad5f,5b2e67add082e34dc34c7384f4aaddeb4298751482b48805f4f59c5656d91914,False
astra_reversal,libero_goal_ood:task6:state6,libero_goal_ood,6,6,7,False,300,667.6198782889987,30800,20,3,3,0,1,,c477f7faf1b655389b53ef47feed70a03a20d161f8e09164a877edc415cebf1b,released_modified_libero,300,test,astra-pi05-ood-steering-20260924-1,a51faf20c903fd91face0af8d7e2cc9bf5cce181487b830225a0715b5db65399,9fe8727d3a57bba0b12342139cb0f4791b0dcf58fdb7554cb7e78576e53aa26b,f9b51a9929093f8f50f6e4106ff0da562f66c287b8583c569d719fc7b8ffad5f,4438c202c2798eb1641d2888e602479cf504c208cf381ac9bce6e67456cc9ae3,False
astra_reversal,libero_goal_ood:task6:state7,libero_goal_ood,6,7,7,False,300,678.5640191540006,30000,18,3,3,0,0,,e6ef4d6d82b3104ee98dca179ced9b5b1f4ac10559bfd1997235da184f6af3f6,released_modified_libero,300,test,astra-pi05-ood-steering-20260924-1,a51faf20c903fd91face0af8d7e2cc9bf5cce181487b830225a0715b5db65399,8c19193f51ea4fc84cf25fe8a996033d7c8d781de0abb2017dd67e2c9c618dd5,f9b51a9929093f8f50f6e4106ff0da562f66c287b8583c569d719fc7b8ffad5f,f0853630c9308abe94a8521d7ef6412896e8053b5036b3fe4a106ab60d38976e,False
astra_reversal,libero_goal_ood:task6:state8,libero_goal_ood,6,8,7,False,300,683.9511085320264,30400,19,3,3,0,0,,80a0e976daa2dd15a231aa9843b6d4f7fe44fe494772de6711ea4aefaeadca99,released_modified_libero,300,test,astra-pi05-ood-distributed-20260924-1,0279e15a57447cf07941deacf9ce3182e1be845ad6392f64ddb8aa7a047f784c,a4f5467e7a677c57ec3455175b85975a4e36c6056fab4ff0b3d9cb1aaa963fcd,f9b51a9929093f8f50f6e4106ff0da562f66c287b8583c569d719fc7b8ffad5f,420d66204cd89c74fdfeaeefc72556657801daff529a5caa0c9f7251bf4a2795,False
astra_reversal,libero_goal_ood:task6:state9,libero_goal_ood,6,9,7,False,300,670.227951529203,30800,21,4,4,0,0,,6fadbd17785237e825a5c443c453ad77f4e37ec2e375804c79cbda400c404dcc,released_modified_libero,300,test,astra-pi05-ood-distributed-20260924-1,1a2a0cc67a08d2a0e744b7347bc28a4a8fadcc5f0714957cd03da5e67b17eade,800a600315f50ceb8d87ca23be528fed4b88305f11dd6535b217962a6c47d2da,f9b51a9929093f8f50f6e4106ff0da562f66c287b8583c569d719fc7b8ffad5f,9e58643227b3f3812761b18ba6331802728b931e972f7037e63dd2a4fd89905b,False
astra_reversal,libero_goal_ood:task7:state0,libero_goal_ood,7,0,7,False,300,624.9374734528828,29600,17,3,2,4,0,,11bf8483ac2410cc177a35822f322631d260c952cd74a777199e4f4f937b88bd,released_modified_libero,300,test,astra-pi05-ood-distributed-20260924-1,b2af576bda4d55da5de03fa058415c212835deda2384cb7f8c45443170620b6e,efac71329e3b85960e246f3003369df5e4c8c0bf0a684f1cd13152d486f13147,f9b51a9929093f8f50f6e4106ff0da562f66c287b8583c569d719fc7b8ffad5f,18b9618bf5bae08e4b6f3e3af6193bb9a9588b203b349c002449352961f7aac0,False
astra_reversal,libero_goal_ood:task7:state1,libero_goal_ood,7,1,7,False,300,687.1652313140221,30400,18,2,2,0,0,,5c933bf49e1fa1c98a901e4084c3e3f105207df5c656f7e7a121b08ea09fe61e,released_modified_libero,300,test,astra-pi05-ood-distributed-20260924-1,4dcc7eec66e1dd7d275c146d0be96ae006d338259a5766ed497b86ba844e4592,3a9f684c915e7f3728a58956d1097b67c936928f681a45faf6470b24b599a5bb,f9b51a9929093f8f50f6e4106ff0da562f66c287b8583c569d719fc7b8ffad5f,1aa44d8c7d15d42c53de342ed7b4d731dad5df911a188734faa1b5e3821f7935,False
astra_reversal,libero_goal_ood:task7:state2,libero_goal_ood,7,2,7,False,300,634.565236923052,30000,19,4,3,4,0,,b3cdb0ad916fd23d5f42ab9bdaaded49cc2c7ad804d2cbc193093273bd6c1bed,released_modified_libero,300,test,astra-pi05-ood-distributed-20260924-2,8907dd8439a06c7040a4d43104eb0a4b487f3e05ae42daa2c993b3de6f0c1d36,543aea09e58c7213798b85e29029ac421097001c3ccbe83e6d09e9dd5ab1df9e,f9b51a9929093f8f50f6e4106ff0da562f66c287b8583c569d719fc7b8ffad5f,1023a0aed79a29e8ad4886ff80f01aa513f5204fa7ef47f1400dd3a34261684a,False
astra_reversal,libero_goal_ood:task7:state3,libero_goal_ood,7,3,7,False,300,661.3460810440592,30000,16,1,1,0,0,,480b662f670a2e74900a0aa7c299c5f94e2db5f5609cc7e7a438eb1b1c8114f9,released_modified_libero,300,test,astra-pi05-ood-distributed-20260924-2,2cbe389777b9a1ece1cb384c210462f9449fb35af68a60ca56200a6b1dfcf6f9,1016fdcbb662d25229f9d30f6598a4d05f9c21584f98d2117a84101316fa63a2,f9b51a9929093f8f50f6e4106ff0da562f66c287b8583c569d719fc7b8ffad5f,9c82bde90424eba540f148274783eb937da09f2cef19adbea4daf23d55d4f7c1,False
astra_reversal,libero_goal_ood:task7:state4,libero_goal_ood,7,4,7,False,300,570.9809615311678,30000,17,2,2,0,0,,3c2568ab9d45762dda8517f0ac1bf482558ab0b0054629ec653401b87b6481d4,released_modified_libero,300,test,astra-pi05-ood-distributed-20260924-2,f3256f6f8c37ed0d1350a6acc71045aefce0dc183d29981241c6661b6bf5adf6,01d4c8181ca66653381f8592360fe9a7bc3a7afb32ebae8127c7c07c65a61327,f9b51a9929093f8f50f6e4106ff0da562f66c287b8583c569d719fc7b8ffad5f,c572b3d564b4fdef62cc467cc697114a4e05dbc61602b8ced1cfd91c5570750c,False
astra_reversal,libero_goal_ood:task7:state5,libero_goal_ood,7,5,7,False,300,722.3598293119576,29600,18,4,3,4,0,,b1819839fd26f5148c3bc1461168222546a3507a77866a83665296610aa2e1f9,released_modified_libero,300,test,astra-pi05-ood-distributed-20260924-2,53104b3331dff3bdb8e1ce8a45084fe8b5ac508527444aec17a1ad2857362968,785e10b8238f1abf20328a8fad8c04f0b77379c1d55adff87d811f0cd3e0dbd8,f9b51a9929093f8f50f6e4106ff0da562f66c287b8583c569d719fc7b8ffad5f,5b2e67add082e34dc34c7384f4aaddeb4298751482b48805f4f59c5656d91914,False
astra_reversal,libero_goal_ood:task7:state6,libero_goal_ood,7,6,7,False,300,576.5930422327947,30000,16,1,1,0,0,,c477f7faf1b655389b53ef47feed70a03a20d161f8e09164a877edc415cebf1b,released_modified_libero,300,test,astra-pi05-ood-distributed-20260924-3,cb72b301981aded7e545adbbebc556410f8cce2b8c538c46fe31eff3237688c9,ce1794bdde3880b5aec2ddd85b4a82d9e0dc0cd0caa03081d88a76d7c91e322d,f9b51a9929093f8f50f6e4106ff0da562f66c287b8583c569d719fc7b8ffad5f,4438c202c2798eb1641d2888e602479cf504c208cf381ac9bce6e67456cc9ae3,False
astra_reversal,libero_goal_ood:task7:state7,libero_goal_ood,7,7,7,False,300,623.692045846954,30000,16,1,1,0,0,,e6ef4d6d82b3104ee98dca179ced9b5b1f4ac10559bfd1997235da184f6af3f6,released_modified_libero,300,test,astra-pi05-ood-distributed-20260924-3,66e3354c93b7bbb21d0a3b7649cac7cf44ecd008595c2677b6c5e4148707e7c1,75a7db83e1d320045bfd5465626760a3a72c3d779621d163a5040f20d841e95b,f9b51a9929093f8f50f6e4106ff0da562f66c287b8583c569d719fc7b8ffad5f,f0853630c9308abe94a8521d7ef6412896e8053b5036b3fe4a106ab60d38976e,False
astra_reversal,libero_goal_ood:task7:state8,libero_goal_ood,7,8,7,False,300,661.2916107580531,30400,19,3,3,0,1,,80a0e976daa2dd15a231aa9843b6d4f7fe44fe494772de6711ea4aefaeadca99,released_modified_libero,300,test,astra-pi05-ood-distributed-20260924-3,45cb88ae2515225037236ec0e857665e7d3a37623626d4a2eeb579fbf5207206,546586f4f48121a2be1706bb93f599908c5341188a7108db31a29de7568651ac,f9b51a9929093f8f50f6e4106ff0da562f66c287b8583c569d719fc7b8ffad5f,420d66204cd89c74fdfeaeefc72556657801daff529a5caa0c9f7251bf4a2795,False
astra_reversal,libero_goal_ood:task7:state9,libero_goal_ood,7,9,7,False,300,616.1860188290011,30000,17,2,2,0,0,,6fadbd17785237e825a5c443c453ad77f4e37ec2e375804c79cbda400c404dcc,released_modified_libero,300,test,astra-pi05-ood-distributed-20260924-3,6cf37d7a0e9e415dccba5f1fa4cd0cb5de72a4885c66306ae2ce841558342c39,2a97a3248e472711c1439f586a818f9820fa48189a281589a6f39de5071593a2,f9b51a9929093f8f50f6e4106ff0da562f66c287b8583c569d719fc7b8ffad5f,9e58643227b3f3812761b18ba6331802728b931e972f7037e63dd2a4fd89905b,False
astra_reversal,libero_goal_ood:task8:state0,libero_goal_ood,8,0,7,False,300,607.8382301649981,30000,16,1,1,0,0,,11bf8483ac2410cc177a35822f322631d260c952cd74a777199e4f4f937b88bd,released_modified_libero,300,test,astra-pi05-ood-steering-20260924-1,a51faf20c903fd91face0af8d7e2cc9bf5cce181487b830225a0715b5db65399,9c1a52b93d17bd77160044e07ccacb5805d83903eec76ac5c8ea4d2293b9a97f,f9b51a9929093f8f50f6e4106ff0da562f66c287b8583c569d719fc7b8ffad5f,18b9618bf5bae08e4b6f3e3af6193bb9a9588b203b349c002449352961f7aac0,False
astra_reversal,libero_goal_ood:task8:state1,libero_goal_ood,8,1,7,False,300,608.2092294820031,29600,17,3,2,4,0,,5c933bf49e1fa1c98a901e4084c3e3f105207df5c656f7e7a121b08ea09fe61e,released_modified_libero,300,test,astra-pi05-ood-steering-20260924-1,a51faf20c903fd91face0af8d7e2cc9bf5cce181487b830225a0715b5db65399,2e325c7a519b2458afd23ddfb39231b4055261604698a5620cd55a971134d7b5,f9b51a9929093f8f50f6e4106ff0da562f66c287b8583c569d719fc7b8ffad5f,1aa44d8c7d15d42c53de342ed7b4d731dad5df911a188734faa1b5e3821f7935,False
astra_reversal,libero_goal_ood:task8:state2,libero_goal_ood,8,2,7,False,300,613.5426500100002,30000,16,1,1,0,0,,b3cdb0ad916fd23d5f42ab9bdaaded49cc2c7ad804d2cbc193093273bd6c1bed,released_modified_libero,300,test,astra-pi05-ood-steering-20260924-1,a51faf20c903fd91face0af8d7e2cc9bf5cce181487b830225a0715b5db65399,91ec0ca2a08526e06a8ba05aa05a2db3287560b35ef1cb88439aaa00ae0b058a,f9b51a9929093f8f50f6e4106ff0da562f66c287b8583c569d719fc7b8ffad5f,1023a0aed79a29e8ad4886ff80f01aa513f5204fa7ef47f1400dd3a34261684a,False
astra_reversal,libero_goal_ood:task8:state3,libero_goal_ood,8,3,7,False,300,593.663250587997,30000,18,3,3,0,0,,480b662f670a2e74900a0aa7c299c5f94e2db5f5609cc7e7a438eb1b1c8114f9,released_modified_libero,300,test,astra-pi05-ood-steering-20260924-1,a51faf20c903fd91face0af8d7e2cc9bf5cce181487b830225a0715b5db65399,3830197a2eb5b8d0e8a9536afa877456afde40b545b1c15053a8804eafa72b08,f9b51a9929093f8f50f6e4106ff0da562f66c287b8583c569d719fc7b8ffad5f,9c82bde90424eba540f148274783eb937da09f2cef19adbea4daf23d55d4f7c1,False
astra_reversal,libero_goal_ood:task8:state4,libero_goal_ood,8,4,7,False,300,612.2019932949916,30000,18,3,3,0,0,,3c2568ab9d45762dda8517f0ac1bf482558ab0b0054629ec653401b87b6481d4,released_modified_libero,300,test,astra-pi05-ood-distributed-20260924-1,0279e15a57447cf07941deacf9ce3182e1be845ad6392f64ddb8aa7a047f784c,21d144e08914cdbbb9a08452cefdf6ce19d9ab939faf3a97a6bd3d5f724cd393,f9b51a9929093f8f50f6e4106ff0da562f66c287b8583c569d719fc7b8ffad5f,c572b3d564b4fdef62cc467cc697114a4e05dbc61602b8ced1cfd91c5570750c,False
astra_reversal,libero_goal_ood:task8:state5,libero_goal_ood,8,5,7,False,300,623.305259621935,29600,18,4,3,4,0,,b1819839fd26f5148c3bc1461168222546a3507a77866a83665296610aa2e1f9,released_modified_libero,300,test,astra-pi05-ood-distributed-20260924-1,1a2a0cc67a08d2a0e744b7347bc28a4a8fadcc5f0714957cd03da5e67b17eade,4ad348dd158f1c1eb5443e7b2bf5c05c640ef056285c10721380e6fefacec5e4,f9b51a9929093f8f50f6e4106ff0da562f66c287b8583c569d719fc7b8ffad5f,5b2e67add082e34dc34c7384f4aaddeb4298751482b48805f4f59c5656d91914,False
astra_reversal,libero_goal_ood:task8:state6,libero_goal_ood,8,6,7,False,300,600.1781784170307,30000,16,1,1,0,0,,c477f7faf1b655389b53ef47feed70a03a20d161f8e09164a877edc415cebf1b,released_modified_libero,300,test,astra-pi05-ood-distributed-20260924-1,b2af576bda4d55da5de03fa058415c212835deda2384cb7f8c45443170620b6e,319dfab22f7f4260a553a2c69db61faed2f5d9e145c183316c37681e73c6a240,f9b51a9929093f8f50f6e4106ff0da562f66c287b8583c569d719fc7b8ffad5f,4438c202c2798eb1641d2888e602479cf504c208cf381ac9bce6e67456cc9ae3,False
astra_reversal,libero_goal_ood:task8:state7,libero_goal_ood,8,7,7,False,300,653.1522742020898,30800,18,1,1,0,1,,e6ef4d6d82b3104ee98dca179ced9b5b1f4ac10559bfd1997235da184f6af3f6,released_modified_libero,300,test,astra-pi05-ood-distributed-20260924-1,4dcc7eec66e1dd7d275c146d0be96ae006d338259a5766ed497b86ba844e4592,5c6f8ce5b81df9b875d4e6dee31c6a31dcf1d1641c0d227375bcbd9309d4c91e,f9b51a9929093f8f50f6e4106ff0da562f66c287b8583c569d719fc7b8ffad5f,f0853630c9308abe94a8521d7ef6412896e8053b5036b3fe4a106ab60d38976e,False
astra_reversal,libero_goal_ood:task8:state8,libero_goal_ood,8,8,7,False,300,617.6545940109063,30000,17,2,2,0,0,,80a0e976daa2dd15a231aa9843b6d4f7fe44fe494772de6711ea4aefaeadca99,released_modified_libero,300,test,astra-pi05-ood-distributed-20260924-2,8907dd8439a06c7040a4d43104eb0a4b487f3e05ae42daa2c993b3de6f0c1d36,12283f44c45d845a96cac725d8338556a1a67aac924167589f49c7c2b2e9da0c,f9b51a9929093f8f50f6e4106ff0da562f66c287b8583c569d719fc7b8ffad5f,420d66204cd89c74fdfeaeefc72556657801daff529a5caa0c9f7251bf4a2795,False
astra_reversal,libero_goal_ood:task8:state9,libero_goal_ood,8,9,7,False,300,677.7191558829509,30000,17,2,2,0,0,,6fadbd17785237e825a5c443c453ad77f4e37ec2e375804c79cbda400c404dcc,released_modified_libero,300,test,astra-pi05-ood-distributed-20260924-2,2cbe389777b9a1ece1cb384c210462f9449fb35af68a60ca56200a6b1dfcf6f9,1643ea3be956af86afece0bb96d91d8ad68bf6bd9a8fa3a3509ac80c14acb289,f9b51a9929093f8f50f6e4106ff0da562f66c287b8583c569d719fc7b8ffad5f,9e58643227b3f3812761b18ba6331802728b931e972f7037e63dd2a4fd89905b,False
astra_reversal,libero_goal_ood:task9:state0,libero_goal_ood,9,0,7,False,300,781.9925770189147,30400,19,3,3,0,0,,11bf8483ac2410cc177a35822f322631d260c952cd74a777199e4f4f937b88bd,released_modified_libero,300,test,astra-pi05-ood-distributed-20260924-2,f3256f6f8c37ed0d1350a6acc71045aefce0dc183d29981241c6661b6bf5adf6,a48cd41b54bae6645d5b588d28999ce041feb5431a5c3e27133c98efe80c1325,f9b51a9929093f8f50f6e4106ff0da562f66c287b8583c569d719fc7b8ffad5f,18b9618bf5bae08e4b6f3e3af6193bb9a9588b203b349c002449352961f7aac0,False
astra_reversal,libero_goal_ood:task9:state1,libero_goal_ood,9,1,7,False,300,631.2019062859472,30000,16,1,1,0,0,,5c933bf49e1fa1c98a901e4084c3e3f105207df5c656f7e7a121b08ea09fe61e,released_modified_libero,300,test,astra-pi05-ood-distributed-20260924-2,53104b3331dff3bdb8e1ce8a45084fe8b5ac508527444aec17a1ad2857362968,dbbf40c3e0370212223e8c9f41afee179ddbf28ef6f146999b39b7b2e7281479,f9b51a9929093f8f50f6e4106ff0da562f66c287b8583c569d719fc7b8ffad5f,1aa44d8c7d15d42c53de342ed7b4d731dad5df911a188734faa1b5e3821f7935,False
astra_reversal,libero_goal_ood:task9:state2,libero_goal_ood,9,2,7,False,300,642.8997971171048,30400,18,2,2,0,0,,b3cdb0ad916fd23d5f42ab9bdaaded49cc2c7ad804d2cbc193093273bd6c1bed,released_modified_libero,300,test,astra-pi05-ood-distributed-20260924-3,cb72b301981aded7e545adbbebc556410f8cce2b8c538c46fe31eff3237688c9,6d8a57b670a7b43d61bd15cddbb4bc06f3afb5c0ee08b13da9c240f264be0768,f9b51a9929093f8f50f6e4106ff0da562f66c287b8583c569d719fc7b8ffad5f,1023a0aed79a29e8ad4886ff80f01aa513f5204fa7ef47f1400dd3a34261684a,False
astra_reversal,libero_goal_ood:task9:state3,libero_goal_ood,9,3,7,False,300,620.5846568450797,30000,19,4,3,4,0,,480b662f670a2e74900a0aa7c299c5f94e2db5f5609cc7e7a438eb1b1c8114f9,released_modified_libero,300,test,astra-pi05-ood-distributed-20260924-3,66e3354c93b7bbb21d0a3b7649cac7cf44ecd008595c2677b6c5e4148707e7c1,b904bd5dc5c1c3aafe0477264b345bdfcfe1a6ca9d05f5e76cf5de9d2661c0c9,f9b51a9929093f8f50f6e4106ff0da562f66c287b8583c569d719fc7b8ffad5f,9c82bde90424eba540f148274783eb937da09f2cef19adbea4daf23d55d4f7c1,False
astra_reversal,libero_goal_ood:task9:state4,libero_goal_ood,9,4,7,False,300,619.9417848670855,30400,18,2,2,0,0,,3c2568ab9d45762dda8517f0ac1bf482558ab0b0054629ec653401b87b6481d4,released_modified_libero,300,test,astra-pi05-ood-distributed-20260924-3,45cb88ae2515225037236ec0e857665e7d3a37623626d4a2eeb579fbf5207206,93b07bf1cf031be2faeca1abb0eca36bd45bb35abb0c34c54ab07215a38299f3,f9b51a9929093f8f50f6e4106ff0da562f66c287b8583c569d719fc7b8ffad5f,c572b3d564b4fdef62cc467cc697114a4e05dbc61602b8ced1cfd91c5570750c,False
astra_reversal,libero_goal_ood:task9:state5,libero_goal_ood,9,5,7,False,300,549.8815572960302,30400,18,2,2,0,0,,b1819839fd26f5148c3bc1461168222546a3507a77866a83665296610aa2e1f9,released_modified_libero,300,test,astra-pi05-ood-distributed-20260924-3,6cf37d7a0e9e415dccba5f1fa4cd0cb5de72a4885c66306ae2ce841558342c39,50693150cded7f37bc22465eb66b8d3931edc8d77c8656d27bb9a474a6d2b4f6,f9b51a9929093f8f50f6e4106ff0da562f66c287b8583c569d719fc7b8ffad5f,5b2e67add082e34dc34c7384f4aaddeb4298751482b48805f4f59c5656d91914,False
astra_reversal,libero_goal_ood:task9:state6,libero_goal_ood,9,6,7,False,300,582.6623297240003,30000,17,2,2,0,0,,c477f7faf1b655389b53ef47feed70a03a20d161f8e09164a877edc415cebf1b,released_modified_libero,300,test,astra-pi05-ood-steering-20260924-1,a51faf20c903fd91face0af8d7e2cc9bf5cce181487b830225a0715b5db65399,d73268fefb7a40cc3734856bf5d70089c6da22869478aac457e1cca27b428596,f9b51a9929093f8f50f6e4106ff0da562f66c287b8583c569d719fc7b8ffad5f,4438c202c2798eb1641d2888e602479cf504c208cf381ac9bce6e67456cc9ae3,False
astra_reversal,libero_goal_ood:task9:state7,libero_goal_ood,9,7,7,False,300,582.4500374900017,30400,19,3,3,0,0,,e6ef4d6d82b3104ee98dca179ced9b5b1f4ac10559bfd1997235da184f6af3f6,released_modified_libero,300,test,astra-pi05-ood-steering-20260924-1,a51faf20c903fd91face0af8d7e2cc9bf5cce181487b830225a0715b5db65399,86312000587a2c16c122596af1277600d60e8ee2e7e4add836c2116a89b1ef86,f9b51a9929093f8f50f6e4106ff0da562f66c287b8583c569d719fc7b8ffad5f,f0853630c9308abe94a8521d7ef6412896e8053b5036b3fe4a106ab60d38976e,False
astra_reversal,libero_goal_ood:task9:state8,libero_goal_ood,9,8,7,False,300,809.7127799049995,30800,20,3,3,0,1,,80a0e976daa2dd15a231aa9843b6d4f7fe44fe494772de6711ea4aefaeadca99,released_modified_libero,300,test,astra-pi05-ood-steering-20260924-1,a51faf20c903fd91face0af8d7e2cc9bf5cce181487b830225a0715b5db65399,2aeed759cbb451f4537f879fcfd63fbf8b6d0eae4a8e6664754af2d0b850a75c,f9b51a9929093f8f50f6e4106ff0da562f66c287b8583c569d719fc7b8ffad5f,420d66204cd89c74fdfeaeefc72556657801daff529a5caa0c9f7251bf4a2795,False
astra_reversal,libero_goal_ood:task9:state9,libero_goal_ood,9,9,7,False,300,629.9947941520004,30000,17,2,2,0,0,,6fadbd17785237e825a5c443c453ad77f4e37ec2e375804c79cbda400c404dcc,released_modified_libero,300,test,astra-pi05-ood-steering-20260924-1,a51faf20c903fd91face0af8d7e2cc9bf5cce181487b830225a0715b5db65399,ed1b95a297c16102fb25e2d9997b7f68851b27798f9ba7b5b84d93d9450b1c6f,f9b51a9929093f8f50f6e4106ff0da562f66c287b8583c569d719fc7b8ffad5f,9e58643227b3f3812761b18ba6331802728b931e972f7037e63dd2a4fd89905b,False
astra_reversal,libero_spatial_ood:task0:state0,libero_spatial_ood,0,0,7,False,300,660.3481409489978,29600,17,3,2,4,0,,1c3788a9329e7161abc79e0b78c80e87dad0d39ac44abe7201ed54acbdd8f89e,released_modified_libero,300,test,astra-pi05-ood-steering-20260924-1,a51faf20c903fd91face0af8d7e2cc9bf5cce181487b830225a0715b5db65399,e19c4503a26bb7c05e70cb27b3bc78adc6fe76b8260cbc719510db76697113dd,aac4b0de94fbf39d2f7d70d13236cfa2287d226403fb57614c811ea641c5b489,900f9dcf2c47898cf413e7259406e7109fc09d541e070d24dadaf53c4467d7cb,False
astra_reversal,libero_spatial_ood:task0:state1,libero_spatial_ood,0,1,7,False,300,672.4838169089999,30400,22,6,6,0,0,,8be3c6d02e877d1736b1aae3c47824ea2871d54b20acb3235a3648ab60c20145,released_modified_libero,300,test,astra-pi05-ood-steering-20260924-1,a51faf20c903fd91face0af8d7e2cc9bf5cce181487b830225a0715b5db65399,c1ec283a3429d93974f3bc0ee9f41b3ad1362d9c360150a8fc333e9cc05ff50b,aac4b0de94fbf39d2f7d70d13236cfa2287d226403fb57614c811ea641c5b489,d3e19e346d7b054c7a28f83ec7335868cb48005a3e27ef4881197b51ead193e5,False
astra_reversal,libero_spatial_ood:task0:state2,libero_spatial_ood,0,2,7,False,300,669.4996229249955,30400,19,3,3,0,0,,628495a152550a73523b6175cf17dab720d019ad5aad0be7d9b9a4bca458192f,released_modified_libero,300,test,astra-pi05-ood-steering-20260924-1,a51faf20c903fd91face0af8d7e2cc9bf5cce181487b830225a0715b5db65399,9b504f30c479dedbaf39d171939df9817b00027d796fce8aad69bd55f9a040ca,aac4b0de94fbf39d2f7d70d13236cfa2287d226403fb57614c811ea641c5b489,2b13edb61f4a21c538f28dbf29d2ad396ab88b60f378ec123d12b49880c0750f,False
astra_reversal,libero_spatial_ood:task0:state3,libero_spatial_ood,0,3,7,False,300,669.8424914290008,30000,16,1,1,0,1,,33382a6ad007e9a9f5d913f8098fed66548c2481cfc863638130e70eeb7dff88,released_modified_libero,300,test,astra-pi05-ood-steering-20260924-1,a51faf20c903fd91face0af8d7e2cc9bf5cce181487b830225a0715b5db65399,2304d1877a43bde24b3f4d58cfc862e9c15f841358f6e9e9ac4c2f632167375d,aac4b0de94fbf39d2f7d70d13236cfa2287d226403fb57614c811ea641c5b489,aba3dff0644b4f7300b0a855ad155c80e11cccbff4e4d028d52176d88b214066,False
astra_reversal,libero_spatial_ood:task0:state4,libero_spatial_ood,0,4,7,False,300,650.9091435701121,30000,18,3,2,4,1,,8508d398a4f59624d6bf1e359bbdff9cd060d480709dcc3d9b1477dbcdaa0978,released_modified_libero,300,test,astra-pi05-ood-distributed-20260924-1,58076ce4f036401701bb2e1809a5f0d4699c049c1978e02f4dfc844f8c221f59,8151f0bd2fb088cbc34062cf33d66965b0f813fd466bc5cca5a00e6583d54edb,aac4b0de94fbf39d2f7d70d13236cfa2287d226403fb57614c811ea641c5b489,86804e330e873b58b80a3bcc51d7414aca77fba29d73d2ae34380d9e15d65383,False
astra_reversal,libero_spatial_ood:task0:state5,libero_spatial_ood,0,5,7,False,300,609.51081315591,30000,16,1,1,0,0,,6951bb79586b982c35bb9e31a7960b030b5b162b59f8beaf42cdd909354f6513,released_modified_libero,300,test,astra-pi05-ood-distributed-20260924-1,1c007da35c082de4a095337aac20352f987aa0202a94405b6834e4d0860a8856,f7e42b2e1119a672b7c43d705ea12982954903bcbdd26ea46fc1347a1bc0436f,aac4b0de94fbf39d2f7d70d13236cfa2287d226403fb57614c811ea641c5b489,4c79b45f54c1394332c35a9e86858a499153e874b8c9bc3e251708a591c5fc81,False
astra_reversal,libero_spatial_ood:task0:state6,libero_spatial_ood,0,6,7,False,300,638.0678023770452,30800,19,2,2,0,0,,83734f0911ec8a435b895123a3cb049948457eaa1a2442fe70d9a34e055de288,released_modified_libero,300,test,astra-pi05-ood-distributed-20260924-1,f4e483acf23021d5508cc08ce7299c08e89cc77ffa6bcd007675ccbb55e61a72,6ea733de882c6b8f63eb01f288acdfd8ff63d77a40a0de1b2bd6d1409e5e9dc7,aac4b0de94fbf39d2f7d70d13236cfa2287d226403fb57614c811ea641c5b489,24d6e9d0f309839ed3b75a2fc25dbb593645fd0d6e60bfa4082703f8c070202a,False
astra_reversal,libero_spatial_ood:task0:state7,libero_spatial_ood,0,7,7,False,300,641.318069745088,30000,16,1,1,0,1,,1430ff56c3ff0879af7b61180bf89487a150fe34c9c41334c4b583f741792244,released_modified_libero,300,test,astra-pi05-ood-distributed-20260924-1,a1bda8002e57623acd8b2f101e3a59d1389c9af8dd12abfbe54a312d3a1cc02a,e00139340a776228becbf7b79c3013c2542d356bc4facd42322763c4f78ba9ac,aac4b0de94fbf39d2f7d70d13236cfa2287d226403fb57614c811ea641c5b489,d377450e4e180bbb1732472505064e9255807e707e8f5d9efd0b219434b149c2,False
astra_reversal,libero_spatial_ood:task0:state8,libero_spatial_ood,0,8,7,False,300,691.5080397119746,30400,18,2,2,0,0,,50b8db3307d94e09400bd61d0bf95f2a02b48c6b4c351b93ddee27835c53e863,released_modified_libero,300,test,astra-pi05-ood-distributed-20260924-2,1b2cfff900b9554691594604827df5ac3c634797283513681d27bbc0491593fe,23911dcc5be67c2afdf68ce6cd44f5f3efc0d937d720ae7bcc2df0c9e6f32302,aac4b0de94fbf39d2f7d70d13236cfa2287d226403fb57614c811ea641c5b489,51a27270eddb50799ce0b6ae9312bc2b0c44160436287f48ed2b04242625690e,False
astra_reversal,libero_spatial_ood:task0:state9,libero_spatial_ood,0,9,7,False,300,684.4837137160357,30400,17,1,1,0,1,,267cdc212f9d48b3208bd6df2c4038d970839a617b251b33825df5c235ce411d,released_modified_libero,300,test,astra-pi05-ood-distributed-20260924-2,8520b6af136ff30d67efa0812fa92153f6205207272f67e10dff1f3144adb596,659f818038ef841eae2f6ec238dc5e42a303ae4c2343ae5d8639307a7fb857ac,aac4b0de94fbf39d2f7d70d13236cfa2287d226403fb57614c811ea641c5b489,72b959fc344209901ef81ce578322098a36c0002276ea29f58c895476a46a9a4,False
astra_reversal,libero_spatial_ood:task1:state0,libero_spatial_ood,1,0,7,False,300,659.5293118008412,30000,16,1,1,0,0,,db406f5ecc1a18ccec799477885125212885e4e5aefcca5e3746cf149da5ade0,released_modified_libero,300,test,astra-pi05-ood-distributed-20260924-2,8bb0211d31c083d011ea91b4f8463dae3840058bfbbd32ae601d7fbe884846e0,590c1615dd1ef65a7cc98ede87799cd8ab959a29101fa36b6040976ee7b88fe1,aac4b0de94fbf39d2f7d70d13236cfa2287d226403fb57614c811ea641c5b489,900f9dcf2c47898cf413e7259406e7109fc09d541e070d24dadaf53c4467d7cb,False
astra_reversal,libero_spatial_ood:task1:state1,libero_spatial_ood,1,1,7,False,300,636.5272938958369,30400,19,3,3,0,0,,0ab8fb534bd831810b251ad2b3cfe5b7ef7c283dadb2e604ea3b23dbbcd7da5f,released_modified_libero,300,test,astra-pi05-ood-distributed-20260924-2,8afcc279db1c7fbbf7d0419412c7476f4b40de398ced7f1c8a20befbafd39ac7,5298a72807896bbf2b2f46e731ee91d80c2761d9a3fadf87e36cc9dced303acb,aac4b0de94fbf39d2f7d70d13236cfa2287d226403fb57614c811ea641c5b489,d3e19e346d7b054c7a28f83ec7335868cb48005a3e27ef4881197b51ead193e5,False
astra_reversal,libero_spatial_ood:task1:state2,libero_spatial_ood,1,2,7,False,300,652.2959444120061,30000,17,2,2,0,0,,76e6ae2be499d5e19786af9b228e9957c3b33d4fba83709bb526f1dadcb47a95,released_modified_libero,300,test,astra-pi05-ood-distributed-20260924-3,01a55b32f64f9a750f578a706303ae94b4961d603983cc4538f23c4016b24f6d,4fcc77aa5c88b43d45a5ed525c6977d6bea3793bb9c0d87497584c352fdc2b31,aac4b0de94fbf39d2f7d70d13236cfa2287d226403fb57614c811ea641c5b489,2b13edb61f4a21c538f28dbf29d2ad396ab88b60f378ec123d12b49880c0750f,False
astra_reversal,libero_spatial_ood:task1:state3,libero_spatial_ood,1,3,7,False,300,712.3099788159598,30400,19,3,3,0,1,,2f5f3a5dad47e007612c6b673559e67bb940e6e7072749cf302e23ce2d1d52dd,released_modified_libero,300,test,astra-pi05-ood-distributed-20260924-3,95b1b8d78d37c5c8085d5a39f4034d32b021ba33fca8af2858408b27bec48dab,39d437404bec40362bf79bb4fc96bb11ea5abafbf6ff3ecd454c06da3fc48819,aac4b0de94fbf39d2f7d70d13236cfa2287d226403fb57614c811ea641c5b489,aba3dff0644b4f7300b0a855ad155c80e11cccbff4e4d028d52176d88b214066,False
astra_reversal,libero_spatial_ood:task1:state4,libero_spatial_ood,1,4,7,False,300,719.0104890139773,29600,17,3,2,4,0,,e2888f3578e1e51058a1959f215bbab8e9e2255f87bbed71193ea15019be8c60,released_modified_libero,300,test,astra-pi05-ood-distributed-20260924-3,8eb2364bbe6aacf988f730079ccf12e18a53854ea59d565566af35c1d1cdcb1b,a38da355484b15443529802002bffaf40fba1602a405e8de3605c78667b081a9,aac4b0de94fbf39d2f7d70d13236cfa2287d226403fb57614c811ea641c5b489,86804e330e873b58b80a3bcc51d7414aca77fba29d73d2ae34380d9e15d65383,False
astra_reversal,libero_spatial_ood:task1:state5,libero_spatial_ood,1,5,7,False,300,649.8045725659467,30000,17,2,2,0,0,,61b065ab7a3d1a7c04dcb8c0cb5d534ca240a64ed40cc2e19b15bb8ca6547c15,released_modified_libero,300,test,astra-pi05-ood-distributed-20260924-3,7f0b964b76df807e12f0fdbbeef75110ec903e0f6b128401a31e27558b68b0b2,9cccb3a6f733e5059c2a34e1383de3965ddf1b7844a7791ce431eae5df424fa9,aac4b0de94fbf39d2f7d70d13236cfa2287d226403fb57614c811ea641c5b489,4c79b45f54c1394332c35a9e86858a499153e874b8c9bc3e251708a591c5fc81,False
astra_reversal,libero_spatial_ood:task1:state6,libero_spatial_ood,1,6,7,False,300,616.5934028929987,30000,17,2,2,0,0,,f07bfd2f349f2bab08cf6527cef79580fe4dc12cbd45551cb99d13789e46c148,released_modified_libero,300,test,astra-pi05-ood-steering-20260924-1,a51faf20c903fd91face0af8d7e2cc9bf5cce181487b830225a0715b5db65399,95a3e2e49f71b3983a15a6f9a22216a4b8c4bbaec5b249b6389e425796b21365,aac4b0de94fbf39d2f7d70d13236cfa2287d226403fb57614c811ea641c5b489,24d6e9d0f309839ed3b75a2fc25dbb593645fd0d6e60bfa4082703f8c070202a,False
astra_reversal,libero_spatial_ood:task1:state7,libero_spatial_ood,1,7,7,False,300,646.6799402929973,30400,19,3,3,0,0,,ae01ec977058e22e686b101ae1940107346eeefd22261ec8441cc83f3fd3bbac,released_modified_libero,300,test,astra-pi05-ood-steering-20260924-1,a51faf20c903fd91face0af8d7e2cc9bf5cce181487b830225a0715b5db65399,55b2e3fb14159fd6df18402284963f2bb06f0c25fd9b40eaf1fdf7b0913d433e,aac4b0de94fbf39d2f7d70d13236cfa2287d226403fb57614c811ea641c5b489,d377450e4e180bbb1732472505064e9255807e707e8f5d9efd0b219434b149c2,False
astra_reversal,libero_spatial_ood:task1:state8,libero_spatial_ood,1,8,7,False,300,625.5692718510036,30000,19,4,4,0,0,,163f1dc6a2d73ed867c002ac7ddac15f073417645e14103b9991a83661e87efe,released_modified_libero,300,test,astra-pi05-ood-steering-20260924-1,a51faf20c903fd91face0af8d7e2cc9bf5cce181487b830225a0715b5db65399,68e16e49f0d9d120c460013b35fd41abe85b84d939590a0e48e74af1f0b32a94,aac4b0de94fbf39d2f7d70d13236cfa2287d226403fb57614c811ea641c5b489,51a27270eddb50799ce0b6ae9312bc2b0c44160436287f48ed2b04242625690e,False
astra_reversal,libero_spatial_ood:task1:state9,libero_spatial_ood,1,9,7,False,300,613.6473771460005,30400,18,2,2,0,1,,49c11a58f25c5eb0ff11a09e1da481f7df819bcbb04d46f1b5cb3658c9c17d3c,released_modified_libero,300,test,astra-pi05-ood-steering-20260924-1,a51faf20c903fd91face0af8d7e2cc9bf5cce181487b830225a0715b5db65399,e41514b2e66972f3ec3d7c2825bfbf49121f45de40e393b2dd493910da909d39,aac4b0de94fbf39d2f7d70d13236cfa2287d226403fb57614c811ea641c5b489,72b959fc344209901ef81ce578322098a36c0002276ea29f58c895476a46a9a4,False
astra_reversal,libero_spatial_ood:task2:state0,libero_spatial_ood,2,0,7,False,300,689.7915035139304,30400,19,3,3,0,0,,0d960d215fc36fb3cdb747e38f7b88416e9d73ee8d92ce4e54c75fa26d5567c9,released_modified_libero,300,test,astra-pi05-ood-distributed-20260924-1,58076ce4f036401701bb2e1809a5f0d4699c049c1978e02f4dfc844f8c221f59,1bc81d9039ae6dec4619d317961b2ce3a772fdb629a1da5356966e05b782fe4a,aac4b0de94fbf39d2f7d70d13236cfa2287d226403fb57614c811ea641c5b489,3d768b00c00dc99e17f0d4c4b0f751bb04a35140990d9188648ffff61708f070,False
astra_reversal,libero_spatial_ood:task2:state1,libero_spatial_ood,2,1,7,False,300,677.892422744073,30800,19,2,2,0,0,,176730e9c115ce5e021373fa16aafd48e5591811e3c4da093bf73cf891aaa382,released_modified_libero,300,test,astra-pi05-ood-distributed-20260924-1,1c007da35c082de4a095337aac20352f987aa0202a94405b6834e4d0860a8856,ffd6ccab51584a42e1bef8bc155ed05b3c2abc8c9312245cd1d0ff9d33b65328,aac4b0de94fbf39d2f7d70d13236cfa2287d226403fb57614c811ea641c5b489,bad796b32547a5408b5cbe237e39285df47dc2b66a4ac3f4309f6127e123bd6a,False
astra_reversal,libero_spatial_ood:task2:state2,libero_spatial_ood,2,2,7,False,300,592.4567086370662,30000,18,3,3,0,1,,237f6ebf09a61d0bf5e2fe34127aa4ec35bbd5976bbb00474a604a45874dc3c9,released_modified_libero,300,test,astra-pi05-ood-distributed-20260924-1,f4e483acf23021d5508cc08ce7299c08e89cc77ffa6bcd007675ccbb55e61a72,b5888f364e94cc350b71e9ef66a48ae912bc1a7af7ec3d1524fa68cde56da47f,aac4b0de94fbf39d2f7d70d13236cfa2287d226403fb57614c811ea641c5b489,685a015a44b2901e7104fc8e717da702d097724303b96514924d77e9c5448e89,False
astra_reversal,libero_spatial_ood:task2:state3,libero_spatial_ood,2,3,7,False,300,635.6267844040412,31200,20,2,2,0,1,,7a12da01fc65437803bf629cec9e1ecb97506c7036e6092490214e10f08a21f7,released_modified_libero,300,test,astra-pi05-ood-distributed-20260924-1,a1bda8002e57623acd8b2f101e3a59d1389c9af8dd12abfbe54a312d3a1cc02a,8faafd5a04f919276c37bc3ae5aee14bfb66fd9c9a8e20ad6f7fedff79c1ae80,aac4b0de94fbf39d2f7d70d13236cfa2287d226403fb57614c811ea641c5b489,5d375f728d8d6e764316917d0f8f35daf2353ae43aa046bf2695b6b6595fccc5,False
astra_reversal,libero_spatial_ood:task2:state4,libero_spatial_ood,2,4,7,False,300,734.3404779899865,31200,21,3,3,0,0,,cf12acb038c3f67bb532b39a139a3f12cc0c1fa170eee8067cf5260e57eb3898,released_modified_libero,300,test,astra-pi05-ood-distributed-20260924-2,1b2cfff900b9554691594604827df5ac3c634797283513681d27bbc0491593fe,fda390b8f98e7cd074b9edb6c4d8f13869ffb566f3e076a2fd93ff0c89e9cb6c,aac4b0de94fbf39d2f7d70d13236cfa2287d226403fb57614c811ea641c5b489,2d5e7ee0833288a615f12bae2073b8c07a5768d64bb85f73d334d7c73eda1f9d,False
astra_reversal,libero_spatial_ood:task2:state5,libero_spatial_ood,2,5,7,False,300,655.4117749768775,31200,20,2,2,0,0,,67b0c06b9d269b6748614de36e5a8c81e5c937e729a640a058faccc8e49fb4c0,released_modified_libero,300,test,astra-pi05-ood-distributed-20260924-2,8520b6af136ff30d67efa0812fa92153f6205207272f67e10dff1f3144adb596,bd9173c4f3643a8942500715fb83035a9dbf388e16f67f3a95e93e4d35ae70b7,aac4b0de94fbf39d2f7d70d13236cfa2287d226403fb57614c811ea641c5b489,b7430596cd4c9970161b9ea219858027f250f98b1b3744bfffe992a5b395b571,False
astra_reversal,libero_spatial_ood:task2:state6,libero_spatial_ood,2,6,7,False,300,635.2298632299062,30400,20,4,3,4,0,,4fee64996c01064e8a41f6efe1784a34feb8472d94093dafd05d2a5ae9bd0816,released_modified_libero,300,test,astra-pi05-ood-distributed-20260924-2,8bb0211d31c083d011ea91b4f8463dae3840058bfbbd32ae601d7fbe884846e0,a8b42e47329f18d2c666f10934219a20a7e985d86976c0948bca8221d51a02e1,aac4b0de94fbf39d2f7d70d13236cfa2287d226403fb57614c811ea641c5b489,4536298fddaf938e85f0f4c432e9685e5ed6dbb16dd0f070f4352fde88a2c1bc,False
astra_reversal,libero_spatial_ood:task2:state7,libero_spatial_ood,2,7,7,False,300,689.546551479958,31200,20,2,2,0,0,,3ab833079edc9fe676aecf48651826f47b437d68ca269691de7a697af5ea3d3c,released_modified_libero,300,test,astra-pi05-ood-distributed-20260924-2,8afcc279db1c7fbbf7d0419412c7476f4b40de398ced7f1c8a20befbafd39ac7,3dc2035c015fcf13103586a51db0508ec778f607a02696e7a2e7c1efbc54c782,aac4b0de94fbf39d2f7d70d13236cfa2287d226403fb57614c811ea641c5b489,73bcf453b1e0d7f175b5cfe70a27ac44c382b348ab047670b25086da70bcecae,False
astra_reversal,libero_spatial_ood:task2:state8,libero_spatial_ood,2,8,7,False,300,638.7248923662119,30400,18,2,2,0,2,,db4610aa44b09fe367719180fb2e5b11a78969104019701fb96080b885727606,released_modified_libero,300,test,astra-pi05-ood-distributed-20260924-3,01a55b32f64f9a750f578a706303ae94b4961d603983cc4538f23c4016b24f6d,d8c2ba4214cebe475ee956522435c28bdf24f9dd916a16f522ac8b9a953f8a4b,aac4b0de94fbf39d2f7d70d13236cfa2287d226403fb57614c811ea641c5b489,84cfef6c66cb5f14028d053714879276f7f846fd496960bf8c9499be3098f3d6,False
astra_reversal,libero_spatial_ood:task2:state9,libero_spatial_ood,2,9,7,False,300,678.3142686001956,30400,19,3,3,0,0,,dabb9db67a76ecfc67e7ed368f366b789854d8a61d29ad67dcbf7b6c78b4b167,released_modified_libero,300,test,astra-pi05-ood-distributed-20260924-3,95b1b8d78d37c5c8085d5a39f4034d32b021ba33fca8af2858408b27bec48dab,aac4ac901658c95dad4ee19273fff18100838934f7aa74dff2bcc8020ec6e4e0,aac4b0de94fbf39d2f7d70d13236cfa2287d226403fb57614c811ea641c5b489,bb92d4e98cdc921ac5439512d80ca818c7fef0474ea649e226a4b0e2e8140347,False
astra_reversal,libero_spatial_ood:task3:state0,libero_spatial_ood,3,0,7,False,300,665.5717555820011,30400,19,3,3,0,0,,3c3c2b5ae34f3a5dbb239c711a3fff3aa00cda0695a26980d4853e1d0b65edac,released_modified_libero,300,test,astra-pi05-ood-distributed-20260924-3,8eb2364bbe6aacf988f730079ccf12e18a53854ea59d565566af35c1d1cdcb1b,1ce01d4ce415c1da09303a8798e1e839929a536d9da5f6710426a3291bf032b9,aac4b0de94fbf39d2f7d70d13236cfa2287d226403fb57614c811ea641c5b489,3d768b00c00dc99e17f0d4c4b0f751bb04a35140990d9188648ffff61708f070,False
astra_reversal,libero_spatial_ood:task3:state1,libero_spatial_ood,3,1,7,False,300,696.4405777810607,30000,17,2,2,0,0,,bb1ce0732c1b8dbeac798b0f1e9b35957b5f17b12edb61744b1a060a71d085b8,released_modified_libero,300,test,astra-pi05-ood-distributed-20260924-3,7f0b964b76df807e12f0fdbbeef75110ec903e0f6b128401a31e27558b68b0b2,809c83b4ffac2456ad70681e9090b9068297db4ac0dc4cba53588afdb9cacab9,aac4b0de94fbf39d2f7d70d13236cfa2287d226403fb57614c811ea641c5b489,bad796b32547a5408b5cbe237e39285df47dc2b66a4ac3f4309f6127e123bd6a,False
astra_reversal,libero_spatial_ood:task3:state2,libero_spatial_ood,3,2,7,False,300,612.961843748999,30800,19,2,2,0,1,,075b7228ca42329acf3842a172e9f8a33e7c917c9c10e3e67af6382602588c5f,released_modified_libero,300,test,astra-pi05-ood-steering-20260924-1,a51faf20c903fd91face0af8d7e2cc9bf5cce181487b830225a0715b5db65399,65a65a8169e345f0af4e4ea9c7aedebc804ab10e078f134dc841f41aa971fa95,aac4b0de94fbf39d2f7d70d13236cfa2287d226403fb57614c811ea641c5b489,685a015a44b2901e7104fc8e717da702d097724303b96514924d77e9c5448e89,False
astra_reversal,libero_spatial_ood:task3:state3,libero_spatial_ood,3,3,7,False,300,573.3385503929967,30800,18,1,1,0,2,,e5b827300873d7c7c08d1187d8c6863cabc12079dcfad084eb9bc61af5174ea3,released_modified_libero,300,test,astra-pi05-ood-steering-20260924-1,a51faf20c903fd91face0af8d7e2cc9bf5cce181487b830225a0715b5db65399,ef91449113d2ec49dbc661a5255ca59fcf8f1b056256e0c234c29b13cf75e87f,aac4b0de94fbf39d2f7d70d13236cfa2287d226403fb57614c811ea641c5b489,5d375f728d8d6e764316917d0f8f35daf2353ae43aa046bf2695b6b6595fccc5,False
astra_reversal,libero_spatial_ood:task3:state4,libero_spatial_ood,3,4,7,False,300,551.5555560719949,30000,17,2,2,0,0,,ae0693002a4ed9662c11fd693a01818281435850768f5cd8718dc38a7ce85a6b,released_modified_libero,300,test,astra-pi05-ood-steering-20260924-1,a51faf20c903fd91face0af8d7e2cc9bf5cce181487b830225a0715b5db65399,5e24923b586c970fff68e788bb5e7b8b3b827bb4cdb9ee09e173c43ae2ac3305,aac4b0de94fbf39d2f7d70d13236cfa2287d226403fb57614c811ea641c5b489,2d5e7ee0833288a615f12bae2073b8c07a5768d64bb85f73d334d7c73eda1f9d,False
astra_reversal,libero_spatial_ood:task3:state5,libero_spatial_ood,3,5,7,False,300,630.3355816179974,30400,19,3,3,0,0,,3f211a047d7c699984375d211615f6c69439ab450d15f3dbcc7f6905bb502bab,released_modified_libero,300,test,astra-pi05-ood-steering-20260924-1,a51faf20c903fd91face0af8d7e2cc9bf5cce181487b830225a0715b5db65399,0c782cb5717db801f17f988077954277edc5fdff1ce145e6b427622d65886922,aac4b0de94fbf39d2f7d70d13236cfa2287d226403fb57614c811ea641c5b489,b7430596cd4c9970161b9ea219858027f250f98b1b3744bfffe992a5b395b571,False
astra_reversal,libero_spatial_ood:task3:state6,libero_spatial_ood,3,6,7,False,300,700.7217533499934,30800,17,0,0,0,2,,7ee4a431edab8cfa1d97fb783546c03429e8f40e2d927b1fef29a1395740fa72,released_modified_libero,300,test,astra-pi05-ood-distributed-20260924-1,58076ce4f036401701bb2e1809a5f0d4699c049c1978e02f4dfc844f8c221f59,2b7eb9da84365a33bbbcdd5e2e91456637f57bcd063c6cbe407206166ca743b2,aac4b0de94fbf39d2f7d70d13236cfa2287d226403fb57614c811ea641c5b489,4536298fddaf938e85f0f4c432e9685e5ed6dbb16dd0f070f4352fde88a2c1bc,False
astra_reversal,libero_spatial_ood:task3:state7,libero_spatial_ood,3,7,7,False,300,604.959718656959,30800,19,2,2,0,0,,1ded6dc66f08e7cf45602e9c8bef4762ab2e8179500113ce71c52398f16f4a0c,released_modified_libero,300,test,astra-pi05-ood-distributed-20260924-1,1c007da35c082de4a095337aac20352f987aa0202a94405b6834e4d0860a8856,34c7d7d4d380abe17a09f59b5b6d0214d7fddca132b918797a91513163d463c0,aac4b0de94fbf39d2f7d70d13236cfa2287d226403fb57614c811ea641c5b489,73bcf453b1e0d7f175b5cfe70a27ac44c382b348ab047670b25086da70bcecae,False
astra_reversal,libero_spatial_ood:task3:state8,libero_spatial_ood,3,8,7,False,300,607.704312477028,30400,18,2,2,0,1,,beff22ccb8777798a520bea399f4238d3dcab4652cb9e4bc6ee033ae8be5614a,released_modified_libero,300,test,astra-pi05-ood-distributed-20260924-1,f4e483acf23021d5508cc08ce7299c08e89cc77ffa6bcd007675ccbb55e61a72,0d07c00a5cded0b5d617c81a1d85174e451ed3958c4858e7b1be03a644f4f601,aac4b0de94fbf39d2f7d70d13236cfa2287d226403fb57614c811ea641c5b489,84cfef6c66cb5f14028d053714879276f7f846fd496960bf8c9499be3098f3d6,False
astra_reversal,libero_spatial_ood:task3:state9,libero_spatial_ood,3,9,7,False,300,690.2324077920057,30800,20,3,3,0,2,,b4dac74b2d2abef13d633a3dc3311fb24762740f9f6a9865993b257e0bdc0f19,released_modified_libero,300,test,astra-pi05-ood-distributed-20260924-1,a1bda8002e57623acd8b2f101e3a59d1389c9af8dd12abfbe54a312d3a1cc02a,f9b88dece3dd8f9b761278daaf7fd94a3ccd9b365d203d71e0c0a6cde2103cba,aac4b0de94fbf39d2f7d70d13236cfa2287d226403fb57614c811ea641c5b489,bb92d4e98cdc921ac5439512d80ca818c7fef0474ea649e226a4b0e2e8140347,False
astra_reversal,libero_spatial_ood:task4:state0,libero_spatial_ood,4,0,7,False,300,650.1566554158926,30400,18,2,2,0,1,,28df671666928058e8db710a67f3d6f4b4b1e08d6496a1ea6736906a119fcc7c,released_modified_libero,300,test,astra-pi05-ood-distributed-20260924-2,1b2cfff900b9554691594604827df5ac3c634797283513681d27bbc0491593fe,26a1f5be5aab781b646dac5bd6cb05e1a55b7463a2fa106735e8df13daa8d2d2,aac4b0de94fbf39d2f7d70d13236cfa2287d226403fb57614c811ea641c5b489,fa0188a614a5865c706b3261e6773b7202452941c2cef8323c4620c599284ce6,False
astra_reversal,libero_spatial_ood:task4:state1,libero_spatial_ood,4,1,7,False,300,633.1725976509042,30400,18,2,2,0,0,,659b4bbfe3f8c9889a30d67143c8059cd30a43fa64cc124415eef43137fafa11,released_modified_libero,300,test,astra-pi05-ood-distributed-20260924-2,8520b6af136ff30d67efa0812fa92153f6205207272f67e10dff1f3144adb596,f7985165a711c2d7341a511d886cf8bafd1dc66c65146dcfef4e4b7e39875b26,aac4b0de94fbf39d2f7d70d13236cfa2287d226403fb57614c811ea641c5b489,bbb1c69871eecff3c7cf4bb41c10836720fcffc98c1d62ba9bea5ee47b864390,False
astra_reversal,libero_spatial_ood:task4:state2,libero_spatial_ood,4,2,7,False,300,705.621038727928,30000,17,2,2,0,0,,2587117c4e41648214a92b7e6cafd391c9dddfb64c996711a78f0e023ace82b0,released_modified_libero,300,test,astra-pi05-ood-distributed-20260924-2,8bb0211d31c083d011ea91b4f8463dae3840058bfbbd32ae601d7fbe884846e0,422e3d61976d02f364debac9087157b1dc5bb0c6f58c81cd1ac584b29ecc7207,aac4b0de94fbf39d2f7d70d13236cfa2287d226403fb57614c811ea641c5b489,990fee20defb5925b2e082e98f7ad98bb4e8c5f16ecf68c6f121f2cc93397169,False
astra_reversal,libero_spatial_ood:task4:state3,libero_spatial_ood,4,3,7,False,300,619.3129226109013,30400,18,2,2,0,1,,acf9a422359310f3d0a8b68acf7abf0608a998b16c934f90497fc242b61d2653,released_modified_libero,300,test,astra-pi05-ood-distributed-20260924-2,8afcc279db1c7fbbf7d0419412c7476f4b40de398ced7f1c8a20befbafd39ac7,2abc1e2b78d9a80500fc4b79fa0657b9ba9e240405a874bbdc131ff0bec96af1,aac4b0de94fbf39d2f7d70d13236cfa2287d226403fb57614c811ea641c5b489,747a7afca3477aacce1032c419183ebc0fc01560386e79226f76e2d754569b86,False
astra_reversal,libero_spatial_ood:task4:state4,libero_spatial_ood,4,4,7,False,300,658.9528422718868,30400,19,3,3,0,0,,30fc8f0fe6120c8b51f8b84094c9a12dbaea52cd9ac52f7ae935299fddbe3463,released_modified_libero,300,test,astra-pi05-ood-distributed-20260924-3,01a55b32f64f9a750f578a706303ae94b4961d603983cc4538f23c4016b24f6d,235870c82f27eabf2f902494353fd0a36aab4bc41adade360b477b2aff0d0504,aac4b0de94fbf39d2f7d70d13236cfa2287d226403fb57614c811ea641c5b489,4ce2147330dbcd5d56011c61e305570ac41b4463d46c7a3514349da5b2f3934b,False
astra_reversal,libero_spatial_ood:task4:state5,libero_spatial_ood,4,5,7,False,300,763.3253945149481,30800,20,3,3,0,0,,11344f336c62c0bd91acfe2beefe5c98cdb131e45f4c9d7244f3cd749ab1df16,released_modified_libero,300,test,astra-pi05-ood-distributed-20260924-3,95b1b8d78d37c5c8085d5a39f4034d32b021ba33fca8af2858408b27bec48dab,2e2461bf95acce0cb7438a1112f85175d79ce853dc946f4772211901015b2686,aac4b0de94fbf39d2f7d70d13236cfa2287d226403fb57614c811ea641c5b489,a8800f9d950a0b1398b00d477aac54ce828fe774a6988a9421a3b8913f97bfa1,False
astra_reversal,libero_spatial_ood:task4:state6,libero_spatial_ood,4,6,7,False,300,648.3491790019907,30800,18,1,1,0,1,,702e65a82b5ee331737c963b41ff781fcff94d7f8491c9adfb29f9f997dc9272,released_modified_libero,300,test,astra-pi05-ood-distributed-20260924-3,8eb2364bbe6aacf988f730079ccf12e18a53854ea59d565566af35c1d1cdcb1b,c0e19513a8660367b912bbfb706f41b16396c9ef5f32f5518c0f0eb847ed9baf,aac4b0de94fbf39d2f7d70d13236cfa2287d226403fb57614c811ea641c5b489,d1fbe94c9b7b01888b91b6ad02999d328b5b19def94c8a75b9fe59e8f2ad5a7e,False
astra_reversal,libero_spatial_ood:task4:state7,libero_spatial_ood,4,7,7,False,300,655.5753557810094,30800,20,3,3,0,0,,f2e081173d41098ea435d16605ffe01a25e4961c8aea2746c2e42ac6a97d5b1f,released_modified_libero,300,test,astra-pi05-ood-distributed-20260924-3,7f0b964b76df807e12f0fdbbeef75110ec903e0f6b128401a31e27558b68b0b2,4228792a3cd7505472c7e6b500fe343cad8ae578db0ae7a4e211e4d211c8a724,aac4b0de94fbf39d2f7d70d13236cfa2287d226403fb57614c811ea641c5b489,ccdbf13f7c11f90a6b46959aa2fba974f12896e003e9c8f6bd61c94c59a1af27,False
astra_reversal,libero_spatial_ood:task4:state8,libero_spatial_ood,4,8,7,False,300,595.7749929310012,30400,18,2,2,0,0,,c98aef39bbd257468322a49408f7cbbe74d01febc3be3310e10355ac6fed31fe,released_modified_libero,300,test,astra-pi05-ood-steering-20260924-1,a51faf20c903fd91face0af8d7e2cc9bf5cce181487b830225a0715b5db65399,5e440d496073dd3e202327611aafad36bcdbaf8fbbcf513ccc7d0ebd8befe2e1,aac4b0de94fbf39d2f7d70d13236cfa2287d226403fb57614c811ea641c5b489,8d9e2fdfdb37a06f4da73c554ce4f019ddeda9c0e596e1762128a799f5e28cf1,False
astra_reversal,libero_spatial_ood:task4:state9,libero_spatial_ood,4,9,7,False,300,614.6449551680053,30400,18,2,2,0,0,,ef0777e8615c38b442afb7406ef3ee3b551a2079eacf1daabd328a72c4062694,released_modified_libero,300,test,astra-pi05-ood-steering-20260924-1,a51faf20c903fd91face0af8d7e2cc9bf5cce181487b830225a0715b5db65399,68d8af1fffb2a92adf7420e789201ec226461c091a3d7923bea3059c41c2c023,aac4b0de94fbf39d2f7d70d13236cfa2287d226403fb57614c811ea641c5b489,fcba07961f38b5e778d5eb2771eafc54dac6d56e121cb553c4f20768484f21f7,False
astra_reversal,libero_spatial_ood:task5:state0,libero_spatial_ood,5,0,7,False,300,593.6999193669981,30400,20,4,4,0,1,,bb490c379779d494c61487ab7000e3e6d431e845d6d5d4f36b907109f8d7ae56,released_modified_libero,300,test,astra-pi05-ood-steering-20260924-1,a51faf20c903fd91face0af8d7e2cc9bf5cce181487b830225a0715b5db65399,ee8e024a9646a7edfbc86b962b6bc4cca820ccaf9770a1aeaed276a8df72c932,aac4b0de94fbf39d2f7d70d13236cfa2287d226403fb57614c811ea641c5b489,fa0188a614a5865c706b3261e6773b7202452941c2cef8323c4620c599284ce6,False
astra_reversal,libero_spatial_ood:task5:state1,libero_spatial_ood,5,1,7,False,300,627.1408941479967,30800,20,3,3,0,0,,00d2cbaae74ad116a68d1dad01ffaf8ca9e78ea0e97f33052df5f29c63094a00,released_modified_libero,300,test,astra-pi05-ood-steering-20260924-1,a51faf20c903fd91face0af8d7e2cc9bf5cce181487b830225a0715b5db65399,e98c3ccf1bec125e7620f10ec12a36f841e0e5f981c6bc2f5d40fe199c30140d,aac4b0de94fbf39d2f7d70d13236cfa2287d226403fb57614c811ea641c5b489,92bd25b866d76c483d76f5cb05ca1e70565edc1e17e3532fe697883ad52e335b,False
astra_reversal,libero_spatial_ood:task5:state2,libero_spatial_ood,5,2,7,False,300,674.8289488451555,30000,18,3,3,0,0,,92e79b4b733f630eb44201350bfb19509c9b3127eb93ddb4910c50e0c04a2cc5,released_modified_libero,300,test,astra-pi05-ood-distributed-20260924-1,58076ce4f036401701bb2e1809a5f0d4699c049c1978e02f4dfc844f8c221f59,032baee27c1634affe2ddfb34acddf7dda9eea5b0002c7de79c32a0cd01a5eca,aac4b0de94fbf39d2f7d70d13236cfa2287d226403fb57614c811ea641c5b489,73b5813f2630615c844f42f6a565206a36451984f6e581f92773ecf33d4a5ed1,False
astra_reversal,libero_spatial_ood:task5:state3,libero_spatial_ood,5,3,7,False,300,591.8648942071013,30800,18,1,1,0,2,,8f3fc19e609fee93e159d5184c67f44e3d81e6134141718bcfe133ae61ae4be5,released_modified_libero,300,test,astra-pi05-ood-distributed-20260924-1,1c007da35c082de4a095337aac20352f987aa0202a94405b6834e4d0860a8856,5a04bde91394ff52747f615b5598d3be4ec526a40919363ef77828cf647826e3,aac4b0de94fbf39d2f7d70d13236cfa2287d226403fb57614c811ea641c5b489,e2fdc7ec2ba958e129af3ecd9f7fbf370e8b85803fa6b326fcbe2a464eccf728,False
astra_reversal,libero_spatial_ood:task5:state4,libero_spatial_ood,5,4,7,False,300,646.6580189659726,30400,18,2,2,0,0,,22d7504edbf70eb1daff7df3f0bc2a5f436b9f8f1f1a1efea134e2509c36b129,released_modified_libero,300,test,astra-pi05-ood-distributed-20260924-1,f4e483acf23021d5508cc08ce7299c08e89cc77ffa6bcd007675ccbb55e61a72,6d02983415ae4261df35775017dfe525e46d1900a5d27ceb6fd9c6a185095c4d,aac4b0de94fbf39d2f7d70d13236cfa2287d226403fb57614c811ea641c5b489,8b422fcaa23a5ac72c2d2b649e9af29141b71acfc0c02a793b17fa5d2c263279,False
astra_reversal,libero_spatial_ood:task5:state5,libero_spatial_ood,5,5,7,False,300,641.6842332100496,30800,20,3,2,4,1,,b4c1fa73e85489da8201b8bc688c01c82d8020fe85f62c2d823b9c660adb4369,released_modified_libero,300,test,astra-pi05-ood-distributed-20260924-1,a1bda8002e57623acd8b2f101e3a59d1389c9af8dd12abfbe54a312d3a1cc02a,8f00542c7e7a8f678cbb3d66a57212041e6d57dc51168ae8ad3a3a3bca264819,aac4b0de94fbf39d2f7d70d13236cfa2287d226403fb57614c811ea641c5b489,7e1f88e916bdc475553d763d0d685855dd9078e2d666c1dd445aaf4d14de0d33,False
astra_reversal,libero_spatial_ood:task5:state6,libero_spatial_ood,5,6,7,False,300,603.4454468660988,30400,17,1,1,0,0,,e3510e6780e57d456afe389f741868bec4beccf7691b3c17655b3192ab0e5043,released_modified_libero,300,test,astra-pi05-ood-distributed-20260924-2,1b2cfff900b9554691594604827df5ac3c634797283513681d27bbc0491593fe,84e2c653cdd268b5c7d0151ebca7f74a5f89f71478ec7e2afe5c1b45a1f3cde3,aac4b0de94fbf39d2f7d70d13236cfa2287d226403fb57614c811ea641c5b489,6d7deb3bd17c4b22ed0633b8a94a4afa99adbf3b9b0a1e407714e7debdfd1170,False
astra_reversal,libero_spatial_ood:task5:state7,libero_spatial_ood,5,7,7,False,300,562.0921581438743,30000,16,1,1,0,1,,822b2423df235a741d4ac239df22fe45e321e2786168558c1a72329620734d81,released_modified_libero,300,test,astra-pi05-ood-distributed-20260924-2,8520b6af136ff30d67efa0812fa92153f6205207272f67e10dff1f3144adb596,b2b399876542368ad5bdc2f9e3623036cd11534d92284ca1f279b5ed45833216,aac4b0de94fbf39d2f7d70d13236cfa2287d226403fb57614c811ea641c5b489,e9ab05dcc3e07b0eec20763833eaf682034af090fcce94e283f5ca2a8e415627,False
astra_reversal,libero_spatial_ood:task5:state8,libero_spatial_ood,5,8,7,False,300,590.3579901759513,30000,20,5,4,4,1,,80c2b8a650ec4d68f4df7c7a6b4e66f27d4fcf0b5139b93be3bf1d903acbb052,released_modified_libero,300,test,astra-pi05-ood-distributed-20260924-2,8bb0211d31c083d011ea91b4f8463dae3840058bfbbd32ae601d7fbe884846e0,f3ada6667c04300f73ecbd6d5461a38e2593acd89d8ba2d517ab4f605e760ef8,aac4b0de94fbf39d2f7d70d13236cfa2287d226403fb57614c811ea641c5b489,6765a7ed64401549b929bb889e7e574e706b8b8b2c91d5da5136f7caff8bb1d2,False
astra_reversal,libero_spatial_ood:task5:state9,libero_spatial_ood,5,9,7,False,300,651.3167728600092,30400,19,3,3,0,0,,db4b60a4b04fa979ff8b99c468d8f01bc9f2302568246d7bfec1b02563a129eb,released_modified_libero,300,test,astra-pi05-ood-distributed-20260924-2,8afcc279db1c7fbbf7d0419412c7476f4b40de398ced7f1c8a20befbafd39ac7,754175cd7a5b27a908c1dca21d24254d1250ef676f196d9a2b1bccf304fb788a,aac4b0de94fbf39d2f7d70d13236cfa2287d226403fb57614c811ea641c5b489,b58154960e74ba86b060819dab34b3549f4565084914d06e92367bf549e4dc14,False
astra_reversal,libero_spatial_ood:task6:state0,libero_spatial_ood,6,0,7,False,300,631.5870772521012,30000,16,1,1,0,0,,9631908702cf67947cc17c362d249ffd2d1d6ddaf2e04761cb1b8059aed1a775,released_modified_libero,300,test,astra-pi05-ood-distributed-20260924-3,01a55b32f64f9a750f578a706303ae94b4961d603983cc4538f23c4016b24f6d,ed019756ab72eda754a71d90895d38b9ea052abcd29430fe877608bc4efc5407,aac4b0de94fbf39d2f7d70d13236cfa2287d226403fb57614c811ea641c5b489,8db44885465434ba44e553861b64dda02657fbad445db67434b7a3dcd7b1fa8b,False
astra_reversal,libero_spatial_ood:task6:state1,libero_spatial_ood,6,1,7,False,300,615.0969684338197,29600,17,3,2,4,0,,2d0c6fbe39c41d2a0ba5e5a118732ef60417719f48d742bb23a333dbbe6d9ce1,released_modified_libero,300,test,astra-pi05-ood-distributed-20260924-3,95b1b8d78d37c5c8085d5a39f4034d32b021ba33fca8af2858408b27bec48dab,258fe57a8f1b2da1693c402f25f0e6fe238280835b3744fc5048f707a59afddc,aac4b0de94fbf39d2f7d70d13236cfa2287d226403fb57614c811ea641c5b489,bbb1c69871eecff3c7cf4bb41c10836720fcffc98c1d62ba9bea5ee47b864390,False
astra_reversal,libero_spatial_ood:task6:state2,libero_spatial_ood,6,2,7,False,300,618.4012069429737,29600,17,3,2,4,0,,e009e4bb8c37edc4a6fa67e039434d4a92b514b6fa5d6b4eb3ee0c42c895abf5,released_modified_libero,300,test,astra-pi05-ood-distributed-20260924-3,8eb2364bbe6aacf988f730079ccf12e18a53854ea59d565566af35c1d1cdcb1b,f88aee875f8d7f3752ee76bf6f257f886ee1cc43528a1bdfddea2390b9e40d01,aac4b0de94fbf39d2f7d70d13236cfa2287d226403fb57614c811ea641c5b489,d2d83639dc476c98ee278ecc1053829f5af293dd389523df91e275f01cb59431,False
astra_reversal,libero_spatial_ood:task6:state3,libero_spatial_ood,6,3,7,False,300,639.079166859854,30400,17,1,1,0,1,,2ac2982feb75b9490316990fdcdea695204b4876f6890f97d793074ede967fb6,released_modified_libero,300,test,astra-pi05-ood-distributed-20260924-3,7f0b964b76df807e12f0fdbbeef75110ec903e0f6b128401a31e27558b68b0b2,2c0be7ad9ce512aa0aba765f137385d88b019db58dd87c49884a9a6a377d58b7,aac4b0de94fbf39d2f7d70d13236cfa2287d226403fb57614c811ea641c5b489,94febe56b887563c816fe0b781804b810f82a49e94544d4518cfb544e00a5ca2,False
astra_reversal,libero_spatial_ood:task6:state4,libero_spatial_ood,6,4,7,False,300,630.8788568340024,30400,19,3,3,0,0,,1971ba8551f7bda8e71131e88a335ded1ce032ef16ceb6dea4f0c42a705d3420,released_modified_libero,300,test,astra-pi05-ood-steering-20260924-1,a51faf20c903fd91face0af8d7e2cc9bf5cce181487b830225a0715b5db65399,e659118a25e93558b2785254fc9fee68f9657747935e99903a3236144081d43a,aac4b0de94fbf39d2f7d70d13236cfa2287d226403fb57614c811ea641c5b489,7377342da6513e1794c0a3d24ce002e999423ed02c0602cfb5bdbd10adc42ed3,False
astra_reversal,libero_spatial_ood:task6:state5,libero_spatial_ood,6,5,7,False,300,587.486361299998,30400,18,2,2,0,1,,7a69386f85bcd8ee9bde345e8cdce133f92b7fe344c425c82762c807a0fcab64,released_modified_libero,300,test,astra-pi05-ood-steering-20260924-1,a51faf20c903fd91face0af8d7e2cc9bf5cce181487b830225a0715b5db65399,1f6da7d99dc990727db333f5c1ee6320d16adc5df2ad763f77323bc2d0e249d7,aac4b0de94fbf39d2f7d70d13236cfa2287d226403fb57614c811ea641c5b489,1159329a20845d79660005c869d2ec661810a8431f52c9ec5b488e5caa6104b6,False
astra_reversal,libero_spatial_ood:task6:state6,libero_spatial_ood,6,6,7,False,300,587.9516678190048,30400,18,2,2,0,0,,46fa048b108b573586df1ad23690d33516b9159fd03a69c660f4edf432de8f65,released_modified_libero,300,test,astra-pi05-ood-steering-20260924-1,a51faf20c903fd91face0af8d7e2cc9bf5cce181487b830225a0715b5db65399,1ce03a0fa04b9d660b151870b9e9af94d013b02a60fb98d42c2f02322edaf284,aac4b0de94fbf39d2f7d70d13236cfa2287d226403fb57614c811ea641c5b489,a91987ee6806f7b0d81399a139297d05b4881186b48de816e074a063c64486f6,False
astra_reversal,libero_spatial_ood:task6:state7,libero_spatial_ood,6,7,7,False,300,610.190926119998,30400,17,1,1,0,1,,0127648a698f54937fd88e350037e04eb135a7329073ed1fd9012f8896f11660,released_modified_libero,300,test,astra-pi05-ood-steering-20260924-1,a51faf20c903fd91face0af8d7e2cc9bf5cce181487b830225a0715b5db65399,44e9639bd4f87dc62cf0afb48ec4b967f2afd0bcd4b783a7ca28717f6359e642,aac4b0de94fbf39d2f7d70d13236cfa2287d226403fb57614c811ea641c5b489,879d7114db3ef0088e190ee819e57f72e2ec93ddbfefbd9bd3e1889137795634,False
astra_reversal,libero_spatial_ood:task6:state8,libero_spatial_ood,6,8,7,False,300,605.2557913081255,30000,16,1,1,0,0,,fd80c56cb5c0f8fc96a0dcdc5988289735da894579e7e20ab09383337419eff1,released_modified_libero,300,test,astra-pi05-ood-distributed-20260924-1,58076ce4f036401701bb2e1809a5f0d4699c049c1978e02f4dfc844f8c221f59,df84038ba465438dbf20a0505d6781b5cc8cdd721f182afa1e62ba23637a76a1,aac4b0de94fbf39d2f7d70d13236cfa2287d226403fb57614c811ea641c5b489,5b797e18d7d13978144fc64c77a520f641c24daee83d06f2d709e6f46f111d55,False
astra_reversal,libero_spatial_ood:task6:state9,libero_spatial_ood,6,9,7,False,300,620.0439822277986,30000,17,2,2,0,0,,c7963e4ed6dfefc079110a8576d0263386b7624f41b1f2c234f5e328a7eac675,released_modified_libero,300,test,astra-pi05-ood-distributed-20260924-1,1c007da35c082de4a095337aac20352f987aa0202a94405b6834e4d0860a8856,6e351fbaeaaa6ac2db264ef59cb2a5e4323c36c3a6bd20da734b53c6cc78fcfa,aac4b0de94fbf39d2f7d70d13236cfa2287d226403fb57614c811ea641c5b489,7ff1cb14d9f6a72e6b1b69db5fe94b6d0b3c7ea52a11d3034827996205814332,False
astra_reversal,libero_spatial_ood:task7:state0,libero_spatial_ood,7,0,7,False,300,605.0173208599444,30000,17,2,2,0,0,,9631908702cf67947cc17c362d249ffd2d1d6ddaf2e04761cb1b8059aed1a775,released_modified_libero,300,test,astra-pi05-ood-distributed-20260924-1,f4e483acf23021d5508cc08ce7299c08e89cc77ffa6bcd007675ccbb55e61a72,faa9fbf75e8455da3c22a29e52d1eb1cba47f1f28ab3454e0dd37ba562a1191e,aac4b0de94fbf39d2f7d70d13236cfa2287d226403fb57614c811ea641c5b489,8db44885465434ba44e553861b64dda02657fbad445db67434b7a3dcd7b1fa8b,False
astra_reversal,libero_spatial_ood:task7:state1,libero_spatial_ood,7,1,7,False,300,597.6480671670288,30400,18,2,2,0,0,,2d0c6fbe39c41d2a0ba5e5a118732ef60417719f48d742bb23a333dbbe6d9ce1,released_modified_libero,300,test,astra-pi05-ood-distributed-20260924-1,a1bda8002e57623acd8b2f101e3a59d1389c9af8dd12abfbe54a312d3a1cc02a,4f47c79727066fe3c62b8da593482945e07047414998df2f5801c1446f6d97a2,aac4b0de94fbf39d2f7d70d13236cfa2287d226403fb57614c811ea641c5b489,bbb1c69871eecff3c7cf4bb41c10836720fcffc98c1d62ba9bea5ee47b864390,False
astra_reversal,libero_spatial_ood:task7:state2,libero_spatial_ood,7,2,7,False,300,585.3429966929834,30000,16,1,1,0,0,,e009e4bb8c37edc4a6fa67e039434d4a92b514b6fa5d6b4eb3ee0c42c895abf5,released_modified_libero,300,test,astra-pi05-ood-distributed-20260924-2,1b2cfff900b9554691594604827df5ac3c634797283513681d27bbc0491593fe,1fce0231de6352f29523ebca5ec6e0902dabdbbeba35533d3798fa088ff59824,aac4b0de94fbf39d2f7d70d13236cfa2287d226403fb57614c811ea641c5b489,d2d83639dc476c98ee278ecc1053829f5af293dd389523df91e275f01cb59431,False
astra_reversal,libero_spatial_ood:task7:state3,libero_spatial_ood,7,3,7,False,300,636.9442102028988,30400,19,3,3,0,0,,2ac2982feb75b9490316990fdcdea695204b4876f6890f97d793074ede967fb6,released_modified_libero,300,test,astra-pi05-ood-distributed-20260924-2,8520b6af136ff30d67efa0812fa92153f6205207272f67e10dff1f3144adb596,7d0ada79489d5aa775580213c38610e2963684166d954ede3d596e16196f9007,aac4b0de94fbf39d2f7d70d13236cfa2287d226403fb57614c811ea641c5b489,94febe56b887563c816fe0b781804b810f82a49e94544d4518cfb544e00a5ca2,False
astra_reversal,libero_spatial_ood:task7:state4,libero_spatial_ood,7,4,7,False,300,628.8624617671594,30000,20,5,4,4,0,,1971ba8551f7bda8e71131e88a335ded1ce032ef16ceb6dea4f0c42a705d3420,released_modified_libero,300,test,astra-pi05-ood-distributed-20260924-2,8bb0211d31c083d011ea91b4f8463dae3840058bfbbd32ae601d7fbe884846e0,19d320b11d5f1eeea376e506a3f2690e440581702f275c167c3a86e847b66435,aac4b0de94fbf39d2f7d70d13236cfa2287d226403fb57614c811ea641c5b489,7377342da6513e1794c0a3d24ce002e999423ed02c0602cfb5bdbd10adc42ed3,False
astra_reversal,libero_spatial_ood:task7:state5,libero_spatial_ood,7,5,7,False,300,638.0298393371049,30800,19,2,2,0,0,,7a69386f85bcd8ee9bde345e8cdce133f92b7fe344c425c82762c807a0fcab64,released_modified_libero,300,test,astra-pi05-ood-distributed-20260924-2,8afcc279db1c7fbbf7d0419412c7476f4b40de398ced7f1c8a20befbafd39ac7,5cd9aa284e14e70d88ce2b5de46895dec351b321e56b0f89428f70f748bfe765,aac4b0de94fbf39d2f7d70d13236cfa2287d226403fb57614c811ea641c5b489,1159329a20845d79660005c869d2ec661810a8431f52c9ec5b488e5caa6104b6,False
astra_reversal,libero_spatial_ood:task7:state6,libero_spatial_ood,7,6,7,False,300,622.0949932499789,30400,18,2,2,0,1,,46fa048b108b573586df1ad23690d33516b9159fd03a69c660f4edf432de8f65,released_modified_libero,300,test,astra-pi05-ood-distributed-20260924-3,01a55b32f64f9a750f578a706303ae94b4961d603983cc4538f23c4016b24f6d,093a373bd4d9ed8fdadbd40421f606279c94e215f3f28720eacb18feb3cd2444,aac4b0de94fbf39d2f7d70d13236cfa2287d226403fb57614c811ea641c5b489,a91987ee6806f7b0d81399a139297d05b4881186b48de816e074a063c64486f6,False
astra_reversal,libero_spatial_ood:task7:state7,libero_spatial_ood,7,7,7,False,300,630.6070721761789,30000,18,3,3,0,0,,0127648a698f54937fd88e350037e04eb135a7329073ed1fd9012f8896f11660,released_modified_libero,300,test,astra-pi05-ood-distributed-20260924-3,95b1b8d78d37c5c8085d5a39f4034d32b021ba33fca8af2858408b27bec48dab,992781227c516fe2c32e58b86cc0154621c4fd9ec84f65cd79e5b7a305d145bb,aac4b0de94fbf39d2f7d70d13236cfa2287d226403fb57614c811ea641c5b489,879d7114db3ef0088e190ee819e57f72e2ec93ddbfefbd9bd3e1889137795634,False
astra_reversal,libero_spatial_ood:task7:state8,libero_spatial_ood,7,8,7,False,300,626.4154727552086,30800,19,2,2,0,0,,fd80c56cb5c0f8fc96a0dcdc5988289735da894579e7e20ab09383337419eff1,released_modified_libero,300,test,astra-pi05-ood-distributed-20260924-3,8eb2364bbe6aacf988f730079ccf12e18a53854ea59d565566af35c1d1cdcb1b,78e96073837ed77f663c6f3c888094abce2e0fae48ba332f5aac8eb5b9cfd08c,aac4b0de94fbf39d2f7d70d13236cfa2287d226403fb57614c811ea641c5b489,5b797e18d7d13978144fc64c77a520f641c24daee83d06f2d709e6f46f111d55,False
astra_reversal,libero_spatial_ood:task7:state9,libero_spatial_ood,7,9,7,False,300,616.0817934500519,30000,17,2,2,0,0,,c7963e4ed6dfefc079110a8576d0263386b7624f41b1f2c234f5e328a7eac675,released_modified_libero,300,test,astra-pi05-ood-distributed-20260924-3,7f0b964b76df807e12f0fdbbeef75110ec903e0f6b128401a31e27558b68b0b2,bc0499809f476a9845944ebc036e2a3e4ac7b92d51c328d729ee2159c34e4322,aac4b0de94fbf39d2f7d70d13236cfa2287d226403fb57614c811ea641c5b489,7ff1cb14d9f6a72e6b1b69db5fe94b6d0b3c7ea52a11d3034827996205814332,False
astra_reversal,libero_spatial_ood:task8:state0,libero_spatial_ood,8,0,7,False,300,581.3745678240011,30400,18,2,2,0,0,,15678d0ed59eccc1d3460ed19ff88d0039e963c8742787e62797f10fa3c98be2,released_modified_libero,300,test,astra-pi05-ood-steering-20260924-1,a51faf20c903fd91face0af8d7e2cc9bf5cce181487b830225a0715b5db65399,bf6df847e03e7cfff0953211d3635f5f162f58951874174b5653dc49f7eaa8b4,aac4b0de94fbf39d2f7d70d13236cfa2287d226403fb57614c811ea641c5b489,4ea56ac4f15f411c6db1a4a27cd14b6320e2eeb16c980925e7fc57bae5b643a5,False
astra_reversal,libero_spatial_ood:task8:state1,libero_spatial_ood,8,1,7,False,300,666.8343102819999,30400,18,2,2,0,0,,03dcff1d5ef54d9acf5b28766562e32e50ac509682c43737d5447b3228be055e,released_modified_libero,300,test,astra-pi05-ood-steering-20260924-1,a51faf20c903fd91face0af8d7e2cc9bf5cce181487b830225a0715b5db65399,183501d88ad2bb47e0975d301aee23063151db8aab9568eb60163d8d883bf7aa,aac4b0de94fbf39d2f7d70d13236cfa2287d226403fb57614c811ea641c5b489,1daa09a63b2337d32c05b49653aab455880139633496a93c322a092420d18eaa,False
astra_reversal,libero_spatial_ood:task8:state2,libero_spatial_ood,8,2,7,False,300,670.9297207220006,30400,19,3,3,0,0,,75c58f3551dadbdb9286359a87e2d3fc9c8b229c84cbc1d3700fd73f3758e9b7,released_modified_libero,300,test,astra-pi05-ood-steering-20260924-1,a51faf20c903fd91face0af8d7e2cc9bf5cce181487b830225a0715b5db65399,f2c2902a9e8e5957506389985d5773280935906904cce9699b3019e9cde3b692,aac4b0de94fbf39d2f7d70d13236cfa2287d226403fb57614c811ea641c5b489,4988caedbde53d359d55a8d1eff755eef1e38a15a1f5207915cb2aac0925caec,False
astra_reversal,libero_spatial_ood:task8:state3,libero_spatial_ood,8,3,7,False,300,592.3886306489949,31200,20,2,2,0,1,,59697967cf485b199471d897c7543c92e7596356061d013cec8f7047e19dcae2,released_modified_libero,300,test,astra-pi05-ood-steering-20260924-1,a51faf20c903fd91face0af8d7e2cc9bf5cce181487b830225a0715b5db65399,0f8d97f0ba548b8296b2e57a8d5981bba1acc21b402b2225c98369fb196d4660,aac4b0de94fbf39d2f7d70d13236cfa2287d226403fb57614c811ea641c5b489,ead3890d434121fe42751763d9f8f44c8a76c1b470437ec44104010858024669,False
astra_reversal,libero_spatial_ood:task8:state4,libero_spatial_ood,8,4,7,False,300,623.2500725160353,30800,19,2,2,0,0,,30c543bc2200a5143cef3e17b409d8c28af9bd49fc1f53ab9a657ed63011dd2f,released_modified_libero,300,test,astra-pi05-ood-distributed-20260924-1,58076ce4f036401701bb2e1809a5f0d4699c049c1978e02f4dfc844f8c221f59,d897e66ff2991ba9e59bec372566fc151a540f6c412a1cccdb117571b7ee2478,aac4b0de94fbf39d2f7d70d13236cfa2287d226403fb57614c811ea641c5b489,a6eed1279c91e1250ffbde19b001c40db4ffbc16149af47113f1b642c3df04eb,False
astra_reversal,libero_spatial_ood:task8:state5,libero_spatial_ood,8,5,7,False,300,584.5607157249469,30000,17,2,2,0,0,,651ad77702a2130f439e35d326e4a69f69e7bd6984b2e434efc701490360c569,released_modified_libero,300,test,astra-pi05-ood-distributed-20260924-1,1c007da35c082de4a095337aac20352f987aa0202a94405b6834e4d0860a8856,1bb6c20fff4d8b2413ffca8b81475f84f95e9aa9acaaac1dd941e7bc8e4990f7,aac4b0de94fbf39d2f7d70d13236cfa2287d226403fb57614c811ea641c5b489,fe2fdebf54d89f6fef0e1085b4e6549b727de49e0f4b000aadb5a55d06593216,False
astra_reversal,libero_spatial_ood:task8:state6,libero_spatial_ood,8,6,7,False,300,631.9884324050508,30400,19,3,3,0,0,,44b6f6c395dc422280d1e7e648b7b355989c55c3cce55ba6217b529b576ac200,released_modified_libero,300,test,astra-pi05-ood-distributed-20260924-1,f4e483acf23021d5508cc08ce7299c08e89cc77ffa6bcd007675ccbb55e61a72,38edb7b3b210f53023b9c657a06a26bd7a4f24374da777bc8c19084ffd545d19,aac4b0de94fbf39d2f7d70d13236cfa2287d226403fb57614c811ea641c5b489,511509a99a24241fad3cd421f36087041e336e5c3320eeb061776be15024ea76,False
astra_reversal,libero_spatial_ood:task8:state7,libero_spatial_ood,8,7,7,False,300,619.3475293731317,30000,20,5,4,4,0,,61e73be643290919c50d449596ba131c9afdf969fd7a0f8daf760a9dcc8a2d47,released_modified_libero,300,test,astra-pi05-ood-distributed-20260924-1,a1bda8002e57623acd8b2f101e3a59d1389c9af8dd12abfbe54a312d3a1cc02a,30af03cc687e3d3dfeb88f18be52b3c3c9b6f039af6c4429b95c549857fd5d87,aac4b0de94fbf39d2f7d70d13236cfa2287d226403fb57614c811ea641c5b489,46dc76474b61491cf00d05d390cb229eddc6e7c41cfeff8eaf6c946a15c05998,False
astra_reversal,libero_spatial_ood:task8:state8,libero_spatial_ood,8,8,7,False,300,669.8005730900913,30400,17,1,1,0,1,,73ec3efd90e237378fc292c12a1b188df50402357fc27272c1dc106a31ceb265,released_modified_libero,300,test,astra-pi05-ood-distributed-20260924-2,1b2cfff900b9554691594604827df5ac3c634797283513681d27bbc0491593fe,e310f6fbe473d238031959fddd6a93e278f2e81903cf79830ea7c746fa1bce58,aac4b0de94fbf39d2f7d70d13236cfa2287d226403fb57614c811ea641c5b489,e669c1fea754d276b37d8e8dfd6c0071ec495f2f20c565be1d57b95bed716653,False
astra_reversal,libero_spatial_ood:task8:state9,libero_spatial_ood,8,9,7,False,300,673.3635443279054,30400,18,2,2,0,0,,9c423b7ef3a930cef3869fa8fc3778e539cd6233d3c0aa7c4324f6e69957c592,released_modified_libero,300,test,astra-pi05-ood-distributed-20260924-2,8520b6af136ff30d67efa0812fa92153f6205207272f67e10dff1f3144adb596,9157b20b0b95ea193730586746222d36820cad0ffadd37a4ceb97b87bc904f54,aac4b0de94fbf39d2f7d70d13236cfa2287d226403fb57614c811ea641c5b489,ce58719a92b49b06c9d466047cb46ca80da60e6a458bc2e36162626edb780174,False
astra_reversal,libero_spatial_ood:task9:state0,libero_spatial_ood,9,0,7,False,300,606.2012063839938,30400,18,2,2,0,0,,15678d0ed59eccc1d3460ed19ff88d0039e963c8742787e62797f10fa3c98be2,released_modified_libero,300,test,astra-pi05-ood-distributed-20260924-2,8bb0211d31c083d011ea91b4f8463dae3840058bfbbd32ae601d7fbe884846e0,3ed91169bc4891c393ca2a24948a35b3feac4665e8e19cf0a972ce2f0171000f,aac4b0de94fbf39d2f7d70d13236cfa2287d226403fb57614c811ea641c5b489,4ea56ac4f15f411c6db1a4a27cd14b6320e2eeb16c980925e7fc57bae5b643a5,False
astra_reversal,libero_spatial_ood:task9:state1,libero_spatial_ood,9,1,7,False,300,651.1583754590247,30400,20,4,4,0,0,,03dcff1d5ef54d9acf5b28766562e32e50ac509682c43737d5447b3228be055e,released_modified_libero,300,test,astra-pi05-ood-distributed-20260924-2,8afcc279db1c7fbbf7d0419412c7476f4b40de398ced7f1c8a20befbafd39ac7,732ed249580d566fa543a1444568e80419d1a4db57e1928bac7e1509e6c42d63,aac4b0de94fbf39d2f7d70d13236cfa2287d226403fb57614c811ea641c5b489,1daa09a63b2337d32c05b49653aab455880139633496a93c322a092420d18eaa,False
astra_reversal,libero_spatial_ood:task9:state2,libero_spatial_ood,9,2,7,False,300,625.4321604368743,30800,19,2,2,0,0,,75c58f3551dadbdb9286359a87e2d3fc9c8b229c84cbc1d3700fd73f3758e9b7,released_modified_libero,300,test,astra-pi05-ood-distributed-20260924-3,01a55b32f64f9a750f578a706303ae94b4961d603983cc4538f23c4016b24f6d,db5f838cac571fd5cbdada4e5f30effbfd42163c286d8e4c41d7f092be4ea6ca,aac4b0de94fbf39d2f7d70d13236cfa2287d226403fb57614c811ea641c5b489,4988caedbde53d359d55a8d1eff755eef1e38a15a1f5207915cb2aac0925caec,False
astra_reversal,libero_spatial_ood:task9:state3,libero_spatial_ood,9,3,7,False,300,640.8033145379741,30400,21,5,4,4,0,,59697967cf485b199471d897c7543c92e7596356061d013cec8f7047e19dcae2,released_modified_libero,300,test,astra-pi05-ood-distributed-20260924-3,95b1b8d78d37c5c8085d5a39f4034d32b021ba33fca8af2858408b27bec48dab,1e4c7b7634ee471ec4a3153327a78fb795cfe58dd9edf9bfe14c6893199c9ca5,aac4b0de94fbf39d2f7d70d13236cfa2287d226403fb57614c811ea641c5b489,ead3890d434121fe42751763d9f8f44c8a76c1b470437ec44104010858024669,False
astra_reversal,libero_spatial_ood:task9:state4,libero_spatial_ood,9,4,7,False,300,642.9275009490084,30400,20,4,3,3,1,,30c543bc2200a5143cef3e17b409d8c28af9bd49fc1f53ab9a657ed63011dd2f,released_modified_libero,300,test,astra-pi05-ood-distributed-20260924-3,8eb2364bbe6aacf988f730079ccf12e18a53854ea59d565566af35c1d1cdcb1b,911c9344b6a91a7101ef95b1806b16b53cb32b4159995fcc374490724868da58,aac4b0de94fbf39d2f7d70d13236cfa2287d226403fb57614c811ea641c5b489,a6eed1279c91e1250ffbde19b001c40db4ffbc16149af47113f1b642c3df04eb,False
astra_reversal,libero_spatial_ood:task9:state5,libero_spatial_ood,9,5,7,False,300,667.4045275731478,30000,18,3,3,0,0,,651ad77702a2130f439e35d326e4a69f69e7bd6984b2e434efc701490360c569,released_modified_libero,300,test,astra-pi05-ood-distributed-20260924-3,7f0b964b76df807e12f0fdbbeef75110ec903e0f6b128401a31e27558b68b0b2,5a12d21d3b8441d76c8438b21cb5d5760c5da84a10a5c9ac0956a62d794a5972,aac4b0de94fbf39d2f7d70d13236cfa2287d226403fb57614c811ea641c5b489,fe2fdebf54d89f6fef0e1085b4e6549b727de49e0f4b000aadb5a55d06593216,False
astra_reversal,libero_spatial_ood:task9:state6,libero_spatial_ood,9,6,7,False,300,625.198375066997,30400,19,3,3,0,0,,44b6f6c395dc422280d1e7e648b7b355989c55c3cce55ba6217b529b576ac200,released_modified_libero,300,test,astra-pi05-ood-steering-20260924-1,a51faf20c903fd91face0af8d7e2cc9bf5cce181487b830225a0715b5db65399,28fe1990e69ce3445a19786783b93a8e92a1bdba4f7192841d8bc2bf5c9f429e,aac4b0de94fbf39d2f7d70d13236cfa2287d226403fb57614c811ea641c5b489,511509a99a24241fad3cd421f36087041e336e5c3320eeb061776be15024ea76,False
astra_reversal,libero_spatial_ood:task9:state7,libero_spatial_ood,9,7,7,False,300,641.9870388290001,30400,19,3,3,0,0,,61e73be643290919c50d449596ba131c9afdf969fd7a0f8daf760a9dcc8a2d47,released_modified_libero,300,test,astra-pi05-ood-steering-20260924-1,a51faf20c903fd91face0af8d7e2cc9bf5cce181487b830225a0715b5db65399,d7e2645ba888fd7eea57b8d7a424a762c2fc46907b08c4116dabe975fce0b5b9,aac4b0de94fbf39d2f7d70d13236cfa2287d226403fb57614c811ea641c5b489,46dc76474b61491cf00d05d390cb229eddc6e7c41cfeff8eaf6c946a15c05998,False
astra_reversal,libero_spatial_ood:task9:state8,libero_spatial_ood,9,8,7,False,300,635.9742986359997,31200,20,2,2,0,1,,73ec3efd90e237378fc292c12a1b188df50402357fc27272c1dc106a31ceb265,released_modified_libero,300,test,astra-pi05-ood-steering-20260924-1,a51faf20c903fd91face0af8d7e2cc9bf5cce181487b830225a0715b5db65399,a218b6aef9edb1f73383324c03f09acde50d891f09b997d98477cfc74255ee9b,aac4b0de94fbf39d2f7d70d13236cfa2287d226403fb57614c811ea641c5b489,e669c1fea754d276b37d8e8dfd6c0071ec495f2f20c565be1d57b95bed716653,False
astra_reversal,libero_spatial_ood:task9:state9,libero_spatial_ood,9,9,7,False,300,633.193094809998,30800,18,1,1,0,3,,9c423b7ef3a930cef3869fa8fc3778e539cd6233d3c0aa7c4324f6e69957c592,released_modified_libero,300,test,astra-pi05-ood-steering-20260924-1,a51faf20c903fd91face0af8d7e2cc9bf5cce181487b830225a0715b5db65399,ab8d7090090e60ddbd6b504b6e01e8bb936ed9a1b866db1860156e33d1ae00ab,aac4b0de94fbf39d2f7d70d13236cfa2287d226403fb57614c811ea641c5b489,ce58719a92b49b06c9d466047cb46ca80da60e6a458bc2e36162626edb780174,False
